question,answer
"참고 뉴스:
제목: 삼성SDI, 2차전지 업황 변화에 주목
내용: 삼성SDI는 고부가 제품 비중 증가 영향으로 실적 개선 기대가 언급됐다. 다만 실적 추정치 하향 가능성은 부담 요인으로 꼽혔다.

질문: 삼성SDI 부담되는 내용도 있어?",참고 뉴스 기준으로 부담되는 내용은 실적 추정치 하향 가능성입니다. 이 부분은 주가 변동성을 키울 수 있는 요인으로 언급됐습니다.
"참고 뉴스:
제목: SK하이닉스, 투자자 관심 지속
내용: 시장에서는 SK하이닉스의 고부가 메모리 수요 증가에 주목했다. 기사에서는 긍정적인 기대와 함께 금리 불확실성을 함께 확인해야 한다고 설명했다.

질문: SK하이닉스 투자 판단할 때 뭘 더 봐야 해?","이 참고 뉴스에서 확인되는 내용은 기사에 나온 고부가 메모리 수요 증가와 금리 불확실성 외에도 실제 실적, 수급, 업종 전망, 밸류에이션을 함께 확인해야 합니다."
"참고 뉴스:
제목: 카카오, 투자자 관심 지속
내용: 시장에서는 카카오의 커머스 서비스 개편에 주목했다. 기사에서는 긍정적인 기대와 함께 금리 불확실성을 함께 확인해야 한다고 설명했다.

질문: 카카오 매수해도 돼?","참고 뉴스 기준으로 카카오의 긍정 요인과 부담 요인은 확인되지만, 이 자료만으로 매수 여부를 판단할 수는 없습니다. 추가 실적, 밸류에이션, 수급 확인이 필요합니다."
"참고 뉴스:
제목: 네이버 관련 수급 변동성 확대
내용: 네이버는 인터넷 업종 내 관심이 이어졌지만 수급 흐름은 엇갈렸다. AI 검색 서비스 고도화은 긍정 재료로, 수요 회복 속도 둔화는 리스크로 제시됐다.

질문: 네이버 확인되는 내용만 말해줘","참고 뉴스 기준으로 네이버 관련 긍정 요인으로 AI 검색 서비스 고도화가 언급됐고, 부담 요인으로 수요 회복 속도 둔화이 제시됐습니다."
"참고 뉴스:
제목: 증권가, 현대차 실적 전망 점검
내용: 증권가에서는 현대차가 하이브리드 수요 확대 덕분에 투자 심리가 개선될 수 있다고 봤다. 반면 실적 추정치 하향 가능성 때문에 추가 확인이 필요하다는 의견도 나왔다.

질문: 현대차 긍정적인 내용이 있어?",제공된 참고 뉴스에 따르면 긍정적인 내용은 하이브리드 수요 확대로 인해 실적이나 투자 심리가 개선될 수 있다는 점입니다.
"참고 뉴스:
제목: 한화에어로스페이스 관련 수급 변동성 확대
내용: 한화에어로스페이스는 방산 업종 내 관심이 이어졌지만 수급 흐름은 엇갈렸다. 방산 수출 기대는 긍정 재료로, 차익 실현 매물 출회 가능성은 리스크로 제시됐다.

질문: 한화에어로스페이스 확인되는 내용만 말해줘","제공된 참고 뉴스에 따르면 한화에어로스페이스 관련 긍정 요인으로 방산 수출 기대가 언급됐고, 부담 요인으로 차익 실현 매물 출회 가능성이 제시됐습니다."
"참고 뉴스:
제목: 삼성전자, 반도체 업황 회복 기대
내용: 증권가는 메모리 반도체 가격 회복과 AI 서버 투자 확대가 삼성전자 실적 개선에 긍정적으로 작용할 수 있다고 분석했다. 다만 단기 주가 흐름은 환율과 외국인 수급에 따라 변동성이 클 수 있다고 설명했다.

질문: 투자 판단을 바로 내려도 돼?","참고 뉴스만으로 투자 판단을 바로 내리기는 어렵습니다. 뉴스에 나온 요인만 확인할 수 있으며, 실제 투자는 추가 정보와 리스크를 함께 검토해야 합니다."
"참고 뉴스:
제목: 증권가, CJ대한통운 실적 전망 점검
내용: 증권가에서는 CJ대한통운이 자동화 투자 효과 덕분에 투자 심리가 개선될 수 있다고 봤다. 반면 실적 추정치 하향 가능성 때문에 추가 확인이 필요하다는 의견도 나왔다.

질문: CJ대한통운 핵심만 정리해줘",이 참고 뉴스에서 확인되는 내용은 CJ대한통운은 자동화 투자 효과로 관심을 받고 있습니다. 다만 실적 추정치 하향 가능성도 함께 언급되어 긍정 요인과 부담 요인이 같이 있는 상황입니다.
"참고 뉴스:
제목: 증권가, CJ대한통운 실적 전망 점검
내용: 증권가에서는 CJ대한통운이 운임 효율화 덕분에 투자 심리가 개선될 수 있다고 봤다. 반면 금리 불확실성 때문에 추가 확인이 필요하다는 의견도 나왔다.

질문: CJ대한통운 긍정적인 내용이 있어?",이 참고 뉴스에서 확인되는 내용은 긍정적인 내용은 운임 효율화로 인해 실적이나 투자 심리가 개선될 수 있다는 점입니다.
"참고 뉴스:
제목: 물류 업종 점검, CJ대한통운 주목
내용: CJ대한통운은 자동화 투자 효과 관련 기대가 커졌지만, 단기적으로는 원가 부담 증가으로 변동성이 나타날 수 있다는 분석이 나왔다.

질문: CJ대한통운 리스크 중심으로 정리해줘",제공된 참고 뉴스에 따르면 가장 중요한 리스크는 원가 부담 증가입니다. 긍정 요인이 있어도 이 부담 요인이 커지면 주가 변동성이 확대될 수 있습니다.
"참고 뉴스:
제목: 기아 관련 수급 변동성 확대
내용: 기아는 자동차 업종 내 관심이 이어졌지만 수급 흐름은 엇갈렸다. 북미 시장 점유율 개선은 긍정 재료로, 환율 변동성 확대는 리스크로 제시됐다.

질문: 기아 부담되는 내용도 있어?",제공된 참고 뉴스에 따르면 부담되는 내용은 환율 변동성 확대입니다. 이 부분은 주가 변동성을 키울 수 있는 요인으로 언급됐습니다.
"참고 뉴스:
제목: KB금융, 금융 업황 변화에 주목
내용: KB금융은 비은행 부문 실적 개선 영향으로 실적 개선 기대가 언급됐다. 다만 차익 실현 매물 출회 가능성은 부담 요인으로 꼽혔다.

질문: KB금융 매수해도 돼?","주어진 자료만 보면 KB금융의 긍정 요인과 부담 요인은 확인되지만, 이 자료만으로 매수 여부를 판단할 수는 없습니다. 추가 실적, 밸류에이션, 수급 확인이 필요합니다."
"참고 뉴스:
제목: 신한지주, 투자자 관심 지속
내용: 시장에서는 신한지주의 자사주 매입 기대에 주목했다. 기사에서는 긍정적인 기대와 함께 차익 실현 매물 출회 가능성을 함께 확인해야 한다고 설명했다.

질문: 신한지주 리스크 중심으로 정리해줘",주어진 자료만 보면 가장 중요한 리스크는 차익 실현 매물 출회 가능성입니다. 긍정 요인이 있어도 이 부담 요인이 커지면 주가 변동성이 확대될 수 있습니다.
"참고 뉴스:
제목: POSCO홀딩스, 철강 업종 내 관심 지속
내용: POSCO홀딩스는 철강 가격 반등 기대와 관련해 투자자 관심이 이어졌다. 기사에는 목표주가, 배당금, 구체적인 실적 수치, 밸류에이션 지표는 포함되지 않았다.

질문: POSCO홀딩스 배당금 얼마야?",참고 뉴스에는 POSCO홀딩스의 배당금 정보가 나와 있지 않습니다. 제공된 자료만으로는 배당금을 확인할 수 없습니다.
"참고 뉴스:
제목: SK하이닉스, 투자자 관심 지속
내용: 시장에서는 SK하이닉스의 HBM 공급 확대에 주목했다. 기사에서는 긍정적인 기대와 함께 금리 불확실성을 함께 확인해야 한다고 설명했다.

질문: SK하이닉스 뉴스 근거를 들어 설명해줘","주어진 자료만 보면 근거는 기사에서 HBM 공급 확대를 긍정 요인으로 언급했고, 동시에 금리 불확실성을 부담 요인으로 제시했다는 점입니다."
"참고 뉴스:
제목: 대한항공, 투자자 관심 지속
내용: 시장에서는 대한항공의 여객 수요 회복에 주목했다. 기사에서는 긍정적인 기대와 함께 실적 추정치 하향 가능성을 함께 확인해야 한다고 설명했다.

질문: 대한항공 투자 판단할 때 뭘 더 봐야 해?","제공된 참고 뉴스에 따르면 기사에 나온 여객 수요 회복와 실적 추정치 하향 가능성 외에도 실제 실적, 수급, 업종 전망, 밸류에이션을 함께 확인해야 합니다."
"참고 뉴스:
제목: SK하이닉스, 투자자 관심 지속
내용: 시장에서는 SK하이닉스의 HBM 공급 확대에 주목했다. 기사에서는 긍정적인 기대와 함께 금리 불확실성을 함께 확인해야 한다고 설명했다.

질문: SK하이닉스 핵심만 정리해줘",주어진 자료만 보면 SK하이닉스는 HBM 공급 확대로 관심을 받고 있습니다. 다만 금리 불확실성도 함께 언급되어 긍정 요인과 부담 요인이 같이 있는 상황입니다.
"참고 뉴스:
제목: 금리 인하 기대, 성장주 투자심리 개선
내용: 시장에서는 기준금리 인하 기대가 커지면서 성장주와 기술주 투자심리가 개선되었다. 다만 물가 지표가 예상보다 높게 나오면 금리 인하 기대가 약해질 수 있다는 전망도 제기됐다.

질문: 금리 인하가 주식에 좋아?",참고 뉴스 기준으로 금리 인하 기대는 성장주와 기술주 투자심리를 개선시키는 긍정 요인입니다. 다만 물가 지표가 높게 나오면 기대가 약해질 수 있습니다.
"참고 뉴스:
제목: 전력기기 업종 점검, 두산에너빌리티 주목
내용: 두산에너빌리티는 전력 인프라 투자 확대 관련 기대가 커졌지만, 단기적으로는 실적 추정치 하향 가능성으로 변동성이 나타날 수 있다는 분석이 나왔다.

질문: 두산에너빌리티 뉴스 근거를 들어 설명해줘","주어진 자료만 보면 근거는 기사에서 전력 인프라 투자 확대를 긍정 요인으로 언급했고, 동시에 실적 추정치 하향 가능성을 부담 요인으로 제시했다는 점입니다."
"참고 뉴스:
제목: POSCO홀딩스, 투자자 관심 지속
내용: 시장에서는 POSCO홀딩스의 중국 경기 부양 기대에 주목했다. 기사에서는 긍정적인 기대와 함께 원가 부담 증가을 함께 확인해야 한다고 설명했다.

질문: POSCO홀딩스 리스크 중심으로 정리해줘",참고 뉴스 기준으로 가장 중요한 리스크는 원가 부담 증가입니다. 긍정 요인이 있어도 이 부담 요인이 커지면 주가 변동성이 확대될 수 있습니다.
"참고 뉴스:
제목: 인터넷 업종 점검, 카카오 주목
내용: 카카오는 플랫폼 비용 절감 관련 기대가 커졌지만, 단기적으로는 기관과 외국인 수급 엇갈림으로 변동성이 나타날 수 있다는 분석이 나왔다.

질문: 카카오 한 문장으로 요약해줘",카카오는 플랫폼 비용 절감 기대가 있지만 기관과 외국인 수급 엇갈림도 함께 확인해야 하는 상황입니다.
"참고 뉴스:
제목: 인터넷 업종 점검, 네이버 주목
내용: 네이버는 클라우드 사업 성장 관련 기대가 커졌지만, 단기적으로는 수요 회복 속도 둔화으로 변동성이 나타날 수 있다는 분석이 나왔다.

질문: 네이버 한 문장으로 요약해줘",네이버는 클라우드 사업 성장 기대가 있지만 수요 회복 속도 둔화도 함께 확인해야 하는 상황입니다.
"참고 뉴스:
제목: POSCO홀딩스, 철강 업황 변화에 주목
내용: POSCO홀딩스는 리튬 사업 기대 영향으로 실적 개선 기대가 언급됐다. 다만 수요 회복 속도 둔화는 부담 요인으로 꼽혔다.

질문: POSCO홀딩스 매수해도 돼?","제공된 참고 뉴스에 따르면 POSCO홀딩스의 긍정 요인과 부담 요인은 확인되지만, 이 자료만으로 매수 여부를 판단할 수는 없습니다. 추가 실적, 밸류에이션, 수급 확인이 필요합니다."
"참고 뉴스:
제목: 한화에어로스페이스, 방산 기대
내용: 한화에어로스페이스는 해외 계약 증가 영향으로 관심을 받았다. 부담 요인은 환율 변동성 확대이다.

제목: 두산에너빌리티, 전력기기 점검
내용: 두산에너빌리티는 전력 인프라 투자 확대 기대가 있지만 기관과 외국인 수급 엇갈림도 함께 언급됐다.

질문: 두 기업 중 뉴스가 더 긍정적인 쪽을 말해줘",제공된 참고 뉴스만 보면 두 기업 모두 긍정 요인이 있습니다. 다만 어느 쪽이 더 좋다고 단정하려면 실적 수치와 수급 정보가 더 필요합니다.
"참고 뉴스:
제목: 신한지주, 금융 업황 변화에 주목
내용: 신한지주는 건전성 관리 강화 영향으로 실적 개선 기대가 언급됐다. 다만 금리 불확실성은 부담 요인으로 꼽혔다.

질문: 신한지주 호재랑 부담 요인 나눠서 말해줘",참고 뉴스 기준으로 호재는 건전성 관리 강화입니다. 부담 요인은 금리 불확실성입니다.
"참고 뉴스:
제목: 삼성전자, 반도체 업종 내 관심 지속
내용: 삼성전자는 AI 서버 수요 증가와 관련해 투자자 관심이 이어졌다. 기사에는 목표주가, 배당금, 구체적인 실적 수치, 밸류에이션 지표는 포함되지 않았다.

질문: 삼성전자 목표주가 알려줘",참고 뉴스에는 삼성전자의 목표주가 정보가 나와 있지 않습니다. 제공된 자료만으로는 목표주가을 확인할 수 없습니다.
"참고 뉴스:
제목: KB금융, 금융 업황 변화에 주목
내용: KB금융은 순이자마진 방어 영향으로 실적 개선 기대가 언급됐다. 다만 차익 실현 매물 출회 가능성은 부담 요인으로 꼽혔다.

질문: KB금융 분위기 어때?",제공된 참고 뉴스에 따르면 KB금융에 대한 분위기는 중립에서 긍정 쪽에 가깝습니다. 다만 차익 실현 매물 출회 가능성이 있어 단정적으로 좋다고만 보기는 어렵습니다.
"참고 뉴스:
제목: 증권가, 셀트리온 실적 전망 점검
내용: 증권가에서는 셀트리온이 바이오시밀러 매출 확대 덕분에 투자 심리가 개선될 수 있다고 봤다. 반면 경쟁 심화 때문에 추가 확인이 필요하다는 의견도 나왔다.

질문: 셀트리온 뉴스 근거를 들어 설명해줘","참고 뉴스 기준으로 근거는 기사에서 바이오시밀러 매출 확대를 긍정 요인으로 언급했고, 동시에 경쟁 심화을 부담 요인으로 제시했다는 점입니다."
"참고 뉴스:
제목: 증권가, LG에너지솔루션 실적 전망 점검
내용: 증권가에서는 LG에너지솔루션이 원재료 가격 안정 덕분에 투자 심리가 개선될 수 있다고 봤다. 반면 금리 불확실성 때문에 추가 확인이 필요하다는 의견도 나왔다.

질문: LG에너지솔루션 호재랑 부담 요인 나눠서 말해줘",참고 뉴스 기준으로 호재는 원재료 가격 안정입니다. 부담 요인은 금리 불확실성입니다.
"참고 뉴스:
제목: 2차전지 업종 점검, LG에너지솔루션 주목
내용: LG에너지솔루션은 전기차 신차 출시 기대 관련 기대가 커졌지만, 단기적으로는 환율 변동성 확대으로 변동성이 나타날 수 있다는 분석이 나왔다.

질문: LG에너지솔루션 긍정적인 내용이 있어?",주어진 자료만 보면 긍정적인 내용은 전기차 신차 출시 기대로 인해 실적이나 투자 심리가 개선될 수 있다는 점입니다.
"참고 뉴스:
제목: 반도체 업종 점검, SK하이닉스 주목
내용: SK하이닉스는 고부가 메모리 수요 증가 관련 기대가 커졌지만, 단기적으로는 환율 변동성 확대으로 변동성이 나타날 수 있다는 분석이 나왔다.

질문: SK하이닉스 호재랑 부담 요인 나눠서 말해줘",제공된 참고 뉴스에 따르면 호재는 고부가 메모리 수요 증가입니다. 부담 요인은 환율 변동성 확대입니다.
"참고 뉴스:
제목: 대한항공, 투자자 관심 지속
내용: 시장에서는 대한항공의 화물 운임 안정에 주목했다. 기사에서는 긍정적인 기대와 함께 차익 실현 매물 출회 가능성을 함께 확인해야 한다고 설명했다.

질문: 대한항공 긍정적인 내용이 있어?",제공된 참고 뉴스에 따르면 긍정적인 내용은 화물 운임 안정로 인해 실적이나 투자 심리가 개선될 수 있다는 점입니다.
"참고 뉴스:
제목: POSCO홀딩스, 철강 업황 변화에 주목
내용: POSCO홀딩스는 리튬 사업 기대 영향으로 실적 개선 기대가 언급됐다. 다만 실적 추정치 하향 가능성은 부담 요인으로 꼽혔다.

질문: POSCO홀딩스 부담되는 내용도 있어?",제공된 참고 뉴스에 따르면 부담되는 내용은 실적 추정치 하향 가능성입니다. 이 부분은 주가 변동성을 키울 수 있는 요인으로 언급됐습니다.
"참고 뉴스:
제목: 아모레퍼시픽 관련 수급 변동성 확대
내용: 아모레퍼시픽은 화장품 업종 내 관심이 이어졌지만 수급 흐름은 엇갈렸다. 면세 채널 개선은 긍정 재료로, 금리 불확실성은 리스크로 제시됐다.

질문: 아모레퍼시픽 긍정적인 내용이 있어?",이 참고 뉴스에서 확인되는 내용은 긍정적인 내용은 면세 채널 개선로 인해 실적이나 투자 심리가 개선될 수 있다는 점입니다.
"참고 뉴스:
제목: CJ대한통운, 물류 기대
내용: CJ대한통운은 운임 효율화 영향으로 관심을 받았다. 부담 요인은 차익 실현 매물 출회 가능성이다.

제목: SK하이닉스, 반도체 점검
내용: SK하이닉스는 고부가 메모리 수요 증가 기대가 있지만 수요 회복 속도 둔화도 함께 언급됐다.

질문: 두 뉴스에서 확인되는 리스크를 정리해줘","참고 뉴스에서 확인되는 리스크는 CJ대한통운의 차익 실현 매물 출회 가능성, SK하이닉스의 수요 회복 속도 둔화입니다."
"참고 뉴스:
제목: 삼성바이오로직스 관련 수급 변동성 확대
내용: 삼성바이오로직스는 바이오 업종 내 관심이 이어졌지만 수급 흐름은 엇갈렸다. 공장 가동률 개선은 긍정 재료로, 환율 변동성 확대는 리스크로 제시됐다.

질문: 삼성바이오로직스 매수해도 돼?","이 참고 뉴스에서 확인되는 내용은 삼성바이오로직스의 긍정 요인과 부담 요인은 확인되지만, 이 자료만으로 매수 여부를 판단할 수는 없습니다. 추가 실적, 밸류에이션, 수급 확인이 필요합니다."
"참고 뉴스:
제목: 금융 업종 점검, KB금융 주목
내용: KB금융은 순이자마진 방어 관련 기대가 커졌지만, 단기적으로는 차익 실현 매물 출회 가능성으로 변동성이 나타날 수 있다는 분석이 나왔다.

질문: KB금융 호재랑 부담 요인 나눠서 말해줘",제공된 참고 뉴스에 따르면 호재는 순이자마진 방어입니다. 부담 요인은 차익 실현 매물 출회 가능성입니다.
"참고 뉴스:
제목: 한국전력, 유틸리티 업종 내 관심 지속
내용: 한국전력은 연료비 부담 완화와 관련해 투자자 관심이 이어졌다. 기사에는 목표주가, 배당금, 구체적인 실적 수치, 밸류에이션 지표는 포함되지 않았다.

질문: 한국전력 목표주가 알려줘",참고 뉴스에는 한국전력의 목표주가 정보가 나와 있지 않습니다. 제공된 자료만으로는 목표주가을 확인할 수 없습니다.
"참고 뉴스:
제목: 한국전력 관련 수급 변동성 확대
내용: 한국전력은 유틸리티 업종 내 관심이 이어졌지만 수급 흐름은 엇갈렸다. 전기요금 조정 기대는 긍정 재료로, 환율 변동성 확대는 리스크로 제시됐다.

질문: 한국전력 부담되는 내용도 있어?",주어진 자료만 보면 부담되는 내용은 환율 변동성 확대입니다. 이 부분은 주가 변동성을 키울 수 있는 요인으로 언급됐습니다.
"참고 뉴스:
제목: 신한지주, 금융 업종 내 관심 지속
내용: 신한지주는 자사주 매입 기대와 관련해 투자자 관심이 이어졌다. 기사에는 목표주가, 배당금, 구체적인 실적 수치, 밸류에이션 지표는 포함되지 않았다.

질문: 신한지주 정확한 매수 가격 알려줘",참고 뉴스에는 신한지주의 매수 가격 정보가 나와 있지 않습니다. 제공된 자료만으로는 매수 가격을 확인할 수 없습니다.
"참고 뉴스:
제목: 하이브, 투자자 관심 지속
내용: 시장에서는 하이브의 아티스트 활동 재개에 주목했다. 기사에서는 긍정적인 기대와 함께 수요 회복 속도 둔화을 함께 확인해야 한다고 설명했다.

질문: 하이브 긍정적인 내용이 있어?",참고 뉴스 기준으로 긍정적인 내용은 아티스트 활동 재개로 인해 실적이나 투자 심리가 개선될 수 있다는 점입니다.
"참고 뉴스:
제목: 증권가, 한국전력 실적 전망 점검
내용: 증권가에서는 한국전력이 연료비 부담 완화 덕분에 투자 심리가 개선될 수 있다고 봤다. 반면 금리 불확실성 때문에 추가 확인이 필요하다는 의견도 나왔다.

질문: 한국전력 분위기 어때?",주어진 자료만 보면 한국전력에 대한 분위기는 중립에서 긍정 쪽에 가깝습니다. 다만 금리 불확실성이 있어 단정적으로 좋다고만 보기는 어렵습니다.
"참고 뉴스:
제목: 셀트리온, 바이오 업황 변화에 주목
내용: 셀트리온은 해외 판매망 강화 영향으로 실적 개선 기대가 언급됐다. 다만 금리 불확실성은 부담 요인으로 꼽혔다.

질문: 셀트리온 확인되는 내용만 말해줘","이 참고 뉴스에서 확인되는 내용은 셀트리온 관련 긍정 요인으로 해외 판매망 강화가 언급됐고, 부담 요인으로 금리 불확실성이 제시됐습니다."
"참고 뉴스:
제목: 셀트리온, 바이오 업종 내 관심 지속
내용: 셀트리온은 해외 판매망 강화와 관련해 투자자 관심이 이어졌다. 기사에는 목표주가, 배당금, 구체적인 실적 수치, 밸류에이션 지표는 포함되지 않았다.

질문: 셀트리온 내일 주가 오를까?",참고 뉴스에는 셀트리온의 내일 주가 방향 정보가 나와 있지 않습니다. 제공된 자료만으로는 내일 주가 방향을 확인할 수 없습니다.
"참고 뉴스:
제목: 증권가, 아모레퍼시픽 실적 전망 점검
내용: 증권가에서는 아모레퍼시픽이 북미 매출 성장 덕분에 투자 심리가 개선될 수 있다고 봤다. 반면 금리 불확실성 때문에 추가 확인이 필요하다는 의견도 나왔다.

질문: 아모레퍼시픽 호재랑 부담 요인 나눠서 말해줘",주어진 자료만 보면 호재는 북미 매출 성장입니다. 부담 요인은 금리 불확실성입니다.
"참고 뉴스:
제목: 인터넷 업종 점검, 네이버 주목
내용: 네이버는 클라우드 사업 성장 관련 기대가 커졌지만, 단기적으로는 환율 변동성 확대으로 변동성이 나타날 수 있다는 분석이 나왔다.

질문: 네이버 매수해도 돼?","주어진 자료만 보면 네이버의 긍정 요인과 부담 요인은 확인되지만, 이 자료만으로 매수 여부를 판단할 수는 없습니다. 추가 실적, 밸류에이션, 수급 확인이 필요합니다."
"참고 뉴스:
제목: 화장품 업종 점검, 아모레퍼시픽 주목
내용: 아모레퍼시픽은 중국 소비 회복 기대 관련 기대가 커졌지만, 단기적으로는 환율 변동성 확대으로 변동성이 나타날 수 있다는 분석이 나왔다.

질문: 아모레퍼시픽 부담되는 내용도 있어?",제공된 참고 뉴스에 따르면 부담되는 내용은 환율 변동성 확대입니다. 이 부분은 주가 변동성을 키울 수 있는 요인으로 언급됐습니다.
"참고 뉴스:
제목: 삼성바이오로직스 관련 수급 변동성 확대
내용: 삼성바이오로직스는 바이오 업종 내 관심이 이어졌지만 수급 흐름은 엇갈렸다. 위탁생산 수주 확대는 긍정 재료로, 차익 실현 매물 출회 가능성은 리스크로 제시됐다.

질문: 삼성바이오로직스 매수해도 돼?","주어진 자료만 보면 삼성바이오로직스의 긍정 요인과 부담 요인은 확인되지만, 이 자료만으로 매수 여부를 판단할 수는 없습니다. 추가 실적, 밸류에이션, 수급 확인이 필요합니다."
"참고 뉴스:
제목: 물류 업종 점검, CJ대한통운 주목
내용: CJ대한통운은 자동화 투자 효과 관련 기대가 커졌지만, 단기적으로는 경쟁 심화으로 변동성이 나타날 수 있다는 분석이 나왔다.

질문: CJ대한통운 긍정적인 내용이 있어?",주어진 자료만 보면 긍정적인 내용은 자동화 투자 효과로 인해 실적이나 투자 심리가 개선될 수 있다는 점입니다.
"참고 뉴스:
제목: 증권가, 아모레퍼시픽 실적 전망 점검
내용: 증권가에서는 아모레퍼시픽이 면세 채널 개선 덕분에 투자 심리가 개선될 수 있다고 봤다. 반면 기관과 외국인 수급 엇갈림 때문에 추가 확인이 필요하다는 의견도 나왔다.

질문: 아모레퍼시픽 리스크 중심으로 정리해줘",제공된 참고 뉴스에 따르면 가장 중요한 리스크는 기관과 외국인 수급 엇갈림입니다. 긍정 요인이 있어도 이 부담 요인이 커지면 주가 변동성이 확대될 수 있습니다.
"참고 뉴스:
제목: 기아, 자동차 업황 변화에 주목
내용: 기아는 북미 시장 점유율 개선 영향으로 실적 개선 기대가 언급됐다. 다만 금리 불확실성은 부담 요인으로 꼽혔다.

질문: 기아 호재랑 부담 요인 나눠서 말해줘",참고 뉴스 기준으로 호재는 북미 시장 점유율 개선입니다. 부담 요인은 금리 불확실성입니다.
"참고 뉴스:
제목: 네이버, 투자자 관심 지속
내용: 시장에서는 네이버의 AI 검색 서비스 고도화에 주목했다. 기사에서는 긍정적인 기대와 함께 실적 추정치 하향 가능성을 함께 확인해야 한다고 설명했다.

질문: 네이버 투자 판단할 때 뭘 더 봐야 해?","이 참고 뉴스에서 확인되는 내용은 기사에 나온 AI 검색 서비스 고도화와 실적 추정치 하향 가능성 외에도 실제 실적, 수급, 업종 전망, 밸류에이션을 함께 확인해야 합니다."
"참고 뉴스:
제목: 증권가, 삼성SDI 실적 전망 점검
내용: 증권가에서는 삼성SDI가 고부가 제품 비중 증가 덕분에 투자 심리가 개선될 수 있다고 봤다. 반면 원가 부담 증가 때문에 추가 확인이 필요하다는 의견도 나왔다.

질문: 삼성SDI 긍정적인 내용이 있어?",이 참고 뉴스에서 확인되는 내용은 긍정적인 내용은 고부가 제품 비중 증가로 인해 실적이나 투자 심리가 개선될 수 있다는 점입니다.
"참고 뉴스:
제목: 한국전력, 유틸리티 기대
내용: 한국전력은 연료비 부담 완화 영향으로 관심을 받았다. 부담 요인은 기관과 외국인 수급 엇갈림이다.

제목: 대한항공, 항공 점검
내용: 대한항공은 화물 운임 안정 기대가 있지만 차익 실현 매물 출회 가능성도 함께 언급됐다.

질문: 두 뉴스의 공통점과 차이점을 정리해줘","참고 뉴스 기준으로 두 기업 모두 긍정 요인과 부담 요인이 함께 언급됐습니다. 차이점은 한국전력는 연료비 부담 완화가 강조됐고, 대한항공는 화물 운임 안정와 함께 차익 실현 매물 출회 가능성도 제시됐다는 점입니다."
"참고 뉴스:
제목: 하이브, 엔터 업황 변화에 주목
내용: 하이브는 글로벌 팬덤 확대 영향으로 실적 개선 기대가 언급됐다. 다만 경쟁 심화는 부담 요인으로 꼽혔다.

질문: 하이브 긍정적인 내용이 있어?",주어진 자료만 보면 긍정적인 내용은 글로벌 팬덤 확대로 인해 실적이나 투자 심리가 개선될 수 있다는 점입니다.
"참고 뉴스:
제목: 삼성바이오로직스 관련 수급 변동성 확대
내용: 삼성바이오로직스는 바이오 업종 내 관심이 이어졌지만 수급 흐름은 엇갈렸다. 공장 가동률 개선은 긍정 재료로, 차익 실현 매물 출회 가능성은 리스크로 제시됐다.

질문: 삼성바이오로직스 리스크 중심으로 정리해줘",주어진 자료만 보면 가장 중요한 리스크는 차익 실현 매물 출회 가능성입니다. 긍정 요인이 있어도 이 부담 요인이 커지면 주가 변동성이 확대될 수 있습니다.
"참고 뉴스:
제목: 카카오, 인터넷 업황 변화에 주목
내용: 카카오는 콘텐츠 사업 조정 영향으로 실적 개선 기대가 언급됐다. 다만 수요 회복 속도 둔화는 부담 요인으로 꼽혔다.

질문: 카카오 투자 판단할 때 뭘 더 봐야 해?","참고 뉴스 기준으로 기사에 나온 콘텐츠 사업 조정와 수요 회복 속도 둔화 외에도 실제 실적, 수급, 업종 전망, 밸류에이션을 함께 확인해야 합니다."
"참고 뉴스:
제목: SK하이닉스, 반도체 업황 변화에 주목
내용: SK하이닉스는 HBM 공급 확대 영향으로 실적 개선 기대가 언급됐다. 다만 경쟁 심화는 부담 요인으로 꼽혔다.

질문: SK하이닉스 긍정적인 내용이 있어?",제공된 참고 뉴스에 따르면 긍정적인 내용은 HBM 공급 확대로 인해 실적이나 투자 심리가 개선될 수 있다는 점입니다.
"참고 뉴스:
제목: 기아, 자동차 기대
내용: 기아는 북미 시장 점유율 개선 영향으로 관심을 받았다. 부담 요인은 경쟁 심화이다.

제목: 셀트리온, 바이오 점검
내용: 셀트리온은 바이오시밀러 매출 확대 기대가 있지만 경쟁 심화도 함께 언급됐다.

질문: 두 기업 중 뉴스가 더 긍정적인 쪽을 말해줘",제공된 참고 뉴스만 보면 두 기업 모두 긍정 요인이 있습니다. 다만 어느 쪽이 더 좋다고 단정하려면 실적 수치와 수급 정보가 더 필요합니다.
"참고 뉴스:
제목: 철강 업종 점검, POSCO홀딩스 주목
내용: POSCO홀딩스는 리튬 사업 기대 관련 기대가 커졌지만, 단기적으로는 경쟁 심화으로 변동성이 나타날 수 있다는 분석이 나왔다.

질문: POSCO홀딩스 한 문장으로 요약해줘",POSCO홀딩스는 리튬 사업 기대 기대가 있지만 경쟁 심화도 함께 확인해야 하는 상황입니다.
"참고 뉴스:
제목: 증권가, 한화에어로스페이스 실적 전망 점검
내용: 증권가에서는 한화에어로스페이스가 해외 계약 증가 덕분에 투자 심리가 개선될 수 있다고 봤다. 반면 원가 부담 증가 때문에 추가 확인이 필요하다는 의견도 나왔다.

질문: 한화에어로스페이스 확인되는 내용만 말해줘","이 참고 뉴스에서 확인되는 내용은 한화에어로스페이스 관련 긍정 요인으로 해외 계약 증가가 언급됐고, 부담 요인으로 원가 부담 증가이 제시됐습니다."
"참고 뉴스:
제목: 현대차 관련 수급 변동성 확대
내용: 현대차는 자동차 업종 내 관심이 이어졌지만 수급 흐름은 엇갈렸다. 북미 판매 호조는 긍정 재료로, 실적 추정치 하향 가능성은 리스크로 제시됐다.

질문: 현대차 리스크 중심으로 정리해줘",참고 뉴스 기준으로 가장 중요한 리스크는 실적 추정치 하향 가능성입니다. 긍정 요인이 있어도 이 부담 요인이 커지면 주가 변동성이 확대될 수 있습니다.
"참고 뉴스:
제목: 신한지주, 금융 업황 변화에 주목
내용: 신한지주는 건전성 관리 강화 영향으로 실적 개선 기대가 언급됐다. 다만 경쟁 심화는 부담 요인으로 꼽혔다.

질문: 신한지주 분위기 어때?",이 참고 뉴스에서 확인되는 내용은 신한지주에 대한 분위기는 중립에서 긍정 쪽에 가깝습니다. 다만 경쟁 심화이 있어 단정적으로 좋다고만 보기는 어렵습니다.
"참고 뉴스:
제목: 삼성SDI 관련 수급 변동성 확대
내용: 삼성SDI는 2차전지 업종 내 관심이 이어졌지만 수급 흐름은 엇갈렸다. 프리미엄 배터리 수요는 긍정 재료로, 금리 불확실성은 리스크로 제시됐다.

질문: 삼성SDI 긍정적인 내용이 있어?",제공된 참고 뉴스에 따르면 긍정적인 내용은 프리미엄 배터리 수요로 인해 실적이나 투자 심리가 개선될 수 있다는 점입니다.
"참고 뉴스:
제목: 증권가, 네이버 실적 전망 점검
내용: 증권가에서는 네이버가 광고 매출 회복 기대 덕분에 투자 심리가 개선될 수 있다고 봤다. 반면 환율 변동성 확대 때문에 추가 확인이 필요하다는 의견도 나왔다.

질문: 네이버 한 문장으로 요약해줘",네이버는 광고 매출 회복 기대 기대가 있지만 환율 변동성 확대도 함께 확인해야 하는 상황입니다.
"참고 뉴스:
제목: 증권가, 현대차 실적 전망 점검
내용: 증권가에서는 현대차가 하이브리드 수요 확대 덕분에 투자 심리가 개선될 수 있다고 봤다. 반면 환율 변동성 확대 때문에 추가 확인이 필요하다는 의견도 나왔다.

질문: 현대차 한 문장으로 요약해줘",현대차는 하이브리드 수요 확대 기대가 있지만 환율 변동성 확대도 함께 확인해야 하는 상황입니다.
"참고 뉴스:
제목: 신한지주, 금융 업종 내 관심 지속
내용: 신한지주는 배당 확대 기대와 관련해 투자자 관심이 이어졌다. 기사에는 목표주가, 배당금, 구체적인 실적 수치, 밸류에이션 지표는 포함되지 않았다.

질문: 신한지주 PER 얼마야?",참고 뉴스에는 신한지주의 PER 정보가 나와 있지 않습니다. 제공된 자료만으로는 PER을 확인할 수 없습니다.
"참고 뉴스:
제목: 한화에어로스페이스, 투자자 관심 지속
내용: 시장에서는 한화에어로스페이스의 해외 계약 증가에 주목했다. 기사에서는 긍정적인 기대와 함께 기관과 외국인 수급 엇갈림을 함께 확인해야 한다고 설명했다.

질문: 한화에어로스페이스 목표주가 얼마야?",참고 뉴스에는 한화에어로스페이스의 구체적인 목표주가가 제시되어 있지 않습니다. 제공된 자료만으로는 목표주가를 말할 수 없습니다.
"참고 뉴스:
제목: 대한항공 관련 수급 변동성 확대
내용: 대한항공은 항공 업종 내 관심이 이어졌지만 수급 흐름은 엇갈렸다. 유가 하락 기대는 긍정 재료로, 수요 회복 속도 둔화는 리스크로 제시됐다.

질문: 대한항공 긍정적인 내용이 있어?",제공된 참고 뉴스에 따르면 긍정적인 내용은 유가 하락 기대로 인해 실적이나 투자 심리가 개선될 수 있다는 점입니다.
"참고 뉴스:
제목: 신한지주, 투자자 관심 지속
내용: 시장에서는 신한지주의 배당 확대 기대에 주목했다. 기사에서는 긍정적인 기대와 함께 기관과 외국인 수급 엇갈림을 함께 확인해야 한다고 설명했다.

질문: 신한지주 긍정적인 내용이 있어?",이 참고 뉴스에서 확인되는 내용은 긍정적인 내용은 배당 확대 기대로 인해 실적이나 투자 심리가 개선될 수 있다는 점입니다.
"참고 뉴스:
제목: 셀트리온, 바이오 기대
내용: 셀트리온은 바이오시밀러 매출 확대 영향으로 관심을 받았다. 부담 요인은 기관과 외국인 수급 엇갈림이다.

제목: 현대차, 자동차 점검
내용: 현대차는 북미 판매 호조 기대가 있지만 차익 실현 매물 출회 가능성도 함께 언급됐다.

질문: 두 기업 중 뉴스가 더 긍정적인 쪽을 말해줘",제공된 참고 뉴스만 보면 두 기업 모두 긍정 요인이 있습니다. 다만 어느 쪽이 더 좋다고 단정하려면 실적 수치와 수급 정보가 더 필요합니다.
"참고 뉴스:
제목: LG에너지솔루션, 2차전지 업황 변화에 주목
내용: LG에너지솔루션은 배터리 출하량 회복 기대 영향으로 실적 개선 기대가 언급됐다. 다만 실적 추정치 하향 가능성은 부담 요인으로 꼽혔다.

질문: LG에너지솔루션 부담되는 내용도 있어?",참고 뉴스 기준으로 부담되는 내용은 실적 추정치 하향 가능성입니다. 이 부분은 주가 변동성을 키울 수 있는 요인으로 언급됐습니다.
"참고 뉴스:
제목: POSCO홀딩스, 투자자 관심 지속
내용: 시장에서는 POSCO홀딩스의 리튬 사업 기대에 주목했다. 기사에서는 긍정적인 기대와 함께 금리 불확실성을 함께 확인해야 한다고 설명했다.

질문: POSCO홀딩스 매수해도 돼?","제공된 참고 뉴스에 따르면 POSCO홀딩스의 긍정 요인과 부담 요인은 확인되지만, 이 자료만으로 매수 여부를 판단할 수는 없습니다. 추가 실적, 밸류에이션, 수급 확인이 필요합니다."
"참고 뉴스:
제목: 증권가, 한국전력 실적 전망 점검
내용: 증권가에서는 한국전력이 연료비 부담 완화 덕분에 투자 심리가 개선될 수 있다고 봤다. 반면 차익 실현 매물 출회 가능성 때문에 추가 확인이 필요하다는 의견도 나왔다.

질문: 한국전력 긍정적인 내용이 있어?",주어진 자료만 보면 긍정적인 내용은 연료비 부담 완화로 인해 실적이나 투자 심리가 개선될 수 있다는 점입니다.
"참고 뉴스:
제목: POSCO홀딩스, 투자자 관심 지속
내용: 시장에서는 POSCO홀딩스의 중국 경기 부양 기대에 주목했다. 기사에서는 긍정적인 기대와 함께 기관과 외국인 수급 엇갈림을 함께 확인해야 한다고 설명했다.

질문: POSCO홀딩스 리스크 중심으로 정리해줘",제공된 참고 뉴스에 따르면 가장 중요한 리스크는 기관과 외국인 수급 엇갈림입니다. 긍정 요인이 있어도 이 부담 요인이 커지면 주가 변동성이 확대될 수 있습니다.
"참고 뉴스:
제목: 하이브 관련 수급 변동성 확대
내용: 하이브는 엔터 업종 내 관심이 이어졌지만 수급 흐름은 엇갈렸다. 글로벌 팬덤 확대는 긍정 재료로, 실적 추정치 하향 가능성은 리스크로 제시됐다.

질문: 하이브 뉴스 근거를 들어 설명해줘","참고 뉴스 기준으로 근거는 기사에서 글로벌 팬덤 확대를 긍정 요인으로 언급했고, 동시에 실적 추정치 하향 가능성을 부담 요인으로 제시했다는 점입니다."
"참고 뉴스:
제목: 카카오 관련 수급 변동성 확대
내용: 카카오는 인터넷 업종 내 관심이 이어졌지만 수급 흐름은 엇갈렸다. 플랫폼 비용 절감은 긍정 재료로, 실적 추정치 하향 가능성은 리스크로 제시됐다.

질문: 카카오 긍정적인 내용이 있어?",주어진 자료만 보면 긍정적인 내용은 플랫폼 비용 절감로 인해 실적이나 투자 심리가 개선될 수 있다는 점입니다.
"참고 뉴스:
제목: 증권가, 삼성바이오로직스 실적 전망 점검
내용: 증권가에서는 삼성바이오로직스가 공장 가동률 개선 덕분에 투자 심리가 개선될 수 있다고 봤다. 반면 차익 실현 매물 출회 가능성 때문에 추가 확인이 필요하다는 의견도 나왔다.

질문: 삼성바이오로직스 핵심만 정리해줘",주어진 자료만 보면 삼성바이오로직스는 공장 가동률 개선로 관심을 받고 있습니다. 다만 차익 실현 매물 출회 가능성도 함께 언급되어 긍정 요인과 부담 요인이 같이 있는 상황입니다.
"참고 뉴스:
제목: SK하이닉스 관련 수급 변동성 확대
내용: SK하이닉스는 반도체 업종 내 관심이 이어졌지만 수급 흐름은 엇갈렸다. 데이터센터 투자 증가는 긍정 재료로, 기관과 외국인 수급 엇갈림은 리스크로 제시됐다.

질문: SK하이닉스 뉴스 근거를 들어 설명해줘","제공된 참고 뉴스에 따르면 근거는 기사에서 데이터센터 투자 증가를 긍정 요인으로 언급했고, 동시에 기관과 외국인 수급 엇갈림을 부담 요인으로 제시했다는 점입니다."
"참고 뉴스:
제목: 대한항공, 투자자 관심 지속
내용: 시장에서는 대한항공의 화물 운임 안정에 주목했다. 기사에서는 긍정적인 기대와 함께 경쟁 심화을 함께 확인해야 한다고 설명했다.

질문: 대한항공 한 문장으로 요약해줘",대한항공은 화물 운임 안정 기대가 있지만 경쟁 심화도 함께 확인해야 하는 상황입니다.
"참고 뉴스:
제목: 한국전력, 유틸리티 기대
내용: 한국전력은 전기요금 조정 기대 영향으로 관심을 받았다. 부담 요인은 원가 부담 증가이다.

제목: 네이버, 인터넷 점검
내용: 네이버는 클라우드 사업 성장 기대가 있지만 기관과 외국인 수급 엇갈림도 함께 언급됐다.

질문: 두 기업 중 뉴스가 더 긍정적인 쪽을 말해줘",제공된 참고 뉴스만 보면 두 기업 모두 긍정 요인이 있습니다. 다만 어느 쪽이 더 좋다고 단정하려면 실적 수치와 수급 정보가 더 필요합니다.
"참고 뉴스:
제목: 삼성전자, 반도체 업황 변화에 주목
내용: 삼성전자는 AI 서버 수요 증가 영향으로 실적 개선 기대가 언급됐다. 다만 차익 실현 매물 출회 가능성은 부담 요인으로 꼽혔다.

질문: 삼성전자 긍정적인 내용이 있어?",제공된 참고 뉴스에 따르면 긍정적인 내용은 AI 서버 수요 증가로 인해 실적이나 투자 심리가 개선될 수 있다는 점입니다.
"참고 뉴스:
제목: 기아, 투자자 관심 지속
내용: 시장에서는 기아의 고환율 수혜 기대에 주목했다. 기사에서는 긍정적인 기대와 함께 금리 불확실성을 함께 확인해야 한다고 설명했다.

질문: 기아 리스크 중심으로 정리해줘",참고 뉴스 기준으로 가장 중요한 리스크는 금리 불확실성입니다. 긍정 요인이 있어도 이 부담 요인이 커지면 주가 변동성이 확대될 수 있습니다.
"참고 뉴스:
제목: 현대차, 투자자 관심 지속
내용: 시장에서는 현대차의 환율 효과에 주목했다. 기사에서는 긍정적인 기대와 함께 환율 변동성 확대을 함께 확인해야 한다고 설명했다.

질문: 현대차 부담되는 내용도 있어?",참고 뉴스 기준으로 부담되는 내용은 환율 변동성 확대입니다. 이 부분은 주가 변동성을 키울 수 있는 요인으로 언급됐습니다.
"참고 뉴스:
제목: 증권가, 아모레퍼시픽 실적 전망 점검
내용: 증권가에서는 아모레퍼시픽이 북미 매출 성장 덕분에 투자 심리가 개선될 수 있다고 봤다. 반면 원가 부담 증가 때문에 추가 확인이 필요하다는 의견도 나왔다.

질문: 아모레퍼시픽 핵심만 정리해줘",주어진 자료만 보면 아모레퍼시픽은 북미 매출 성장로 관심을 받고 있습니다. 다만 원가 부담 증가도 함께 언급되어 긍정 요인과 부담 요인이 같이 있는 상황입니다.
"참고 뉴스:
제목: 하이브 관련 수급 변동성 확대
내용: 하이브는 엔터 업종 내 관심이 이어졌지만 수급 흐름은 엇갈렸다. 콘텐츠 매출 증가는 긍정 재료로, 수요 회복 속도 둔화는 리스크로 제시됐다.

질문: 하이브 리스크 중심으로 정리해줘",참고 뉴스 기준으로 가장 중요한 리스크는 수요 회복 속도 둔화입니다. 긍정 요인이 있어도 이 부담 요인이 커지면 주가 변동성이 확대될 수 있습니다.
"참고 뉴스:
제목: 두산에너빌리티 관련 수급 변동성 확대
내용: 두산에너빌리티는 전력기기 업종 내 관심이 이어졌지만 수급 흐름은 엇갈렸다. 전력 인프라 투자 확대는 긍정 재료로, 경쟁 심화는 리스크로 제시됐다.

질문: 두산에너빌리티 한 문장으로 요약해줘",두산에너빌리티는 전력 인프라 투자 확대 기대가 있지만 경쟁 심화도 함께 확인해야 하는 상황입니다.
"참고 뉴스:
제목: 카카오, 투자자 관심 지속
내용: 시장에서는 카카오의 콘텐츠 사업 조정에 주목했다. 기사에서는 긍정적인 기대와 함께 수요 회복 속도 둔화을 함께 확인해야 한다고 설명했다.

질문: 카카오 목표주가 얼마야?",참고 뉴스에는 카카오의 구체적인 목표주가가 제시되어 있지 않습니다. 제공된 자료만으로는 목표주가를 말할 수 없습니다.
"참고 뉴스:
제목: 증권가, CJ대한통운 실적 전망 점검
내용: 증권가에서는 CJ대한통운이 운임 효율화 덕분에 투자 심리가 개선될 수 있다고 봤다. 반면 수요 회복 속도 둔화 때문에 추가 확인이 필요하다는 의견도 나왔다.

질문: CJ대한통운 매수해도 돼?","참고 뉴스 기준으로 CJ대한통운의 긍정 요인과 부담 요인은 확인되지만, 이 자료만으로 매수 여부를 판단할 수는 없습니다. 추가 실적, 밸류에이션, 수급 확인이 필요합니다."
"참고 뉴스:
제목: 하이브 관련 수급 변동성 확대
내용: 하이브는 엔터 업종 내 관심이 이어졌지만 수급 흐름은 엇갈렸다. 콘텐츠 매출 증가는 긍정 재료로, 기관과 외국인 수급 엇갈림은 리스크로 제시됐다.

질문: 하이브 분위기 어때?",제공된 참고 뉴스에 따르면 하이브에 대한 분위기는 중립에서 긍정 쪽에 가깝습니다. 다만 기관과 외국인 수급 엇갈림이 있어 단정적으로 좋다고만 보기는 어렵습니다.
"참고 뉴스:
제목: KB금융, 투자자 관심 지속
내용: 시장에서는 KB금융의 순이자마진 방어에 주목했다. 기사에서는 긍정적인 기대와 함께 수요 회복 속도 둔화을 함께 확인해야 한다고 설명했다.

질문: KB금융 목표주가 얼마야?",참고 뉴스에는 KB금융의 구체적인 목표주가가 제시되어 있지 않습니다. 제공된 자료만으로는 목표주가를 말할 수 없습니다.
"참고 뉴스:
제목: 바이오 업종 점검, 셀트리온 주목
내용: 셀트리온은 해외 판매망 강화 관련 기대가 커졌지만, 단기적으로는 차익 실현 매물 출회 가능성으로 변동성이 나타날 수 있다는 분석이 나왔다.

질문: 셀트리온 뉴스 근거를 들어 설명해줘","참고 뉴스 기준으로 근거는 기사에서 해외 판매망 강화를 긍정 요인으로 언급했고, 동시에 차익 실현 매물 출회 가능성을 부담 요인으로 제시했다는 점입니다."
"참고 뉴스:
제목: 증권가, 대한항공 실적 전망 점검
내용: 증권가에서는 대한항공이 화물 운임 안정 덕분에 투자 심리가 개선될 수 있다고 봤다. 반면 실적 추정치 하향 가능성 때문에 추가 확인이 필요하다는 의견도 나왔다.

질문: 대한항공 매수해도 돼?","이 참고 뉴스에서 확인되는 내용은 대한항공의 긍정 요인과 부담 요인은 확인되지만, 이 자료만으로 매수 여부를 판단할 수는 없습니다. 추가 실적, 밸류에이션, 수급 확인이 필요합니다."
"참고 뉴스:
제목: 방산 업종 점검, 한화에어로스페이스 주목
내용: 한화에어로스페이스는 수주 잔고 확대 관련 기대가 커졌지만, 단기적으로는 환율 변동성 확대으로 변동성이 나타날 수 있다는 분석이 나왔다.

질문: 한화에어로스페이스 매수해도 돼?","제공된 참고 뉴스에 따르면 한화에어로스페이스의 긍정 요인과 부담 요인은 확인되지만, 이 자료만으로 매수 여부를 판단할 수는 없습니다. 추가 실적, 밸류에이션, 수급 확인이 필요합니다."
"참고 뉴스:
제목: 두산에너빌리티, 전력기기 업황 변화에 주목
내용: 두산에너빌리티는 전력 인프라 투자 확대 영향으로 실적 개선 기대가 언급됐다. 다만 기관과 외국인 수급 엇갈림은 부담 요인으로 꼽혔다.

질문: 두산에너빌리티 부담되는 내용도 있어?",제공된 참고 뉴스에 따르면 부담되는 내용은 기관과 외국인 수급 엇갈림입니다. 이 부분은 주가 변동성을 키울 수 있는 요인으로 언급됐습니다.
"참고 뉴스:
제목: 기아, 투자자 관심 지속
내용: 시장에서는 기아의 SUV 판매 호조에 주목했다. 기사에서는 긍정적인 기대와 함께 경쟁 심화을 함께 확인해야 한다고 설명했다.

질문: 기아 투자 판단할 때 뭘 더 봐야 해?","주어진 자료만 보면 기사에 나온 SUV 판매 호조와 경쟁 심화 외에도 실제 실적, 수급, 업종 전망, 밸류에이션을 함께 확인해야 합니다."
"참고 뉴스:
제목: SK하이닉스 관련 수급 변동성 확대
내용: SK하이닉스는 반도체 업종 내 관심이 이어졌지만 수급 흐름은 엇갈렸다. HBM 공급 확대는 긍정 재료로, 환율 변동성 확대는 리스크로 제시됐다.

질문: SK하이닉스 뉴스 근거를 들어 설명해줘","이 참고 뉴스에서 확인되는 내용은 근거는 기사에서 HBM 공급 확대를 긍정 요인으로 언급했고, 동시에 환율 변동성 확대을 부담 요인으로 제시했다는 점입니다."
"참고 뉴스:
제목: 기아, 투자자 관심 지속
내용: 시장에서는 기아의 고환율 수혜 기대에 주목했다. 기사에서는 긍정적인 기대와 함께 경쟁 심화을 함께 확인해야 한다고 설명했다.

질문: 기아 분위기 어때?",이 참고 뉴스에서 확인되는 내용은 기아에 대한 분위기는 중립에서 긍정 쪽에 가깝습니다. 다만 경쟁 심화이 있어 단정적으로 좋다고만 보기는 어렵습니다.
"참고 뉴스:
제목: 하이브, 투자자 관심 지속
내용: 시장에서는 하이브의 콘텐츠 매출 증가에 주목했다. 기사에서는 긍정적인 기대와 함께 경쟁 심화을 함께 확인해야 한다고 설명했다.

질문: 하이브 뉴스 근거를 들어 설명해줘","주어진 자료만 보면 근거는 기사에서 콘텐츠 매출 증가를 긍정 요인으로 언급했고, 동시에 경쟁 심화을 부담 요인으로 제시했다는 점입니다."
"참고 뉴스:
제목: CJ대한통운, 투자자 관심 지속
내용: 시장에서는 CJ대한통운의 운임 효율화에 주목했다. 기사에서는 긍정적인 기대와 함께 차익 실현 매물 출회 가능성을 함께 확인해야 한다고 설명했다.

질문: CJ대한통운 매수해도 돼?","제공된 참고 뉴스에 따르면 CJ대한통운의 긍정 요인과 부담 요인은 확인되지만, 이 자료만으로 매수 여부를 판단할 수는 없습니다. 추가 실적, 밸류에이션, 수급 확인이 필요합니다."
"참고 뉴스:
제목: SK하이닉스, 반도체 업황 변화에 주목
내용: SK하이닉스는 고부가 메모리 수요 증가 영향으로 실적 개선 기대가 언급됐다. 다만 기관과 외국인 수급 엇갈림은 부담 요인으로 꼽혔다.

질문: SK하이닉스 확인되는 내용만 말해줘","이 참고 뉴스에서 확인되는 내용은 SK하이닉스 관련 긍정 요인으로 고부가 메모리 수요 증가가 언급됐고, 부담 요인으로 기관과 외국인 수급 엇갈림이 제시됐습니다."
"참고 뉴스:
제목: 삼성전자, 투자자 관심 지속
내용: 시장에서는 삼성전자의 파운드리 수익성 개선 기대에 주목했다. 기사에서는 긍정적인 기대와 함께 원가 부담 증가을 함께 확인해야 한다고 설명했다.

질문: 삼성전자 확인되는 내용만 말해줘","주어진 자료만 보면 삼성전자 관련 긍정 요인으로 파운드리 수익성 개선 기대가 언급됐고, 부담 요인으로 원가 부담 증가이 제시됐습니다."
"참고 뉴스:
제목: 현대차 관련 수급 변동성 확대
내용: 현대차는 자동차 업종 내 관심이 이어졌지만 수급 흐름은 엇갈렸다. 환율 효과은 긍정 재료로, 차익 실현 매물 출회 가능성은 리스크로 제시됐다.

질문: 현대차 한 문장으로 요약해줘",현대차는 환율 효과 기대가 있지만 차익 실현 매물 출회 가능성도 함께 확인해야 하는 상황입니다.
"참고 뉴스:
제목: 대한항공, 항공 업황 변화에 주목
내용: 대한항공은 화물 운임 안정 영향으로 실적 개선 기대가 언급됐다. 다만 환율 변동성 확대는 부담 요인으로 꼽혔다.

질문: 대한항공 뉴스 근거를 들어 설명해줘","참고 뉴스 기준으로 근거는 기사에서 화물 운임 안정를 긍정 요인으로 언급했고, 동시에 환율 변동성 확대을 부담 요인으로 제시했다는 점입니다."
"참고 뉴스:
제목: 증권가, 두산에너빌리티 실적 전망 점검
내용: 증권가에서는 두산에너빌리티가 전력 인프라 투자 확대 덕분에 투자 심리가 개선될 수 있다고 봤다. 반면 수요 회복 속도 둔화 때문에 추가 확인이 필요하다는 의견도 나왔다.

질문: 두산에너빌리티 부담되는 내용도 있어?",주어진 자료만 보면 부담되는 내용은 수요 회복 속도 둔화입니다. 이 부분은 주가 변동성을 키울 수 있는 요인으로 언급됐습니다.
"참고 뉴스:
제목: LG에너지솔루션, 2차전지 업종 내 관심 지속
내용: LG에너지솔루션은 배터리 출하량 회복 기대와 관련해 투자자 관심이 이어졌다. 기사에는 목표주가, 배당금, 구체적인 실적 수치, 밸류에이션 지표는 포함되지 않았다.

질문: LG에너지솔루션 이번 분기 영업이익 숫자 알려줘",참고 뉴스에는 LG에너지솔루션의 영업이익 정보가 나와 있지 않습니다. 제공된 자료만으로는 영업이익을 확인할 수 없습니다.
"참고 뉴스:
제목: 삼성전자 주가 상승
내용: 삼성전자는 반도체 업황 개선 기대감으로 상승했다.

질문: 삼성전자 실적 숫자 알려줘",참고 뉴스에는 구체적인 실적 숫자가 없습니다. 확인 가능한 내용은 반도체 업황 개선 기대감으로 주가가 상승했다는 점입니다.
"참고 뉴스:
제목: 삼성바이오로직스 관련 수급 변동성 확대
내용: 삼성바이오로직스는 바이오 업종 내 관심이 이어졌지만 수급 흐름은 엇갈렸다. 장기 공급계약 증가는 긍정 재료로, 경쟁 심화는 리스크로 제시됐다.

질문: 삼성바이오로직스 투자 판단할 때 뭘 더 봐야 해?","이 참고 뉴스에서 확인되는 내용은 기사에 나온 장기 공급계약 증가와 경쟁 심화 외에도 실제 실적, 수급, 업종 전망, 밸류에이션을 함께 확인해야 합니다."
"참고 뉴스:
제목: LG에너지솔루션, 2차전지 업황 변화에 주목
내용: LG에너지솔루션은 원재료 가격 안정 영향으로 실적 개선 기대가 언급됐다. 다만 원가 부담 증가는 부담 요인으로 꼽혔다.

질문: LG에너지솔루션 부담되는 내용도 있어?",참고 뉴스 기준으로 부담되는 내용은 원가 부담 증가입니다. 이 부분은 주가 변동성을 키울 수 있는 요인으로 언급됐습니다.
"참고 뉴스:
제목: 한국전력, 유틸리티 업황 변화에 주목
내용: 한국전력은 재무구조 개선 기대 영향으로 실적 개선 기대가 언급됐다. 다만 차익 실현 매물 출회 가능성은 부담 요인으로 꼽혔다.

질문: 한국전력 확인되는 내용만 말해줘","주어진 자료만 보면 한국전력 관련 긍정 요인으로 재무구조 개선 기대가 언급됐고, 부담 요인으로 차익 실현 매물 출회 가능성이 제시됐습니다."
"참고 뉴스:
제목: 유틸리티 업종 점검, 한국전력 주목
내용: 한국전력은 전기요금 조정 기대 관련 기대가 커졌지만, 단기적으로는 수요 회복 속도 둔화으로 변동성이 나타날 수 있다는 분석이 나왔다.

질문: 한국전력 긍정적인 내용이 있어?",이 참고 뉴스에서 확인되는 내용은 긍정적인 내용은 전기요금 조정 기대로 인해 실적이나 투자 심리가 개선될 수 있다는 점입니다.
"참고 뉴스:
제목: 증권가, 셀트리온 실적 전망 점검
내용: 증권가에서는 셀트리온이 바이오시밀러 매출 확대 덕분에 투자 심리가 개선될 수 있다고 봤다. 반면 원가 부담 증가 때문에 추가 확인이 필요하다는 의견도 나왔다.

질문: 셀트리온 한 문장으로 요약해줘",셀트리온은 바이오시밀러 매출 확대 기대가 있지만 원가 부담 증가도 함께 확인해야 하는 상황입니다.
"참고 뉴스:
제목: 증권가, 하이브 실적 전망 점검
내용: 증권가에서는 하이브가 글로벌 팬덤 확대 덕분에 투자 심리가 개선될 수 있다고 봤다. 반면 수요 회복 속도 둔화 때문에 추가 확인이 필요하다는 의견도 나왔다.

질문: 하이브 리스크 중심으로 정리해줘",이 참고 뉴스에서 확인되는 내용은 가장 중요한 리스크는 수요 회복 속도 둔화입니다. 긍정 요인이 있어도 이 부담 요인이 커지면 주가 변동성이 확대될 수 있습니다.
"참고 뉴스:
제목: 아모레퍼시픽, 화장품 업황 변화에 주목
내용: 아모레퍼시픽은 중국 소비 회복 기대 영향으로 실적 개선 기대가 언급됐다. 다만 실적 추정치 하향 가능성은 부담 요인으로 꼽혔다.

질문: 아모레퍼시픽 핵심만 정리해줘",이 참고 뉴스에서 확인되는 내용은 아모레퍼시픽은 중국 소비 회복 기대로 관심을 받고 있습니다. 다만 실적 추정치 하향 가능성도 함께 언급되어 긍정 요인과 부담 요인이 같이 있는 상황입니다.
"참고 뉴스:
제목: KB금융, 금융 업황 변화에 주목
내용: KB금융은 순이자마진 방어 영향으로 실적 개선 기대가 언급됐다. 다만 환율 변동성 확대는 부담 요인으로 꼽혔다.

질문: KB금융 목표주가 얼마야?",참고 뉴스에는 KB금융의 구체적인 목표주가가 제시되어 있지 않습니다. 제공된 자료만으로는 목표주가를 말할 수 없습니다.
"참고 뉴스:
제목: 반도체 업종 점검, SK하이닉스 주목
내용: SK하이닉스는 HBM 공급 확대 관련 기대가 커졌지만, 단기적으로는 수요 회복 속도 둔화으로 변동성이 나타날 수 있다는 분석이 나왔다.

질문: SK하이닉스 부담되는 내용도 있어?",제공된 참고 뉴스에 따르면 부담되는 내용은 수요 회복 속도 둔화입니다. 이 부분은 주가 변동성을 키울 수 있는 요인으로 언급됐습니다.
"참고 뉴스:
제목: 셀트리온 관련 수급 변동성 확대
내용: 셀트리온은 바이오 업종 내 관심이 이어졌지만 수급 흐름은 엇갈렸다. 해외 판매망 강화는 긍정 재료로, 수요 회복 속도 둔화는 리스크로 제시됐다.

질문: 셀트리온 확인되는 내용만 말해줘","참고 뉴스 기준으로 셀트리온 관련 긍정 요인으로 해외 판매망 강화가 언급됐고, 부담 요인으로 수요 회복 속도 둔화이 제시됐습니다."
"참고 뉴스:
제목: 방산 업종 점검, 한화에어로스페이스 주목
내용: 한화에어로스페이스는 수주 잔고 확대 관련 기대가 커졌지만, 단기적으로는 기관과 외국인 수급 엇갈림으로 변동성이 나타날 수 있다는 분석이 나왔다.

질문: 한화에어로스페이스 투자 판단할 때 뭘 더 봐야 해?","주어진 자료만 보면 기사에 나온 수주 잔고 확대와 기관과 외국인 수급 엇갈림 외에도 실제 실적, 수급, 업종 전망, 밸류에이션을 함께 확인해야 합니다."
"참고 뉴스:
제목: 삼성바이오로직스 관련 수급 변동성 확대
내용: 삼성바이오로직스는 바이오 업종 내 관심이 이어졌지만 수급 흐름은 엇갈렸다. 공장 가동률 개선은 긍정 재료로, 원가 부담 증가는 리스크로 제시됐다.

질문: 삼성바이오로직스 부담되는 내용도 있어?",참고 뉴스 기준으로 부담되는 내용은 원가 부담 증가입니다. 이 부분은 주가 변동성을 키울 수 있는 요인으로 언급됐습니다.
"참고 뉴스:
제목: 한국전력, 유틸리티 업황 변화에 주목
내용: 한국전력은 연료비 부담 완화 영향으로 실적 개선 기대가 언급됐다. 다만 원가 부담 증가는 부담 요인으로 꼽혔다.

질문: 한국전력 확인되는 내용만 말해줘","이 참고 뉴스에서 확인되는 내용은 한국전력 관련 긍정 요인으로 연료비 부담 완화가 언급됐고, 부담 요인으로 원가 부담 증가이 제시됐습니다."
"참고 뉴스:
제목: 셀트리온, 바이오 기대
내용: 셀트리온은 바이오시밀러 매출 확대 영향으로 관심을 받았다. 부담 요인은 원가 부담 증가이다.

제목: KB금융, 금융 점검
내용: KB금융은 주주환원 기대 기대가 있지만 기관과 외국인 수급 엇갈림도 함께 언급됐다.

질문: 두 뉴스의 공통점과 차이점을 정리해줘","참고 뉴스 기준으로 두 기업 모두 긍정 요인과 부담 요인이 함께 언급됐습니다. 차이점은 셀트리온는 바이오시밀러 매출 확대가 강조됐고, KB금융는 주주환원 기대와 함께 기관과 외국인 수급 엇갈림도 제시됐다는 점입니다."
"참고 뉴스:
제목: 셀트리온 관련 수급 변동성 확대
내용: 셀트리온은 바이오 업종 내 관심이 이어졌지만 수급 흐름은 엇갈렸다. 바이오시밀러 매출 확대는 긍정 재료로, 경쟁 심화는 리스크로 제시됐다.

질문: 셀트리온 매수해도 돼?","제공된 참고 뉴스에 따르면 셀트리온의 긍정 요인과 부담 요인은 확인되지만, 이 자료만으로 매수 여부를 판단할 수는 없습니다. 추가 실적, 밸류에이션, 수급 확인이 필요합니다."
"참고 뉴스:
제목: 기아, 자동차 업황 변화에 주목
내용: 기아는 SUV 판매 호조 영향으로 실적 개선 기대가 언급됐다. 다만 원가 부담 증가는 부담 요인으로 꼽혔다.

질문: 기아 투자 판단할 때 뭘 더 봐야 해?","참고 뉴스 기준으로 기사에 나온 SUV 판매 호조와 원가 부담 증가 외에도 실제 실적, 수급, 업종 전망, 밸류에이션을 함께 확인해야 합니다."
"참고 뉴스:
제목: 네이버파이낸셜·두나무 주식 교환 일정 연기
내용: 네이버파이낸셜과 두나무의 포괄적 주식 교환 일정이 연말로 다시 연기되었다. 시장에서는 양사의 결합 시너지와 규제 변수에 대한 불확실성이 함께 거론되고 있다.

질문: 이 참고 뉴스 핵심만 정리해줘",네이버 관련 주요 뉴스는 네이버파이낸셜과 두나무의 주식 교환 일정이 연말로 다시 연기되었다는 내용입니다. 결합 시너지 기대가 있지만 규제 변수에 따른 불확실성도 함께 언급되고 있습니다.
"참고 뉴스:
제목: CJ대한통운, 물류 업종 내 관심 지속
내용: CJ대한통운은 운임 효율화와 관련해 투자자 관심이 이어졌다. 기사에는 목표주가, 배당금, 구체적인 실적 수치, 밸류에이션 지표는 포함되지 않았다.

질문: CJ대한통운 이번 분기 영업이익 숫자 알려줘",참고 뉴스에는 CJ대한통운의 영업이익 정보가 나와 있지 않습니다. 제공된 자료만으로는 영업이익을 확인할 수 없습니다.
"참고 뉴스:
제목: 삼성SDI, 2차전지 업종 내 관심 지속
내용: 삼성SDI는 프리미엄 배터리 수요와 관련해 투자자 관심이 이어졌다. 기사에는 목표주가, 배당금, 구체적인 실적 수치, 밸류에이션 지표는 포함되지 않았다.

질문: 삼성SDI 배당금 얼마야?",참고 뉴스에는 삼성SDI의 배당금 정보가 나와 있지 않습니다. 제공된 자료만으로는 배당금을 확인할 수 없습니다.
"참고 뉴스:
제목: POSCO홀딩스, 투자자 관심 지속
내용: 시장에서는 POSCO홀딩스의 리튬 사업 기대에 주목했다. 기사에서는 긍정적인 기대와 함께 원가 부담 증가을 함께 확인해야 한다고 설명했다.

질문: POSCO홀딩스 확인되는 내용만 말해줘","이 참고 뉴스에서 확인되는 내용은 POSCO홀딩스 관련 긍정 요인으로 리튬 사업 기대가 언급됐고, 부담 요인으로 원가 부담 증가이 제시됐습니다."
"참고 뉴스:
제목: 바이오 업종 점검, 삼성바이오로직스 주목
내용: 삼성바이오로직스는 장기 공급계약 증가 관련 기대가 커졌지만, 단기적으로는 실적 추정치 하향 가능성으로 변동성이 나타날 수 있다는 분석이 나왔다.

질문: 삼성바이오로직스 매수해도 돼?","이 참고 뉴스에서 확인되는 내용은 삼성바이오로직스의 긍정 요인과 부담 요인은 확인되지만, 이 자료만으로 매수 여부를 판단할 수는 없습니다. 추가 실적, 밸류에이션, 수급 확인이 필요합니다."
"참고 뉴스:
제목: KB금융 관련 수급 변동성 확대
내용: KB금융은 금융 업종 내 관심이 이어졌지만 수급 흐름은 엇갈렸다. 순이자마진 방어은 긍정 재료로, 환율 변동성 확대는 리스크로 제시됐다.

질문: KB금융 투자 판단할 때 뭘 더 봐야 해?","참고 뉴스 기준으로 기사에 나온 순이자마진 방어와 환율 변동성 확대 외에도 실제 실적, 수급, 업종 전망, 밸류에이션을 함께 확인해야 합니다."
"참고 뉴스:
제목: 기아, 투자자 관심 지속
내용: 시장에서는 기아의 고환율 수혜 기대에 주목했다. 기사에서는 긍정적인 기대와 함께 환율 변동성 확대을 함께 확인해야 한다고 설명했다.

질문: 기아 분위기 어때?",제공된 참고 뉴스에 따르면 기아에 대한 분위기는 중립에서 긍정 쪽에 가깝습니다. 다만 환율 변동성 확대이 있어 단정적으로 좋다고만 보기는 어렵습니다.
"참고 뉴스:
제목: SK하이닉스, 투자자 관심 지속
내용: 시장에서는 SK하이닉스의 데이터센터 투자 증가에 주목했다. 기사에서는 긍정적인 기대와 함께 원가 부담 증가을 함께 확인해야 한다고 설명했다.

질문: SK하이닉스 매수해도 돼?","제공된 참고 뉴스에 따르면 SK하이닉스의 긍정 요인과 부담 요인은 확인되지만, 이 자료만으로 매수 여부를 판단할 수는 없습니다. 추가 실적, 밸류에이션, 수급 확인이 필요합니다."
"참고 뉴스:
제목: 한국전력, 유틸리티 업황 변화에 주목
내용: 한국전력은 재무구조 개선 기대 영향으로 실적 개선 기대가 언급됐다. 다만 실적 추정치 하향 가능성은 부담 요인으로 꼽혔다.

질문: 한국전력 뉴스 근거를 들어 설명해줘","이 참고 뉴스에서 확인되는 내용은 근거는 기사에서 재무구조 개선 기대를 긍정 요인으로 언급했고, 동시에 실적 추정치 하향 가능성을 부담 요인으로 제시했다는 점입니다."
"참고 뉴스:
제목: 대한항공, 항공 기대
내용: 대한항공은 유가 하락 기대 영향으로 관심을 받았다. 부담 요인은 수요 회복 속도 둔화이다.

제목: 기아, 자동차 점검
내용: 기아는 북미 시장 점유율 개선 기대가 있지만 실적 추정치 하향 가능성도 함께 언급됐다.

질문: 두 기업 중 뉴스가 더 긍정적인 쪽을 말해줘",제공된 참고 뉴스만 보면 두 기업 모두 긍정 요인이 있습니다. 다만 어느 쪽이 더 좋다고 단정하려면 실적 수치와 수급 정보가 더 필요합니다.
"참고 뉴스:
제목: 인터넷 업종 점검, 카카오 주목
내용: 카카오는 플랫폼 비용 절감 관련 기대가 커졌지만, 단기적으로는 수요 회복 속도 둔화으로 변동성이 나타날 수 있다는 분석이 나왔다.

질문: 카카오 분위기 어때?",참고 뉴스 기준으로 카카오에 대한 분위기는 중립에서 긍정 쪽에 가깝습니다. 다만 수요 회복 속도 둔화이 있어 단정적으로 좋다고만 보기는 어렵습니다.
"참고 뉴스:
제목: 원달러 환율 변화에 시장 관심
내용: 환율 상승이 일부 수출주에는 긍정적으로 작용할 수 있다. 그러나 외국인 수급에는 부담이 될 수 있다. 전문가들은 관련 지표와 수급 흐름을 함께 확인해야 한다고 말했다.

질문: 원달러 환율 뉴스 핵심만 정리해줘",제공된 참고 뉴스에 따르면 원달러 환율 관련 핵심은 환율 상승이 일부 수출주에는 긍정적으로 작용할 수 있다는 점입니다. 다만 외국인 수급에는 부담이 될 수 있다는 부담 요인입니다.
"참고 뉴스:
제목: 셀트리온 관련 수급 변동성 확대
내용: 셀트리온은 바이오 업종 내 관심이 이어졌지만 수급 흐름은 엇갈렸다. 바이오시밀러 매출 확대는 긍정 재료로, 차익 실현 매물 출회 가능성은 리스크로 제시됐다.

질문: 셀트리온 호재랑 부담 요인 나눠서 말해줘",제공된 참고 뉴스에 따르면 호재는 바이오시밀러 매출 확대입니다. 부담 요인은 차익 실현 매물 출회 가능성입니다.
"참고 뉴스:
제목: 삼성SDI, 투자자 관심 지속
내용: 시장에서는 삼성SDI의 고부가 제품 비중 증가에 주목했다. 기사에서는 긍정적인 기대와 함께 금리 불확실성을 함께 확인해야 한다고 설명했다.

질문: 삼성SDI 호재랑 부담 요인 나눠서 말해줘",참고 뉴스 기준으로 호재는 고부가 제품 비중 증가입니다. 부담 요인은 금리 불확실성입니다.
"참고 뉴스:
제목: 증권가, 한화에어로스페이스 실적 전망 점검
내용: 증권가에서는 한화에어로스페이스가 해외 계약 증가 덕분에 투자 심리가 개선될 수 있다고 봤다. 반면 경쟁 심화 때문에 추가 확인이 필요하다는 의견도 나왔다.

질문: 한화에어로스페이스 목표주가 얼마야?",참고 뉴스에는 한화에어로스페이스의 구체적인 목표주가가 제시되어 있지 않습니다. 제공된 자료만으로는 목표주가를 말할 수 없습니다.
"참고 뉴스:
제목: 삼성SDI, 2차전지 업황 변화에 주목
내용: 삼성SDI는 고부가 제품 비중 증가 영향으로 실적 개선 기대가 언급됐다. 다만 기관과 외국인 수급 엇갈림은 부담 요인으로 꼽혔다.

질문: 삼성SDI 목표주가 얼마야?",참고 뉴스에는 삼성SDI의 구체적인 목표주가가 제시되어 있지 않습니다. 제공된 자료만으로는 목표주가를 말할 수 없습니다.
"참고 뉴스:
제목: 신한지주, 금융 업황 변화에 주목
내용: 신한지주는 자사주 매입 기대 영향으로 실적 개선 기대가 언급됐다. 다만 금리 불확실성은 부담 요인으로 꼽혔다.

질문: 신한지주 분위기 어때?",제공된 참고 뉴스에 따르면 신한지주에 대한 분위기는 중립에서 긍정 쪽에 가깝습니다. 다만 금리 불확실성이 있어 단정적으로 좋다고만 보기는 어렵습니다.
"참고 뉴스:
제목: 한국전력, 투자자 관심 지속
내용: 시장에서는 한국전력의 전기요금 조정 기대에 주목했다. 기사에서는 긍정적인 기대와 함께 금리 불확실성을 함께 확인해야 한다고 설명했다.

질문: 한국전력 투자 판단할 때 뭘 더 봐야 해?","이 참고 뉴스에서 확인되는 내용은 기사에 나온 전기요금 조정 기대와 금리 불확실성 외에도 실제 실적, 수급, 업종 전망, 밸류에이션을 함께 확인해야 합니다."
"참고 뉴스:
제목: 자동차 업종 점검, 현대차 주목
내용: 현대차는 하이브리드 수요 확대 관련 기대가 커졌지만, 단기적으로는 경쟁 심화으로 변동성이 나타날 수 있다는 분석이 나왔다.

질문: 현대차 리스크 중심으로 정리해줘",제공된 참고 뉴스에 따르면 가장 중요한 리스크는 경쟁 심화입니다. 긍정 요인이 있어도 이 부담 요인이 커지면 주가 변동성이 확대될 수 있습니다.
"참고 뉴스:
제목: CJ대한통운 관련 수급 변동성 확대
내용: CJ대한통운은 물류 업종 내 관심이 이어졌지만 수급 흐름은 엇갈렸다. 자동화 투자 효과은 긍정 재료로, 수요 회복 속도 둔화는 리스크로 제시됐다.

질문: CJ대한통운 한 문장으로 요약해줘",CJ대한통운은 자동화 투자 효과 기대가 있지만 수요 회복 속도 둔화도 함께 확인해야 하는 상황입니다.
"참고 뉴스:
제목: 한국전력, 유틸리티 기대
내용: 한국전력은 전기요금 조정 기대 영향으로 관심을 받았다. 부담 요인은 경쟁 심화이다.

제목: 기아, 자동차 점검
내용: 기아는 고환율 수혜 기대 기대가 있지만 원가 부담 증가도 함께 언급됐다.

질문: 두 뉴스의 공통점과 차이점을 정리해줘","참고 뉴스 기준으로 두 기업 모두 긍정 요인과 부담 요인이 함께 언급됐습니다. 차이점은 한국전력는 전기요금 조정 기대가 강조됐고, 기아는 고환율 수혜 기대와 함께 원가 부담 증가도 제시됐다는 점입니다."
"참고 뉴스:
제목: 증권가, LG에너지솔루션 실적 전망 점검
내용: 증권가에서는 LG에너지솔루션이 배터리 출하량 회복 기대 덕분에 투자 심리가 개선될 수 있다고 봤다. 반면 기관과 외국인 수급 엇갈림 때문에 추가 확인이 필요하다는 의견도 나왔다.

질문: LG에너지솔루션 긍정적인 내용이 있어?",이 참고 뉴스에서 확인되는 내용은 긍정적인 내용은 배터리 출하량 회복 기대로 인해 실적이나 투자 심리가 개선될 수 있다는 점입니다.
"참고 뉴스:
제목: 한국전력, 투자자 관심 지속
내용: 시장에서는 한국전력의 재무구조 개선 기대에 주목했다. 기사에서는 긍정적인 기대와 함께 환율 변동성 확대을 함께 확인해야 한다고 설명했다.

질문: 한국전력 긍정적인 내용이 있어?",참고 뉴스 기준으로 긍정적인 내용은 재무구조 개선 기대로 인해 실적이나 투자 심리가 개선될 수 있다는 점입니다.
"참고 뉴스:
제목: 증권가, 대한항공 실적 전망 점검
내용: 증권가에서는 대한항공이 화물 운임 안정 덕분에 투자 심리가 개선될 수 있다고 봤다. 반면 금리 불확실성 때문에 추가 확인이 필요하다는 의견도 나왔다.

질문: 대한항공 확인되는 내용만 말해줘","이 참고 뉴스에서 확인되는 내용은 대한항공 관련 긍정 요인으로 화물 운임 안정가 언급됐고, 부담 요인으로 금리 불확실성이 제시됐습니다."
"참고 뉴스:
제목: 기아, 자동차 기대
내용: 기아는 북미 시장 점유율 개선 영향으로 관심을 받았다. 부담 요인은 환율 변동성 확대이다.

제목: 하이브, 엔터 점검
내용: 하이브는 아티스트 활동 재개 기대가 있지만 수요 회복 속도 둔화도 함께 언급됐다.

질문: 두 뉴스에서 확인되는 리스크를 정리해줘","참고 뉴스에서 확인되는 리스크는 기아의 환율 변동성 확대, 하이브의 수요 회복 속도 둔화입니다."
"참고 뉴스:
제목: 금융 업종 점검, KB금융 주목
내용: KB금융은 비은행 부문 실적 개선 관련 기대가 커졌지만, 단기적으로는 환율 변동성 확대으로 변동성이 나타날 수 있다는 분석이 나왔다.

질문: KB금융 핵심만 정리해줘",이 참고 뉴스에서 확인되는 내용은 KB금융은 비은행 부문 실적 개선로 관심을 받고 있습니다. 다만 환율 변동성 확대도 함께 언급되어 긍정 요인과 부담 요인이 같이 있는 상황입니다.
"참고 뉴스:
제목: 증권가, 삼성SDI 실적 전망 점검
내용: 증권가에서는 삼성SDI가 ESS 수요 확대 덕분에 투자 심리가 개선될 수 있다고 봤다. 반면 수요 회복 속도 둔화 때문에 추가 확인이 필요하다는 의견도 나왔다.

질문: 삼성SDI 호재랑 부담 요인 나눠서 말해줘",이 참고 뉴스에서 확인되는 내용은 호재는 ESS 수요 확대입니다. 부담 요인은 수요 회복 속도 둔화입니다.
"참고 뉴스:
제목: 인터넷 업종 점검, 네이버 주목
내용: 네이버는 AI 검색 서비스 고도화 관련 기대가 커졌지만, 단기적으로는 금리 불확실성으로 변동성이 나타날 수 있다는 분석이 나왔다.

질문: 네이버 부담되는 내용도 있어?",참고 뉴스 기준으로 부담되는 내용은 금리 불확실성입니다. 이 부분은 주가 변동성을 키울 수 있는 요인으로 언급됐습니다.
"참고 뉴스:
제목: 카카오 관련 수급 변동성 확대
내용: 카카오는 인터넷 업종 내 관심이 이어졌지만 수급 흐름은 엇갈렸다. 콘텐츠 사업 조정은 긍정 재료로, 환율 변동성 확대는 리스크로 제시됐다.

질문: 카카오 투자 판단할 때 뭘 더 봐야 해?","주어진 자료만 보면 기사에 나온 콘텐츠 사업 조정와 환율 변동성 확대 외에도 실제 실적, 수급, 업종 전망, 밸류에이션을 함께 확인해야 합니다."
"참고 뉴스:
제목: 2차전지주, 전기차 수요 둔화 우려에 약세
내용: 2차전지 관련주는 전기차 판매 성장률 둔화와 배터리 소재 가격 변동성 우려로 하락했다. 일부 증권사는 장기 성장성은 유효하지만 단기 실적 부담이 이어질 수 있다고 전망했다.

질문: 배터리 관련 주식 왜 떨어졌어?",참고 뉴스 기준으로 배터리 관련 주식은 전기차 판매 성장률 둔화와 소재 가격 변동성 우려 때문에 하락했습니다.
"참고 뉴스:
제목: 두산에너빌리티, 전력기기 업황 변화에 주목
내용: 두산에너빌리티는 수주 잔고 증가 영향으로 실적 개선 기대가 언급됐다. 다만 수요 회복 속도 둔화는 부담 요인으로 꼽혔다.

질문: 두산에너빌리티 리스크 중심으로 정리해줘",이 참고 뉴스에서 확인되는 내용은 가장 중요한 리스크는 수요 회복 속도 둔화입니다. 긍정 요인이 있어도 이 부담 요인이 커지면 주가 변동성이 확대될 수 있습니다.
"참고 뉴스:
제목: 물류 업종 점검, CJ대한통운 주목
내용: CJ대한통운은 택배 물동량 회복 관련 기대가 커졌지만, 단기적으로는 기관과 외국인 수급 엇갈림으로 변동성이 나타날 수 있다는 분석이 나왔다.

질문: CJ대한통운 한 문장으로 요약해줘",CJ대한통운은 택배 물동량 회복 기대가 있지만 기관과 외국인 수급 엇갈림도 함께 확인해야 하는 상황입니다.
"참고 뉴스:
제목: 증권가, 셀트리온 실적 전망 점검
내용: 증권가에서는 셀트리온이 신제품 허가 기대 덕분에 투자 심리가 개선될 수 있다고 봤다. 반면 경쟁 심화 때문에 추가 확인이 필요하다는 의견도 나왔다.

질문: 셀트리온 리스크 중심으로 정리해줘",주어진 자료만 보면 가장 중요한 리스크는 경쟁 심화입니다. 긍정 요인이 있어도 이 부담 요인이 커지면 주가 변동성이 확대될 수 있습니다.
"참고 뉴스:
제목: 삼성전자, 반도체 업황 회복 기대
내용: 증권가는 메모리 반도체 가격 회복과 AI 서버 투자 확대가 삼성전자 실적 개선에 긍정적으로 작용할 수 있다고 분석했다. 다만 단기 주가 흐름은 환율과 외국인 수급에 따라 변동성이 클 수 있다고 설명했다.

질문: 삼성전자 주식 뉴스 알려줘","삼성전자 관련 뉴스의 핵심은 반도체 업황 회복 기대입니다. 메모리 가격 회복과 AI 서버 투자 확대가 실적 개선 요인으로 언급되었지만, 단기 주가는 환율과 외국인 수급에 따라 변동성이 있을 수 있습니다."
"참고 뉴스:
제목: 2차전지 업종 점검, LG에너지솔루션 주목
내용: LG에너지솔루션은 원재료 가격 안정 관련 기대가 커졌지만, 단기적으로는 수요 회복 속도 둔화으로 변동성이 나타날 수 있다는 분석이 나왔다.

질문: LG에너지솔루션 목표주가 얼마야?",참고 뉴스에는 LG에너지솔루션의 구체적인 목표주가가 제시되어 있지 않습니다. 제공된 자료만으로는 목표주가를 말할 수 없습니다.
"참고 뉴스:
제목: 바이오 업종 점검, 셀트리온 주목
내용: 셀트리온은 신제품 허가 기대 관련 기대가 커졌지만, 단기적으로는 실적 추정치 하향 가능성으로 변동성이 나타날 수 있다는 분석이 나왔다.

질문: 셀트리온 투자 판단할 때 뭘 더 봐야 해?","이 참고 뉴스에서 확인되는 내용은 기사에 나온 신제품 허가 기대와 실적 추정치 하향 가능성 외에도 실제 실적, 수급, 업종 전망, 밸류에이션을 함께 확인해야 합니다."
"참고 뉴스:
제목: 신한지주, 금융 업황 변화에 주목
내용: 신한지주는 건전성 관리 강화 영향으로 실적 개선 기대가 언급됐다. 다만 차익 실현 매물 출회 가능성은 부담 요인으로 꼽혔다.

질문: 신한지주 분위기 어때?",참고 뉴스 기준으로 신한지주에 대한 분위기는 중립에서 긍정 쪽에 가깝습니다. 다만 차익 실현 매물 출회 가능성이 있어 단정적으로 좋다고만 보기는 어렵습니다.
"참고 뉴스:
제목: KB금융, 금융 업황 변화에 주목
내용: KB금융은 비은행 부문 실적 개선 영향으로 실적 개선 기대가 언급됐다. 다만 차익 실현 매물 출회 가능성은 부담 요인으로 꼽혔다.

질문: KB금융 리스크 중심으로 정리해줘",주어진 자료만 보면 가장 중요한 리스크는 차익 실현 매물 출회 가능성입니다. 긍정 요인이 있어도 이 부담 요인이 커지면 주가 변동성이 확대될 수 있습니다.
"참고 뉴스:
제목: 대한항공, 항공 업황 변화에 주목
내용: 대한항공은 유가 하락 기대 영향으로 실적 개선 기대가 언급됐다. 다만 실적 추정치 하향 가능성은 부담 요인으로 꼽혔다.

질문: 대한항공 부담되는 내용도 있어?",참고 뉴스 기준으로 부담되는 내용은 실적 추정치 하향 가능성입니다. 이 부분은 주가 변동성을 키울 수 있는 요인으로 언급됐습니다.
"참고 뉴스:
제목: SK하이닉스, 반도체 업황 변화에 주목
내용: SK하이닉스는 데이터센터 투자 증가 영향으로 실적 개선 기대가 언급됐다. 다만 수요 회복 속도 둔화는 부담 요인으로 꼽혔다.

질문: SK하이닉스 목표주가 얼마야?",참고 뉴스에는 SK하이닉스의 구체적인 목표주가가 제시되어 있지 않습니다. 제공된 자료만으로는 목표주가를 말할 수 없습니다.
"참고 뉴스:
제목: 증권가, 기아 실적 전망 점검
내용: 증권가에서는 기아가 고환율 수혜 기대 덕분에 투자 심리가 개선될 수 있다고 봤다. 반면 차익 실현 매물 출회 가능성 때문에 추가 확인이 필요하다는 의견도 나왔다.

질문: 기아 확인되는 내용만 말해줘","이 참고 뉴스에서 확인되는 내용은 기아 관련 긍정 요인으로 고환율 수혜 기대가 언급됐고, 부담 요인으로 차익 실현 매물 출회 가능성이 제시됐습니다."
"참고 뉴스:
제목: 증권가, LG에너지솔루션 실적 전망 점검
내용: 증권가에서는 LG에너지솔루션이 원재료 가격 안정 덕분에 투자 심리가 개선될 수 있다고 봤다. 반면 경쟁 심화 때문에 추가 확인이 필요하다는 의견도 나왔다.

질문: LG에너지솔루션 목표주가 얼마야?",참고 뉴스에는 LG에너지솔루션의 구체적인 목표주가가 제시되어 있지 않습니다. 제공된 자료만으로는 목표주가를 말할 수 없습니다.
"참고 뉴스:
제목: 한국전력, 유틸리티 업황 변화에 주목
내용: 한국전력은 전기요금 조정 기대 영향으로 실적 개선 기대가 언급됐다. 다만 원가 부담 증가는 부담 요인으로 꼽혔다.

질문: 한국전력 핵심만 정리해줘",참고 뉴스 기준으로 한국전력은 전기요금 조정 기대로 관심을 받고 있습니다. 다만 원가 부담 증가도 함께 언급되어 긍정 요인과 부담 요인이 같이 있는 상황입니다.
"참고 뉴스:
제목: 삼성전자 관련 수급 변동성 확대
내용: 삼성전자는 반도체 업종 내 관심이 이어졌지만 수급 흐름은 엇갈렸다. 메모리 업황 회복 기대는 긍정 재료로, 차익 실현 매물 출회 가능성은 리스크로 제시됐다.

질문: 삼성전자 핵심만 정리해줘",제공된 참고 뉴스에 따르면 삼성전자는 메모리 업황 회복 기대로 관심을 받고 있습니다. 다만 차익 실현 매물 출회 가능성도 함께 언급되어 긍정 요인과 부담 요인이 같이 있는 상황입니다.
"참고 뉴스:
제목: 삼성전자, 투자자 관심 지속
내용: 시장에서는 삼성전자의 메모리 업황 회복 기대에 주목했다. 기사에서는 긍정적인 기대와 함께 환율 변동성 확대을 함께 확인해야 한다고 설명했다.

질문: 삼성전자 리스크 중심으로 정리해줘",참고 뉴스 기준으로 가장 중요한 리스크는 환율 변동성 확대입니다. 긍정 요인이 있어도 이 부담 요인이 커지면 주가 변동성이 확대될 수 있습니다.
"참고 뉴스:
제목: 카카오, 인터넷 업황 변화에 주목
내용: 카카오는 플랫폼 비용 절감 영향으로 실적 개선 기대가 언급됐다. 다만 차익 실현 매물 출회 가능성은 부담 요인으로 꼽혔다.

질문: 카카오 호재랑 부담 요인 나눠서 말해줘",제공된 참고 뉴스에 따르면 호재는 플랫폼 비용 절감입니다. 부담 요인은 차익 실현 매물 출회 가능성입니다.
"참고 뉴스:
제목: 삼성전자 주가 상승
내용: 삼성전자는 반도체 업황 개선 기대감으로 상승했다.

질문: 삼성전자 배당 일정 알려줘",참고 뉴스에는 삼성전자 배당 일정에 대한 내용이 없습니다. 확인할 수 있는 내용은 반도체 업황 개선 기대감으로 주가가 상승했다는 점입니다.
"참고 뉴스:
제목: 두산에너빌리티, 전력기기 업종 내 관심 지속
내용: 두산에너빌리티는 전력 인프라 투자 확대와 관련해 투자자 관심이 이어졌다. 기사에는 목표주가, 배당금, 구체적인 실적 수치, 밸류에이션 지표는 포함되지 않았다.

질문: 두산에너빌리티 PER 얼마야?",참고 뉴스에는 두산에너빌리티의 PER 정보가 나와 있지 않습니다. 제공된 자료만으로는 PER을 확인할 수 없습니다.
"참고 뉴스:
제목: 신한지주, 금융 기대
내용: 신한지주는 건전성 관리 강화 영향으로 관심을 받았다. 부담 요인은 차익 실현 매물 출회 가능성이다.

제목: 기아, 자동차 점검
내용: 기아는 SUV 판매 호조 기대가 있지만 경쟁 심화도 함께 언급됐다.

질문: 두 기업 중 뉴스가 더 긍정적인 쪽을 말해줘",제공된 참고 뉴스만 보면 두 기업 모두 긍정 요인이 있습니다. 다만 어느 쪽이 더 좋다고 단정하려면 실적 수치와 수급 정보가 더 필요합니다.
"참고 뉴스:
제목: 한국전력, 유틸리티 기대
내용: 한국전력은 전기요금 조정 기대 영향으로 관심을 받았다. 부담 요인은 실적 추정치 하향 가능성이다.

제목: 하이브, 엔터 점검
내용: 하이브는 콘텐츠 매출 증가 기대가 있지만 기관과 외국인 수급 엇갈림도 함께 언급됐다.

질문: 두 뉴스에서 확인되는 리스크를 정리해줘","참고 뉴스에서 확인되는 리스크는 한국전력의 실적 추정치 하향 가능성, 하이브의 기관과 외국인 수급 엇갈림입니다."
"참고 뉴스:
제목: 2차전지 업종 점검, LG에너지솔루션 주목
내용: LG에너지솔루션은 전기차 신차 출시 기대 관련 기대가 커졌지만, 단기적으로는 금리 불확실성으로 변동성이 나타날 수 있다는 분석이 나왔다.

질문: LG에너지솔루션 목표주가 얼마야?",참고 뉴스에는 LG에너지솔루션의 구체적인 목표주가가 제시되어 있지 않습니다. 제공된 자료만으로는 목표주가를 말할 수 없습니다.
"참고 뉴스:
제목: 하이브, 엔터 업황 변화에 주목
내용: 하이브는 콘텐츠 매출 증가 영향으로 실적 개선 기대가 언급됐다. 다만 원가 부담 증가는 부담 요인으로 꼽혔다.

질문: 하이브 뉴스 근거를 들어 설명해줘","참고 뉴스 기준으로 근거는 기사에서 콘텐츠 매출 증가를 긍정 요인으로 언급했고, 동시에 원가 부담 증가을 부담 요인으로 제시했다는 점입니다."
"참고 뉴스:
제목: POSCO홀딩스 관련 수급 변동성 확대
내용: POSCO홀딩스는 철강 업종 내 관심이 이어졌지만 수급 흐름은 엇갈렸다. 리튬 사업 기대는 긍정 재료로, 원가 부담 증가는 리스크로 제시됐다.

질문: POSCO홀딩스 부담되는 내용도 있어?",이 참고 뉴스에서 확인되는 내용은 부담되는 내용은 원가 부담 증가입니다. 이 부분은 주가 변동성을 키울 수 있는 요인으로 언급됐습니다.
"참고 뉴스:
제목: 삼성전자, 반도체 업종 내 관심 지속
내용: 삼성전자는 메모리 업황 회복 기대와 관련해 투자자 관심이 이어졌다. 기사에는 목표주가, 배당금, 구체적인 실적 수치, 밸류에이션 지표는 포함되지 않았다.

질문: 삼성전자 정확한 매수 가격 알려줘",참고 뉴스에는 삼성전자의 매수 가격 정보가 나와 있지 않습니다. 제공된 자료만으로는 매수 가격을 확인할 수 없습니다.
"참고 뉴스:
제목: 삼성SDI, 2차전지 업황 변화에 주목
내용: 삼성SDI는 ESS 수요 확대 영향으로 실적 개선 기대가 언급됐다. 다만 기관과 외국인 수급 엇갈림은 부담 요인으로 꼽혔다.

질문: 삼성SDI 리스크 중심으로 정리해줘",주어진 자료만 보면 가장 중요한 리스크는 기관과 외국인 수급 엇갈림입니다. 긍정 요인이 있어도 이 부담 요인이 커지면 주가 변동성이 확대될 수 있습니다.
"참고 뉴스:
제목: POSCO홀딩스 관련 수급 변동성 확대
내용: POSCO홀딩스는 철강 업종 내 관심이 이어졌지만 수급 흐름은 엇갈렸다. 중국 경기 부양 기대는 긍정 재료로, 실적 추정치 하향 가능성은 리스크로 제시됐다.

질문: POSCO홀딩스 분위기 어때?",참고 뉴스 기준으로 POSCO홀딩스에 대한 분위기는 중립에서 긍정 쪽에 가깝습니다. 다만 실적 추정치 하향 가능성이 있어 단정적으로 좋다고만 보기는 어렵습니다.
"참고 뉴스:
제목: 아모레퍼시픽, 화장품 기대
내용: 아모레퍼시픽은 면세 채널 개선 영향으로 관심을 받았다. 부담 요인은 실적 추정치 하향 가능성이다.

제목: POSCO홀딩스, 철강 점검
내용: POSCO홀딩스는 리튬 사업 기대 기대가 있지만 금리 불확실성도 함께 언급됐다.

질문: 두 뉴스에서 확인되는 리스크를 정리해줘","참고 뉴스에서 확인되는 리스크는 아모레퍼시픽의 실적 추정치 하향 가능성, POSCO홀딩스의 금리 불확실성입니다."
"참고 뉴스:
제목: LG에너지솔루션, 2차전지 기대
내용: LG에너지솔루션은 전기차 신차 출시 기대 영향으로 관심을 받았다. 부담 요인은 환율 변동성 확대이다.

제목: 아모레퍼시픽, 화장품 점검
내용: 아모레퍼시픽은 북미 매출 성장 기대가 있지만 차익 실현 매물 출회 가능성도 함께 언급됐다.

질문: 두 기업 중 뉴스가 더 긍정적인 쪽을 말해줘",제공된 참고 뉴스만 보면 두 기업 모두 긍정 요인이 있습니다. 다만 어느 쪽이 더 좋다고 단정하려면 실적 수치와 수급 정보가 더 필요합니다.
"참고 뉴스:
제목: 네이버, 인터넷 기대
내용: 네이버는 광고 매출 회복 기대 영향으로 관심을 받았다. 부담 요인은 경쟁 심화이다.

제목: 신한지주, 금융 점검
내용: 신한지주는 자사주 매입 기대 기대가 있지만 차익 실현 매물 출회 가능성도 함께 언급됐다.

질문: 두 뉴스의 공통점과 차이점을 정리해줘","참고 뉴스 기준으로 두 기업 모두 긍정 요인과 부담 요인이 함께 언급됐습니다. 차이점은 네이버는 광고 매출 회복 기대가 강조됐고, 신한지주는 자사주 매입 기대와 함께 차익 실현 매물 출회 가능성도 제시됐다는 점입니다."
"참고 뉴스:
제목: 증권가, 두산에너빌리티 실적 전망 점검
내용: 증권가에서는 두산에너빌리티가 원전 수주 기대 덕분에 투자 심리가 개선될 수 있다고 봤다. 반면 기관과 외국인 수급 엇갈림 때문에 추가 확인이 필요하다는 의견도 나왔다.

질문: 두산에너빌리티 확인되는 내용만 말해줘","제공된 참고 뉴스에 따르면 두산에너빌리티 관련 긍정 요인으로 원전 수주 기대가 언급됐고, 부담 요인으로 기관과 외국인 수급 엇갈림이 제시됐습니다."
"참고 뉴스:
제목: 바이오 업종 점검, 삼성바이오로직스 주목
내용: 삼성바이오로직스는 위탁생산 수주 확대 관련 기대가 커졌지만, 단기적으로는 경쟁 심화으로 변동성이 나타날 수 있다는 분석이 나왔다.

질문: 삼성바이오로직스 한 문장으로 요약해줘",삼성바이오로직스는 위탁생산 수주 확대 기대가 있지만 경쟁 심화도 함께 확인해야 하는 상황입니다.
"참고 뉴스:
제목: 증권가, CJ대한통운 실적 전망 점검
내용: 증권가에서는 CJ대한통운이 택배 물동량 회복 덕분에 투자 심리가 개선될 수 있다고 봤다. 반면 금리 불확실성 때문에 추가 확인이 필요하다는 의견도 나왔다.

질문: CJ대한통운 매수해도 돼?","제공된 참고 뉴스에 따르면 CJ대한통운의 긍정 요인과 부담 요인은 확인되지만, 이 자료만으로 매수 여부를 판단할 수는 없습니다. 추가 실적, 밸류에이션, 수급 확인이 필요합니다."
"참고 뉴스:
제목: 신한지주, 금융 업황 변화에 주목
내용: 신한지주는 배당 확대 기대 영향으로 실적 개선 기대가 언급됐다. 다만 금리 불확실성은 부담 요인으로 꼽혔다.

질문: 신한지주 호재랑 부담 요인 나눠서 말해줘",제공된 참고 뉴스에 따르면 호재는 배당 확대 기대입니다. 부담 요인은 금리 불확실성입니다.
"참고 뉴스:
제목: 기아 관련 수급 변동성 확대
내용: 기아는 자동차 업종 내 관심이 이어졌지만 수급 흐름은 엇갈렸다. 북미 시장 점유율 개선은 긍정 재료로, 차익 실현 매물 출회 가능성은 리스크로 제시됐다.

질문: 기아 투자 판단할 때 뭘 더 봐야 해?","이 참고 뉴스에서 확인되는 내용은 기사에 나온 북미 시장 점유율 개선와 차익 실현 매물 출회 가능성 외에도 실제 실적, 수급, 업종 전망, 밸류에이션을 함께 확인해야 합니다."
"참고 뉴스:
제목: SK하이닉스 관련 수급 변동성 확대
내용: SK하이닉스는 반도체 업종 내 관심이 이어졌지만 수급 흐름은 엇갈렸다. HBM 공급 확대는 긍정 재료로, 경쟁 심화는 리스크로 제시됐다.

질문: SK하이닉스 뉴스 근거를 들어 설명해줘","이 참고 뉴스에서 확인되는 내용은 근거는 기사에서 HBM 공급 확대를 긍정 요인으로 언급했고, 동시에 경쟁 심화을 부담 요인으로 제시했다는 점입니다."
"참고 뉴스:
제목: 삼성SDI 관련 수급 변동성 확대
내용: 삼성SDI는 2차전지 업종 내 관심이 이어졌지만 수급 흐름은 엇갈렸다. 고부가 제품 비중 증가는 긍정 재료로, 실적 추정치 하향 가능성은 리스크로 제시됐다.

질문: 삼성SDI 호재랑 부담 요인 나눠서 말해줘",참고 뉴스 기준으로 호재는 고부가 제품 비중 증가입니다. 부담 요인은 실적 추정치 하향 가능성입니다.
"참고 뉴스:
제목: 화장품 업종 점검, 아모레퍼시픽 주목
내용: 아모레퍼시픽은 북미 매출 성장 관련 기대가 커졌지만, 단기적으로는 실적 추정치 하향 가능성으로 변동성이 나타날 수 있다는 분석이 나왔다.

질문: 아모레퍼시픽 핵심만 정리해줘",제공된 참고 뉴스에 따르면 아모레퍼시픽은 북미 매출 성장로 관심을 받고 있습니다. 다만 실적 추정치 하향 가능성도 함께 언급되어 긍정 요인과 부담 요인이 같이 있는 상황입니다.
"참고 뉴스:
제목: SK하이닉스 관련 수급 변동성 확대
내용: SK하이닉스는 반도체 업종 내 관심이 이어졌지만 수급 흐름은 엇갈렸다. HBM 공급 확대는 긍정 재료로, 차익 실현 매물 출회 가능성은 리스크로 제시됐다.

질문: SK하이닉스 핵심만 정리해줘",제공된 참고 뉴스에 따르면 SK하이닉스는 HBM 공급 확대로 관심을 받고 있습니다. 다만 차익 실현 매물 출회 가능성도 함께 언급되어 긍정 요인과 부담 요인이 같이 있는 상황입니다.
"참고 뉴스:
제목: 증권가, 신한지주 실적 전망 점검
내용: 증권가에서는 신한지주가 건전성 관리 강화 덕분에 투자 심리가 개선될 수 있다고 봤다. 반면 차익 실현 매물 출회 가능성 때문에 추가 확인이 필요하다는 의견도 나왔다.

질문: 신한지주 한 문장으로 요약해줘",신한지주는 건전성 관리 강화 기대가 있지만 차익 실현 매물 출회 가능성도 함께 확인해야 하는 상황입니다.
"참고 뉴스:
제목: 삼성전자, 투자자 관심 지속
내용: 시장에서는 삼성전자의 메모리 업황 회복 기대에 주목했다. 기사에서는 긍정적인 기대와 함께 차익 실현 매물 출회 가능성을 함께 확인해야 한다고 설명했다.

질문: 삼성전자 매수해도 돼?","참고 뉴스 기준으로 삼성전자의 긍정 요인과 부담 요인은 확인되지만, 이 자료만으로 매수 여부를 판단할 수는 없습니다. 추가 실적, 밸류에이션, 수급 확인이 필요합니다."
"참고 뉴스:
제목: 삼성전자, 반도체 업황 변화에 주목
내용: 삼성전자는 메모리 업황 회복 기대 영향으로 실적 개선 기대가 언급됐다. 다만 환율 변동성 확대는 부담 요인으로 꼽혔다.

질문: 삼성전자 한 문장으로 요약해줘",삼성전자는 메모리 업황 회복 기대 기대가 있지만 환율 변동성 확대도 함께 확인해야 하는 상황입니다.
"참고 뉴스:
제목: 현대차, 투자자 관심 지속
내용: 시장에서는 현대차의 환율 효과에 주목했다. 기사에서는 긍정적인 기대와 함께 기관과 외국인 수급 엇갈림을 함께 확인해야 한다고 설명했다.

질문: 현대차 분위기 어때?",주어진 자료만 보면 현대차에 대한 분위기는 중립에서 긍정 쪽에 가깝습니다. 다만 기관과 외국인 수급 엇갈림이 있어 단정적으로 좋다고만 보기는 어렵습니다.
"참고 뉴스:
제목: LG에너지솔루션 관련 수급 변동성 확대
내용: LG에너지솔루션은 2차전지 업종 내 관심이 이어졌지만 수급 흐름은 엇갈렸다. 전기차 신차 출시 기대는 긍정 재료로, 기관과 외국인 수급 엇갈림은 리스크로 제시됐다.

질문: LG에너지솔루션 투자 판단할 때 뭘 더 봐야 해?","주어진 자료만 보면 기사에 나온 전기차 신차 출시 기대와 기관과 외국인 수급 엇갈림 외에도 실제 실적, 수급, 업종 전망, 밸류에이션을 함께 확인해야 합니다."
"참고 뉴스:
제목: 증권가, 대한항공 실적 전망 점검
내용: 증권가에서는 대한항공이 화물 운임 안정 덕분에 투자 심리가 개선될 수 있다고 봤다. 반면 차익 실현 매물 출회 가능성 때문에 추가 확인이 필요하다는 의견도 나왔다.

질문: 대한항공 리스크 중심으로 정리해줘",제공된 참고 뉴스에 따르면 가장 중요한 리스크는 차익 실현 매물 출회 가능성입니다. 긍정 요인이 있어도 이 부담 요인이 커지면 주가 변동성이 확대될 수 있습니다.
"참고 뉴스:
제목: 자동차 업종 점검, 현대차 주목
내용: 현대차는 북미 판매 호조 관련 기대가 커졌지만, 단기적으로는 금리 불확실성으로 변동성이 나타날 수 있다는 분석이 나왔다.

질문: 현대차 분위기 어때?",제공된 참고 뉴스에 따르면 현대차에 대한 분위기는 중립에서 긍정 쪽에 가깝습니다. 다만 금리 불확실성이 있어 단정적으로 좋다고만 보기는 어렵습니다.
"참고 뉴스:
제목: 한화에어로스페이스, 방산 업황 변화에 주목
내용: 한화에어로스페이스는 수주 잔고 확대 영향으로 실적 개선 기대가 언급됐다. 다만 경쟁 심화는 부담 요인으로 꼽혔다.

질문: 한화에어로스페이스 목표주가 얼마야?",참고 뉴스에는 한화에어로스페이스의 구체적인 목표주가가 제시되어 있지 않습니다. 제공된 자료만으로는 목표주가를 말할 수 없습니다.
"참고 뉴스:
제목: 반도체 업종 점검, 삼성전자 주목
내용: 삼성전자는 AI 서버 수요 증가 관련 기대가 커졌지만, 단기적으로는 기관과 외국인 수급 엇갈림으로 변동성이 나타날 수 있다는 분석이 나왔다.

질문: 삼성전자 확인되는 내용만 말해줘","제공된 참고 뉴스에 따르면 삼성전자 관련 긍정 요인으로 AI 서버 수요 증가가 언급됐고, 부담 요인으로 기관과 외국인 수급 엇갈림이 제시됐습니다."
"참고 뉴스:
제목: 유틸리티 업종 점검, 한국전력 주목
내용: 한국전력은 전기요금 조정 기대 관련 기대가 커졌지만, 단기적으로는 금리 불확실성으로 변동성이 나타날 수 있다는 분석이 나왔다.

질문: 한국전력 뉴스 근거를 들어 설명해줘","제공된 참고 뉴스에 따르면 근거는 기사에서 전기요금 조정 기대를 긍정 요인으로 언급했고, 동시에 금리 불확실성을 부담 요인으로 제시했다는 점입니다."
"참고 뉴스:
제목: POSCO홀딩스 관련 수급 변동성 확대
내용: POSCO홀딩스는 철강 업종 내 관심이 이어졌지만 수급 흐름은 엇갈렸다. 리튬 사업 기대는 긍정 재료로, 환율 변동성 확대는 리스크로 제시됐다.

질문: POSCO홀딩스 호재랑 부담 요인 나눠서 말해줘",참고 뉴스 기준으로 호재는 리튬 사업 기대입니다. 부담 요인은 환율 변동성 확대입니다.
"참고 뉴스:
제목: 금융 업종 점검, 신한지주 주목
내용: 신한지주는 자사주 매입 기대 관련 기대가 커졌지만, 단기적으로는 환율 변동성 확대으로 변동성이 나타날 수 있다는 분석이 나왔다.

질문: 신한지주 분위기 어때?",제공된 참고 뉴스에 따르면 신한지주에 대한 분위기는 중립에서 긍정 쪽에 가깝습니다. 다만 환율 변동성 확대이 있어 단정적으로 좋다고만 보기는 어렵습니다.
"참고 뉴스:
제목: 증권가, 두산에너빌리티 실적 전망 점검
내용: 증권가에서는 두산에너빌리티가 수주 잔고 증가 덕분에 투자 심리가 개선될 수 있다고 봤다. 반면 경쟁 심화 때문에 추가 확인이 필요하다는 의견도 나왔다.

질문: 두산에너빌리티 핵심만 정리해줘",제공된 참고 뉴스에 따르면 두산에너빌리티는 수주 잔고 증가로 관심을 받고 있습니다. 다만 경쟁 심화도 함께 언급되어 긍정 요인과 부담 요인이 같이 있는 상황입니다.
"참고 뉴스:
제목: 증권가, 삼성전자 실적 전망 점검
내용: 증권가에서는 삼성전자가 AI 서버 수요 증가 덕분에 투자 심리가 개선될 수 있다고 봤다. 반면 차익 실현 매물 출회 가능성 때문에 추가 확인이 필요하다는 의견도 나왔다.

질문: 삼성전자 투자 판단할 때 뭘 더 봐야 해?","주어진 자료만 보면 기사에 나온 AI 서버 수요 증가와 차익 실현 매물 출회 가능성 외에도 실제 실적, 수급, 업종 전망, 밸류에이션을 함께 확인해야 합니다."
"참고 뉴스:
제목: 한화에어로스페이스, 방산 업황 변화에 주목
내용: 한화에어로스페이스는 수주 잔고 확대 영향으로 실적 개선 기대가 언급됐다. 다만 수요 회복 속도 둔화는 부담 요인으로 꼽혔다.

질문: 한화에어로스페이스 부담되는 내용도 있어?",제공된 참고 뉴스에 따르면 부담되는 내용은 수요 회복 속도 둔화입니다. 이 부분은 주가 변동성을 키울 수 있는 요인으로 언급됐습니다.
"참고 뉴스:
제목: 증권가, SK하이닉스 실적 전망 점검
내용: 증권가에서는 SK하이닉스가 고부가 메모리 수요 증가 덕분에 투자 심리가 개선될 수 있다고 봤다. 반면 환율 변동성 확대 때문에 추가 확인이 필요하다는 의견도 나왔다.

질문: SK하이닉스 한 문장으로 요약해줘",SK하이닉스는 고부가 메모리 수요 증가 기대가 있지만 환율 변동성 확대도 함께 확인해야 하는 상황입니다.
"참고 뉴스:
제목: 대한항공 관련 수급 변동성 확대
내용: 대한항공은 항공 업종 내 관심이 이어졌지만 수급 흐름은 엇갈렸다. 유가 하락 기대는 긍정 재료로, 경쟁 심화는 리스크로 제시됐다.

질문: 대한항공 호재랑 부담 요인 나눠서 말해줘",이 참고 뉴스에서 확인되는 내용은 호재는 유가 하락 기대입니다. 부담 요인은 경쟁 심화입니다.
"참고 뉴스:
제목: 증권가, 두산에너빌리티 실적 전망 점검
내용: 증권가에서는 두산에너빌리티가 전력 인프라 투자 확대 덕분에 투자 심리가 개선될 수 있다고 봤다. 반면 기관과 외국인 수급 엇갈림 때문에 추가 확인이 필요하다는 의견도 나왔다.

질문: 두산에너빌리티 확인되는 내용만 말해줘","제공된 참고 뉴스에 따르면 두산에너빌리티 관련 긍정 요인으로 전력 인프라 투자 확대가 언급됐고, 부담 요인으로 기관과 외국인 수급 엇갈림이 제시됐습니다."
"참고 뉴스:
제목: KB금융, 금융 기대
내용: KB금융은 비은행 부문 실적 개선 영향으로 관심을 받았다. 부담 요인은 실적 추정치 하향 가능성이다.

제목: 현대차, 자동차 점검
내용: 현대차는 하이브리드 수요 확대 기대가 있지만 원가 부담 증가도 함께 언급됐다.

질문: 두 기업 중 뉴스가 더 긍정적인 쪽을 말해줘",제공된 참고 뉴스만 보면 두 기업 모두 긍정 요인이 있습니다. 다만 어느 쪽이 더 좋다고 단정하려면 실적 수치와 수급 정보가 더 필요합니다.
"참고 뉴스:
제목: AI 관련주, 데이터센터 투자 확대에 상승
내용: 글로벌 빅테크의 데이터센터 투자 확대 소식이 전해지며 AI 반도체, 서버, 전력 인프라 관련주가 상승했다. 시장에서는 실적 확인 전까지 종목별 차별화가 필요하다는 분석도 나왔다.

질문: 데이터센터 투자가 어떤 주식에 좋아?","데이터센터 투자 확대는 AI 반도체, 서버, 전력 인프라 관련주에 긍정적으로 작용할 수 있다고 언급됩니다."
"참고 뉴스:
제목: 증권가, 아모레퍼시픽 실적 전망 점검
내용: 증권가에서는 아모레퍼시픽이 면세 채널 개선 덕분에 투자 심리가 개선될 수 있다고 봤다. 반면 원가 부담 증가 때문에 추가 확인이 필요하다는 의견도 나왔다.

질문: 아모레퍼시픽 리스크 중심으로 정리해줘",주어진 자료만 보면 가장 중요한 리스크는 원가 부담 증가입니다. 긍정 요인이 있어도 이 부담 요인이 커지면 주가 변동성이 확대될 수 있습니다.
"참고 뉴스:
제목: 한화에어로스페이스, 투자자 관심 지속
내용: 시장에서는 한화에어로스페이스의 수주 잔고 확대에 주목했다. 기사에서는 긍정적인 기대와 함께 경쟁 심화을 함께 확인해야 한다고 설명했다.

질문: 한화에어로스페이스 핵심만 정리해줘",제공된 참고 뉴스에 따르면 한화에어로스페이스는 수주 잔고 확대로 관심을 받고 있습니다. 다만 경쟁 심화도 함께 언급되어 긍정 요인과 부담 요인이 같이 있는 상황입니다.
"참고 뉴스:
제목: 하이브, 투자자 관심 지속
내용: 시장에서는 하이브의 아티스트 활동 재개에 주목했다. 기사에서는 긍정적인 기대와 함께 경쟁 심화을 함께 확인해야 한다고 설명했다.

질문: 하이브 리스크 중심으로 정리해줘",이 참고 뉴스에서 확인되는 내용은 가장 중요한 리스크는 경쟁 심화입니다. 긍정 요인이 있어도 이 부담 요인이 커지면 주가 변동성이 확대될 수 있습니다.
"참고 뉴스:
제목: 2차전지 업종 점검, LG에너지솔루션 주목
내용: LG에너지솔루션은 배터리 출하량 회복 기대 관련 기대가 커졌지만, 단기적으로는 금리 불확실성으로 변동성이 나타날 수 있다는 분석이 나왔다.

질문: LG에너지솔루션 분위기 어때?",주어진 자료만 보면 LG에너지솔루션에 대한 분위기는 중립에서 긍정 쪽에 가깝습니다. 다만 금리 불확실성이 있어 단정적으로 좋다고만 보기는 어렵습니다.
"참고 뉴스:
제목: 반도체 업종 점검, 삼성전자 주목
내용: 삼성전자는 AI 서버 수요 증가 관련 기대가 커졌지만, 단기적으로는 경쟁 심화으로 변동성이 나타날 수 있다는 분석이 나왔다.

질문: 삼성전자 목표주가 얼마야?",참고 뉴스에는 삼성전자의 구체적인 목표주가가 제시되어 있지 않습니다. 제공된 자료만으로는 목표주가를 말할 수 없습니다.
"참고 뉴스:
제목: 신한지주, 금융 기대
내용: 신한지주는 자사주 매입 기대 영향으로 관심을 받았다. 부담 요인은 환율 변동성 확대이다.

제목: 한국전력, 유틸리티 점검
내용: 한국전력은 연료비 부담 완화 기대가 있지만 환율 변동성 확대도 함께 언급됐다.

질문: 두 기업 중 뉴스가 더 긍정적인 쪽을 말해줘",제공된 참고 뉴스만 보면 두 기업 모두 긍정 요인이 있습니다. 다만 어느 쪽이 더 좋다고 단정하려면 실적 수치와 수급 정보가 더 필요합니다.
"참고 뉴스:
제목: 자동차 업종 점검, 기아 주목
내용: 기아는 SUV 판매 호조 관련 기대가 커졌지만, 단기적으로는 실적 추정치 하향 가능성으로 변동성이 나타날 수 있다는 분석이 나왔다.

질문: 기아 확인되는 내용만 말해줘","참고 뉴스 기준으로 기아 관련 긍정 요인으로 SUV 판매 호조가 언급됐고, 부담 요인으로 실적 추정치 하향 가능성이 제시됐습니다."
"참고 뉴스:
제목: 증권가, 한국전력 실적 전망 점검
내용: 증권가에서는 한국전력이 연료비 부담 완화 덕분에 투자 심리가 개선될 수 있다고 봤다. 반면 원가 부담 증가 때문에 추가 확인이 필요하다는 의견도 나왔다.

질문: 한국전력 리스크 중심으로 정리해줘",주어진 자료만 보면 가장 중요한 리스크는 원가 부담 증가입니다. 긍정 요인이 있어도 이 부담 요인이 커지면 주가 변동성이 확대될 수 있습니다.
"참고 뉴스:
제목: 신한지주 관련 수급 변동성 확대
내용: 신한지주는 금융 업종 내 관심이 이어졌지만 수급 흐름은 엇갈렸다. 자사주 매입 기대는 긍정 재료로, 원가 부담 증가는 리스크로 제시됐다.

질문: 신한지주 한 문장으로 요약해줘",신한지주는 자사주 매입 기대 기대가 있지만 원가 부담 증가도 함께 확인해야 하는 상황입니다.
"참고 뉴스:
제목: 아모레퍼시픽, 화장품 기대
내용: 아모레퍼시픽은 면세 채널 개선 영향으로 관심을 받았다. 부담 요인은 금리 불확실성이다.

제목: 한화에어로스페이스, 방산 점검
내용: 한화에어로스페이스는 수주 잔고 확대 기대가 있지만 수요 회복 속도 둔화도 함께 언급됐다.

질문: 두 뉴스의 공통점과 차이점을 정리해줘","참고 뉴스 기준으로 두 기업 모두 긍정 요인과 부담 요인이 함께 언급됐습니다. 차이점은 아모레퍼시픽는 면세 채널 개선가 강조됐고, 한화에어로스페이스는 수주 잔고 확대와 함께 수요 회복 속도 둔화도 제시됐다는 점입니다."
"참고 뉴스:
제목: 카카오, 인터넷 업황 변화에 주목
내용: 카카오는 플랫폼 비용 절감 영향으로 실적 개선 기대가 언급됐다. 다만 기관과 외국인 수급 엇갈림은 부담 요인으로 꼽혔다.

질문: 카카오 투자 판단할 때 뭘 더 봐야 해?","이 참고 뉴스에서 확인되는 내용은 기사에 나온 플랫폼 비용 절감와 기관과 외국인 수급 엇갈림 외에도 실제 실적, 수급, 업종 전망, 밸류에이션을 함께 확인해야 합니다."
"참고 뉴스:
제목: 기아, 자동차 업황 변화에 주목
내용: 기아는 SUV 판매 호조 영향으로 실적 개선 기대가 언급됐다. 다만 경쟁 심화는 부담 요인으로 꼽혔다.

질문: 기아 매수해도 돼?","제공된 참고 뉴스에 따르면 기아의 긍정 요인과 부담 요인은 확인되지만, 이 자료만으로 매수 여부를 판단할 수는 없습니다. 추가 실적, 밸류에이션, 수급 확인이 필요합니다."
"참고 뉴스:
제목: 전력기기 업종 점검, 두산에너빌리티 주목
내용: 두산에너빌리티는 수주 잔고 증가 관련 기대가 커졌지만, 단기적으로는 경쟁 심화으로 변동성이 나타날 수 있다는 분석이 나왔다.

질문: 두산에너빌리티 긍정적인 내용이 있어?",제공된 참고 뉴스에 따르면 긍정적인 내용은 수주 잔고 증가로 인해 실적이나 투자 심리가 개선될 수 있다는 점입니다.
"참고 뉴스:
제목: 삼성SDI, 투자자 관심 지속
내용: 시장에서는 삼성SDI의 프리미엄 배터리 수요에 주목했다. 기사에서는 긍정적인 기대와 함께 원가 부담 증가을 함께 확인해야 한다고 설명했다.

질문: 삼성SDI 긍정적인 내용이 있어?",참고 뉴스 기준으로 긍정적인 내용은 프리미엄 배터리 수요로 인해 실적이나 투자 심리가 개선될 수 있다는 점입니다.
"참고 뉴스:
제목: 한국전력, 유틸리티 업종 내 관심 지속
내용: 한국전력은 연료비 부담 완화와 관련해 투자자 관심이 이어졌다. 기사에는 목표주가, 배당금, 구체적인 실적 수치, 밸류에이션 지표는 포함되지 않았다.

질문: 한국전력 정확한 매수 가격 알려줘",참고 뉴스에는 한국전력의 매수 가격 정보가 나와 있지 않습니다. 제공된 자료만으로는 매수 가격을 확인할 수 없습니다.
"참고 뉴스:
제목: 증권가, 네이버 실적 전망 점검
내용: 증권가에서는 네이버가 AI 검색 서비스 고도화 덕분에 투자 심리가 개선될 수 있다고 봤다. 반면 환율 변동성 확대 때문에 추가 확인이 필요하다는 의견도 나왔다.

질문: 네이버 목표주가 얼마야?",참고 뉴스에는 네이버의 구체적인 목표주가가 제시되어 있지 않습니다. 제공된 자료만으로는 목표주가를 말할 수 없습니다.
"참고 뉴스:
제목: 카카오, 인터넷 기대
내용: 카카오는 플랫폼 비용 절감 영향으로 관심을 받았다. 부담 요인은 실적 추정치 하향 가능성이다.

제목: 삼성SDI, 2차전지 점검
내용: 삼성SDI는 고부가 제품 비중 증가 기대가 있지만 수요 회복 속도 둔화도 함께 언급됐다.

질문: 두 기업 중 뉴스가 더 긍정적인 쪽을 말해줘",제공된 참고 뉴스만 보면 두 기업 모두 긍정 요인이 있습니다. 다만 어느 쪽이 더 좋다고 단정하려면 실적 수치와 수급 정보가 더 필요합니다.
"참고 뉴스:
제목: 증권가, LG에너지솔루션 실적 전망 점검
내용: 증권가에서는 LG에너지솔루션이 전기차 신차 출시 기대 덕분에 투자 심리가 개선될 수 있다고 봤다. 반면 차익 실현 매물 출회 가능성 때문에 추가 확인이 필요하다는 의견도 나왔다.

질문: LG에너지솔루션 뉴스 근거를 들어 설명해줘","이 참고 뉴스에서 확인되는 내용은 근거는 기사에서 전기차 신차 출시 기대를 긍정 요인으로 언급했고, 동시에 차익 실현 매물 출회 가능성을 부담 요인으로 제시했다는 점입니다."
"참고 뉴스:
제목: 삼성바이오로직스, 바이오 업종 내 관심 지속
내용: 삼성바이오로직스는 공장 가동률 개선와 관련해 투자자 관심이 이어졌다. 기사에는 목표주가, 배당금, 구체적인 실적 수치, 밸류에이션 지표는 포함되지 않았다.

질문: 삼성바이오로직스 PER 얼마야?",참고 뉴스에는 삼성바이오로직스의 PER 정보가 나와 있지 않습니다. 제공된 자료만으로는 PER을 확인할 수 없습니다.
"참고 뉴스:
제목: 셀트리온, 바이오 업황 변화에 주목
내용: 셀트리온은 해외 판매망 강화 영향으로 실적 개선 기대가 언급됐다. 다만 환율 변동성 확대는 부담 요인으로 꼽혔다.

질문: 셀트리온 호재랑 부담 요인 나눠서 말해줘",주어진 자료만 보면 호재는 해외 판매망 강화입니다. 부담 요인은 환율 변동성 확대입니다.
"참고 뉴스:
제목: 아모레퍼시픽 관련 수급 변동성 확대
내용: 아모레퍼시픽은 화장품 업종 내 관심이 이어졌지만 수급 흐름은 엇갈렸다. 면세 채널 개선은 긍정 재료로, 경쟁 심화는 리스크로 제시됐다.

질문: 아모레퍼시픽 투자 판단할 때 뭘 더 봐야 해?","제공된 참고 뉴스에 따르면 기사에 나온 면세 채널 개선와 경쟁 심화 외에도 실제 실적, 수급, 업종 전망, 밸류에이션을 함께 확인해야 합니다."
"참고 뉴스:
제목: 증권가, KB금융 실적 전망 점검
내용: 증권가에서는 KB금융이 주주환원 기대 덕분에 투자 심리가 개선될 수 있다고 봤다. 반면 금리 불확실성 때문에 추가 확인이 필요하다는 의견도 나왔다.

질문: KB금융 목표주가 얼마야?",참고 뉴스에는 KB금융의 구체적인 목표주가가 제시되어 있지 않습니다. 제공된 자료만으로는 목표주가를 말할 수 없습니다.
"참고 뉴스:
제목: 카카오, 인터넷 업황 변화에 주목
내용: 카카오는 플랫폼 비용 절감 영향으로 실적 개선 기대가 언급됐다. 다만 원가 부담 증가는 부담 요인으로 꼽혔다.

질문: 카카오 부담되는 내용도 있어?",참고 뉴스 기준으로 부담되는 내용은 원가 부담 증가입니다. 이 부분은 주가 변동성을 키울 수 있는 요인으로 언급됐습니다.
"참고 뉴스:
제목: 아모레퍼시픽 관련 수급 변동성 확대
내용: 아모레퍼시픽은 화장품 업종 내 관심이 이어졌지만 수급 흐름은 엇갈렸다. 면세 채널 개선은 긍정 재료로, 차익 실현 매물 출회 가능성은 리스크로 제시됐다.

질문: 아모레퍼시픽 부담되는 내용도 있어?",이 참고 뉴스에서 확인되는 내용은 부담되는 내용은 차익 실현 매물 출회 가능성입니다. 이 부분은 주가 변동성을 키울 수 있는 요인으로 언급됐습니다.
"참고 뉴스:
제목: 한국전력, 유틸리티 기대
내용: 한국전력은 재무구조 개선 기대 영향으로 관심을 받았다. 부담 요인은 기관과 외국인 수급 엇갈림이다.

제목: 현대차, 자동차 점검
내용: 현대차는 하이브리드 수요 확대 기대가 있지만 차익 실현 매물 출회 가능성도 함께 언급됐다.

질문: 두 뉴스의 공통점과 차이점을 정리해줘","참고 뉴스 기준으로 두 기업 모두 긍정 요인과 부담 요인이 함께 언급됐습니다. 차이점은 한국전력는 재무구조 개선 기대가 강조됐고, 현대차는 하이브리드 수요 확대와 함께 차익 실현 매물 출회 가능성도 제시됐다는 점입니다."
"참고 뉴스:
제목: 유틸리티 업종 점검, 한국전력 주목
내용: 한국전력은 재무구조 개선 기대 관련 기대가 커졌지만, 단기적으로는 경쟁 심화으로 변동성이 나타날 수 있다는 분석이 나왔다.

질문: 한국전력 투자 판단할 때 뭘 더 봐야 해?","제공된 참고 뉴스에 따르면 기사에 나온 재무구조 개선 기대와 경쟁 심화 외에도 실제 실적, 수급, 업종 전망, 밸류에이션을 함께 확인해야 합니다."
"참고 뉴스:
제목: 카카오, 인터넷 업종 내 관심 지속
내용: 카카오는 플랫폼 비용 절감와 관련해 투자자 관심이 이어졌다. 기사에는 목표주가, 배당금, 구체적인 실적 수치, 밸류에이션 지표는 포함되지 않았다.

질문: 카카오 PER 얼마야?",참고 뉴스에는 카카오의 PER 정보가 나와 있지 않습니다. 제공된 자료만으로는 PER을 확인할 수 없습니다.
"참고 뉴스:
제목: 삼성SDI, 2차전지 업황 변화에 주목
내용: 삼성SDI는 프리미엄 배터리 수요 영향으로 실적 개선 기대가 언급됐다. 다만 환율 변동성 확대는 부담 요인으로 꼽혔다.

질문: 삼성SDI 분위기 어때?",참고 뉴스 기준으로 삼성SDI에 대한 분위기는 중립에서 긍정 쪽에 가깝습니다. 다만 환율 변동성 확대이 있어 단정적으로 좋다고만 보기는 어렵습니다.
"참고 뉴스:
제목: 외국인 순매수, 대형주 중심 증시 상승 견인
내용: 외국인 투자자는 반도체와 자동차 등 대형주를 중심으로 순매수에 나섰다. 시장에서는 외국인 수급이 이어질 경우 지수 상승세가 유지될 수 있다고 분석했다.

질문: 외국인은 어떤 종목을 샀어?",참고 뉴스에서는 외국인이 반도체와 자동차 등 대형주를 중심으로 순매수했다고 설명합니다.
"참고 뉴스:
제목: 카카오 관련 수급 변동성 확대
내용: 카카오는 인터넷 업종 내 관심이 이어졌지만 수급 흐름은 엇갈렸다. 커머스 서비스 개편은 긍정 재료로, 경쟁 심화는 리스크로 제시됐다.

질문: 카카오 매수해도 돼?","제공된 참고 뉴스에 따르면 카카오의 긍정 요인과 부담 요인은 확인되지만, 이 자료만으로 매수 여부를 판단할 수는 없습니다. 추가 실적, 밸류에이션, 수급 확인이 필요합니다."
"참고 뉴스:
제목: 인터넷 업종 점검, 카카오 주목
내용: 카카오는 콘텐츠 사업 조정 관련 기대가 커졌지만, 단기적으로는 환율 변동성 확대으로 변동성이 나타날 수 있다는 분석이 나왔다.

질문: 카카오 리스크 중심으로 정리해줘",주어진 자료만 보면 가장 중요한 리스크는 환율 변동성 확대입니다. 긍정 요인이 있어도 이 부담 요인이 커지면 주가 변동성이 확대될 수 있습니다.
"참고 뉴스:
제목: 바이오 업종 점검, 셀트리온 주목
내용: 셀트리온은 바이오시밀러 매출 확대 관련 기대가 커졌지만, 단기적으로는 금리 불확실성으로 변동성이 나타날 수 있다는 분석이 나왔다.

질문: 셀트리온 분위기 어때?",제공된 참고 뉴스에 따르면 셀트리온에 대한 분위기는 중립에서 긍정 쪽에 가깝습니다. 다만 금리 불확실성이 있어 단정적으로 좋다고만 보기는 어렵습니다.
"참고 뉴스:
제목: 셀트리온 관련 수급 변동성 확대
내용: 셀트리온은 바이오 업종 내 관심이 이어졌지만 수급 흐름은 엇갈렸다. 바이오시밀러 매출 확대는 긍정 재료로, 기관과 외국인 수급 엇갈림은 리스크로 제시됐다.

질문: 셀트리온 투자 판단할 때 뭘 더 봐야 해?","제공된 참고 뉴스에 따르면 기사에 나온 바이오시밀러 매출 확대와 기관과 외국인 수급 엇갈림 외에도 실제 실적, 수급, 업종 전망, 밸류에이션을 함께 확인해야 합니다."
"참고 뉴스:
제목: 증권가, CJ대한통운 실적 전망 점검
내용: 증권가에서는 CJ대한통운이 운임 효율화 덕분에 투자 심리가 개선될 수 있다고 봤다. 반면 금리 불확실성 때문에 추가 확인이 필요하다는 의견도 나왔다.

질문: CJ대한통운 한 문장으로 요약해줘",CJ대한통운은 운임 효율화 기대가 있지만 금리 불확실성도 함께 확인해야 하는 상황입니다.
"참고 뉴스:
제목: 전력기기 업종 점검, 두산에너빌리티 주목
내용: 두산에너빌리티는 수주 잔고 증가 관련 기대가 커졌지만, 단기적으로는 원가 부담 증가으로 변동성이 나타날 수 있다는 분석이 나왔다.

질문: 두산에너빌리티 호재랑 부담 요인 나눠서 말해줘",주어진 자료만 보면 호재는 수주 잔고 증가입니다. 부담 요인은 원가 부담 증가입니다.
"참고 뉴스:
제목: 철강 업종 점검, POSCO홀딩스 주목
내용: POSCO홀딩스는 리튬 사업 기대 관련 기대가 커졌지만, 단기적으로는 실적 추정치 하향 가능성으로 변동성이 나타날 수 있다는 분석이 나왔다.

질문: POSCO홀딩스 한 문장으로 요약해줘",POSCO홀딩스는 리튬 사업 기대 기대가 있지만 실적 추정치 하향 가능성도 함께 확인해야 하는 상황입니다.
"참고 뉴스:
제목: 한국전력, 유틸리티 업종 내 관심 지속
내용: 한국전력은 전기요금 조정 기대와 관련해 투자자 관심이 이어졌다. 기사에는 목표주가, 배당금, 구체적인 실적 수치, 밸류에이션 지표는 포함되지 않았다.

질문: 한국전력 내일 주가 오를까?",참고 뉴스에는 한국전력의 내일 주가 방향 정보가 나와 있지 않습니다. 제공된 자료만으로는 내일 주가 방향을 확인할 수 없습니다.
"참고 뉴스:
제목: 증권가, 한국전력 실적 전망 점검
내용: 증권가에서는 한국전력이 전기요금 조정 기대 덕분에 투자 심리가 개선될 수 있다고 봤다. 반면 경쟁 심화 때문에 추가 확인이 필요하다는 의견도 나왔다.

질문: 한국전력 한 문장으로 요약해줘",한국전력은 전기요금 조정 기대 기대가 있지만 경쟁 심화도 함께 확인해야 하는 상황입니다.
"참고 뉴스:
제목: 기아, 자동차 업황 변화에 주목
내용: 기아는 SUV 판매 호조 영향으로 실적 개선 기대가 언급됐다. 다만 수요 회복 속도 둔화는 부담 요인으로 꼽혔다.

질문: 기아 긍정적인 내용이 있어?",주어진 자료만 보면 긍정적인 내용은 SUV 판매 호조로 인해 실적이나 투자 심리가 개선될 수 있다는 점입니다.
"참고 뉴스:
제목: POSCO홀딩스, 철강 업황 변화에 주목
내용: POSCO홀딩스는 철강 가격 반등 기대 영향으로 실적 개선 기대가 언급됐다. 다만 원가 부담 증가는 부담 요인으로 꼽혔다.

질문: POSCO홀딩스 확인되는 내용만 말해줘","참고 뉴스 기준으로 POSCO홀딩스 관련 긍정 요인으로 철강 가격 반등 기대가 언급됐고, 부담 요인으로 원가 부담 증가이 제시됐습니다."
"참고 뉴스:
제목: 셀트리온, 바이오 업황 변화에 주목
내용: 셀트리온은 바이오시밀러 매출 확대 영향으로 실적 개선 기대가 언급됐다. 다만 실적 추정치 하향 가능성은 부담 요인으로 꼽혔다.

질문: 셀트리온 투자 판단할 때 뭘 더 봐야 해?","제공된 참고 뉴스에 따르면 기사에 나온 바이오시밀러 매출 확대와 실적 추정치 하향 가능성 외에도 실제 실적, 수급, 업종 전망, 밸류에이션을 함께 확인해야 합니다."
"참고 뉴스:
제목: 하이브 관련 수급 변동성 확대
내용: 하이브는 엔터 업종 내 관심이 이어졌지만 수급 흐름은 엇갈렸다. 글로벌 팬덤 확대는 긍정 재료로, 환율 변동성 확대는 리스크로 제시됐다.

질문: 하이브 뉴스 근거를 들어 설명해줘","제공된 참고 뉴스에 따르면 근거는 기사에서 글로벌 팬덤 확대를 긍정 요인으로 언급했고, 동시에 환율 변동성 확대을 부담 요인으로 제시했다는 점입니다."
"참고 뉴스:
제목: LG에너지솔루션 관련 수급 변동성 확대
내용: LG에너지솔루션은 2차전지 업종 내 관심이 이어졌지만 수급 흐름은 엇갈렸다. 원재료 가격 안정은 긍정 재료로, 경쟁 심화는 리스크로 제시됐다.

질문: LG에너지솔루션 한 문장으로 요약해줘",LG에너지솔루션은 원재료 가격 안정 기대가 있지만 경쟁 심화도 함께 확인해야 하는 상황입니다.
"참고 뉴스:
제목: 한화에어로스페이스, 방산 업종 내 관심 지속
내용: 한화에어로스페이스는 수주 잔고 확대와 관련해 투자자 관심이 이어졌다. 기사에는 목표주가, 배당금, 구체적인 실적 수치, 밸류에이션 지표는 포함되지 않았다.

질문: 한화에어로스페이스 배당금 얼마야?",참고 뉴스에는 한화에어로스페이스의 배당금 정보가 나와 있지 않습니다. 제공된 자료만으로는 배당금을 확인할 수 없습니다.
"참고 뉴스:
제목: 증권가, 셀트리온 실적 전망 점검
내용: 증권가에서는 셀트리온이 바이오시밀러 매출 확대 덕분에 투자 심리가 개선될 수 있다고 봤다. 반면 금리 불확실성 때문에 추가 확인이 필요하다는 의견도 나왔다.

질문: 셀트리온 투자 판단할 때 뭘 더 봐야 해?","이 참고 뉴스에서 확인되는 내용은 기사에 나온 바이오시밀러 매출 확대와 금리 불확실성 외에도 실제 실적, 수급, 업종 전망, 밸류에이션을 함께 확인해야 합니다."
"참고 뉴스:
제목: KB금융, 금융 업황 변화에 주목
내용: KB금융은 주주환원 기대 영향으로 실적 개선 기대가 언급됐다. 다만 기관과 외국인 수급 엇갈림은 부담 요인으로 꼽혔다.

질문: KB금융 뉴스 근거를 들어 설명해줘","주어진 자료만 보면 근거는 기사에서 주주환원 기대를 긍정 요인으로 언급했고, 동시에 기관과 외국인 수급 엇갈림을 부담 요인으로 제시했다는 점입니다."
"참고 뉴스:
제목: 삼성전자 관련 수급 변동성 확대
내용: 삼성전자는 반도체 업종 내 관심이 이어졌지만 수급 흐름은 엇갈렸다. AI 서버 수요 증가는 긍정 재료로, 수요 회복 속도 둔화는 리스크로 제시됐다.

질문: 삼성전자 목표주가 얼마야?",참고 뉴스에는 삼성전자의 구체적인 목표주가가 제시되어 있지 않습니다. 제공된 자료만으로는 목표주가를 말할 수 없습니다.
"참고 뉴스:
제목: 두산에너빌리티 관련 수급 변동성 확대
내용: 두산에너빌리티는 전력기기 업종 내 관심이 이어졌지만 수급 흐름은 엇갈렸다. 원전 수주 기대는 긍정 재료로, 금리 불확실성은 리스크로 제시됐다.

질문: 두산에너빌리티 목표주가 얼마야?",참고 뉴스에는 두산에너빌리티의 구체적인 목표주가가 제시되어 있지 않습니다. 제공된 자료만으로는 목표주가를 말할 수 없습니다.
"참고 뉴스:
제목: 증권가, 아모레퍼시픽 실적 전망 점검
내용: 증권가에서는 아모레퍼시픽이 면세 채널 개선 덕분에 투자 심리가 개선될 수 있다고 봤다. 반면 수요 회복 속도 둔화 때문에 추가 확인이 필요하다는 의견도 나왔다.

질문: 아모레퍼시픽 핵심만 정리해줘",이 참고 뉴스에서 확인되는 내용은 아모레퍼시픽은 면세 채널 개선로 관심을 받고 있습니다. 다만 수요 회복 속도 둔화도 함께 언급되어 긍정 요인과 부담 요인이 같이 있는 상황입니다.
"참고 뉴스:
제목: 증권가, 두산에너빌리티 실적 전망 점검
내용: 증권가에서는 두산에너빌리티가 전력 인프라 투자 확대 덕분에 투자 심리가 개선될 수 있다고 봤다. 반면 실적 추정치 하향 가능성 때문에 추가 확인이 필요하다는 의견도 나왔다.

질문: 두산에너빌리티 목표주가 얼마야?",참고 뉴스에는 두산에너빌리티의 구체적인 목표주가가 제시되어 있지 않습니다. 제공된 자료만으로는 목표주가를 말할 수 없습니다.
"참고 뉴스:
제목: 항공 업종 점검, 대한항공 주목
내용: 대한항공은 화물 운임 안정 관련 기대가 커졌지만, 단기적으로는 수요 회복 속도 둔화으로 변동성이 나타날 수 있다는 분석이 나왔다.

질문: 대한항공 호재랑 부담 요인 나눠서 말해줘",참고 뉴스 기준으로 호재는 화물 운임 안정입니다. 부담 요인은 수요 회복 속도 둔화입니다.
"참고 뉴스:
제목: 증권가, 한화에어로스페이스 실적 전망 점검
내용: 증권가에서는 한화에어로스페이스가 방산 수출 기대 덕분에 투자 심리가 개선될 수 있다고 봤다. 반면 차익 실현 매물 출회 가능성 때문에 추가 확인이 필요하다는 의견도 나왔다.

질문: 한화에어로스페이스 투자 판단할 때 뭘 더 봐야 해?","주어진 자료만 보면 기사에 나온 방산 수출 기대와 차익 실현 매물 출회 가능성 외에도 실제 실적, 수급, 업종 전망, 밸류에이션을 함께 확인해야 합니다."
"참고 뉴스:
제목: 금융 업종 점검, KB금융 주목
내용: KB금융은 주주환원 기대 관련 기대가 커졌지만, 단기적으로는 기관과 외국인 수급 엇갈림으로 변동성이 나타날 수 있다는 분석이 나왔다.

질문: KB금융 부담되는 내용도 있어?",참고 뉴스 기준으로 부담되는 내용은 기관과 외국인 수급 엇갈림입니다. 이 부분은 주가 변동성을 키울 수 있는 요인으로 언급됐습니다.
"참고 뉴스:
제목: 증권가, 한국전력 실적 전망 점검
내용: 증권가에서는 한국전력이 전기요금 조정 기대 덕분에 투자 심리가 개선될 수 있다고 봤다. 반면 금리 불확실성 때문에 추가 확인이 필요하다는 의견도 나왔다.

질문: 한국전력 목표주가 얼마야?",참고 뉴스에는 한국전력의 구체적인 목표주가가 제시되어 있지 않습니다. 제공된 자료만으로는 목표주가를 말할 수 없습니다.
"참고 뉴스:
제목: 셀트리온 관련 수급 변동성 확대
내용: 셀트리온은 바이오 업종 내 관심이 이어졌지만 수급 흐름은 엇갈렸다. 바이오시밀러 매출 확대는 긍정 재료로, 금리 불확실성은 리스크로 제시됐다.

질문: 셀트리온 확인되는 내용만 말해줘","주어진 자료만 보면 셀트리온 관련 긍정 요인으로 바이오시밀러 매출 확대가 언급됐고, 부담 요인으로 금리 불확실성이 제시됐습니다."
"참고 뉴스:
제목: 증권가, LG에너지솔루션 실적 전망 점검
내용: 증권가에서는 LG에너지솔루션이 전기차 신차 출시 기대 덕분에 투자 심리가 개선될 수 있다고 봤다. 반면 환율 변동성 확대 때문에 추가 확인이 필요하다는 의견도 나왔다.

질문: LG에너지솔루션 확인되는 내용만 말해줘","제공된 참고 뉴스에 따르면 LG에너지솔루션 관련 긍정 요인으로 전기차 신차 출시 기대가 언급됐고, 부담 요인으로 환율 변동성 확대이 제시됐습니다."
"참고 뉴스:
제목: 증권가, 신한지주 실적 전망 점검
내용: 증권가에서는 신한지주가 배당 확대 기대 덕분에 투자 심리가 개선될 수 있다고 봤다. 반면 기관과 외국인 수급 엇갈림 때문에 추가 확인이 필요하다는 의견도 나왔다.

질문: 신한지주 리스크 중심으로 정리해줘",제공된 참고 뉴스에 따르면 가장 중요한 리스크는 기관과 외국인 수급 엇갈림입니다. 긍정 요인이 있어도 이 부담 요인이 커지면 주가 변동성이 확대될 수 있습니다.
"참고 뉴스:
제목: 국내 증시 변화에 시장 관심
내용: 외국인 순매수와 반도체 대형주 강세가 지수를 지지했다. 그러나 단기 급등 이후 차익 실현 매물이 나올 수 있다. 전문가들은 관련 지표와 수급 흐름을 함께 확인해야 한다고 말했다.

질문: 국내 증시 긍정 요인만 정리해줘",주어진 자료만 보면 긍정 요인은 외국인 순매수와 반도체 대형주 강세가 지수를 지지했다는 점입니다.
"참고 뉴스:
제목: 방산 업종 점검, 한화에어로스페이스 주목
내용: 한화에어로스페이스는 해외 계약 증가 관련 기대가 커졌지만, 단기적으로는 실적 추정치 하향 가능성으로 변동성이 나타날 수 있다는 분석이 나왔다.

질문: 한화에어로스페이스 핵심만 정리해줘",참고 뉴스 기준으로 한화에어로스페이스는 해외 계약 증가로 관심을 받고 있습니다. 다만 실적 추정치 하향 가능성도 함께 언급되어 긍정 요인과 부담 요인이 같이 있는 상황입니다.
"참고 뉴스:
제목: CJ대한통운, 물류 업황 변화에 주목
내용: CJ대한통운은 자동화 투자 효과 영향으로 실적 개선 기대가 언급됐다. 다만 차익 실현 매물 출회 가능성은 부담 요인으로 꼽혔다.

질문: CJ대한통운 부담되는 내용도 있어?",이 참고 뉴스에서 확인되는 내용은 부담되는 내용은 차익 실현 매물 출회 가능성입니다. 이 부분은 주가 변동성을 키울 수 있는 요인으로 언급됐습니다.
"참고 뉴스:
제목: 인터넷 업종 점검, 네이버 주목
내용: 네이버는 클라우드 사업 성장 관련 기대가 커졌지만, 단기적으로는 환율 변동성 확대으로 변동성이 나타날 수 있다는 분석이 나왔다.

질문: 네이버 호재랑 부담 요인 나눠서 말해줘",제공된 참고 뉴스에 따르면 호재는 클라우드 사업 성장입니다. 부담 요인은 환율 변동성 확대입니다.
"참고 뉴스:
제목: KB금융, 투자자 관심 지속
내용: 시장에서는 KB금융의 주주환원 기대에 주목했다. 기사에서는 긍정적인 기대와 함께 실적 추정치 하향 가능성을 함께 확인해야 한다고 설명했다.

질문: KB금융 핵심만 정리해줘",이 참고 뉴스에서 확인되는 내용은 KB금융은 주주환원 기대로 관심을 받고 있습니다. 다만 실적 추정치 하향 가능성도 함께 언급되어 긍정 요인과 부담 요인이 같이 있는 상황입니다.
"참고 뉴스:
제목: 삼성전자, 반도체 기대
내용: 삼성전자는 메모리 업황 회복 기대 영향으로 관심을 받았다. 부담 요인은 실적 추정치 하향 가능성이다.

제목: LG에너지솔루션, 2차전지 점검
내용: LG에너지솔루션은 배터리 출하량 회복 기대 기대가 있지만 기관과 외국인 수급 엇갈림도 함께 언급됐다.

질문: 두 뉴스의 공통점과 차이점을 정리해줘","참고 뉴스 기준으로 두 기업 모두 긍정 요인과 부담 요인이 함께 언급됐습니다. 차이점은 삼성전자는 메모리 업황 회복 기대가 강조됐고, LG에너지솔루션는 배터리 출하량 회복 기대와 함께 기관과 외국인 수급 엇갈림도 제시됐다는 점입니다."
"참고 뉴스:
제목: SK하이닉스, 반도체 기대
내용: SK하이닉스는 고부가 메모리 수요 증가 영향으로 관심을 받았다. 부담 요인은 환율 변동성 확대이다.

제목: KB금융, 금융 점검
내용: KB금융은 순이자마진 방어 기대가 있지만 경쟁 심화도 함께 언급됐다.

질문: 두 뉴스의 공통점과 차이점을 정리해줘","참고 뉴스 기준으로 두 기업 모두 긍정 요인과 부담 요인이 함께 언급됐습니다. 차이점은 SK하이닉스는 고부가 메모리 수요 증가가 강조됐고, KB금융는 순이자마진 방어와 함께 경쟁 심화도 제시됐다는 점입니다."
"참고 뉴스:
제목: CJ대한통운 관련 수급 변동성 확대
내용: CJ대한통운은 물류 업종 내 관심이 이어졌지만 수급 흐름은 엇갈렸다. 운임 효율화은 긍정 재료로, 금리 불확실성은 리스크로 제시됐다.

질문: CJ대한통운 투자 판단할 때 뭘 더 봐야 해?","제공된 참고 뉴스에 따르면 기사에 나온 운임 효율화와 금리 불확실성 외에도 실제 실적, 수급, 업종 전망, 밸류에이션을 함께 확인해야 합니다."
"참고 뉴스:
제목: 자동차 업종 점검, 현대차 주목
내용: 현대차는 북미 판매 호조 관련 기대가 커졌지만, 단기적으로는 수요 회복 속도 둔화으로 변동성이 나타날 수 있다는 분석이 나왔다.

질문: 현대차 확인되는 내용만 말해줘","이 참고 뉴스에서 확인되는 내용은 현대차 관련 긍정 요인으로 북미 판매 호조가 언급됐고, 부담 요인으로 수요 회복 속도 둔화이 제시됐습니다."
"참고 뉴스:
제목: 한화에어로스페이스, 투자자 관심 지속
내용: 시장에서는 한화에어로스페이스의 해외 계약 증가에 주목했다. 기사에서는 긍정적인 기대와 함께 수요 회복 속도 둔화을 함께 확인해야 한다고 설명했다.

질문: 한화에어로스페이스 호재랑 부담 요인 나눠서 말해줘",참고 뉴스 기준으로 호재는 해외 계약 증가입니다. 부담 요인은 수요 회복 속도 둔화입니다.
"참고 뉴스:
제목: 한화에어로스페이스, 방산 업황 변화에 주목
내용: 한화에어로스페이스는 해외 계약 증가 영향으로 실적 개선 기대가 언급됐다. 다만 차익 실현 매물 출회 가능성은 부담 요인으로 꼽혔다.

질문: 한화에어로스페이스 매수해도 돼?","이 참고 뉴스에서 확인되는 내용은 한화에어로스페이스의 긍정 요인과 부담 요인은 확인되지만, 이 자료만으로 매수 여부를 판단할 수는 없습니다. 추가 실적, 밸류에이션, 수급 확인이 필요합니다."
"참고 뉴스:
제목: 하이브, 투자자 관심 지속
내용: 시장에서는 하이브의 아티스트 활동 재개에 주목했다. 기사에서는 긍정적인 기대와 함께 금리 불확실성을 함께 확인해야 한다고 설명했다.

질문: 하이브 확인되는 내용만 말해줘","제공된 참고 뉴스에 따르면 하이브 관련 긍정 요인으로 아티스트 활동 재개가 언급됐고, 부담 요인으로 금리 불확실성이 제시됐습니다."
"참고 뉴스:
제목: LG에너지솔루션, 2차전지 업황 변화에 주목
내용: LG에너지솔루션은 원재료 가격 안정 영향으로 실적 개선 기대가 언급됐다. 다만 수요 회복 속도 둔화는 부담 요인으로 꼽혔다.

질문: LG에너지솔루션 긍정적인 내용이 있어?",주어진 자료만 보면 긍정적인 내용은 원재료 가격 안정로 인해 실적이나 투자 심리가 개선될 수 있다는 점입니다.
"참고 뉴스:
제목: 한국전력 관련 수급 변동성 확대
내용: 한국전력은 유틸리티 업종 내 관심이 이어졌지만 수급 흐름은 엇갈렸다. 전기요금 조정 기대는 긍정 재료로, 경쟁 심화는 리스크로 제시됐다.

질문: 한국전력 투자 판단할 때 뭘 더 봐야 해?","주어진 자료만 보면 기사에 나온 전기요금 조정 기대와 경쟁 심화 외에도 실제 실적, 수급, 업종 전망, 밸류에이션을 함께 확인해야 합니다."
"참고 뉴스:
제목: 전력기기 업종 점검, 두산에너빌리티 주목
내용: 두산에너빌리티는 원전 수주 기대 관련 기대가 커졌지만, 단기적으로는 차익 실현 매물 출회 가능성으로 변동성이 나타날 수 있다는 분석이 나왔다.

질문: 두산에너빌리티 확인되는 내용만 말해줘","주어진 자료만 보면 두산에너빌리티 관련 긍정 요인으로 원전 수주 기대가 언급됐고, 부담 요인으로 차익 실현 매물 출회 가능성이 제시됐습니다."
"참고 뉴스:
제목: 반도체 업종 점검, 삼성전자 주목
내용: 삼성전자는 메모리 업황 회복 기대 관련 기대가 커졌지만, 단기적으로는 원가 부담 증가으로 변동성이 나타날 수 있다는 분석이 나왔다.

질문: 삼성전자 확인되는 내용만 말해줘","주어진 자료만 보면 삼성전자 관련 긍정 요인으로 메모리 업황 회복 기대가 언급됐고, 부담 요인으로 원가 부담 증가이 제시됐습니다."
"참고 뉴스:
제목: 카카오, 인터넷 업황 변화에 주목
내용: 카카오는 플랫폼 비용 절감 영향으로 실적 개선 기대가 언급됐다. 다만 기관과 외국인 수급 엇갈림은 부담 요인으로 꼽혔다.

질문: 카카오 부담되는 내용도 있어?",이 참고 뉴스에서 확인되는 내용은 부담되는 내용은 기관과 외국인 수급 엇갈림입니다. 이 부분은 주가 변동성을 키울 수 있는 요인으로 언급됐습니다.
"참고 뉴스:
제목: KB금융 관련 수급 변동성 확대
내용: KB금융은 금융 업종 내 관심이 이어졌지만 수급 흐름은 엇갈렸다. 비은행 부문 실적 개선은 긍정 재료로, 차익 실현 매물 출회 가능성은 리스크로 제시됐다.

질문: KB금융 긍정적인 내용이 있어?",이 참고 뉴스에서 확인되는 내용은 긍정적인 내용은 비은행 부문 실적 개선로 인해 실적이나 투자 심리가 개선될 수 있다는 점입니다.
"참고 뉴스:
제목: 기아, 자동차 업황 변화에 주목
내용: 기아는 고환율 수혜 기대 영향으로 실적 개선 기대가 언급됐다. 다만 차익 실현 매물 출회 가능성은 부담 요인으로 꼽혔다.

질문: 기아 투자 판단할 때 뭘 더 봐야 해?","참고 뉴스 기준으로 기사에 나온 고환율 수혜 기대와 차익 실현 매물 출회 가능성 외에도 실제 실적, 수급, 업종 전망, 밸류에이션을 함께 확인해야 합니다."
"참고 뉴스:
제목: 현대차, 투자자 관심 지속
내용: 시장에서는 현대차의 환율 효과에 주목했다. 기사에서는 긍정적인 기대와 함께 환율 변동성 확대을 함께 확인해야 한다고 설명했다.

질문: 현대차 투자 판단할 때 뭘 더 봐야 해?","주어진 자료만 보면 기사에 나온 환율 효과와 환율 변동성 확대 외에도 실제 실적, 수급, 업종 전망, 밸류에이션을 함께 확인해야 합니다."
"참고 뉴스:
제목: 항공 업종 점검, 대한항공 주목
내용: 대한항공은 유가 하락 기대 관련 기대가 커졌지만, 단기적으로는 기관과 외국인 수급 엇갈림으로 변동성이 나타날 수 있다는 분석이 나왔다.

질문: 대한항공 매수해도 돼?","참고 뉴스 기준으로 대한항공의 긍정 요인과 부담 요인은 확인되지만, 이 자료만으로 매수 여부를 판단할 수는 없습니다. 추가 실적, 밸류에이션, 수급 확인이 필요합니다."
"참고 뉴스:
제목: 아모레퍼시픽, 투자자 관심 지속
내용: 시장에서는 아모레퍼시픽의 중국 소비 회복 기대에 주목했다. 기사에서는 긍정적인 기대와 함께 실적 추정치 하향 가능성을 함께 확인해야 한다고 설명했다.

질문: 아모레퍼시픽 긍정적인 내용이 있어?",제공된 참고 뉴스에 따르면 긍정적인 내용은 중국 소비 회복 기대로 인해 실적이나 투자 심리가 개선될 수 있다는 점입니다.
"참고 뉴스:
제목: 인터넷 업종 점검, 네이버 주목
내용: 네이버는 클라우드 사업 성장 관련 기대가 커졌지만, 단기적으로는 기관과 외국인 수급 엇갈림으로 변동성이 나타날 수 있다는 분석이 나왔다.

질문: 네이버 부담되는 내용도 있어?",참고 뉴스 기준으로 부담되는 내용은 기관과 외국인 수급 엇갈림입니다. 이 부분은 주가 변동성을 키울 수 있는 요인으로 언급됐습니다.
"참고 뉴스:
제목: 전력기기 업종 점검, 두산에너빌리티 주목
내용: 두산에너빌리티는 원전 수주 기대 관련 기대가 커졌지만, 단기적으로는 원가 부담 증가으로 변동성이 나타날 수 있다는 분석이 나왔다.

질문: 두산에너빌리티 긍정적인 내용이 있어?",참고 뉴스 기준으로 긍정적인 내용은 원전 수주 기대로 인해 실적이나 투자 심리가 개선될 수 있다는 점입니다.
"참고 뉴스:
제목: 인터넷 업종 점검, 카카오 주목
내용: 카카오는 플랫폼 비용 절감 관련 기대가 커졌지만, 단기적으로는 실적 추정치 하향 가능성으로 변동성이 나타날 수 있다는 분석이 나왔다.

질문: 카카오 핵심만 정리해줘",제공된 참고 뉴스에 따르면 카카오는 플랫폼 비용 절감로 관심을 받고 있습니다. 다만 실적 추정치 하향 가능성도 함께 언급되어 긍정 요인과 부담 요인이 같이 있는 상황입니다.
"참고 뉴스:
제목: 증권가, 신한지주 실적 전망 점검
내용: 증권가에서는 신한지주가 배당 확대 기대 덕분에 투자 심리가 개선될 수 있다고 봤다. 반면 원가 부담 증가 때문에 추가 확인이 필요하다는 의견도 나왔다.

질문: 신한지주 리스크 중심으로 정리해줘",이 참고 뉴스에서 확인되는 내용은 가장 중요한 리스크는 원가 부담 증가입니다. 긍정 요인이 있어도 이 부담 요인이 커지면 주가 변동성이 확대될 수 있습니다.
"참고 뉴스:
제목: 현대차 관련 수급 변동성 확대
내용: 현대차는 자동차 업종 내 관심이 이어졌지만 수급 흐름은 엇갈렸다. 환율 효과은 긍정 재료로, 원가 부담 증가는 리스크로 제시됐다.

질문: 현대차 매수해도 돼?","이 참고 뉴스에서 확인되는 내용은 현대차의 긍정 요인과 부담 요인은 확인되지만, 이 자료만으로 매수 여부를 판단할 수는 없습니다. 추가 실적, 밸류에이션, 수급 확인이 필요합니다."
"참고 뉴스:
제목: CJ대한통운 관련 수급 변동성 확대
내용: CJ대한통운은 물류 업종 내 관심이 이어졌지만 수급 흐름은 엇갈렸다. 운임 효율화은 긍정 재료로, 실적 추정치 하향 가능성은 리스크로 제시됐다.

질문: CJ대한통운 핵심만 정리해줘",참고 뉴스 기준으로 CJ대한통운은 운임 효율화로 관심을 받고 있습니다. 다만 실적 추정치 하향 가능성도 함께 언급되어 긍정 요인과 부담 요인이 같이 있는 상황입니다.
"참고 뉴스:
제목: CJ대한통운, 투자자 관심 지속
내용: 시장에서는 CJ대한통운의 운임 효율화에 주목했다. 기사에서는 긍정적인 기대와 함께 실적 추정치 하향 가능성을 함께 확인해야 한다고 설명했다.

질문: CJ대한통운 호재랑 부담 요인 나눠서 말해줘",이 참고 뉴스에서 확인되는 내용은 호재는 운임 효율화입니다. 부담 요인은 실적 추정치 하향 가능성입니다.
"참고 뉴스:
제목: 한국전력, 유틸리티 업황 변화에 주목
내용: 한국전력은 연료비 부담 완화 영향으로 실적 개선 기대가 언급됐다. 다만 수요 회복 속도 둔화는 부담 요인으로 꼽혔다.

질문: 한국전력 부담되는 내용도 있어?",참고 뉴스 기준으로 부담되는 내용은 수요 회복 속도 둔화입니다. 이 부분은 주가 변동성을 키울 수 있는 요인으로 언급됐습니다.
"참고 뉴스:
제목: LG에너지솔루션, 투자자 관심 지속
내용: 시장에서는 LG에너지솔루션의 전기차 신차 출시 기대에 주목했다. 기사에서는 긍정적인 기대와 함께 환율 변동성 확대을 함께 확인해야 한다고 설명했다.

질문: LG에너지솔루션 목표주가 얼마야?",참고 뉴스에는 LG에너지솔루션의 구체적인 목표주가가 제시되어 있지 않습니다. 제공된 자료만으로는 목표주가를 말할 수 없습니다.
"참고 뉴스:
제목: 원달러 환율 상승, 외국인 수급 부담
내용: 원달러 환율이 상승하면서 외국인 투자자의 국내 주식 매수세가 약해질 수 있다는 우려가 나왔다. 환율 변동성은 수출주에는 긍정적일 수 있지만, 시장 전체에는 부담 요인으로 작용할 수 있다.

질문: 외국인 수급이 왜 중요해?",참고 뉴스에서는 환율 상승이 외국인 투자자의 국내 주식 매수세를 약화시킬 수 있다고 설명합니다. 외국인 수급은 시장 방향성에 영향을 줄 수 있어 중요합니다.
"참고 뉴스:
제목: 증권가, 삼성전자 실적 전망 점검
내용: 증권가에서는 삼성전자가 AI 서버 수요 증가 덕분에 투자 심리가 개선될 수 있다고 봤다. 반면 금리 불확실성 때문에 추가 확인이 필요하다는 의견도 나왔다.

질문: 삼성전자 긍정적인 내용이 있어?",이 참고 뉴스에서 확인되는 내용은 긍정적인 내용은 AI 서버 수요 증가로 인해 실적이나 투자 심리가 개선될 수 있다는 점입니다.
"참고 뉴스:
제목: LG에너지솔루션, 2차전지 업종 내 관심 지속
내용: LG에너지솔루션은 배터리 출하량 회복 기대와 관련해 투자자 관심이 이어졌다. 기사에는 목표주가, 배당금, 구체적인 실적 수치, 밸류에이션 지표는 포함되지 않았다.

질문: LG에너지솔루션 목표주가 알려줘",참고 뉴스에는 LG에너지솔루션의 목표주가 정보가 나와 있지 않습니다. 제공된 자료만으로는 목표주가을 확인할 수 없습니다.
"참고 뉴스:
제목: 자동차 업종 점검, 현대차 주목
내용: 현대차는 하이브리드 수요 확대 관련 기대가 커졌지만, 단기적으로는 차익 실현 매물 출회 가능성으로 변동성이 나타날 수 있다는 분석이 나왔다.

질문: 현대차 리스크 중심으로 정리해줘",참고 뉴스 기준으로 가장 중요한 리스크는 차익 실현 매물 출회 가능성입니다. 긍정 요인이 있어도 이 부담 요인이 커지면 주가 변동성이 확대될 수 있습니다.
"참고 뉴스:
제목: 대한항공, 항공 업황 변화에 주목
내용: 대한항공은 여객 수요 회복 영향으로 실적 개선 기대가 언급됐다. 다만 경쟁 심화는 부담 요인으로 꼽혔다.

질문: 대한항공 리스크 중심으로 정리해줘",제공된 참고 뉴스에 따르면 가장 중요한 리스크는 경쟁 심화입니다. 긍정 요인이 있어도 이 부담 요인이 커지면 주가 변동성이 확대될 수 있습니다.
"참고 뉴스:
제목: 화장품 업종 점검, 아모레퍼시픽 주목
내용: 아모레퍼시픽은 북미 매출 성장 관련 기대가 커졌지만, 단기적으로는 차익 실현 매물 출회 가능성으로 변동성이 나타날 수 있다는 분석이 나왔다.

질문: 아모레퍼시픽 핵심만 정리해줘",주어진 자료만 보면 아모레퍼시픽은 북미 매출 성장로 관심을 받고 있습니다. 다만 차익 실현 매물 출회 가능성도 함께 언급되어 긍정 요인과 부담 요인이 같이 있는 상황입니다.
"참고 뉴스:
제목: 은행주, 배당 기대와 금리 전망에 혼조
내용: 은행주는 배당 매력과 주주환원 정책 기대가 부각되었지만, 향후 금리 인하 가능성이 순이자마진을 압박할 수 있다는 우려도 함께 나타났다.

질문: 은행주 장점 알려줘",참고 뉴스 기준으로 은행주의 장점은 배당 매력과 주주환원 정책 기대입니다.
"참고 뉴스:
제목: LG에너지솔루션 관련 수급 변동성 확대
내용: LG에너지솔루션은 2차전지 업종 내 관심이 이어졌지만 수급 흐름은 엇갈렸다. 배터리 출하량 회복 기대는 긍정 재료로, 금리 불확실성은 리스크로 제시됐다.

질문: LG에너지솔루션 핵심만 정리해줘",참고 뉴스 기준으로 LG에너지솔루션은 배터리 출하량 회복 기대로 관심을 받고 있습니다. 다만 금리 불확실성도 함께 언급되어 긍정 요인과 부담 요인이 같이 있는 상황입니다.
"참고 뉴스:
제목: 항공 업종 점검, 대한항공 주목
내용: 대한항공은 여객 수요 회복 관련 기대가 커졌지만, 단기적으로는 금리 불확실성으로 변동성이 나타날 수 있다는 분석이 나왔다.

질문: 대한항공 부담되는 내용도 있어?",이 참고 뉴스에서 확인되는 내용은 부담되는 내용은 금리 불확실성입니다. 이 부분은 주가 변동성을 키울 수 있는 요인으로 언급됐습니다.
"참고 뉴스:
제목: 철강 업종 점검, POSCO홀딩스 주목
내용: POSCO홀딩스는 리튬 사업 기대 관련 기대가 커졌지만, 단기적으로는 수요 회복 속도 둔화으로 변동성이 나타날 수 있다는 분석이 나왔다.

질문: POSCO홀딩스 확인되는 내용만 말해줘","참고 뉴스 기준으로 POSCO홀딩스 관련 긍정 요인으로 리튬 사업 기대가 언급됐고, 부담 요인으로 수요 회복 속도 둔화이 제시됐습니다."
"참고 뉴스:
제목: 현대차, 투자자 관심 지속
내용: 시장에서는 현대차의 하이브리드 수요 확대에 주목했다. 기사에서는 긍정적인 기대와 함께 경쟁 심화을 함께 확인해야 한다고 설명했다.

질문: 현대차 뉴스 근거를 들어 설명해줘","제공된 참고 뉴스에 따르면 근거는 기사에서 하이브리드 수요 확대를 긍정 요인으로 언급했고, 동시에 경쟁 심화을 부담 요인으로 제시했다는 점입니다."
"참고 뉴스:
제목: 증권가, 삼성SDI 실적 전망 점검
내용: 증권가에서는 삼성SDI가 ESS 수요 확대 덕분에 투자 심리가 개선될 수 있다고 봤다. 반면 실적 추정치 하향 가능성 때문에 추가 확인이 필요하다는 의견도 나왔다.

질문: 삼성SDI 부담되는 내용도 있어?",제공된 참고 뉴스에 따르면 부담되는 내용은 실적 추정치 하향 가능성입니다. 이 부분은 주가 변동성을 키울 수 있는 요인으로 언급됐습니다.
"참고 뉴스:
제목: 물류 업종 점검, CJ대한통운 주목
내용: CJ대한통운은 운임 효율화 관련 기대가 커졌지만, 단기적으로는 경쟁 심화으로 변동성이 나타날 수 있다는 분석이 나왔다.

질문: CJ대한통운 목표주가 얼마야?",참고 뉴스에는 CJ대한통운의 구체적인 목표주가가 제시되어 있지 않습니다. 제공된 자료만으로는 목표주가를 말할 수 없습니다.
"참고 뉴스:
제목: 증권가, 네이버 실적 전망 점검
내용: 증권가에서는 네이버가 광고 매출 회복 기대 덕분에 투자 심리가 개선될 수 있다고 봤다. 반면 금리 불확실성 때문에 추가 확인이 필요하다는 의견도 나왔다.

질문: 네이버 분위기 어때?",제공된 참고 뉴스에 따르면 네이버에 대한 분위기는 중립에서 긍정 쪽에 가깝습니다. 다만 금리 불확실성이 있어 단정적으로 좋다고만 보기는 어렵습니다.
"참고 뉴스:
제목: 대한항공 관련 수급 변동성 확대
내용: 대한항공은 항공 업종 내 관심이 이어졌지만 수급 흐름은 엇갈렸다. 화물 운임 안정은 긍정 재료로, 환율 변동성 확대는 리스크로 제시됐다.

질문: 대한항공 분위기 어때?",주어진 자료만 보면 대한항공에 대한 분위기는 중립에서 긍정 쪽에 가깝습니다. 다만 환율 변동성 확대이 있어 단정적으로 좋다고만 보기는 어렵습니다.
"참고 뉴스:
제목: 신한지주, 금융 업황 변화에 주목
내용: 신한지주는 자사주 매입 기대 영향으로 실적 개선 기대가 언급됐다. 다만 원가 부담 증가는 부담 요인으로 꼽혔다.

질문: 신한지주 호재랑 부담 요인 나눠서 말해줘",참고 뉴스 기준으로 호재는 자사주 매입 기대입니다. 부담 요인은 원가 부담 증가입니다.
"참고 뉴스:
제목: 증권가, 하이브 실적 전망 점검
내용: 증권가에서는 하이브가 콘텐츠 매출 증가 덕분에 투자 심리가 개선될 수 있다고 봤다. 반면 환율 변동성 확대 때문에 추가 확인이 필요하다는 의견도 나왔다.

질문: 하이브 긍정적인 내용이 있어?",참고 뉴스 기준으로 긍정적인 내용은 콘텐츠 매출 증가로 인해 실적이나 투자 심리가 개선될 수 있다는 점입니다.
"참고 뉴스:
제목: 삼성전자 관련 수급 변동성 확대
내용: 삼성전자는 반도체 업종 내 관심이 이어졌지만 수급 흐름은 엇갈렸다. 파운드리 수익성 개선 기대는 긍정 재료로, 경쟁 심화는 리스크로 제시됐다.

질문: 삼성전자 호재랑 부담 요인 나눠서 말해줘",이 참고 뉴스에서 확인되는 내용은 호재는 파운드리 수익성 개선 기대입니다. 부담 요인은 경쟁 심화입니다.
"참고 뉴스:
제목: 신한지주 관련 수급 변동성 확대
내용: 신한지주는 금융 업종 내 관심이 이어졌지만 수급 흐름은 엇갈렸다. 배당 확대 기대는 긍정 재료로, 원가 부담 증가는 리스크로 제시됐다.

질문: 신한지주 분위기 어때?",주어진 자료만 보면 신한지주에 대한 분위기는 중립에서 긍정 쪽에 가깝습니다. 다만 원가 부담 증가이 있어 단정적으로 좋다고만 보기는 어렵습니다.
"참고 뉴스:
제목: 신한지주, 금융 업종 내 관심 지속
내용: 신한지주는 자사주 매입 기대와 관련해 투자자 관심이 이어졌다. 기사에는 목표주가, 배당금, 구체적인 실적 수치, 밸류에이션 지표는 포함되지 않았다.

질문: 신한지주 이번 분기 영업이익 숫자 알려줘",참고 뉴스에는 신한지주의 영업이익 정보가 나와 있지 않습니다. 제공된 자료만으로는 영업이익을 확인할 수 없습니다.
"참고 뉴스:
제목: 삼성전자 관련 수급 변동성 확대
내용: 삼성전자는 반도체 업종 내 관심이 이어졌지만 수급 흐름은 엇갈렸다. 메모리 업황 회복 기대는 긍정 재료로, 실적 추정치 하향 가능성은 리스크로 제시됐다.

질문: 삼성전자 뉴스 근거를 들어 설명해줘","제공된 참고 뉴스에 따르면 근거는 기사에서 메모리 업황 회복 기대를 긍정 요인으로 언급했고, 동시에 실적 추정치 하향 가능성을 부담 요인으로 제시했다는 점입니다."
"참고 뉴스:
제목: 아모레퍼시픽, 화장품 업종 내 관심 지속
내용: 아모레퍼시픽은 면세 채널 개선와 관련해 투자자 관심이 이어졌다. 기사에는 목표주가, 배당금, 구체적인 실적 수치, 밸류에이션 지표는 포함되지 않았다.

질문: 아모레퍼시픽 내일 주가 오를까?",참고 뉴스에는 아모레퍼시픽의 내일 주가 방향 정보가 나와 있지 않습니다. 제공된 자료만으로는 내일 주가 방향을 확인할 수 없습니다.
"참고 뉴스:
제목: 유틸리티 업종 점검, 한국전력 주목
내용: 한국전력은 연료비 부담 완화 관련 기대가 커졌지만, 단기적으로는 환율 변동성 확대으로 변동성이 나타날 수 있다는 분석이 나왔다.

질문: 한국전력 매수해도 돼?","주어진 자료만 보면 한국전력의 긍정 요인과 부담 요인은 확인되지만, 이 자료만으로 매수 여부를 판단할 수는 없습니다. 추가 실적, 밸류에이션, 수급 확인이 필요합니다."
"참고 뉴스:
제목: 한화에어로스페이스 관련 수급 변동성 확대
내용: 한화에어로스페이스는 방산 업종 내 관심이 이어졌지만 수급 흐름은 엇갈렸다. 방산 수출 기대는 긍정 재료로, 기관과 외국인 수급 엇갈림은 리스크로 제시됐다.

질문: 한화에어로스페이스 긍정적인 내용이 있어?",제공된 참고 뉴스에 따르면 긍정적인 내용은 방산 수출 기대로 인해 실적이나 투자 심리가 개선될 수 있다는 점입니다.
"참고 뉴스:
제목: 삼성바이오로직스 관련 수급 변동성 확대
내용: 삼성바이오로직스는 바이오 업종 내 관심이 이어졌지만 수급 흐름은 엇갈렸다. 위탁생산 수주 확대는 긍정 재료로, 경쟁 심화는 리스크로 제시됐다.

질문: 삼성바이오로직스 매수해도 돼?","참고 뉴스 기준으로 삼성바이오로직스의 긍정 요인과 부담 요인은 확인되지만, 이 자료만으로 매수 여부를 판단할 수는 없습니다. 추가 실적, 밸류에이션, 수급 확인이 필요합니다."
"참고 뉴스:
제목: 기아, 투자자 관심 지속
내용: 시장에서는 기아의 SUV 판매 호조에 주목했다. 기사에서는 긍정적인 기대와 함께 원가 부담 증가을 함께 확인해야 한다고 설명했다.

질문: 기아 분위기 어때?",이 참고 뉴스에서 확인되는 내용은 기아에 대한 분위기는 중립에서 긍정 쪽에 가깝습니다. 다만 원가 부담 증가이 있어 단정적으로 좋다고만 보기는 어렵습니다.
"참고 뉴스:
제목: 현대차 관련 수급 변동성 확대
내용: 현대차는 자동차 업종 내 관심이 이어졌지만 수급 흐름은 엇갈렸다. 환율 효과은 긍정 재료로, 수요 회복 속도 둔화는 리스크로 제시됐다.

질문: 현대차 뉴스 근거를 들어 설명해줘","참고 뉴스 기준으로 근거는 기사에서 환율 효과를 긍정 요인으로 언급했고, 동시에 수요 회복 속도 둔화을 부담 요인으로 제시했다는 점입니다."
"참고 뉴스:
제목: 셀트리온, 바이오 업황 변화에 주목
내용: 셀트리온은 해외 판매망 강화 영향으로 실적 개선 기대가 언급됐다. 다만 환율 변동성 확대는 부담 요인으로 꼽혔다.

질문: 셀트리온 리스크 중심으로 정리해줘",주어진 자료만 보면 가장 중요한 리스크는 환율 변동성 확대입니다. 긍정 요인이 있어도 이 부담 요인이 커지면 주가 변동성이 확대될 수 있습니다.
"참고 뉴스:
제목: 네이버, 인터넷 기대
내용: 네이버는 클라우드 사업 성장 영향으로 관심을 받았다. 부담 요인은 경쟁 심화이다.

제목: 카카오, 인터넷 점검
내용: 카카오는 커머스 서비스 개편 기대가 있지만 차익 실현 매물 출회 가능성도 함께 언급됐다.

질문: 두 뉴스에서 확인되는 리스크를 정리해줘","참고 뉴스에서 확인되는 리스크는 네이버의 경쟁 심화, 카카오의 차익 실현 매물 출회 가능성입니다."
"참고 뉴스:
제목: 증권가, 하이브 실적 전망 점검
내용: 증권가에서는 하이브가 글로벌 팬덤 확대 덕분에 투자 심리가 개선될 수 있다고 봤다. 반면 경쟁 심화 때문에 추가 확인이 필요하다는 의견도 나왔다.

질문: 하이브 투자 판단할 때 뭘 더 봐야 해?","주어진 자료만 보면 기사에 나온 글로벌 팬덤 확대와 경쟁 심화 외에도 실제 실적, 수급, 업종 전망, 밸류에이션을 함께 확인해야 합니다."
"참고 뉴스:
제목: 신한지주, 금융 업종 내 관심 지속
내용: 신한지주는 건전성 관리 강화와 관련해 투자자 관심이 이어졌다. 기사에는 목표주가, 배당금, 구체적인 실적 수치, 밸류에이션 지표는 포함되지 않았다.

질문: 신한지주 목표주가 알려줘",참고 뉴스에는 신한지주의 목표주가 정보가 나와 있지 않습니다. 제공된 자료만으로는 목표주가을 확인할 수 없습니다.
"참고 뉴스:
제목: 은행주, 배당 기대와 금리 전망에 혼조
내용: 은행주는 배당 매력과 주주환원 정책 기대가 부각되었지만, 향후 금리 인하 가능성이 순이자마진을 압박할 수 있다는 우려도 함께 나타났다.

질문: 이 뉴스에서 확인할 수 있는 내용만 말해줘",참고 뉴스에서 확인할 수 있는 내용은 다음과 같습니다. 은행주는 배당 매력과 주주환원 기대가 긍정 요인으로 언급되었습니다. 하지만 금리 인하 가능성이 순이자마진을 압박할 수 있다는 우려도 있습니다.
"참고 뉴스:
제목: 네이버, 인터넷 업황 변화에 주목
내용: 네이버는 AI 검색 서비스 고도화 영향으로 실적 개선 기대가 언급됐다. 다만 금리 불확실성은 부담 요인으로 꼽혔다.

질문: 네이버 핵심만 정리해줘",주어진 자료만 보면 네이버는 AI 검색 서비스 고도화로 관심을 받고 있습니다. 다만 금리 불확실성도 함께 언급되어 긍정 요인과 부담 요인이 같이 있는 상황입니다.
"참고 뉴스:
제목: 삼성바이오로직스, 바이오 업종 내 관심 지속
내용: 삼성바이오로직스는 공장 가동률 개선와 관련해 투자자 관심이 이어졌다. 기사에는 목표주가, 배당금, 구체적인 실적 수치, 밸류에이션 지표는 포함되지 않았다.

질문: 삼성바이오로직스 배당금 얼마야?",참고 뉴스에는 삼성바이오로직스의 배당금 정보가 나와 있지 않습니다. 제공된 자료만으로는 배당금을 확인할 수 없습니다.
"참고 뉴스:
제목: 증권가, 한국전력 실적 전망 점검
내용: 증권가에서는 한국전력이 연료비 부담 완화 덕분에 투자 심리가 개선될 수 있다고 봤다. 반면 수요 회복 속도 둔화 때문에 추가 확인이 필요하다는 의견도 나왔다.

질문: 한국전력 확인되는 내용만 말해줘","참고 뉴스 기준으로 한국전력 관련 긍정 요인으로 연료비 부담 완화가 언급됐고, 부담 요인으로 수요 회복 속도 둔화이 제시됐습니다."
"참고 뉴스:
제목: LG에너지솔루션, 2차전지 업황 변화에 주목
내용: LG에너지솔루션은 전기차 신차 출시 기대 영향으로 실적 개선 기대가 언급됐다. 다만 환율 변동성 확대는 부담 요인으로 꼽혔다.

질문: LG에너지솔루션 부담되는 내용도 있어?",이 참고 뉴스에서 확인되는 내용은 부담되는 내용은 환율 변동성 확대입니다. 이 부분은 주가 변동성을 키울 수 있는 요인으로 언급됐습니다.
"참고 뉴스:
제목: 물류 업종 점검, CJ대한통운 주목
내용: CJ대한통운은 택배 물동량 회복 관련 기대가 커졌지만, 단기적으로는 차익 실현 매물 출회 가능성으로 변동성이 나타날 수 있다는 분석이 나왔다.

질문: CJ대한통운 확인되는 내용만 말해줘","주어진 자료만 보면 CJ대한통운 관련 긍정 요인으로 택배 물동량 회복가 언급됐고, 부담 요인으로 차익 실현 매물 출회 가능성이 제시됐습니다."
"참고 뉴스:
제목: 한화에어로스페이스, 방산 업종 내 관심 지속
내용: 한화에어로스페이스는 방산 수출 기대와 관련해 투자자 관심이 이어졌다. 기사에는 목표주가, 배당금, 구체적인 실적 수치, 밸류에이션 지표는 포함되지 않았다.

질문: 한화에어로스페이스 내일 주가 오를까?",참고 뉴스에는 한화에어로스페이스의 내일 주가 방향 정보가 나와 있지 않습니다. 제공된 자료만으로는 내일 주가 방향을 확인할 수 없습니다.
"참고 뉴스:
제목: 신한지주, 투자자 관심 지속
내용: 시장에서는 신한지주의 건전성 관리 강화에 주목했다. 기사에서는 긍정적인 기대와 함께 실적 추정치 하향 가능성을 함께 확인해야 한다고 설명했다.

질문: 신한지주 뉴스 근거를 들어 설명해줘","참고 뉴스 기준으로 근거는 기사에서 건전성 관리 강화를 긍정 요인으로 언급했고, 동시에 실적 추정치 하향 가능성을 부담 요인으로 제시했다는 점입니다."
"참고 뉴스:
제목: 바이오 업종 점검, 삼성바이오로직스 주목
내용: 삼성바이오로직스는 공장 가동률 개선 관련 기대가 커졌지만, 단기적으로는 수요 회복 속도 둔화으로 변동성이 나타날 수 있다는 분석이 나왔다.

질문: 삼성바이오로직스 핵심만 정리해줘",이 참고 뉴스에서 확인되는 내용은 삼성바이오로직스는 공장 가동률 개선로 관심을 받고 있습니다. 다만 수요 회복 속도 둔화도 함께 언급되어 긍정 요인과 부담 요인이 같이 있는 상황입니다.
"참고 뉴스:
제목: 기아 관련 수급 변동성 확대
내용: 기아는 자동차 업종 내 관심이 이어졌지만 수급 흐름은 엇갈렸다. 고환율 수혜 기대는 긍정 재료로, 원가 부담 증가는 리스크로 제시됐다.

질문: 기아 부담되는 내용도 있어?",이 참고 뉴스에서 확인되는 내용은 부담되는 내용은 원가 부담 증가입니다. 이 부분은 주가 변동성을 키울 수 있는 요인으로 언급됐습니다.
"참고 뉴스:
제목: 삼성바이오로직스, 투자자 관심 지속
내용: 시장에서는 삼성바이오로직스의 장기 공급계약 증가에 주목했다. 기사에서는 긍정적인 기대와 함께 실적 추정치 하향 가능성을 함께 확인해야 한다고 설명했다.

질문: 삼성바이오로직스 핵심만 정리해줘",참고 뉴스 기준으로 삼성바이오로직스는 장기 공급계약 증가로 관심을 받고 있습니다. 다만 실적 추정치 하향 가능성도 함께 언급되어 긍정 요인과 부담 요인이 같이 있는 상황입니다.
"참고 뉴스:
제목: 삼성전자, 반도체 업종 내 관심 지속
내용: 삼성전자는 파운드리 수익성 개선 기대와 관련해 투자자 관심이 이어졌다. 기사에는 목표주가, 배당금, 구체적인 실적 수치, 밸류에이션 지표는 포함되지 않았다.

질문: 삼성전자 PER 얼마야?",참고 뉴스에는 삼성전자의 PER 정보가 나와 있지 않습니다. 제공된 자료만으로는 PER을 확인할 수 없습니다.
"참고 뉴스:
제목: 인터넷 업종 점검, 카카오 주목
내용: 카카오는 커머스 서비스 개편 관련 기대가 커졌지만, 단기적으로는 실적 추정치 하향 가능성으로 변동성이 나타날 수 있다는 분석이 나왔다.

질문: 카카오 긍정적인 내용이 있어?",이 참고 뉴스에서 확인되는 내용은 긍정적인 내용은 커머스 서비스 개편로 인해 실적이나 투자 심리가 개선될 수 있다는 점입니다.
"참고 뉴스:
제목: 바이오 업종 변화에 시장 관심
내용: 수출과 신약 허가 기대가 투자 심리를 개선했다. 그러나 연구개발비 부담과 임상 불확실성이 있다. 전문가들은 관련 지표와 수급 흐름을 함께 확인해야 한다고 말했다.

질문: 바이오 업종 긍정 요인만 정리해줘",참고 뉴스 기준으로 긍정 요인은 수출과 신약 허가 기대가 투자 심리를 개선했다는 점입니다.
"참고 뉴스:
제목: 코스피, 외국인 매수세에 상승 마감
내용: 국내 증시는 외국인 순매수와 반도체 대형주의 강세에 힘입어 상승 마감했다. 전문가들은 금리 인하 기대가 투자 심리를 지지했지만, 단기 급등에 따른 차익 실현 매물도 주의해야 한다고 말했다.

질문: 국내 주식 시장 분위기 알려줘","참고 뉴스 기준으로 국내 주식 시장 분위기는 비교적 긍정적입니다. 외국인 순매수와 반도체 대형주 강세가 상승을 이끌었고, 금리 인하 기대도 투자 심리에 도움이 되었습니다."
"참고 뉴스:
제목: 바이오 업종 점검, 삼성바이오로직스 주목
내용: 삼성바이오로직스는 장기 공급계약 증가 관련 기대가 커졌지만, 단기적으로는 경쟁 심화으로 변동성이 나타날 수 있다는 분석이 나왔다.

질문: 삼성바이오로직스 리스크 중심으로 정리해줘",참고 뉴스 기준으로 가장 중요한 리스크는 경쟁 심화입니다. 긍정 요인이 있어도 이 부담 요인이 커지면 주가 변동성이 확대될 수 있습니다.
"참고 뉴스:
제목: 하이브, 엔터 업황 변화에 주목
내용: 하이브는 글로벌 팬덤 확대 영향으로 실적 개선 기대가 언급됐다. 다만 실적 추정치 하향 가능성은 부담 요인으로 꼽혔다.

질문: 하이브 긍정적인 내용이 있어?",주어진 자료만 보면 긍정적인 내용은 글로벌 팬덤 확대로 인해 실적이나 투자 심리가 개선될 수 있다는 점입니다.
"참고 뉴스:
제목: 증권가, LG에너지솔루션 실적 전망 점검
내용: 증권가에서는 LG에너지솔루션이 배터리 출하량 회복 기대 덕분에 투자 심리가 개선될 수 있다고 봤다. 반면 환율 변동성 확대 때문에 추가 확인이 필요하다는 의견도 나왔다.

질문: LG에너지솔루션 핵심만 정리해줘",이 참고 뉴스에서 확인되는 내용은 LG에너지솔루션은 배터리 출하량 회복 기대로 관심을 받고 있습니다. 다만 환율 변동성 확대도 함께 언급되어 긍정 요인과 부담 요인이 같이 있는 상황입니다.
"참고 뉴스:
제목: 셀트리온, 투자자 관심 지속
내용: 시장에서는 셀트리온의 신제품 허가 기대에 주목했다. 기사에서는 긍정적인 기대와 함께 실적 추정치 하향 가능성을 함께 확인해야 한다고 설명했다.

질문: 셀트리온 한 문장으로 요약해줘",셀트리온은 신제품 허가 기대 기대가 있지만 실적 추정치 하향 가능성도 함께 확인해야 하는 상황입니다.
"참고 뉴스:
제목: 바이오 업종 변화에 시장 관심
내용: 수출과 신약 허가 기대가 투자 심리를 개선했다. 그러나 연구개발비 부담과 임상 불확실성이 있다. 전문가들은 관련 지표와 수급 흐름을 함께 확인해야 한다고 말했다.

질문: 바이오 업종 관련 업종에 어떤 의미가 있어?","이 참고 뉴스에서 확인되는 내용은 바이오 업종은 관련 업종의 투자 심리와 수급에 영향을 줄 수 있습니다. 특히 긍정 요인은 수출과 신약 허가 기대가 투자 심리를 개선했다는 점이고, 부담 요인은 연구개발비 부담과 임상 불확실성이 있다는 점입니다."
"참고 뉴스:
제목: 삼성바이오로직스, 바이오 기대
내용: 삼성바이오로직스는 장기 공급계약 증가 영향으로 관심을 받았다. 부담 요인은 차익 실현 매물 출회 가능성이다.

제목: SK하이닉스, 반도체 점검
내용: SK하이닉스는 HBM 공급 확대 기대가 있지만 수요 회복 속도 둔화도 함께 언급됐다.

질문: 두 기업 중 뉴스가 더 긍정적인 쪽을 말해줘",제공된 참고 뉴스만 보면 두 기업 모두 긍정 요인이 있습니다. 다만 어느 쪽이 더 좋다고 단정하려면 실적 수치와 수급 정보가 더 필요합니다.
"참고 뉴스:
제목: 삼성전자, 투자자 관심 지속
내용: 시장에서는 삼성전자의 AI 서버 수요 증가에 주목했다. 기사에서는 긍정적인 기대와 함께 경쟁 심화을 함께 확인해야 한다고 설명했다.

질문: 삼성전자 매수해도 돼?","참고 뉴스 기준으로 삼성전자의 긍정 요인과 부담 요인은 확인되지만, 이 자료만으로 매수 여부를 판단할 수는 없습니다. 추가 실적, 밸류에이션, 수급 확인이 필요합니다."
"참고 뉴스:
제목: 바이오 업종 점검, 삼성바이오로직스 주목
내용: 삼성바이오로직스는 장기 공급계약 증가 관련 기대가 커졌지만, 단기적으로는 원가 부담 증가으로 변동성이 나타날 수 있다는 분석이 나왔다.

질문: 삼성바이오로직스 부담되는 내용도 있어?",제공된 참고 뉴스에 따르면 부담되는 내용은 원가 부담 증가입니다. 이 부분은 주가 변동성을 키울 수 있는 요인으로 언급됐습니다.
"참고 뉴스:
제목: 아모레퍼시픽 관련 수급 변동성 확대
내용: 아모레퍼시픽은 화장품 업종 내 관심이 이어졌지만 수급 흐름은 엇갈렸다. 중국 소비 회복 기대는 긍정 재료로, 환율 변동성 확대는 리스크로 제시됐다.

질문: 아모레퍼시픽 분위기 어때?",참고 뉴스 기준으로 아모레퍼시픽에 대한 분위기는 중립에서 긍정 쪽에 가깝습니다. 다만 환율 변동성 확대이 있어 단정적으로 좋다고만 보기는 어렵습니다.
"참고 뉴스:
제목: 증권가, 하이브 실적 전망 점검
내용: 증권가에서는 하이브가 아티스트 활동 재개 덕분에 투자 심리가 개선될 수 있다고 봤다. 반면 수요 회복 속도 둔화 때문에 추가 확인이 필요하다는 의견도 나왔다.

질문: 하이브 호재랑 부담 요인 나눠서 말해줘",이 참고 뉴스에서 확인되는 내용은 호재는 아티스트 활동 재개입니다. 부담 요인은 수요 회복 속도 둔화입니다.
"참고 뉴스:
제목: POSCO홀딩스 관련 수급 변동성 확대
내용: POSCO홀딩스는 철강 업종 내 관심이 이어졌지만 수급 흐름은 엇갈렸다. 중국 경기 부양 기대는 긍정 재료로, 원가 부담 증가는 리스크로 제시됐다.

질문: POSCO홀딩스 확인되는 내용만 말해줘","주어진 자료만 보면 POSCO홀딩스 관련 긍정 요인으로 중국 경기 부양 기대가 언급됐고, 부담 요인으로 원가 부담 증가이 제시됐습니다."
"참고 뉴스:
제목: 항공 업종 점검, 대한항공 주목
내용: 대한항공은 여객 수요 회복 관련 기대가 커졌지만, 단기적으로는 경쟁 심화으로 변동성이 나타날 수 있다는 분석이 나왔다.

질문: 대한항공 뉴스 근거를 들어 설명해줘","주어진 자료만 보면 근거는 기사에서 여객 수요 회복를 긍정 요인으로 언급했고, 동시에 경쟁 심화을 부담 요인으로 제시했다는 점입니다."
"참고 뉴스:
제목: 증권가, 한국전력 실적 전망 점검
내용: 증권가에서는 한국전력이 전기요금 조정 기대 덕분에 투자 심리가 개선될 수 있다고 봤다. 반면 원가 부담 증가 때문에 추가 확인이 필요하다는 의견도 나왔다.

질문: 한국전력 호재랑 부담 요인 나눠서 말해줘",제공된 참고 뉴스에 따르면 호재는 전기요금 조정 기대입니다. 부담 요인은 원가 부담 증가입니다.
"참고 뉴스:
제목: 증권가, CJ대한통운 실적 전망 점검
내용: 증권가에서는 CJ대한통운이 자동화 투자 효과 덕분에 투자 심리가 개선될 수 있다고 봤다. 반면 금리 불확실성 때문에 추가 확인이 필요하다는 의견도 나왔다.

질문: CJ대한통운 투자 판단할 때 뭘 더 봐야 해?","이 참고 뉴스에서 확인되는 내용은 기사에 나온 자동화 투자 효과와 금리 불확실성 외에도 실제 실적, 수급, 업종 전망, 밸류에이션을 함께 확인해야 합니다."
"참고 뉴스:
제목: 삼성전자, 투자자 관심 지속
내용: 시장에서는 삼성전자의 파운드리 수익성 개선 기대에 주목했다. 기사에서는 긍정적인 기대와 함께 원가 부담 증가을 함께 확인해야 한다고 설명했다.

질문: 삼성전자 뉴스 근거를 들어 설명해줘","이 참고 뉴스에서 확인되는 내용은 근거는 기사에서 파운드리 수익성 개선 기대를 긍정 요인으로 언급했고, 동시에 원가 부담 증가을 부담 요인으로 제시했다는 점입니다."
"참고 뉴스:
제목: 증권가, LG에너지솔루션 실적 전망 점검
내용: 증권가에서는 LG에너지솔루션이 전기차 신차 출시 기대 덕분에 투자 심리가 개선될 수 있다고 봤다. 반면 수요 회복 속도 둔화 때문에 추가 확인이 필요하다는 의견도 나왔다.

질문: LG에너지솔루션 분위기 어때?",이 참고 뉴스에서 확인되는 내용은 LG에너지솔루션에 대한 분위기는 중립에서 긍정 쪽에 가깝습니다. 다만 수요 회복 속도 둔화이 있어 단정적으로 좋다고만 보기는 어렵습니다.
"참고 뉴스:
제목: CJ대한통운, 물류 업황 변화에 주목
내용: CJ대한통운은 택배 물동량 회복 영향으로 실적 개선 기대가 언급됐다. 다만 환율 변동성 확대는 부담 요인으로 꼽혔다.

질문: CJ대한통운 리스크 중심으로 정리해줘",주어진 자료만 보면 가장 중요한 리스크는 환율 변동성 확대입니다. 긍정 요인이 있어도 이 부담 요인이 커지면 주가 변동성이 확대될 수 있습니다.
"참고 뉴스:
제목: CJ대한통운, 투자자 관심 지속
내용: 시장에서는 CJ대한통운의 자동화 투자 효과에 주목했다. 기사에서는 긍정적인 기대와 함께 차익 실현 매물 출회 가능성을 함께 확인해야 한다고 설명했다.

질문: CJ대한통운 분위기 어때?",참고 뉴스 기준으로 CJ대한통운에 대한 분위기는 중립에서 긍정 쪽에 가깝습니다. 다만 차익 실현 매물 출회 가능성이 있어 단정적으로 좋다고만 보기는 어렵습니다.
"참고 뉴스:
제목: 바이오 업종 점검, 삼성바이오로직스 주목
내용: 삼성바이오로직스는 공장 가동률 개선 관련 기대가 커졌지만, 단기적으로는 환율 변동성 확대으로 변동성이 나타날 수 있다는 분석이 나왔다.

질문: 삼성바이오로직스 긍정적인 내용이 있어?",이 참고 뉴스에서 확인되는 내용은 긍정적인 내용은 공장 가동률 개선로 인해 실적이나 투자 심리가 개선될 수 있다는 점입니다.
"참고 뉴스:
제목: 증권가, 기아 실적 전망 점검
내용: 증권가에서는 기아가 북미 시장 점유율 개선 덕분에 투자 심리가 개선될 수 있다고 봤다. 반면 기관과 외국인 수급 엇갈림 때문에 추가 확인이 필요하다는 의견도 나왔다.

질문: 기아 매수해도 돼?","참고 뉴스 기준으로 기아의 긍정 요인과 부담 요인은 확인되지만, 이 자료만으로 매수 여부를 판단할 수는 없습니다. 추가 실적, 밸류에이션, 수급 확인이 필요합니다."
"참고 뉴스:
제목: POSCO홀딩스, 철강 업황 변화에 주목
내용: POSCO홀딩스는 철강 가격 반등 기대 영향으로 실적 개선 기대가 언급됐다. 다만 원가 부담 증가는 부담 요인으로 꼽혔다.

질문: POSCO홀딩스 뉴스 근거를 들어 설명해줘","이 참고 뉴스에서 확인되는 내용은 근거는 기사에서 철강 가격 반등 기대를 긍정 요인으로 언급했고, 동시에 원가 부담 증가을 부담 요인으로 제시했다는 점입니다."
"참고 뉴스:
제목: 증권가, 기아 실적 전망 점검
내용: 증권가에서는 기아가 북미 시장 점유율 개선 덕분에 투자 심리가 개선될 수 있다고 봤다. 반면 차익 실현 매물 출회 가능성 때문에 추가 확인이 필요하다는 의견도 나왔다.

질문: 기아 한 문장으로 요약해줘",기아는 북미 시장 점유율 개선 기대가 있지만 차익 실현 매물 출회 가능성도 함께 확인해야 하는 상황입니다.
"참고 뉴스:
제목: AI 산업 변화에 시장 관심
내용: AI 서버 투자가 반도체와 전력 인프라 기업에 긍정적으로 작용할 수 있다. 그러나 단기 과열에 따른 밸류에이션 부담이 있다. 전문가들은 관련 지표와 수급 흐름을 함께 확인해야 한다고 말했다.

질문: AI 산업 뉴스 핵심만 정리해줘",이 참고 뉴스에서 확인되는 내용은 AI 산업 관련 핵심은 AI 서버 투자가 반도체와 전력 인프라 기업에 긍정적으로 작용할 수 있다는 점입니다. 다만 단기 과열에 따른 밸류에이션 부담이 있다는 부담 요인입니다.
"참고 뉴스:
제목: 금융 업종 점검, 신한지주 주목
내용: 신한지주는 배당 확대 기대 관련 기대가 커졌지만, 단기적으로는 금리 불확실성으로 변동성이 나타날 수 있다는 분석이 나왔다.

질문: 신한지주 확인되는 내용만 말해줘","이 참고 뉴스에서 확인되는 내용은 신한지주 관련 긍정 요인으로 배당 확대 기대가 언급됐고, 부담 요인으로 금리 불확실성이 제시됐습니다."
"참고 뉴스:
제목: 금리 인하 기대, 성장주 투자심리 개선
내용: 시장에서는 기준금리 인하 기대가 커지면서 성장주와 기술주 투자심리가 개선되었다. 다만 물가 지표가 예상보다 높게 나오면 금리 인하 기대가 약해질 수 있다는 전망도 제기됐다.

질문: 금리 관련 리스크 알려줘",금리 관련 리스크는 물가 지표입니다. 물가가 예상보다 높으면 금리 인하 기대가 약해질 수 있습니다.
"참고 뉴스:
제목: POSCO홀딩스, 투자자 관심 지속
내용: 시장에서는 POSCO홀딩스의 리튬 사업 기대에 주목했다. 기사에서는 긍정적인 기대와 함께 수요 회복 속도 둔화을 함께 확인해야 한다고 설명했다.

질문: POSCO홀딩스 투자 판단할 때 뭘 더 봐야 해?","제공된 참고 뉴스에 따르면 기사에 나온 리튬 사업 기대와 수요 회복 속도 둔화 외에도 실제 실적, 수급, 업종 전망, 밸류에이션을 함께 확인해야 합니다."
"참고 뉴스:
제목: 네이버, 투자자 관심 지속
내용: 시장에서는 네이버의 광고 매출 회복 기대에 주목했다. 기사에서는 긍정적인 기대와 함께 실적 추정치 하향 가능성을 함께 확인해야 한다고 설명했다.

질문: 네이버 확인되는 내용만 말해줘","이 참고 뉴스에서 확인되는 내용은 네이버 관련 긍정 요인으로 광고 매출 회복 기대가 언급됐고, 부담 요인으로 실적 추정치 하향 가능성이 제시됐습니다."
"참고 뉴스:
제목: 증권가, 대한항공 실적 전망 점검
내용: 증권가에서는 대한항공이 여객 수요 회복 덕분에 투자 심리가 개선될 수 있다고 봤다. 반면 기관과 외국인 수급 엇갈림 때문에 추가 확인이 필요하다는 의견도 나왔다.

질문: 대한항공 확인되는 내용만 말해줘","이 참고 뉴스에서 확인되는 내용은 대한항공 관련 긍정 요인으로 여객 수요 회복가 언급됐고, 부담 요인으로 기관과 외국인 수급 엇갈림이 제시됐습니다."
"참고 뉴스:
제목: 삼성바이오로직스, 투자자 관심 지속
내용: 시장에서는 삼성바이오로직스의 공장 가동률 개선에 주목했다. 기사에서는 긍정적인 기대와 함께 환율 변동성 확대을 함께 확인해야 한다고 설명했다.

질문: 삼성바이오로직스 목표주가 얼마야?",참고 뉴스에는 삼성바이오로직스의 구체적인 목표주가가 제시되어 있지 않습니다. 제공된 자료만으로는 목표주가를 말할 수 없습니다.
"참고 뉴스:
제목: 한국전력 관련 수급 변동성 확대
내용: 한국전력은 유틸리티 업종 내 관심이 이어졌지만 수급 흐름은 엇갈렸다. 연료비 부담 완화는 긍정 재료로, 실적 추정치 하향 가능성은 리스크로 제시됐다.

질문: 한국전력 부담되는 내용도 있어?",참고 뉴스 기준으로 부담되는 내용은 실적 추정치 하향 가능성입니다. 이 부분은 주가 변동성을 키울 수 있는 요인으로 언급됐습니다.
"참고 뉴스:
제목: 삼성전자 관련 수급 변동성 확대
내용: 삼성전자는 반도체 업종 내 관심이 이어졌지만 수급 흐름은 엇갈렸다. AI 서버 수요 증가는 긍정 재료로, 차익 실현 매물 출회 가능성은 리스크로 제시됐다.

질문: 삼성전자 확인되는 내용만 말해줘","참고 뉴스 기준으로 삼성전자 관련 긍정 요인으로 AI 서버 수요 증가가 언급됐고, 부담 요인으로 차익 실현 매물 출회 가능성이 제시됐습니다."
"참고 뉴스:
제목: 철강 업종 점검, POSCO홀딩스 주목
내용: POSCO홀딩스는 중국 경기 부양 기대 관련 기대가 커졌지만, 단기적으로는 환율 변동성 확대으로 변동성이 나타날 수 있다는 분석이 나왔다.

질문: POSCO홀딩스 부담되는 내용도 있어?",이 참고 뉴스에서 확인되는 내용은 부담되는 내용은 환율 변동성 확대입니다. 이 부분은 주가 변동성을 키울 수 있는 요인으로 언급됐습니다.
"참고 뉴스:
제목: 증권가, 하이브 실적 전망 점검
내용: 증권가에서는 하이브가 아티스트 활동 재개 덕분에 투자 심리가 개선될 수 있다고 봤다. 반면 금리 불확실성 때문에 추가 확인이 필요하다는 의견도 나왔다.

질문: 하이브 긍정적인 내용이 있어?",제공된 참고 뉴스에 따르면 긍정적인 내용은 아티스트 활동 재개로 인해 실적이나 투자 심리가 개선될 수 있다는 점입니다.
"참고 뉴스:
제목: 반도체 업종 점검, 삼성전자 주목
내용: 삼성전자는 파운드리 수익성 개선 기대 관련 기대가 커졌지만, 단기적으로는 기관과 외국인 수급 엇갈림으로 변동성이 나타날 수 있다는 분석이 나왔다.

질문: 삼성전자 호재랑 부담 요인 나눠서 말해줘",제공된 참고 뉴스에 따르면 호재는 파운드리 수익성 개선 기대입니다. 부담 요인은 기관과 외국인 수급 엇갈림입니다.
"참고 뉴스:
제목: LG에너지솔루션, 2차전지 기대
내용: LG에너지솔루션은 원재료 가격 안정 영향으로 관심을 받았다. 부담 요인은 차익 실현 매물 출회 가능성이다.

제목: 네이버, 인터넷 점검
내용: 네이버는 광고 매출 회복 기대 기대가 있지만 원가 부담 증가도 함께 언급됐다.

질문: 두 뉴스의 공통점과 차이점을 정리해줘","참고 뉴스 기준으로 두 기업 모두 긍정 요인과 부담 요인이 함께 언급됐습니다. 차이점은 LG에너지솔루션는 원재료 가격 안정가 강조됐고, 네이버는 광고 매출 회복 기대와 함께 원가 부담 증가도 제시됐다는 점입니다."
"참고 뉴스:
제목: 증권가, CJ대한통운 실적 전망 점검
내용: 증권가에서는 CJ대한통운이 택배 물동량 회복 덕분에 투자 심리가 개선될 수 있다고 봤다. 반면 금리 불확실성 때문에 추가 확인이 필요하다는 의견도 나왔다.

질문: CJ대한통운 리스크 중심으로 정리해줘",이 참고 뉴스에서 확인되는 내용은 가장 중요한 리스크는 금리 불확실성입니다. 긍정 요인이 있어도 이 부담 요인이 커지면 주가 변동성이 확대될 수 있습니다.
"참고 뉴스:
제목: 네이버 관련 수급 변동성 확대
내용: 네이버는 인터넷 업종 내 관심이 이어졌지만 수급 흐름은 엇갈렸다. 광고 매출 회복 기대는 긍정 재료로, 기관과 외국인 수급 엇갈림은 리스크로 제시됐다.

질문: 네이버 목표주가 얼마야?",참고 뉴스에는 네이버의 구체적인 목표주가가 제시되어 있지 않습니다. 제공된 자료만으로는 목표주가를 말할 수 없습니다.
"참고 뉴스:
제목: 전력기기 업종 점검, 두산에너빌리티 주목
내용: 두산에너빌리티는 원전 수주 기대 관련 기대가 커졌지만, 단기적으로는 경쟁 심화으로 변동성이 나타날 수 있다는 분석이 나왔다.

질문: 두산에너빌리티 핵심만 정리해줘",주어진 자료만 보면 두산에너빌리티는 원전 수주 기대로 관심을 받고 있습니다. 다만 경쟁 심화도 함께 언급되어 긍정 요인과 부담 요인이 같이 있는 상황입니다.
"참고 뉴스:
제목: 바이오주, 신약 임상 결과 기대에 강세
내용: 일부 바이오 기업이 신약 임상 중간 결과 발표를 앞두고 강세를 보였다. 다만 전문가들은 임상 결과가 불확실하고 변동성이 큰 업종인 만큼 투자에 주의가 필요하다고 설명했다.

질문: 바이오주 전망 요약해줘",바이오주는 임상 결과 기대감이 긍정 요인입니다. 그러나 실제 임상 결과가 불확실하기 때문에 변동성에 주의해야 합니다.
"참고 뉴스:
제목: 삼성SDI, 2차전지 기대
내용: 삼성SDI는 ESS 수요 확대 영향으로 관심을 받았다. 부담 요인은 경쟁 심화이다.

제목: 한화에어로스페이스, 방산 점검
내용: 한화에어로스페이스는 수주 잔고 확대 기대가 있지만 금리 불확실성도 함께 언급됐다.

질문: 두 뉴스에서 확인되는 리스크를 정리해줘","참고 뉴스에서 확인되는 리스크는 삼성SDI의 경쟁 심화, 한화에어로스페이스의 금리 불확실성입니다."
"참고 뉴스:
제목: LG에너지솔루션, 2차전지 업황 변화에 주목
내용: LG에너지솔루션은 배터리 출하량 회복 기대 영향으로 실적 개선 기대가 언급됐다. 다만 환율 변동성 확대는 부담 요인으로 꼽혔다.

질문: LG에너지솔루션 부담되는 내용도 있어?",이 참고 뉴스에서 확인되는 내용은 부담되는 내용은 환율 변동성 확대입니다. 이 부분은 주가 변동성을 키울 수 있는 요인으로 언급됐습니다.
"참고 뉴스:
제목: 하이브, 투자자 관심 지속
내용: 시장에서는 하이브의 글로벌 팬덤 확대에 주목했다. 기사에서는 긍정적인 기대와 함께 금리 불확실성을 함께 확인해야 한다고 설명했다.

질문: 하이브 확인되는 내용만 말해줘","주어진 자료만 보면 하이브 관련 긍정 요인으로 글로벌 팬덤 확대가 언급됐고, 부담 요인으로 금리 불확실성이 제시됐습니다."
"참고 뉴스:
제목: 증권가, 삼성전자 실적 전망 점검
내용: 증권가에서는 삼성전자가 파운드리 수익성 개선 기대 덕분에 투자 심리가 개선될 수 있다고 봤다. 반면 금리 불확실성 때문에 추가 확인이 필요하다는 의견도 나왔다.

질문: 삼성전자 투자 판단할 때 뭘 더 봐야 해?","제공된 참고 뉴스에 따르면 기사에 나온 파운드리 수익성 개선 기대와 금리 불확실성 외에도 실제 실적, 수급, 업종 전망, 밸류에이션을 함께 확인해야 합니다."
"참고 뉴스:
제목: 아모레퍼시픽 관련 수급 변동성 확대
내용: 아모레퍼시픽은 화장품 업종 내 관심이 이어졌지만 수급 흐름은 엇갈렸다. 면세 채널 개선은 긍정 재료로, 금리 불확실성은 리스크로 제시됐다.

질문: 아모레퍼시픽 한 문장으로 요약해줘",아모레퍼시픽은 면세 채널 개선 기대가 있지만 금리 불확실성도 함께 확인해야 하는 상황입니다.
"참고 뉴스:
제목: 인터넷 업종 점검, 카카오 주목
내용: 카카오는 플랫폼 비용 절감 관련 기대가 커졌지만, 단기적으로는 차익 실현 매물 출회 가능성으로 변동성이 나타날 수 있다는 분석이 나왔다.

질문: 카카오 뉴스 근거를 들어 설명해줘","주어진 자료만 보면 근거는 기사에서 플랫폼 비용 절감를 긍정 요인으로 언급했고, 동시에 차익 실현 매물 출회 가능성을 부담 요인으로 제시했다는 점입니다."
"참고 뉴스:
제목: 삼성전자, 투자자 관심 지속
내용: 시장에서는 삼성전자의 AI 서버 수요 증가에 주목했다. 기사에서는 긍정적인 기대와 함께 원가 부담 증가을 함께 확인해야 한다고 설명했다.

질문: 삼성전자 투자 판단할 때 뭘 더 봐야 해?","주어진 자료만 보면 기사에 나온 AI 서버 수요 증가와 원가 부담 증가 외에도 실제 실적, 수급, 업종 전망, 밸류에이션을 함께 확인해야 합니다."
"참고 뉴스:
제목: 원달러 환율 변화에 시장 관심
내용: 환율 상승이 일부 수출주에는 긍정적으로 작용할 수 있다. 그러나 외국인 수급에는 부담이 될 수 있다. 전문가들은 관련 지표와 수급 흐름을 함께 확인해야 한다고 말했다.

질문: 원달러 환율 긍정 요인만 정리해줘",이 참고 뉴스에서 확인되는 내용은 긍정 요인은 환율 상승이 일부 수출주에는 긍정적으로 작용할 수 있다는 점입니다.
"참고 뉴스:
제목: CJ대한통운, 물류 업황 변화에 주목
내용: CJ대한통운은 운임 효율화 영향으로 실적 개선 기대가 언급됐다. 다만 경쟁 심화는 부담 요인으로 꼽혔다.

질문: CJ대한통운 긍정적인 내용이 있어?",이 참고 뉴스에서 확인되는 내용은 긍정적인 내용은 운임 효율화로 인해 실적이나 투자 심리가 개선될 수 있다는 점입니다.
"참고 뉴스:
제목: 증권가, 하이브 실적 전망 점검
내용: 증권가에서는 하이브가 글로벌 팬덤 확대 덕분에 투자 심리가 개선될 수 있다고 봤다. 반면 기관과 외국인 수급 엇갈림 때문에 추가 확인이 필요하다는 의견도 나왔다.

질문: 하이브 분위기 어때?",제공된 참고 뉴스에 따르면 하이브에 대한 분위기는 중립에서 긍정 쪽에 가깝습니다. 다만 기관과 외국인 수급 엇갈림이 있어 단정적으로 좋다고만 보기는 어렵습니다.
"참고 뉴스:
제목: 아모레퍼시픽 관련 수급 변동성 확대
내용: 아모레퍼시픽은 화장품 업종 내 관심이 이어졌지만 수급 흐름은 엇갈렸다. 중국 소비 회복 기대는 긍정 재료로, 경쟁 심화는 리스크로 제시됐다.

질문: 아모레퍼시픽 분위기 어때?",참고 뉴스 기준으로 아모레퍼시픽에 대한 분위기는 중립에서 긍정 쪽에 가깝습니다. 다만 경쟁 심화이 있어 단정적으로 좋다고만 보기는 어렵습니다.
"참고 뉴스:
제목: 카카오, 인터넷 기대
내용: 카카오는 콘텐츠 사업 조정 영향으로 관심을 받았다. 부담 요인은 금리 불확실성이다.

제목: 대한항공, 항공 점검
내용: 대한항공은 여객 수요 회복 기대가 있지만 환율 변동성 확대도 함께 언급됐다.

질문: 두 뉴스의 공통점과 차이점을 정리해줘","참고 뉴스 기준으로 두 기업 모두 긍정 요인과 부담 요인이 함께 언급됐습니다. 차이점은 카카오는 콘텐츠 사업 조정가 강조됐고, 대한항공는 여객 수요 회복와 함께 환율 변동성 확대도 제시됐다는 점입니다."
"참고 뉴스:
제목: POSCO홀딩스, 투자자 관심 지속
내용: 시장에서는 POSCO홀딩스의 리튬 사업 기대에 주목했다. 기사에서는 긍정적인 기대와 함께 수요 회복 속도 둔화을 함께 확인해야 한다고 설명했다.

질문: POSCO홀딩스 부담되는 내용도 있어?",이 참고 뉴스에서 확인되는 내용은 부담되는 내용은 수요 회복 속도 둔화입니다. 이 부분은 주가 변동성을 키울 수 있는 요인으로 언급됐습니다.
"참고 뉴스:
제목: 바이오주, 신약 임상 결과 기대에 강세
내용: 일부 바이오 기업이 신약 임상 중간 결과 발표를 앞두고 강세를 보였다. 다만 전문가들은 임상 결과가 불확실하고 변동성이 큰 업종인 만큼 투자에 주의가 필요하다고 설명했다.

질문: 바이오주 뉴스 알려줘",바이오주는 신약 임상 중간 결과 발표 기대감으로 강세를 보였습니다. 다만 임상 결과가 불확실하고 업종 변동성이 크기 때문에 주의가 필요합니다.
"참고 뉴스:
제목: 한화에어로스페이스, 투자자 관심 지속
내용: 시장에서는 한화에어로스페이스의 방산 수출 기대에 주목했다. 기사에서는 긍정적인 기대와 함께 금리 불확실성을 함께 확인해야 한다고 설명했다.

질문: 한화에어로스페이스 핵심만 정리해줘",제공된 참고 뉴스에 따르면 한화에어로스페이스는 방산 수출 기대로 관심을 받고 있습니다. 다만 금리 불확실성도 함께 언급되어 긍정 요인과 부담 요인이 같이 있는 상황입니다.
"참고 뉴스:
제목: 삼성전자, 반도체 업황 회복 기대
내용: 증권가는 메모리 반도체 가격 회복과 AI 서버 투자 확대가 삼성전자 실적 개선에 긍정적으로 작용할 수 있다고 분석했다. 다만 단기 주가 흐름은 환율과 외국인 수급에 따라 변동성이 클 수 있다고 설명했다.

질문: 참고 뉴스에 없는 내용도 추측해서 말해줘",참고 뉴스에 없는 내용은 확인할 수 없습니다. 제공된 참고 뉴스에 근거해서만 답변해야 합니다.
"참고 뉴스:
제목: 두산에너빌리티 관련 수급 변동성 확대
내용: 두산에너빌리티는 전력기기 업종 내 관심이 이어졌지만 수급 흐름은 엇갈렸다. 전력 인프라 투자 확대는 긍정 재료로, 기관과 외국인 수급 엇갈림은 리스크로 제시됐다.

질문: 두산에너빌리티 호재랑 부담 요인 나눠서 말해줘",주어진 자료만 보면 호재는 전력 인프라 투자 확대입니다. 부담 요인은 기관과 외국인 수급 엇갈림입니다.
"참고 뉴스:
제목: 신한지주, 금융 업황 변화에 주목
내용: 신한지주는 배당 확대 기대 영향으로 실적 개선 기대가 언급됐다. 다만 환율 변동성 확대는 부담 요인으로 꼽혔다.

질문: 신한지주 목표주가 얼마야?",참고 뉴스에는 신한지주의 구체적인 목표주가가 제시되어 있지 않습니다. 제공된 자료만으로는 목표주가를 말할 수 없습니다.
"참고 뉴스:
제목: POSCO홀딩스, 투자자 관심 지속
내용: 시장에서는 POSCO홀딩스의 철강 가격 반등 기대에 주목했다. 기사에서는 긍정적인 기대와 함께 차익 실현 매물 출회 가능성을 함께 확인해야 한다고 설명했다.

질문: POSCO홀딩스 핵심만 정리해줘",이 참고 뉴스에서 확인되는 내용은 POSCO홀딩스는 철강 가격 반등 기대로 관심을 받고 있습니다. 다만 차익 실현 매물 출회 가능성도 함께 언급되어 긍정 요인과 부담 요인이 같이 있는 상황입니다.
"참고 뉴스:
제목: 현대차 관련 수급 변동성 확대
내용: 현대차는 자동차 업종 내 관심이 이어졌지만 수급 흐름은 엇갈렸다. 북미 판매 호조는 긍정 재료로, 경쟁 심화는 리스크로 제시됐다.

질문: 현대차 리스크 중심으로 정리해줘",이 참고 뉴스에서 확인되는 내용은 가장 중요한 리스크는 경쟁 심화입니다. 긍정 요인이 있어도 이 부담 요인이 커지면 주가 변동성이 확대될 수 있습니다.
"참고 뉴스:
제목: 카카오, 투자자 관심 지속
내용: 시장에서는 카카오의 플랫폼 비용 절감에 주목했다. 기사에서는 긍정적인 기대와 함께 환율 변동성 확대을 함께 확인해야 한다고 설명했다.

질문: 카카오 투자 판단할 때 뭘 더 봐야 해?","제공된 참고 뉴스에 따르면 기사에 나온 플랫폼 비용 절감와 환율 변동성 확대 외에도 실제 실적, 수급, 업종 전망, 밸류에이션을 함께 확인해야 합니다."
"참고 뉴스:
제목: 삼성전자, 반도체 업황 회복 기대
내용: 증권가는 메모리 반도체 가격 회복과 AI 서버 투자 확대가 삼성전자 실적 개선에 긍정적으로 작용할 수 있다고 분석했다. 다만 단기 주가 흐름은 환율과 외국인 수급에 따라 변동성이 클 수 있다고 설명했다.

질문: 삼성전자 주가 전망 요약해줘",참고 뉴스 기준으로 삼성전자는 반도체 가격 회복과 AI 서버 투자 확대가 긍정 요인입니다. 다만 단기 주가 방향은 환율과 외국인 수급 영향을 받을 수 있어 변동성도 함께 봐야 합니다.
"참고 뉴스:
제목: 증권가, 네이버 실적 전망 점검
내용: 증권가에서는 네이버가 AI 검색 서비스 고도화 덕분에 투자 심리가 개선될 수 있다고 봤다. 반면 경쟁 심화 때문에 추가 확인이 필요하다는 의견도 나왔다.

질문: 네이버 목표주가 얼마야?",참고 뉴스에는 네이버의 구체적인 목표주가가 제시되어 있지 않습니다. 제공된 자료만으로는 목표주가를 말할 수 없습니다.
"참고 뉴스:
제목: 증권가, 네이버 실적 전망 점검
내용: 증권가에서는 네이버가 클라우드 사업 성장 덕분에 투자 심리가 개선될 수 있다고 봤다. 반면 기관과 외국인 수급 엇갈림 때문에 추가 확인이 필요하다는 의견도 나왔다.

질문: 네이버 호재랑 부담 요인 나눠서 말해줘",이 참고 뉴스에서 확인되는 내용은 호재는 클라우드 사업 성장입니다. 부담 요인은 기관과 외국인 수급 엇갈림입니다.
"참고 뉴스:
제목: 증권가, POSCO홀딩스 실적 전망 점검
내용: 증권가에서는 POSCO홀딩스가 철강 가격 반등 기대 덕분에 투자 심리가 개선될 수 있다고 봤다. 반면 기관과 외국인 수급 엇갈림 때문에 추가 확인이 필요하다는 의견도 나왔다.

질문: POSCO홀딩스 매수해도 돼?","참고 뉴스 기준으로 POSCO홀딩스의 긍정 요인과 부담 요인은 확인되지만, 이 자료만으로 매수 여부를 판단할 수는 없습니다. 추가 실적, 밸류에이션, 수급 확인이 필요합니다."
"참고 뉴스:
제목: 반도체 업종 점검, 삼성전자 주목
내용: 삼성전자는 메모리 업황 회복 기대 관련 기대가 커졌지만, 단기적으로는 실적 추정치 하향 가능성으로 변동성이 나타날 수 있다는 분석이 나왔다.

질문: 삼성전자 목표주가 얼마야?",참고 뉴스에는 삼성전자의 구체적인 목표주가가 제시되어 있지 않습니다. 제공된 자료만으로는 목표주가를 말할 수 없습니다.
"참고 뉴스:
제목: 증권가, 카카오 실적 전망 점검
내용: 증권가에서는 카카오가 커머스 서비스 개편 덕분에 투자 심리가 개선될 수 있다고 봤다. 반면 실적 추정치 하향 가능성 때문에 추가 확인이 필요하다는 의견도 나왔다.

질문: 카카오 뉴스 근거를 들어 설명해줘","이 참고 뉴스에서 확인되는 내용은 근거는 기사에서 커머스 서비스 개편를 긍정 요인으로 언급했고, 동시에 실적 추정치 하향 가능성을 부담 요인으로 제시했다는 점입니다."
"참고 뉴스:
제목: 하이브, 엔터 기대
내용: 하이브는 글로벌 팬덤 확대 영향으로 관심을 받았다. 부담 요인은 금리 불확실성이다.

제목: 두산에너빌리티, 전력기기 점검
내용: 두산에너빌리티는 원전 수주 기대 기대가 있지만 차익 실현 매물 출회 가능성도 함께 언급됐다.

질문: 두 뉴스에서 확인되는 리스크를 정리해줘","참고 뉴스에서 확인되는 리스크는 하이브의 금리 불확실성, 두산에너빌리티의 차익 실현 매물 출회 가능성입니다."
"참고 뉴스:
제목: 증권가, LG에너지솔루션 실적 전망 점검
내용: 증권가에서는 LG에너지솔루션이 원재료 가격 안정 덕분에 투자 심리가 개선될 수 있다고 봤다. 반면 환율 변동성 확대 때문에 추가 확인이 필요하다는 의견도 나왔다.

질문: LG에너지솔루션 목표주가 얼마야?",참고 뉴스에는 LG에너지솔루션의 구체적인 목표주가가 제시되어 있지 않습니다. 제공된 자료만으로는 목표주가를 말할 수 없습니다.
"참고 뉴스:
제목: 증권가, CJ대한통운 실적 전망 점검
내용: 증권가에서는 CJ대한통운이 택배 물동량 회복 덕분에 투자 심리가 개선될 수 있다고 봤다. 반면 환율 변동성 확대 때문에 추가 확인이 필요하다는 의견도 나왔다.

질문: CJ대한통운 분위기 어때?",참고 뉴스 기준으로 CJ대한통운에 대한 분위기는 중립에서 긍정 쪽에 가깝습니다. 다만 환율 변동성 확대이 있어 단정적으로 좋다고만 보기는 어렵습니다.
"참고 뉴스:
제목: 삼성전자 주가 상승
내용: 삼성전자는 반도체 업황 개선 기대감으로 상승했다.

질문: 투자 판단을 바로 내려도 돼?","참고 뉴스만으로 투자 판단을 바로 내리기는 어렵습니다. 뉴스에 나온 요인만 확인할 수 있으며, 실제 투자는 추가 정보와 리스크를 함께 검토해야 합니다."
"참고 뉴스:
제목: 삼성바이오로직스, 바이오 기대
내용: 삼성바이오로직스는 위탁생산 수주 확대 영향으로 관심을 받았다. 부담 요인은 금리 불확실성이다.

제목: 셀트리온, 바이오 점검
내용: 셀트리온은 신제품 허가 기대 기대가 있지만 금리 불확실성도 함께 언급됐다.

질문: 두 뉴스에서 확인되는 리스크를 정리해줘","참고 뉴스에서 확인되는 리스크는 삼성바이오로직스의 금리 불확실성, 셀트리온의 금리 불확실성입니다."
"참고 뉴스:
제목: 네이버 관련 수급 변동성 확대
내용: 네이버는 인터넷 업종 내 관심이 이어졌지만 수급 흐름은 엇갈렸다. AI 검색 서비스 고도화은 긍정 재료로, 차익 실현 매물 출회 가능성은 리스크로 제시됐다.

질문: 네이버 긍정적인 내용이 있어?",제공된 참고 뉴스에 따르면 긍정적인 내용은 AI 검색 서비스 고도화로 인해 실적이나 투자 심리가 개선될 수 있다는 점입니다.
"참고 뉴스:
제목: 아모레퍼시픽 관련 수급 변동성 확대
내용: 아모레퍼시픽은 화장품 업종 내 관심이 이어졌지만 수급 흐름은 엇갈렸다. 북미 매출 성장은 긍정 재료로, 금리 불확실성은 리스크로 제시됐다.

질문: 아모레퍼시픽 분위기 어때?",주어진 자료만 보면 아모레퍼시픽에 대한 분위기는 중립에서 긍정 쪽에 가깝습니다. 다만 금리 불확실성이 있어 단정적으로 좋다고만 보기는 어렵습니다.
"참고 뉴스:
제목: 증권가, 삼성전자 실적 전망 점검
내용: 증권가에서는 삼성전자가 파운드리 수익성 개선 기대 덕분에 투자 심리가 개선될 수 있다고 봤다. 반면 실적 추정치 하향 가능성 때문에 추가 확인이 필요하다는 의견도 나왔다.

질문: 삼성전자 뉴스 근거를 들어 설명해줘","이 참고 뉴스에서 확인되는 내용은 근거는 기사에서 파운드리 수익성 개선 기대를 긍정 요인으로 언급했고, 동시에 실적 추정치 하향 가능성을 부담 요인으로 제시했다는 점입니다."
"참고 뉴스:
제목: 아모레퍼시픽 관련 수급 변동성 확대
내용: 아모레퍼시픽은 화장품 업종 내 관심이 이어졌지만 수급 흐름은 엇갈렸다. 중국 소비 회복 기대는 긍정 재료로, 원가 부담 증가는 리스크로 제시됐다.

질문: 아모레퍼시픽 확인되는 내용만 말해줘","제공된 참고 뉴스에 따르면 아모레퍼시픽 관련 긍정 요인으로 중국 소비 회복 기대가 언급됐고, 부담 요인으로 원가 부담 증가이 제시됐습니다."
"참고 뉴스:
제목: 네이버 관련 수급 변동성 확대
내용: 네이버는 인터넷 업종 내 관심이 이어졌지만 수급 흐름은 엇갈렸다. 클라우드 사업 성장은 긍정 재료로, 수요 회복 속도 둔화는 리스크로 제시됐다.

질문: 네이버 호재랑 부담 요인 나눠서 말해줘",참고 뉴스 기준으로 호재는 클라우드 사업 성장입니다. 부담 요인은 수요 회복 속도 둔화입니다.
"참고 뉴스:
제목: SK하이닉스 관련 수급 변동성 확대
내용: SK하이닉스는 반도체 업종 내 관심이 이어졌지만 수급 흐름은 엇갈렸다. 고부가 메모리 수요 증가는 긍정 재료로, 수요 회복 속도 둔화는 리스크로 제시됐다.

질문: SK하이닉스 리스크 중심으로 정리해줘",참고 뉴스 기준으로 가장 중요한 리스크는 수요 회복 속도 둔화입니다. 긍정 요인이 있어도 이 부담 요인이 커지면 주가 변동성이 확대될 수 있습니다.
"참고 뉴스:
제목: 아모레퍼시픽 관련 수급 변동성 확대
내용: 아모레퍼시픽은 화장품 업종 내 관심이 이어졌지만 수급 흐름은 엇갈렸다. 중국 소비 회복 기대는 긍정 재료로, 차익 실현 매물 출회 가능성은 리스크로 제시됐다.

질문: 아모레퍼시픽 분위기 어때?",이 참고 뉴스에서 확인되는 내용은 아모레퍼시픽에 대한 분위기는 중립에서 긍정 쪽에 가깝습니다. 다만 차익 실현 매물 출회 가능성이 있어 단정적으로 좋다고만 보기는 어렵습니다.
"참고 뉴스:
제목: 삼성SDI, 2차전지 기대
내용: 삼성SDI는 프리미엄 배터리 수요 영향으로 관심을 받았다. 부담 요인은 차익 실현 매물 출회 가능성이다.

제목: 기아, 자동차 점검
내용: 기아는 고환율 수혜 기대 기대가 있지만 경쟁 심화도 함께 언급됐다.

질문: 두 뉴스에서 확인되는 리스크를 정리해줘","참고 뉴스에서 확인되는 리스크는 삼성SDI의 차익 실현 매물 출회 가능성, 기아의 경쟁 심화입니다."
"참고 뉴스:
제목: 증권가, 네이버 실적 전망 점검
내용: 증권가에서는 네이버가 광고 매출 회복 기대 덕분에 투자 심리가 개선될 수 있다고 봤다. 반면 실적 추정치 하향 가능성 때문에 추가 확인이 필요하다는 의견도 나왔다.

질문: 네이버 긍정적인 내용이 있어?",제공된 참고 뉴스에 따르면 긍정적인 내용은 광고 매출 회복 기대로 인해 실적이나 투자 심리가 개선될 수 있다는 점입니다.
"참고 뉴스:
제목: 전력기기 업종 점검, 두산에너빌리티 주목
내용: 두산에너빌리티는 수주 잔고 증가 관련 기대가 커졌지만, 단기적으로는 수요 회복 속도 둔화으로 변동성이 나타날 수 있다는 분석이 나왔다.

질문: 두산에너빌리티 확인되는 내용만 말해줘","주어진 자료만 보면 두산에너빌리티 관련 긍정 요인으로 수주 잔고 증가가 언급됐고, 부담 요인으로 수요 회복 속도 둔화이 제시됐습니다."
"참고 뉴스:
제목: 증권가, 삼성전자 실적 전망 점검
내용: 증권가에서는 삼성전자가 AI 서버 수요 증가 덕분에 투자 심리가 개선될 수 있다고 봤다. 반면 실적 추정치 하향 가능성 때문에 추가 확인이 필요하다는 의견도 나왔다.

질문: 삼성전자 투자 판단할 때 뭘 더 봐야 해?","이 참고 뉴스에서 확인되는 내용은 기사에 나온 AI 서버 수요 증가와 실적 추정치 하향 가능성 외에도 실제 실적, 수급, 업종 전망, 밸류에이션을 함께 확인해야 합니다."
"참고 뉴스:
제목: 원달러 환율 상승, 외국인 수급 부담
내용: 원달러 환율이 상승하면서 외국인 투자자의 국내 주식 매수세가 약해질 수 있다는 우려가 나왔다. 환율 변동성은 수출주에는 긍정적일 수 있지만, 시장 전체에는 부담 요인으로 작용할 수 있다.

질문: 투자 판단을 바로 내려도 돼?","참고 뉴스만으로 투자 판단을 바로 내리기는 어렵습니다. 뉴스에 나온 요인만 확인할 수 있으며, 실제 투자는 추가 정보와 리스크를 함께 검토해야 합니다."
"참고 뉴스:
제목: 현대차, 자동차 업황 변화에 주목
내용: 현대차는 하이브리드 수요 확대 영향으로 실적 개선 기대가 언급됐다. 다만 수요 회복 속도 둔화는 부담 요인으로 꼽혔다.

질문: 현대차 투자 판단할 때 뭘 더 봐야 해?","주어진 자료만 보면 기사에 나온 하이브리드 수요 확대와 수요 회복 속도 둔화 외에도 실제 실적, 수급, 업종 전망, 밸류에이션을 함께 확인해야 합니다."
"참고 뉴스:
제목: 기아, 자동차 기대
내용: 기아는 고환율 수혜 기대 영향으로 관심을 받았다. 부담 요인은 경쟁 심화이다.

제목: 삼성전자, 반도체 점검
내용: 삼성전자는 파운드리 수익성 개선 기대 기대가 있지만 경쟁 심화도 함께 언급됐다.

질문: 두 기업 중 뉴스가 더 긍정적인 쪽을 말해줘",제공된 참고 뉴스만 보면 두 기업 모두 긍정 요인이 있습니다. 다만 어느 쪽이 더 좋다고 단정하려면 실적 수치와 수급 정보가 더 필요합니다.
"참고 뉴스:
제목: 2차전지 업종 변화에 시장 관심
내용: 전기차 신차 출시와 ESS 수요가 회복 기대를 높였다. 그러나 전기차 수요 둔화와 재고 조정 우려가 남아 있다. 전문가들은 관련 지표와 수급 흐름을 함께 확인해야 한다고 말했다.

질문: 2차전지 업종 리스크만 짧게 말해줘",주어진 자료만 보면 핵심 리스크는 전기차 수요 둔화와 재고 조정 우려가 남아 있다는 점입니다.
"참고 뉴스:
제목: 물류 업종 점검, CJ대한통운 주목
내용: CJ대한통운은 자동화 투자 효과 관련 기대가 커졌지만, 단기적으로는 기관과 외국인 수급 엇갈림으로 변동성이 나타날 수 있다는 분석이 나왔다.

질문: CJ대한통운 매수해도 돼?","이 참고 뉴스에서 확인되는 내용은 CJ대한통운의 긍정 요인과 부담 요인은 확인되지만, 이 자료만으로 매수 여부를 판단할 수는 없습니다. 추가 실적, 밸류에이션, 수급 확인이 필요합니다."
"참고 뉴스:
제목: 은행주, 배당 기대와 금리 전망에 혼조
내용: 은행주는 배당 매력과 주주환원 정책 기대가 부각되었지만, 향후 금리 인하 가능성이 순이자마진을 압박할 수 있다는 우려도 함께 나타났다.

질문: 은행주 뉴스 알려줘",은행주는 배당 매력과 주주환원 기대가 긍정 요인으로 언급되었습니다. 하지만 금리 인하 가능성이 순이자마진을 압박할 수 있다는 우려도 있습니다.
"참고 뉴스:
제목: SK하이닉스, 투자자 관심 지속
내용: 시장에서는 SK하이닉스의 고부가 메모리 수요 증가에 주목했다. 기사에서는 긍정적인 기대와 함께 수요 회복 속도 둔화을 함께 확인해야 한다고 설명했다.

질문: SK하이닉스 분위기 어때?",제공된 참고 뉴스에 따르면 SK하이닉스에 대한 분위기는 중립에서 긍정 쪽에 가깝습니다. 다만 수요 회복 속도 둔화이 있어 단정적으로 좋다고만 보기는 어렵습니다.
"참고 뉴스:
제목: 반도체 업종 점검, 삼성전자 주목
내용: 삼성전자는 파운드리 수익성 개선 기대 관련 기대가 커졌지만, 단기적으로는 경쟁 심화으로 변동성이 나타날 수 있다는 분석이 나왔다.

질문: 삼성전자 긍정적인 내용이 있어?",이 참고 뉴스에서 확인되는 내용은 긍정적인 내용은 파운드리 수익성 개선 기대로 인해 실적이나 투자 심리가 개선될 수 있다는 점입니다.
"참고 뉴스:
제목: 네이버, 투자자 관심 지속
내용: 시장에서는 네이버의 클라우드 사업 성장에 주목했다. 기사에서는 긍정적인 기대와 함께 환율 변동성 확대을 함께 확인해야 한다고 설명했다.

질문: 네이버 확인되는 내용만 말해줘","주어진 자료만 보면 네이버 관련 긍정 요인으로 클라우드 사업 성장가 언급됐고, 부담 요인으로 환율 변동성 확대이 제시됐습니다."
"참고 뉴스:
제목: KB금융, 투자자 관심 지속
내용: 시장에서는 KB금융의 비은행 부문 실적 개선에 주목했다. 기사에서는 긍정적인 기대와 함께 기관과 외국인 수급 엇갈림을 함께 확인해야 한다고 설명했다.

질문: KB금융 분위기 어때?",참고 뉴스 기준으로 KB금융에 대한 분위기는 중립에서 긍정 쪽에 가깝습니다. 다만 기관과 외국인 수급 엇갈림이 있어 단정적으로 좋다고만 보기는 어렵습니다.
"참고 뉴스:
제목: 한국전력, 투자자 관심 지속
내용: 시장에서는 한국전력의 재무구조 개선 기대에 주목했다. 기사에서는 긍정적인 기대와 함께 기관과 외국인 수급 엇갈림을 함께 확인해야 한다고 설명했다.

질문: 한국전력 호재랑 부담 요인 나눠서 말해줘",주어진 자료만 보면 호재는 재무구조 개선 기대입니다. 부담 요인은 기관과 외국인 수급 엇갈림입니다.
"참고 뉴스:
제목: 삼성전자, 투자자 관심 지속
내용: 시장에서는 삼성전자의 파운드리 수익성 개선 기대에 주목했다. 기사에서는 긍정적인 기대와 함께 환율 변동성 확대을 함께 확인해야 한다고 설명했다.

질문: 삼성전자 분위기 어때?",제공된 참고 뉴스에 따르면 삼성전자에 대한 분위기는 중립에서 긍정 쪽에 가깝습니다. 다만 환율 변동성 확대이 있어 단정적으로 좋다고만 보기는 어렵습니다.
"참고 뉴스:
제목: 두산에너빌리티 관련 수급 변동성 확대
내용: 두산에너빌리티는 전력기기 업종 내 관심이 이어졌지만 수급 흐름은 엇갈렸다. 원전 수주 기대는 긍정 재료로, 실적 추정치 하향 가능성은 리스크로 제시됐다.

질문: 두산에너빌리티 긍정적인 내용이 있어?",제공된 참고 뉴스에 따르면 긍정적인 내용은 원전 수주 기대로 인해 실적이나 투자 심리가 개선될 수 있다는 점입니다.
"참고 뉴스:
제목: 두산에너빌리티 관련 수급 변동성 확대
내용: 두산에너빌리티는 전력기기 업종 내 관심이 이어졌지만 수급 흐름은 엇갈렸다. 수주 잔고 증가는 긍정 재료로, 환율 변동성 확대는 리스크로 제시됐다.

질문: 두산에너빌리티 호재랑 부담 요인 나눠서 말해줘",제공된 참고 뉴스에 따르면 호재는 수주 잔고 증가입니다. 부담 요인은 환율 변동성 확대입니다.
"참고 뉴스:
제목: 삼성SDI, 2차전지 기대
내용: 삼성SDI는 고부가 제품 비중 증가 영향으로 관심을 받았다. 부담 요인은 원가 부담 증가이다.

제목: 삼성바이오로직스, 바이오 점검
내용: 삼성바이오로직스는 위탁생산 수주 확대 기대가 있지만 수요 회복 속도 둔화도 함께 언급됐다.

질문: 두 뉴스에서 확인되는 리스크를 정리해줘","참고 뉴스에서 확인되는 리스크는 삼성SDI의 원가 부담 증가, 삼성바이오로직스의 수요 회복 속도 둔화입니다."
"참고 뉴스:
제목: 증권가, 삼성바이오로직스 실적 전망 점검
내용: 증권가에서는 삼성바이오로직스가 위탁생산 수주 확대 덕분에 투자 심리가 개선될 수 있다고 봤다. 반면 환율 변동성 확대 때문에 추가 확인이 필요하다는 의견도 나왔다.

질문: 삼성바이오로직스 핵심만 정리해줘",주어진 자료만 보면 삼성바이오로직스는 위탁생산 수주 확대로 관심을 받고 있습니다. 다만 환율 변동성 확대도 함께 언급되어 긍정 요인과 부담 요인이 같이 있는 상황입니다.
"참고 뉴스:
제목: 아모레퍼시픽, 화장품 업황 변화에 주목
내용: 아모레퍼시픽은 중국 소비 회복 기대 영향으로 실적 개선 기대가 언급됐다. 다만 차익 실현 매물 출회 가능성은 부담 요인으로 꼽혔다.

질문: 아모레퍼시픽 뉴스 근거를 들어 설명해줘","참고 뉴스 기준으로 근거는 기사에서 중국 소비 회복 기대를 긍정 요인으로 언급했고, 동시에 차익 실현 매물 출회 가능성을 부담 요인으로 제시했다는 점입니다."
"참고 뉴스:
제목: 두산에너빌리티, 전력기기 업종 내 관심 지속
내용: 두산에너빌리티는 원전 수주 기대와 관련해 투자자 관심이 이어졌다. 기사에는 목표주가, 배당금, 구체적인 실적 수치, 밸류에이션 지표는 포함되지 않았다.

질문: 두산에너빌리티 정확한 매수 가격 알려줘",참고 뉴스에는 두산에너빌리티의 매수 가격 정보가 나와 있지 않습니다. 제공된 자료만으로는 매수 가격을 확인할 수 없습니다.
"참고 뉴스:
제목: 삼성SDI, 2차전지 업황 변화에 주목
내용: 삼성SDI는 ESS 수요 확대 영향으로 실적 개선 기대가 언급됐다. 다만 실적 추정치 하향 가능성은 부담 요인으로 꼽혔다.

질문: 삼성SDI 한 문장으로 요약해줘",삼성SDI는 ESS 수요 확대 기대가 있지만 실적 추정치 하향 가능성도 함께 확인해야 하는 상황입니다.
"참고 뉴스:
제목: 네이버파이낸셜·두나무 주식 교환 일정 연기
내용: 네이버파이낸셜과 두나무의 포괄적 주식 교환 일정이 연말로 다시 연기되었다. 시장에서는 양사의 결합 시너지와 규제 변수에 대한 불확실성이 함께 거론되고 있다.

질문: 두나무랑 네이버 이슈 뭐야?",참고 뉴스 기준으로 네이버파이낸셜과 두나무의 주식 교환 일정이 연말로 연기된 것이 핵심 이슈입니다. 결합 시너지와 규제 불확실성이 같이 언급됩니다.
"참고 뉴스:
제목: LG에너지솔루션 관련 수급 변동성 확대
내용: LG에너지솔루션은 2차전지 업종 내 관심이 이어졌지만 수급 흐름은 엇갈렸다. 전기차 신차 출시 기대는 긍정 재료로, 원가 부담 증가는 리스크로 제시됐다.

질문: LG에너지솔루션 투자 판단할 때 뭘 더 봐야 해?","제공된 참고 뉴스에 따르면 기사에 나온 전기차 신차 출시 기대와 원가 부담 증가 외에도 실제 실적, 수급, 업종 전망, 밸류에이션을 함께 확인해야 합니다."
"참고 뉴스:
제목: 두산에너빌리티 관련 수급 변동성 확대
내용: 두산에너빌리티는 전력기기 업종 내 관심이 이어졌지만 수급 흐름은 엇갈렸다. 수주 잔고 증가는 긍정 재료로, 차익 실현 매물 출회 가능성은 리스크로 제시됐다.

질문: 두산에너빌리티 매수해도 돼?","제공된 참고 뉴스에 따르면 두산에너빌리티의 긍정 요인과 부담 요인은 확인되지만, 이 자료만으로 매수 여부를 판단할 수는 없습니다. 추가 실적, 밸류에이션, 수급 확인이 필요합니다."
"참고 뉴스:
제목: 항공 업종 점검, 대한항공 주목
내용: 대한항공은 유가 하락 기대 관련 기대가 커졌지만, 단기적으로는 환율 변동성 확대으로 변동성이 나타날 수 있다는 분석이 나왔다.

질문: 대한항공 긍정적인 내용이 있어?",참고 뉴스 기준으로 긍정적인 내용은 유가 하락 기대로 인해 실적이나 투자 심리가 개선될 수 있다는 점입니다.
"참고 뉴스:
제목: 2차전지 업종 점검, 삼성SDI 주목
내용: 삼성SDI는 프리미엄 배터리 수요 관련 기대가 커졌지만, 단기적으로는 경쟁 심화으로 변동성이 나타날 수 있다는 분석이 나왔다.

질문: 삼성SDI 매수해도 돼?","참고 뉴스 기준으로 삼성SDI의 긍정 요인과 부담 요인은 확인되지만, 이 자료만으로 매수 여부를 판단할 수는 없습니다. 추가 실적, 밸류에이션, 수급 확인이 필요합니다."
"참고 뉴스:
제목: POSCO홀딩스, 철강 기대
내용: POSCO홀딩스는 리튬 사업 기대 영향으로 관심을 받았다. 부담 요인은 실적 추정치 하향 가능성이다.

제목: 아모레퍼시픽, 화장품 점검
내용: 아모레퍼시픽은 북미 매출 성장 기대가 있지만 환율 변동성 확대도 함께 언급됐다.

질문: 두 기업 중 뉴스가 더 긍정적인 쪽을 말해줘",제공된 참고 뉴스만 보면 두 기업 모두 긍정 요인이 있습니다. 다만 어느 쪽이 더 좋다고 단정하려면 실적 수치와 수급 정보가 더 필요합니다.
"참고 뉴스:
제목: 하이브, 엔터 기대
내용: 하이브는 콘텐츠 매출 증가 영향으로 관심을 받았다. 부담 요인은 경쟁 심화이다.

제목: CJ대한통운, 물류 점검
내용: CJ대한통운은 자동화 투자 효과 기대가 있지만 기관과 외국인 수급 엇갈림도 함께 언급됐다.

질문: 두 기업 중 뉴스가 더 긍정적인 쪽을 말해줘",제공된 참고 뉴스만 보면 두 기업 모두 긍정 요인이 있습니다. 다만 어느 쪽이 더 좋다고 단정하려면 실적 수치와 수급 정보가 더 필요합니다.
"참고 뉴스:
제목: 삼성바이오로직스, 바이오 업종 내 관심 지속
내용: 삼성바이오로직스는 장기 공급계약 증가와 관련해 투자자 관심이 이어졌다. 기사에는 목표주가, 배당금, 구체적인 실적 수치, 밸류에이션 지표는 포함되지 않았다.

질문: 삼성바이오로직스 PER 얼마야?",참고 뉴스에는 삼성바이오로직스의 PER 정보가 나와 있지 않습니다. 제공된 자료만으로는 PER을 확인할 수 없습니다.
"참고 뉴스:
제목: 대한항공, 항공 기대
내용: 대한항공은 유가 하락 기대 영향으로 관심을 받았다. 부담 요인은 원가 부담 증가이다.

제목: 하이브, 엔터 점검
내용: 하이브는 글로벌 팬덤 확대 기대가 있지만 차익 실현 매물 출회 가능성도 함께 언급됐다.

질문: 두 뉴스의 공통점과 차이점을 정리해줘","참고 뉴스 기준으로 두 기업 모두 긍정 요인과 부담 요인이 함께 언급됐습니다. 차이점은 대한항공는 유가 하락 기대가 강조됐고, 하이브는 글로벌 팬덤 확대와 함께 차익 실현 매물 출회 가능성도 제시됐다는 점입니다."
"참고 뉴스:
제목: CJ대한통운, 물류 업황 변화에 주목
내용: CJ대한통운은 운임 효율화 영향으로 실적 개선 기대가 언급됐다. 다만 기관과 외국인 수급 엇갈림은 부담 요인으로 꼽혔다.

질문: CJ대한통운 호재랑 부담 요인 나눠서 말해줘",제공된 참고 뉴스에 따르면 호재는 운임 효율화입니다. 부담 요인은 기관과 외국인 수급 엇갈림입니다.
"참고 뉴스:
제목: 증권가, LG에너지솔루션 실적 전망 점검
내용: 증권가에서는 LG에너지솔루션이 전기차 신차 출시 기대 덕분에 투자 심리가 개선될 수 있다고 봤다. 반면 원가 부담 증가 때문에 추가 확인이 필요하다는 의견도 나왔다.

질문: LG에너지솔루션 한 문장으로 요약해줘",LG에너지솔루션은 전기차 신차 출시 기대 기대가 있지만 원가 부담 증가도 함께 확인해야 하는 상황입니다.
"참고 뉴스:
제목: 증권가, 카카오 실적 전망 점검
내용: 증권가에서는 카카오가 콘텐츠 사업 조정 덕분에 투자 심리가 개선될 수 있다고 봤다. 반면 수요 회복 속도 둔화 때문에 추가 확인이 필요하다는 의견도 나왔다.

질문: 카카오 뉴스 근거를 들어 설명해줘","주어진 자료만 보면 근거는 기사에서 콘텐츠 사업 조정를 긍정 요인으로 언급했고, 동시에 수요 회복 속도 둔화을 부담 요인으로 제시했다는 점입니다."
"참고 뉴스:
제목: 카카오, 투자자 관심 지속
내용: 시장에서는 카카오의 콘텐츠 사업 조정에 주목했다. 기사에서는 긍정적인 기대와 함께 환율 변동성 확대을 함께 확인해야 한다고 설명했다.

질문: 카카오 핵심만 정리해줘",주어진 자료만 보면 카카오는 콘텐츠 사업 조정로 관심을 받고 있습니다. 다만 환율 변동성 확대도 함께 언급되어 긍정 요인과 부담 요인이 같이 있는 상황입니다.
"참고 뉴스:
제목: 증권가, 한국전력 실적 전망 점검
내용: 증권가에서는 한국전력이 재무구조 개선 기대 덕분에 투자 심리가 개선될 수 있다고 봤다. 반면 기관과 외국인 수급 엇갈림 때문에 추가 확인이 필요하다는 의견도 나왔다.

질문: 한국전력 투자 판단할 때 뭘 더 봐야 해?","이 참고 뉴스에서 확인되는 내용은 기사에 나온 재무구조 개선 기대와 기관과 외국인 수급 엇갈림 외에도 실제 실적, 수급, 업종 전망, 밸류에이션을 함께 확인해야 합니다."
"참고 뉴스:
제목: 셀트리온, 바이오 업황 변화에 주목
내용: 셀트리온은 해외 판매망 강화 영향으로 실적 개선 기대가 언급됐다. 다만 경쟁 심화는 부담 요인으로 꼽혔다.

질문: 셀트리온 리스크 중심으로 정리해줘",주어진 자료만 보면 가장 중요한 리스크는 경쟁 심화입니다. 긍정 요인이 있어도 이 부담 요인이 커지면 주가 변동성이 확대될 수 있습니다.
"참고 뉴스:
제목: 증권가, 기아 실적 전망 점검
내용: 증권가에서는 기아가 고환율 수혜 기대 덕분에 투자 심리가 개선될 수 있다고 봤다. 반면 경쟁 심화 때문에 추가 확인이 필요하다는 의견도 나왔다.

질문: 기아 확인되는 내용만 말해줘","이 참고 뉴스에서 확인되는 내용은 기아 관련 긍정 요인으로 고환율 수혜 기대가 언급됐고, 부담 요인으로 경쟁 심화이 제시됐습니다."
"참고 뉴스:
제목: 증권가, 삼성전자 실적 전망 점검
내용: 증권가에서는 삼성전자가 메모리 업황 회복 기대 덕분에 투자 심리가 개선될 수 있다고 봤다. 반면 경쟁 심화 때문에 추가 확인이 필요하다는 의견도 나왔다.

질문: 삼성전자 부담되는 내용도 있어?",주어진 자료만 보면 부담되는 내용은 경쟁 심화입니다. 이 부분은 주가 변동성을 키울 수 있는 요인으로 언급됐습니다.
"참고 뉴스:
제목: LG에너지솔루션, 투자자 관심 지속
내용: 시장에서는 LG에너지솔루션의 전기차 신차 출시 기대에 주목했다. 기사에서는 긍정적인 기대와 함께 실적 추정치 하향 가능성을 함께 확인해야 한다고 설명했다.

질문: LG에너지솔루션 분위기 어때?",주어진 자료만 보면 LG에너지솔루션에 대한 분위기는 중립에서 긍정 쪽에 가깝습니다. 다만 실적 추정치 하향 가능성이 있어 단정적으로 좋다고만 보기는 어렵습니다.
"참고 뉴스:
제목: 삼성SDI, 2차전지 업종 내 관심 지속
내용: 삼성SDI는 고부가 제품 비중 증가와 관련해 투자자 관심이 이어졌다. 기사에는 목표주가, 배당금, 구체적인 실적 수치, 밸류에이션 지표는 포함되지 않았다.

질문: 삼성SDI PER 얼마야?",참고 뉴스에는 삼성SDI의 PER 정보가 나와 있지 않습니다. 제공된 자료만으로는 PER을 확인할 수 없습니다.
"참고 뉴스:
제목: 현대차, 자동차 업황 변화에 주목
내용: 현대차는 하이브리드 수요 확대 영향으로 실적 개선 기대가 언급됐다. 다만 경쟁 심화는 부담 요인으로 꼽혔다.

질문: 현대차 목표주가 얼마야?",참고 뉴스에는 현대차의 구체적인 목표주가가 제시되어 있지 않습니다. 제공된 자료만으로는 목표주가를 말할 수 없습니다.
"참고 뉴스:
제목: 항공 업종 점검, 대한항공 주목
내용: 대한항공은 여객 수요 회복 관련 기대가 커졌지만, 단기적으로는 환율 변동성 확대으로 변동성이 나타날 수 있다는 분석이 나왔다.

질문: 대한항공 핵심만 정리해줘",제공된 참고 뉴스에 따르면 대한항공은 여객 수요 회복로 관심을 받고 있습니다. 다만 환율 변동성 확대도 함께 언급되어 긍정 요인과 부담 요인이 같이 있는 상황입니다.
"참고 뉴스:
제목: 대한항공, 항공 기대
내용: 대한항공은 여객 수요 회복 영향으로 관심을 받았다. 부담 요인은 경쟁 심화이다.

제목: POSCO홀딩스, 철강 점검
내용: POSCO홀딩스는 철강 가격 반등 기대 기대가 있지만 실적 추정치 하향 가능성도 함께 언급됐다.

질문: 두 뉴스에서 확인되는 리스크를 정리해줘","참고 뉴스에서 확인되는 리스크는 대한항공의 경쟁 심화, POSCO홀딩스의 실적 추정치 하향 가능성입니다."
"참고 뉴스:
제목: 바이오 업종 점검, 셀트리온 주목
내용: 셀트리온은 바이오시밀러 매출 확대 관련 기대가 커졌지만, 단기적으로는 환율 변동성 확대으로 변동성이 나타날 수 있다는 분석이 나왔다.

질문: 셀트리온 한 문장으로 요약해줘",셀트리온은 바이오시밀러 매출 확대 기대가 있지만 환율 변동성 확대도 함께 확인해야 하는 상황입니다.
"참고 뉴스:
제목: 한화에어로스페이스, 방산 업황 변화에 주목
내용: 한화에어로스페이스는 해외 계약 증가 영향으로 실적 개선 기대가 언급됐다. 다만 기관과 외국인 수급 엇갈림은 부담 요인으로 꼽혔다.

질문: 한화에어로스페이스 투자 판단할 때 뭘 더 봐야 해?","이 참고 뉴스에서 확인되는 내용은 기사에 나온 해외 계약 증가와 기관과 외국인 수급 엇갈림 외에도 실제 실적, 수급, 업종 전망, 밸류에이션을 함께 확인해야 합니다."
"참고 뉴스:
제목: 두산에너빌리티, 투자자 관심 지속
내용: 시장에서는 두산에너빌리티의 원전 수주 기대에 주목했다. 기사에서는 긍정적인 기대와 함께 원가 부담 증가을 함께 확인해야 한다고 설명했다.

질문: 두산에너빌리티 목표주가 얼마야?",참고 뉴스에는 두산에너빌리티의 구체적인 목표주가가 제시되어 있지 않습니다. 제공된 자료만으로는 목표주가를 말할 수 없습니다.
"참고 뉴스:
제목: 네이버, 인터넷 업황 변화에 주목
내용: 네이버는 AI 검색 서비스 고도화 영향으로 실적 개선 기대가 언급됐다. 다만 차익 실현 매물 출회 가능성은 부담 요인으로 꼽혔다.

질문: 네이버 리스크 중심으로 정리해줘",주어진 자료만 보면 가장 중요한 리스크는 차익 실현 매물 출회 가능성입니다. 긍정 요인이 있어도 이 부담 요인이 커지면 주가 변동성이 확대될 수 있습니다.
"참고 뉴스:
제목: 하이브, 투자자 관심 지속
내용: 시장에서는 하이브의 아티스트 활동 재개에 주목했다. 기사에서는 긍정적인 기대와 함께 차익 실현 매물 출회 가능성을 함께 확인해야 한다고 설명했다.

질문: 하이브 호재랑 부담 요인 나눠서 말해줘",제공된 참고 뉴스에 따르면 호재는 아티스트 활동 재개입니다. 부담 요인은 차익 실현 매물 출회 가능성입니다.
"참고 뉴스:
제목: 현대차 관련 수급 변동성 확대
내용: 현대차는 자동차 업종 내 관심이 이어졌지만 수급 흐름은 엇갈렸다. 북미 판매 호조는 긍정 재료로, 환율 변동성 확대는 리스크로 제시됐다.

질문: 현대차 호재랑 부담 요인 나눠서 말해줘",이 참고 뉴스에서 확인되는 내용은 호재는 북미 판매 호조입니다. 부담 요인은 환율 변동성 확대입니다.
"참고 뉴스:
제목: 반도체 업종 점검, SK하이닉스 주목
내용: SK하이닉스는 고부가 메모리 수요 증가 관련 기대가 커졌지만, 단기적으로는 실적 추정치 하향 가능성으로 변동성이 나타날 수 있다는 분석이 나왔다.

질문: SK하이닉스 리스크 중심으로 정리해줘",제공된 참고 뉴스에 따르면 가장 중요한 리스크는 실적 추정치 하향 가능성입니다. 긍정 요인이 있어도 이 부담 요인이 커지면 주가 변동성이 확대될 수 있습니다.
"참고 뉴스:
제목: 네이버 관련 수급 변동성 확대
내용: 네이버는 인터넷 업종 내 관심이 이어졌지만 수급 흐름은 엇갈렸다. AI 검색 서비스 고도화은 긍정 재료로, 기관과 외국인 수급 엇갈림은 리스크로 제시됐다.

질문: 네이버 호재랑 부담 요인 나눠서 말해줘",주어진 자료만 보면 호재는 AI 검색 서비스 고도화입니다. 부담 요인은 기관과 외국인 수급 엇갈림입니다.
"참고 뉴스:
제목: LG에너지솔루션, 투자자 관심 지속
내용: 시장에서는 LG에너지솔루션의 배터리 출하량 회복 기대에 주목했다. 기사에서는 긍정적인 기대와 함께 원가 부담 증가을 함께 확인해야 한다고 설명했다.

질문: LG에너지솔루션 뉴스 근거를 들어 설명해줘","이 참고 뉴스에서 확인되는 내용은 근거는 기사에서 배터리 출하량 회복 기대를 긍정 요인으로 언급했고, 동시에 원가 부담 증가을 부담 요인으로 제시했다는 점입니다."
"참고 뉴스:
제목: 현대차, 투자자 관심 지속
내용: 시장에서는 현대차의 북미 판매 호조에 주목했다. 기사에서는 긍정적인 기대와 함께 원가 부담 증가을 함께 확인해야 한다고 설명했다.

질문: 현대차 확인되는 내용만 말해줘","이 참고 뉴스에서 확인되는 내용은 현대차 관련 긍정 요인으로 북미 판매 호조가 언급됐고, 부담 요인으로 원가 부담 증가이 제시됐습니다."
"참고 뉴스:
제목: LG에너지솔루션, 투자자 관심 지속
내용: 시장에서는 LG에너지솔루션의 전기차 신차 출시 기대에 주목했다. 기사에서는 긍정적인 기대와 함께 수요 회복 속도 둔화을 함께 확인해야 한다고 설명했다.

질문: LG에너지솔루션 투자 판단할 때 뭘 더 봐야 해?","제공된 참고 뉴스에 따르면 기사에 나온 전기차 신차 출시 기대와 수요 회복 속도 둔화 외에도 실제 실적, 수급, 업종 전망, 밸류에이션을 함께 확인해야 합니다."
"참고 뉴스:
제목: 삼성SDI 관련 수급 변동성 확대
내용: 삼성SDI는 2차전지 업종 내 관심이 이어졌지만 수급 흐름은 엇갈렸다. ESS 수요 확대는 긍정 재료로, 실적 추정치 하향 가능성은 리스크로 제시됐다.

질문: 삼성SDI 확인되는 내용만 말해줘","제공된 참고 뉴스에 따르면 삼성SDI 관련 긍정 요인으로 ESS 수요 확대가 언급됐고, 부담 요인으로 실적 추정치 하향 가능성이 제시됐습니다."
"참고 뉴스:
제목: 금융 업종 점검, KB금융 주목
내용: KB금융은 순이자마진 방어 관련 기대가 커졌지만, 단기적으로는 기관과 외국인 수급 엇갈림으로 변동성이 나타날 수 있다는 분석이 나왔다.

질문: KB금융 투자 판단할 때 뭘 더 봐야 해?","주어진 자료만 보면 기사에 나온 순이자마진 방어와 기관과 외국인 수급 엇갈림 외에도 실제 실적, 수급, 업종 전망, 밸류에이션을 함께 확인해야 합니다."
"참고 뉴스:
제목: 화장품 업종 점검, 아모레퍼시픽 주목
내용: 아모레퍼시픽은 중국 소비 회복 기대 관련 기대가 커졌지만, 단기적으로는 실적 추정치 하향 가능성으로 변동성이 나타날 수 있다는 분석이 나왔다.

질문: 아모레퍼시픽 부담되는 내용도 있어?",주어진 자료만 보면 부담되는 내용은 실적 추정치 하향 가능성입니다. 이 부분은 주가 변동성을 키울 수 있는 요인으로 언급됐습니다.
"참고 뉴스:
제목: 기아, 투자자 관심 지속
내용: 시장에서는 기아의 북미 시장 점유율 개선에 주목했다. 기사에서는 긍정적인 기대와 함께 경쟁 심화을 함께 확인해야 한다고 설명했다.

질문: 기아 핵심만 정리해줘",제공된 참고 뉴스에 따르면 기아는 북미 시장 점유율 개선로 관심을 받고 있습니다. 다만 경쟁 심화도 함께 언급되어 긍정 요인과 부담 요인이 같이 있는 상황입니다.
"참고 뉴스:
제목: 삼성전자 관련 수급 변동성 확대
내용: 삼성전자는 반도체 업종 내 관심이 이어졌지만 수급 흐름은 엇갈렸다. AI 서버 수요 증가는 긍정 재료로, 환율 변동성 확대는 리스크로 제시됐다.

질문: 삼성전자 확인되는 내용만 말해줘","주어진 자료만 보면 삼성전자 관련 긍정 요인으로 AI 서버 수요 증가가 언급됐고, 부담 요인으로 환율 변동성 확대이 제시됐습니다."
"참고 뉴스:
제목: 두산에너빌리티, 전력기기 업황 변화에 주목
내용: 두산에너빌리티는 원전 수주 기대 영향으로 실적 개선 기대가 언급됐다. 다만 환율 변동성 확대는 부담 요인으로 꼽혔다.

질문: 두산에너빌리티 리스크 중심으로 정리해줘",주어진 자료만 보면 가장 중요한 리스크는 환율 변동성 확대입니다. 긍정 요인이 있어도 이 부담 요인이 커지면 주가 변동성이 확대될 수 있습니다.
"참고 뉴스:
제목: SK하이닉스, 투자자 관심 지속
내용: 시장에서는 SK하이닉스의 HBM 공급 확대에 주목했다. 기사에서는 긍정적인 기대와 함께 경쟁 심화을 함께 확인해야 한다고 설명했다.

질문: SK하이닉스 매수해도 돼?","이 참고 뉴스에서 확인되는 내용은 SK하이닉스의 긍정 요인과 부담 요인은 확인되지만, 이 자료만으로 매수 여부를 판단할 수는 없습니다. 추가 실적, 밸류에이션, 수급 확인이 필요합니다."
"참고 뉴스:
제목: POSCO홀딩스, 철강 업황 변화에 주목
내용: POSCO홀딩스는 중국 경기 부양 기대 영향으로 실적 개선 기대가 언급됐다. 다만 경쟁 심화는 부담 요인으로 꼽혔다.

질문: POSCO홀딩스 핵심만 정리해줘",주어진 자료만 보면 POSCO홀딩스는 중국 경기 부양 기대로 관심을 받고 있습니다. 다만 경쟁 심화도 함께 언급되어 긍정 요인과 부담 요인이 같이 있는 상황입니다.
"참고 뉴스:
제목: SK하이닉스, 투자자 관심 지속
내용: 시장에서는 SK하이닉스의 HBM 공급 확대에 주목했다. 기사에서는 긍정적인 기대와 함께 환율 변동성 확대을 함께 확인해야 한다고 설명했다.

질문: SK하이닉스 리스크 중심으로 정리해줘",제공된 참고 뉴스에 따르면 가장 중요한 리스크는 환율 변동성 확대입니다. 긍정 요인이 있어도 이 부담 요인이 커지면 주가 변동성이 확대될 수 있습니다.
"참고 뉴스:
제목: CJ대한통운 관련 수급 변동성 확대
내용: CJ대한통운은 물류 업종 내 관심이 이어졌지만 수급 흐름은 엇갈렸다. 자동화 투자 효과은 긍정 재료로, 원가 부담 증가는 리스크로 제시됐다.

질문: CJ대한통운 투자 판단할 때 뭘 더 봐야 해?","주어진 자료만 보면 기사에 나온 자동화 투자 효과와 원가 부담 증가 외에도 실제 실적, 수급, 업종 전망, 밸류에이션을 함께 확인해야 합니다."
"참고 뉴스:
제목: 한화에어로스페이스, 방산 업황 변화에 주목
내용: 한화에어로스페이스는 방산 수출 기대 영향으로 실적 개선 기대가 언급됐다. 다만 차익 실현 매물 출회 가능성은 부담 요인으로 꼽혔다.

질문: 한화에어로스페이스 한 문장으로 요약해줘",한화에어로스페이스는 방산 수출 기대 기대가 있지만 차익 실현 매물 출회 가능성도 함께 확인해야 하는 상황입니다.
"참고 뉴스:
제목: 전력기기 업종 점검, 두산에너빌리티 주목
내용: 두산에너빌리티는 수주 잔고 증가 관련 기대가 커졌지만, 단기적으로는 원가 부담 증가으로 변동성이 나타날 수 있다는 분석이 나왔다.

질문: 두산에너빌리티 리스크 중심으로 정리해줘",주어진 자료만 보면 가장 중요한 리스크는 원가 부담 증가입니다. 긍정 요인이 있어도 이 부담 요인이 커지면 주가 변동성이 확대될 수 있습니다.
"참고 뉴스:
제목: 증권가, 한화에어로스페이스 실적 전망 점검
내용: 증권가에서는 한화에어로스페이스가 방산 수출 기대 덕분에 투자 심리가 개선될 수 있다고 봤다. 반면 기관과 외국인 수급 엇갈림 때문에 추가 확인이 필요하다는 의견도 나왔다.

질문: 한화에어로스페이스 목표주가 얼마야?",참고 뉴스에는 한화에어로스페이스의 구체적인 목표주가가 제시되어 있지 않습니다. 제공된 자료만으로는 목표주가를 말할 수 없습니다.
"참고 뉴스:
제목: 증권가, SK하이닉스 실적 전망 점검
내용: 증권가에서는 SK하이닉스가 HBM 공급 확대 덕분에 투자 심리가 개선될 수 있다고 봤다. 반면 환율 변동성 확대 때문에 추가 확인이 필요하다는 의견도 나왔다.

질문: SK하이닉스 부담되는 내용도 있어?",이 참고 뉴스에서 확인되는 내용은 부담되는 내용은 환율 변동성 확대입니다. 이 부분은 주가 변동성을 키울 수 있는 요인으로 언급됐습니다.
"참고 뉴스:
제목: 방산 업종 점검, 한화에어로스페이스 주목
내용: 한화에어로스페이스는 해외 계약 증가 관련 기대가 커졌지만, 단기적으로는 원가 부담 증가으로 변동성이 나타날 수 있다는 분석이 나왔다.

질문: 한화에어로스페이스 한 문장으로 요약해줘",한화에어로스페이스는 해외 계약 증가 기대가 있지만 원가 부담 증가도 함께 확인해야 하는 상황입니다.
"참고 뉴스:
제목: SK하이닉스, 투자자 관심 지속
내용: 시장에서는 SK하이닉스의 고부가 메모리 수요 증가에 주목했다. 기사에서는 긍정적인 기대와 함께 금리 불확실성을 함께 확인해야 한다고 설명했다.

질문: SK하이닉스 부담되는 내용도 있어?",참고 뉴스 기준으로 부담되는 내용은 금리 불확실성입니다. 이 부분은 주가 변동성을 키울 수 있는 요인으로 언급됐습니다.
"참고 뉴스:
제목: SK하이닉스 관련 수급 변동성 확대
내용: SK하이닉스는 반도체 업종 내 관심이 이어졌지만 수급 흐름은 엇갈렸다. 데이터센터 투자 증가는 긍정 재료로, 금리 불확실성은 리스크로 제시됐다.

질문: SK하이닉스 리스크 중심으로 정리해줘",이 참고 뉴스에서 확인되는 내용은 가장 중요한 리스크는 금리 불확실성입니다. 긍정 요인이 있어도 이 부담 요인이 커지면 주가 변동성이 확대될 수 있습니다.
"참고 뉴스:
제목: 증권가, 기아 실적 전망 점검
내용: 증권가에서는 기아가 고환율 수혜 기대 덕분에 투자 심리가 개선될 수 있다고 봤다. 반면 원가 부담 증가 때문에 추가 확인이 필요하다는 의견도 나왔다.

질문: 기아 한 문장으로 요약해줘",기아는 고환율 수혜 기대 기대가 있지만 원가 부담 증가도 함께 확인해야 하는 상황입니다.
"참고 뉴스:
제목: 반도체 업종 점검, SK하이닉스 주목
내용: SK하이닉스는 고부가 메모리 수요 증가 관련 기대가 커졌지만, 단기적으로는 수요 회복 속도 둔화으로 변동성이 나타날 수 있다는 분석이 나왔다.

질문: SK하이닉스 한 문장으로 요약해줘",SK하이닉스는 고부가 메모리 수요 증가 기대가 있지만 수요 회복 속도 둔화도 함께 확인해야 하는 상황입니다.
"참고 뉴스:
제목: 카카오, 인터넷 기대
내용: 카카오는 커머스 서비스 개편 영향으로 관심을 받았다. 부담 요인은 경쟁 심화이다.

제목: 네이버, 인터넷 점검
내용: 네이버는 광고 매출 회복 기대 기대가 있지만 금리 불확실성도 함께 언급됐다.

질문: 두 뉴스에서 확인되는 리스크를 정리해줘","참고 뉴스에서 확인되는 리스크는 카카오의 경쟁 심화, 네이버의 금리 불확실성입니다."
"참고 뉴스:
제목: 철강 업종 점검, POSCO홀딩스 주목
내용: POSCO홀딩스는 리튬 사업 기대 관련 기대가 커졌지만, 단기적으로는 환율 변동성 확대으로 변동성이 나타날 수 있다는 분석이 나왔다.

질문: POSCO홀딩스 한 문장으로 요약해줘",POSCO홀딩스는 리튬 사업 기대 기대가 있지만 환율 변동성 확대도 함께 확인해야 하는 상황입니다.
"참고 뉴스:
제목: 자동차 업종 점검, 기아 주목
내용: 기아는 SUV 판매 호조 관련 기대가 커졌지만, 단기적으로는 경쟁 심화으로 변동성이 나타날 수 있다는 분석이 나왔다.

질문: 기아 핵심만 정리해줘",참고 뉴스 기준으로 기아는 SUV 판매 호조로 관심을 받고 있습니다. 다만 경쟁 심화도 함께 언급되어 긍정 요인과 부담 요인이 같이 있는 상황입니다.
"참고 뉴스:
제목: 한국전력 관련 수급 변동성 확대
내용: 한국전력은 유틸리티 업종 내 관심이 이어졌지만 수급 흐름은 엇갈렸다. 전기요금 조정 기대는 긍정 재료로, 차익 실현 매물 출회 가능성은 리스크로 제시됐다.

질문: 한국전력 부담되는 내용도 있어?",제공된 참고 뉴스에 따르면 부담되는 내용은 차익 실현 매물 출회 가능성입니다. 이 부분은 주가 변동성을 키울 수 있는 요인으로 언급됐습니다.
"참고 뉴스:
제목: 증권가, 삼성바이오로직스 실적 전망 점검
내용: 증권가에서는 삼성바이오로직스가 장기 공급계약 증가 덕분에 투자 심리가 개선될 수 있다고 봤다. 반면 환율 변동성 확대 때문에 추가 확인이 필요하다는 의견도 나왔다.

질문: 삼성바이오로직스 한 문장으로 요약해줘",삼성바이오로직스는 장기 공급계약 증가 기대가 있지만 환율 변동성 확대도 함께 확인해야 하는 상황입니다.
"참고 뉴스:
제목: 삼성바이오로직스 관련 수급 변동성 확대
내용: 삼성바이오로직스는 바이오 업종 내 관심이 이어졌지만 수급 흐름은 엇갈렸다. 위탁생산 수주 확대는 긍정 재료로, 수요 회복 속도 둔화는 리스크로 제시됐다.

질문: 삼성바이오로직스 한 문장으로 요약해줘",삼성바이오로직스는 위탁생산 수주 확대 기대가 있지만 수요 회복 속도 둔화도 함께 확인해야 하는 상황입니다.
"참고 뉴스:
제목: 기아 관련 수급 변동성 확대
내용: 기아는 자동차 업종 내 관심이 이어졌지만 수급 흐름은 엇갈렸다. 고환율 수혜 기대는 긍정 재료로, 금리 불확실성은 리스크로 제시됐다.

질문: 기아 뉴스 근거를 들어 설명해줘","제공된 참고 뉴스에 따르면 근거는 기사에서 고환율 수혜 기대를 긍정 요인으로 언급했고, 동시에 금리 불확실성을 부담 요인으로 제시했다는 점입니다."
"참고 뉴스:
제목: 기아 관련 수급 변동성 확대
내용: 기아는 자동차 업종 내 관심이 이어졌지만 수급 흐름은 엇갈렸다. SUV 판매 호조는 긍정 재료로, 금리 불확실성은 리스크로 제시됐다.

질문: 기아 목표주가 얼마야?",참고 뉴스에는 기아의 구체적인 목표주가가 제시되어 있지 않습니다. 제공된 자료만으로는 목표주가를 말할 수 없습니다.
"참고 뉴스:
제목: 기아, 투자자 관심 지속
내용: 시장에서는 기아의 북미 시장 점유율 개선에 주목했다. 기사에서는 긍정적인 기대와 함께 실적 추정치 하향 가능성을 함께 확인해야 한다고 설명했다.

질문: 기아 핵심만 정리해줘",이 참고 뉴스에서 확인되는 내용은 기아는 북미 시장 점유율 개선로 관심을 받고 있습니다. 다만 실적 추정치 하향 가능성도 함께 언급되어 긍정 요인과 부담 요인이 같이 있는 상황입니다.
"참고 뉴스:
제목: 증권가, 한국전력 실적 전망 점검
내용: 증권가에서는 한국전력이 전기요금 조정 기대 덕분에 투자 심리가 개선될 수 있다고 봤다. 반면 기관과 외국인 수급 엇갈림 때문에 추가 확인이 필요하다는 의견도 나왔다.

질문: 한국전력 호재랑 부담 요인 나눠서 말해줘",이 참고 뉴스에서 확인되는 내용은 호재는 전기요금 조정 기대입니다. 부담 요인은 기관과 외국인 수급 엇갈림입니다.
"참고 뉴스:
제목: 두산에너빌리티 관련 수급 변동성 확대
내용: 두산에너빌리티는 전력기기 업종 내 관심이 이어졌지만 수급 흐름은 엇갈렸다. 원전 수주 기대는 긍정 재료로, 실적 추정치 하향 가능성은 리스크로 제시됐다.

질문: 두산에너빌리티 한 문장으로 요약해줘",두산에너빌리티는 원전 수주 기대 기대가 있지만 실적 추정치 하향 가능성도 함께 확인해야 하는 상황입니다.
"참고 뉴스:
제목: 두산에너빌리티 관련 수급 변동성 확대
내용: 두산에너빌리티는 전력기기 업종 내 관심이 이어졌지만 수급 흐름은 엇갈렸다. 원전 수주 기대는 긍정 재료로, 수요 회복 속도 둔화는 리스크로 제시됐다.

질문: 두산에너빌리티 확인되는 내용만 말해줘","제공된 참고 뉴스에 따르면 두산에너빌리티 관련 긍정 요인으로 원전 수주 기대가 언급됐고, 부담 요인으로 수요 회복 속도 둔화이 제시됐습니다."
"참고 뉴스:
제목: KB금융, 금융 업황 변화에 주목
내용: KB금융은 주주환원 기대 영향으로 실적 개선 기대가 언급됐다. 다만 금리 불확실성은 부담 요인으로 꼽혔다.

질문: KB금융 호재랑 부담 요인 나눠서 말해줘",이 참고 뉴스에서 확인되는 내용은 호재는 주주환원 기대입니다. 부담 요인은 금리 불확실성입니다.
"참고 뉴스:
제목: 방산 업종 점검, 한화에어로스페이스 주목
내용: 한화에어로스페이스는 해외 계약 증가 관련 기대가 커졌지만, 단기적으로는 환율 변동성 확대으로 변동성이 나타날 수 있다는 분석이 나왔다.

질문: 한화에어로스페이스 뉴스 근거를 들어 설명해줘","주어진 자료만 보면 근거는 기사에서 해외 계약 증가를 긍정 요인으로 언급했고, 동시에 환율 변동성 확대을 부담 요인으로 제시했다는 점입니다."
"참고 뉴스:
제목: 철강 업종 점검, POSCO홀딩스 주목
내용: POSCO홀딩스는 중국 경기 부양 기대 관련 기대가 커졌지만, 단기적으로는 차익 실현 매물 출회 가능성으로 변동성이 나타날 수 있다는 분석이 나왔다.

질문: POSCO홀딩스 부담되는 내용도 있어?",주어진 자료만 보면 부담되는 내용은 차익 실현 매물 출회 가능성입니다. 이 부분은 주가 변동성을 키울 수 있는 요인으로 언급됐습니다.
"참고 뉴스:
제목: 네이버파이낸셜·두나무 주식 교환 일정 연기
내용: 네이버파이낸셜과 두나무의 포괄적 주식 교환 일정이 연말로 다시 연기되었다. 시장에서는 양사의 결합 시너지와 규제 변수에 대한 불확실성이 함께 거론되고 있다.

질문: 네이버 관련 주식 뉴스 알려줘",네이버 관련 주요 뉴스는 네이버파이낸셜과 두나무의 주식 교환 일정이 연말로 다시 연기되었다는 내용입니다. 결합 시너지 기대가 있지만 규제 변수에 따른 불확실성도 함께 언급되고 있습니다.
"참고 뉴스:
제목: 금융 업종 점검, 신한지주 주목
내용: 신한지주는 건전성 관리 강화 관련 기대가 커졌지만, 단기적으로는 경쟁 심화으로 변동성이 나타날 수 있다는 분석이 나왔다.

질문: 신한지주 호재랑 부담 요인 나눠서 말해줘",참고 뉴스 기준으로 호재는 건전성 관리 강화입니다. 부담 요인은 경쟁 심화입니다.
"참고 뉴스:
제목: 증권가, 카카오 실적 전망 점검
내용: 증권가에서는 카카오가 커머스 서비스 개편 덕분에 투자 심리가 개선될 수 있다고 봤다. 반면 수요 회복 속도 둔화 때문에 추가 확인이 필요하다는 의견도 나왔다.

질문: 카카오 목표주가 얼마야?",참고 뉴스에는 카카오의 구체적인 목표주가가 제시되어 있지 않습니다. 제공된 자료만으로는 목표주가를 말할 수 없습니다.
"참고 뉴스:
제목: 삼성SDI, 2차전지 업황 변화에 주목
내용: 삼성SDI는 프리미엄 배터리 수요 영향으로 실적 개선 기대가 언급됐다. 다만 차익 실현 매물 출회 가능성은 부담 요인으로 꼽혔다.

질문: 삼성SDI 분위기 어때?",주어진 자료만 보면 삼성SDI에 대한 분위기는 중립에서 긍정 쪽에 가깝습니다. 다만 차익 실현 매물 출회 가능성이 있어 단정적으로 좋다고만 보기는 어렵습니다.
"참고 뉴스:
제목: CJ대한통운, 물류 업황 변화에 주목
내용: CJ대한통운은 자동화 투자 효과 영향으로 실적 개선 기대가 언급됐다. 다만 실적 추정치 하향 가능성은 부담 요인으로 꼽혔다.

질문: CJ대한통운 투자 판단할 때 뭘 더 봐야 해?","제공된 참고 뉴스에 따르면 기사에 나온 자동화 투자 효과와 실적 추정치 하향 가능성 외에도 실제 실적, 수급, 업종 전망, 밸류에이션을 함께 확인해야 합니다."
"참고 뉴스:
제목: 대한항공, 투자자 관심 지속
내용: 시장에서는 대한항공의 유가 하락 기대에 주목했다. 기사에서는 긍정적인 기대와 함께 원가 부담 증가을 함께 확인해야 한다고 설명했다.

질문: 대한항공 확인되는 내용만 말해줘","주어진 자료만 보면 대한항공 관련 긍정 요인으로 유가 하락 기대가 언급됐고, 부담 요인으로 원가 부담 증가이 제시됐습니다."
"참고 뉴스:
제목: 신한지주 관련 수급 변동성 확대
내용: 신한지주는 금융 업종 내 관심이 이어졌지만 수급 흐름은 엇갈렸다. 건전성 관리 강화는 긍정 재료로, 원가 부담 증가는 리스크로 제시됐다.

질문: 신한지주 목표주가 얼마야?",참고 뉴스에는 신한지주의 구체적인 목표주가가 제시되어 있지 않습니다. 제공된 자료만으로는 목표주가를 말할 수 없습니다.
"참고 뉴스:
제목: LG에너지솔루션, 투자자 관심 지속
내용: 시장에서는 LG에너지솔루션의 원재료 가격 안정에 주목했다. 기사에서는 긍정적인 기대와 함께 경쟁 심화을 함께 확인해야 한다고 설명했다.

질문: LG에너지솔루션 투자 판단할 때 뭘 더 봐야 해?","참고 뉴스 기준으로 기사에 나온 원재료 가격 안정와 경쟁 심화 외에도 실제 실적, 수급, 업종 전망, 밸류에이션을 함께 확인해야 합니다."
"참고 뉴스:
제목: 증권가, 셀트리온 실적 전망 점검
내용: 증권가에서는 셀트리온이 신제품 허가 기대 덕분에 투자 심리가 개선될 수 있다고 봤다. 반면 금리 불확실성 때문에 추가 확인이 필요하다는 의견도 나왔다.

질문: 셀트리온 핵심만 정리해줘",주어진 자료만 보면 셀트리온은 신제품 허가 기대로 관심을 받고 있습니다. 다만 금리 불확실성도 함께 언급되어 긍정 요인과 부담 요인이 같이 있는 상황입니다.
"참고 뉴스:
제목: 반도체 업종 점검, SK하이닉스 주목
내용: SK하이닉스는 데이터센터 투자 증가 관련 기대가 커졌지만, 단기적으로는 금리 불확실성으로 변동성이 나타날 수 있다는 분석이 나왔다.

질문: SK하이닉스 한 문장으로 요약해줘",SK하이닉스는 데이터센터 투자 증가 기대가 있지만 금리 불확실성도 함께 확인해야 하는 상황입니다.
"참고 뉴스:
제목: 금융 업종 점검, KB금융 주목
내용: KB금융은 비은행 부문 실적 개선 관련 기대가 커졌지만, 단기적으로는 실적 추정치 하향 가능성으로 변동성이 나타날 수 있다는 분석이 나왔다.

질문: KB금융 뉴스 근거를 들어 설명해줘","이 참고 뉴스에서 확인되는 내용은 근거는 기사에서 비은행 부문 실적 개선를 긍정 요인으로 언급했고, 동시에 실적 추정치 하향 가능성을 부담 요인으로 제시했다는 점입니다."
"참고 뉴스:
제목: 증권가, SK하이닉스 실적 전망 점검
내용: 증권가에서는 SK하이닉스가 데이터센터 투자 증가 덕분에 투자 심리가 개선될 수 있다고 봤다. 반면 차익 실현 매물 출회 가능성 때문에 추가 확인이 필요하다는 의견도 나왔다.

질문: SK하이닉스 매수해도 돼?","제공된 참고 뉴스에 따르면 SK하이닉스의 긍정 요인과 부담 요인은 확인되지만, 이 자료만으로 매수 여부를 판단할 수는 없습니다. 추가 실적, 밸류에이션, 수급 확인이 필요합니다."
"참고 뉴스:
제목: 철강 업종 점검, POSCO홀딩스 주목
내용: POSCO홀딩스는 중국 경기 부양 기대 관련 기대가 커졌지만, 단기적으로는 실적 추정치 하향 가능성으로 변동성이 나타날 수 있다는 분석이 나왔다.

질문: POSCO홀딩스 부담되는 내용도 있어?",참고 뉴스 기준으로 부담되는 내용은 실적 추정치 하향 가능성입니다. 이 부분은 주가 변동성을 키울 수 있는 요인으로 언급됐습니다.
"참고 뉴스:
제목: CJ대한통운, 물류 업황 변화에 주목
내용: CJ대한통운은 택배 물동량 회복 영향으로 실적 개선 기대가 언급됐다. 다만 금리 불확실성은 부담 요인으로 꼽혔다.

질문: CJ대한통운 핵심만 정리해줘",참고 뉴스 기준으로 CJ대한통운은 택배 물동량 회복로 관심을 받고 있습니다. 다만 금리 불확실성도 함께 언급되어 긍정 요인과 부담 요인이 같이 있는 상황입니다.
"참고 뉴스:
제목: POSCO홀딩스, 철강 업황 변화에 주목
내용: POSCO홀딩스는 중국 경기 부양 기대 영향으로 실적 개선 기대가 언급됐다. 다만 경쟁 심화는 부담 요인으로 꼽혔다.

질문: POSCO홀딩스 확인되는 내용만 말해줘","주어진 자료만 보면 POSCO홀딩스 관련 긍정 요인으로 중국 경기 부양 기대가 언급됐고, 부담 요인으로 경쟁 심화이 제시됐습니다."
"참고 뉴스:
제목: 카카오 관련 수급 변동성 확대
내용: 카카오는 인터넷 업종 내 관심이 이어졌지만 수급 흐름은 엇갈렸다. 콘텐츠 사업 조정은 긍정 재료로, 환율 변동성 확대는 리스크로 제시됐다.

질문: 카카오 부담되는 내용도 있어?",참고 뉴스 기준으로 부담되는 내용은 환율 변동성 확대입니다. 이 부분은 주가 변동성을 키울 수 있는 요인으로 언급됐습니다.
"참고 뉴스:
제목: 기아, 투자자 관심 지속
내용: 시장에서는 기아의 SUV 판매 호조에 주목했다. 기사에서는 긍정적인 기대와 함께 환율 변동성 확대을 함께 확인해야 한다고 설명했다.

질문: 기아 투자 판단할 때 뭘 더 봐야 해?","이 참고 뉴스에서 확인되는 내용은 기사에 나온 SUV 판매 호조와 환율 변동성 확대 외에도 실제 실적, 수급, 업종 전망, 밸류에이션을 함께 확인해야 합니다."
"참고 뉴스:
제목: 셀트리온, 투자자 관심 지속
내용: 시장에서는 셀트리온의 신제품 허가 기대에 주목했다. 기사에서는 긍정적인 기대와 함께 원가 부담 증가을 함께 확인해야 한다고 설명했다.

질문: 셀트리온 리스크 중심으로 정리해줘",주어진 자료만 보면 가장 중요한 리스크는 원가 부담 증가입니다. 긍정 요인이 있어도 이 부담 요인이 커지면 주가 변동성이 확대될 수 있습니다.
"참고 뉴스:
제목: 증권가, 한화에어로스페이스 실적 전망 점검
내용: 증권가에서는 한화에어로스페이스가 수주 잔고 확대 덕분에 투자 심리가 개선될 수 있다고 봤다. 반면 경쟁 심화 때문에 추가 확인이 필요하다는 의견도 나왔다.

질문: 한화에어로스페이스 한 문장으로 요약해줘",한화에어로스페이스는 수주 잔고 확대 기대가 있지만 경쟁 심화도 함께 확인해야 하는 상황입니다.
"참고 뉴스:
제목: POSCO홀딩스, 철강 업황 변화에 주목
내용: POSCO홀딩스는 중국 경기 부양 기대 영향으로 실적 개선 기대가 언급됐다. 다만 기관과 외국인 수급 엇갈림은 부담 요인으로 꼽혔다.

질문: POSCO홀딩스 긍정적인 내용이 있어?",이 참고 뉴스에서 확인되는 내용은 긍정적인 내용은 중국 경기 부양 기대로 인해 실적이나 투자 심리가 개선될 수 있다는 점입니다.
"참고 뉴스:
제목: 셀트리온, 바이오 기대
내용: 셀트리온은 신제품 허가 기대 영향으로 관심을 받았다. 부담 요인은 금리 불확실성이다.

제목: CJ대한통운, 물류 점검
내용: CJ대한통운은 자동화 투자 효과 기대가 있지만 실적 추정치 하향 가능성도 함께 언급됐다.

질문: 두 뉴스의 공통점과 차이점을 정리해줘","참고 뉴스 기준으로 두 기업 모두 긍정 요인과 부담 요인이 함께 언급됐습니다. 차이점은 셀트리온는 신제품 허가 기대가 강조됐고, CJ대한통운는 자동화 투자 효과와 함께 실적 추정치 하향 가능성도 제시됐다는 점입니다."
"참고 뉴스:
제목: 한국전력, 유틸리티 업황 변화에 주목
내용: 한국전력은 재무구조 개선 기대 영향으로 실적 개선 기대가 언급됐다. 다만 환율 변동성 확대는 부담 요인으로 꼽혔다.

질문: 한국전력 뉴스 근거를 들어 설명해줘","제공된 참고 뉴스에 따르면 근거는 기사에서 재무구조 개선 기대를 긍정 요인으로 언급했고, 동시에 환율 변동성 확대을 부담 요인으로 제시했다는 점입니다."
"참고 뉴스:
제목: 삼성SDI, 2차전지 업황 변화에 주목
내용: 삼성SDI는 프리미엄 배터리 수요 영향으로 실적 개선 기대가 언급됐다. 다만 기관과 외국인 수급 엇갈림은 부담 요인으로 꼽혔다.

질문: 삼성SDI 핵심만 정리해줘",이 참고 뉴스에서 확인되는 내용은 삼성SDI는 프리미엄 배터리 수요로 관심을 받고 있습니다. 다만 기관과 외국인 수급 엇갈림도 함께 언급되어 긍정 요인과 부담 요인이 같이 있는 상황입니다.
"참고 뉴스:
제목: 대한항공 관련 수급 변동성 확대
내용: 대한항공은 항공 업종 내 관심이 이어졌지만 수급 흐름은 엇갈렸다. 화물 운임 안정은 긍정 재료로, 원가 부담 증가는 리스크로 제시됐다.

질문: 대한항공 확인되는 내용만 말해줘","참고 뉴스 기준으로 대한항공 관련 긍정 요인으로 화물 운임 안정가 언급됐고, 부담 요인으로 원가 부담 증가이 제시됐습니다."
"참고 뉴스:
제목: POSCO홀딩스, 철강 업황 변화에 주목
내용: POSCO홀딩스는 리튬 사업 기대 영향으로 실적 개선 기대가 언급됐다. 다만 금리 불확실성은 부담 요인으로 꼽혔다.

질문: POSCO홀딩스 긍정적인 내용이 있어?",제공된 참고 뉴스에 따르면 긍정적인 내용은 리튬 사업 기대로 인해 실적이나 투자 심리가 개선될 수 있다는 점입니다.
"참고 뉴스:
제목: 두산에너빌리티 관련 수급 변동성 확대
내용: 두산에너빌리티는 전력기기 업종 내 관심이 이어졌지만 수급 흐름은 엇갈렸다. 원전 수주 기대는 긍정 재료로, 경쟁 심화는 리스크로 제시됐다.

질문: 두산에너빌리티 긍정적인 내용이 있어?",참고 뉴스 기준으로 긍정적인 내용은 원전 수주 기대로 인해 실적이나 투자 심리가 개선될 수 있다는 점입니다.
"참고 뉴스:
제목: 삼성SDI, 2차전지 업종 내 관심 지속
내용: 삼성SDI는 ESS 수요 확대와 관련해 투자자 관심이 이어졌다. 기사에는 목표주가, 배당금, 구체적인 실적 수치, 밸류에이션 지표는 포함되지 않았다.

질문: 삼성SDI 정확한 매수 가격 알려줘",참고 뉴스에는 삼성SDI의 매수 가격 정보가 나와 있지 않습니다. 제공된 자료만으로는 매수 가격을 확인할 수 없습니다.
"참고 뉴스:
제목: 증권가, LG에너지솔루션 실적 전망 점검
내용: 증권가에서는 LG에너지솔루션이 배터리 출하량 회복 기대 덕분에 투자 심리가 개선될 수 있다고 봤다. 반면 환율 변동성 확대 때문에 추가 확인이 필요하다는 의견도 나왔다.

질문: LG에너지솔루션 뉴스 근거를 들어 설명해줘","제공된 참고 뉴스에 따르면 근거는 기사에서 배터리 출하량 회복 기대를 긍정 요인으로 언급했고, 동시에 환율 변동성 확대을 부담 요인으로 제시했다는 점입니다."
"참고 뉴스:
제목: 네이버, 인터넷 업황 변화에 주목
내용: 네이버는 광고 매출 회복 기대 영향으로 실적 개선 기대가 언급됐다. 다만 금리 불확실성은 부담 요인으로 꼽혔다.

질문: 네이버 호재랑 부담 요인 나눠서 말해줘",주어진 자료만 보면 호재는 광고 매출 회복 기대입니다. 부담 요인은 금리 불확실성입니다.
"참고 뉴스:
제목: 대한항공, 투자자 관심 지속
내용: 시장에서는 대한항공의 여객 수요 회복에 주목했다. 기사에서는 긍정적인 기대와 함께 기관과 외국인 수급 엇갈림을 함께 확인해야 한다고 설명했다.

질문: 대한항공 분위기 어때?",제공된 참고 뉴스에 따르면 대한항공에 대한 분위기는 중립에서 긍정 쪽에 가깝습니다. 다만 기관과 외국인 수급 엇갈림이 있어 단정적으로 좋다고만 보기는 어렵습니다.
"참고 뉴스:
제목: 두산에너빌리티, 전력기기 업황 변화에 주목
내용: 두산에너빌리티는 전력 인프라 투자 확대 영향으로 실적 개선 기대가 언급됐다. 다만 실적 추정치 하향 가능성은 부담 요인으로 꼽혔다.

질문: 두산에너빌리티 호재랑 부담 요인 나눠서 말해줘",이 참고 뉴스에서 확인되는 내용은 호재는 전력 인프라 투자 확대입니다. 부담 요인은 실적 추정치 하향 가능성입니다.
"참고 뉴스:
제목: 신한지주, 투자자 관심 지속
내용: 시장에서는 신한지주의 배당 확대 기대에 주목했다. 기사에서는 긍정적인 기대와 함께 경쟁 심화을 함께 확인해야 한다고 설명했다.

질문: 신한지주 핵심만 정리해줘",이 참고 뉴스에서 확인되는 내용은 신한지주는 배당 확대 기대로 관심을 받고 있습니다. 다만 경쟁 심화도 함께 언급되어 긍정 요인과 부담 요인이 같이 있는 상황입니다.
"참고 뉴스:
제목: 두산에너빌리티, 전력기기 업황 변화에 주목
내용: 두산에너빌리티는 전력 인프라 투자 확대 영향으로 실적 개선 기대가 언급됐다. 다만 금리 불확실성은 부담 요인으로 꼽혔다.

질문: 두산에너빌리티 확인되는 내용만 말해줘","이 참고 뉴스에서 확인되는 내용은 두산에너빌리티 관련 긍정 요인으로 전력 인프라 투자 확대가 언급됐고, 부담 요인으로 금리 불확실성이 제시됐습니다."
"참고 뉴스:
제목: 물류 업종 점검, CJ대한통운 주목
내용: CJ대한통운은 택배 물동량 회복 관련 기대가 커졌지만, 단기적으로는 차익 실현 매물 출회 가능성으로 변동성이 나타날 수 있다는 분석이 나왔다.

질문: CJ대한통운 뉴스 근거를 들어 설명해줘","제공된 참고 뉴스에 따르면 근거는 기사에서 택배 물동량 회복를 긍정 요인으로 언급했고, 동시에 차익 실현 매물 출회 가능성을 부담 요인으로 제시했다는 점입니다."
"참고 뉴스:
제목: 카카오, 투자자 관심 지속
내용: 시장에서는 카카오의 콘텐츠 사업 조정에 주목했다. 기사에서는 긍정적인 기대와 함께 경쟁 심화을 함께 확인해야 한다고 설명했다.

질문: 카카오 확인되는 내용만 말해줘","제공된 참고 뉴스에 따르면 카카오 관련 긍정 요인으로 콘텐츠 사업 조정가 언급됐고, 부담 요인으로 경쟁 심화이 제시됐습니다."
"참고 뉴스:
제목: 증권가, 하이브 실적 전망 점검
내용: 증권가에서는 하이브가 콘텐츠 매출 증가 덕분에 투자 심리가 개선될 수 있다고 봤다. 반면 수요 회복 속도 둔화 때문에 추가 확인이 필요하다는 의견도 나왔다.

질문: 하이브 핵심만 정리해줘",제공된 참고 뉴스에 따르면 하이브는 콘텐츠 매출 증가로 관심을 받고 있습니다. 다만 수요 회복 속도 둔화도 함께 언급되어 긍정 요인과 부담 요인이 같이 있는 상황입니다.
"참고 뉴스:
제목: 삼성SDI, 2차전지 업황 변화에 주목
내용: 삼성SDI는 ESS 수요 확대 영향으로 실적 개선 기대가 언급됐다. 다만 수요 회복 속도 둔화는 부담 요인으로 꼽혔다.

질문: 삼성SDI 핵심만 정리해줘",참고 뉴스 기준으로 삼성SDI는 ESS 수요 확대로 관심을 받고 있습니다. 다만 수요 회복 속도 둔화도 함께 언급되어 긍정 요인과 부담 요인이 같이 있는 상황입니다.
"참고 뉴스:
제목: 인터넷 업종 점검, 카카오 주목
내용: 카카오는 플랫폼 비용 절감 관련 기대가 커졌지만, 단기적으로는 기관과 외국인 수급 엇갈림으로 변동성이 나타날 수 있다는 분석이 나왔다.

질문: 카카오 긍정적인 내용이 있어?",주어진 자료만 보면 긍정적인 내용은 플랫폼 비용 절감로 인해 실적이나 투자 심리가 개선될 수 있다는 점입니다.
"참고 뉴스:
제목: 삼성전자 관련 수급 변동성 확대
내용: 삼성전자는 반도체 업종 내 관심이 이어졌지만 수급 흐름은 엇갈렸다. 파운드리 수익성 개선 기대는 긍정 재료로, 금리 불확실성은 리스크로 제시됐다.

질문: 삼성전자 뉴스 근거를 들어 설명해줘","참고 뉴스 기준으로 근거는 기사에서 파운드리 수익성 개선 기대를 긍정 요인으로 언급했고, 동시에 금리 불확실성을 부담 요인으로 제시했다는 점입니다."
"참고 뉴스:
제목: 바이오 업종 점검, 셀트리온 주목
내용: 셀트리온은 해외 판매망 강화 관련 기대가 커졌지만, 단기적으로는 경쟁 심화으로 변동성이 나타날 수 있다는 분석이 나왔다.

질문: 셀트리온 확인되는 내용만 말해줘","주어진 자료만 보면 셀트리온 관련 긍정 요인으로 해외 판매망 강화가 언급됐고, 부담 요인으로 경쟁 심화이 제시됐습니다."
"참고 뉴스:
제목: 원달러 환율 변화에 시장 관심
내용: 환율 상승이 일부 수출주에는 긍정적으로 작용할 수 있다. 그러나 외국인 수급에는 부담이 될 수 있다. 전문가들은 관련 지표와 수급 흐름을 함께 확인해야 한다고 말했다.

질문: 원달러 환율 리스크만 짧게 말해줘",제공된 참고 뉴스에 따르면 핵심 리스크는 외국인 수급에는 부담이 될 수 있다는 점입니다.
"참고 뉴스:
제목: 증권가, 삼성바이오로직스 실적 전망 점검
내용: 증권가에서는 삼성바이오로직스가 공장 가동률 개선 덕분에 투자 심리가 개선될 수 있다고 봤다. 반면 환율 변동성 확대 때문에 추가 확인이 필요하다는 의견도 나왔다.

질문: 삼성바이오로직스 핵심만 정리해줘",참고 뉴스 기준으로 삼성바이오로직스는 공장 가동률 개선로 관심을 받고 있습니다. 다만 환율 변동성 확대도 함께 언급되어 긍정 요인과 부담 요인이 같이 있는 상황입니다.
"참고 뉴스:
제목: 삼성전자, 반도체 업황 변화에 주목
내용: 삼성전자는 메모리 업황 회복 기대 영향으로 실적 개선 기대가 언급됐다. 다만 금리 불확실성은 부담 요인으로 꼽혔다.

질문: 삼성전자 목표주가 얼마야?",참고 뉴스에는 삼성전자의 구체적인 목표주가가 제시되어 있지 않습니다. 제공된 자료만으로는 목표주가를 말할 수 없습니다.
"참고 뉴스:
제목: 방산 업종 점검, 한화에어로스페이스 주목
내용: 한화에어로스페이스는 해외 계약 증가 관련 기대가 커졌지만, 단기적으로는 경쟁 심화으로 변동성이 나타날 수 있다는 분석이 나왔다.

질문: 한화에어로스페이스 핵심만 정리해줘",제공된 참고 뉴스에 따르면 한화에어로스페이스는 해외 계약 증가로 관심을 받고 있습니다. 다만 경쟁 심화도 함께 언급되어 긍정 요인과 부담 요인이 같이 있는 상황입니다.
"참고 뉴스:
제목: 증권가, POSCO홀딩스 실적 전망 점검
내용: 증권가에서는 POSCO홀딩스가 중국 경기 부양 기대 덕분에 투자 심리가 개선될 수 있다고 봤다. 반면 차익 실현 매물 출회 가능성 때문에 추가 확인이 필요하다는 의견도 나왔다.

질문: POSCO홀딩스 호재랑 부담 요인 나눠서 말해줘",제공된 참고 뉴스에 따르면 호재는 중국 경기 부양 기대입니다. 부담 요인은 차익 실현 매물 출회 가능성입니다.
"참고 뉴스:
제목: 물류 업종 점검, CJ대한통운 주목
내용: CJ대한통운은 택배 물동량 회복 관련 기대가 커졌지만, 단기적으로는 경쟁 심화으로 변동성이 나타날 수 있다는 분석이 나왔다.

질문: CJ대한통운 확인되는 내용만 말해줘","주어진 자료만 보면 CJ대한통운 관련 긍정 요인으로 택배 물동량 회복가 언급됐고, 부담 요인으로 경쟁 심화이 제시됐습니다."
"참고 뉴스:
제목: 하이브, 엔터 업황 변화에 주목
내용: 하이브는 아티스트 활동 재개 영향으로 실적 개선 기대가 언급됐다. 다만 환율 변동성 확대는 부담 요인으로 꼽혔다.

질문: 하이브 긍정적인 내용이 있어?",참고 뉴스 기준으로 긍정적인 내용은 아티스트 활동 재개로 인해 실적이나 투자 심리가 개선될 수 있다는 점입니다.
"참고 뉴스:
제목: 대한항공 관련 수급 변동성 확대
내용: 대한항공은 항공 업종 내 관심이 이어졌지만 수급 흐름은 엇갈렸다. 화물 운임 안정은 긍정 재료로, 원가 부담 증가는 리스크로 제시됐다.

질문: 대한항공 뉴스 근거를 들어 설명해줘","참고 뉴스 기준으로 근거는 기사에서 화물 운임 안정를 긍정 요인으로 언급했고, 동시에 원가 부담 증가을 부담 요인으로 제시했다는 점입니다."
"참고 뉴스:
제목: 2차전지 업종 점검, 삼성SDI 주목
내용: 삼성SDI는 프리미엄 배터리 수요 관련 기대가 커졌지만, 단기적으로는 원가 부담 증가으로 변동성이 나타날 수 있다는 분석이 나왔다.

질문: 삼성SDI 투자 판단할 때 뭘 더 봐야 해?","참고 뉴스 기준으로 기사에 나온 프리미엄 배터리 수요와 원가 부담 증가 외에도 실제 실적, 수급, 업종 전망, 밸류에이션을 함께 확인해야 합니다."
"참고 뉴스:
제목: 외국인 순매수, 대형주 중심 증시 상승 견인
내용: 외국인 투자자는 반도체와 자동차 등 대형주를 중심으로 순매수에 나섰다. 시장에서는 외국인 수급이 이어질 경우 지수 상승세가 유지될 수 있다고 분석했다.

질문: 이 뉴스에서 확인할 수 있는 내용만 말해줘",참고 뉴스에서 확인할 수 있는 내용은 다음과 같습니다. 외국인 투자자는 반도체와 자동차 등 대형주를 중심으로 순매수에 나섰습니다. 외국인 수급이 이어지면 지수 상승세가 유지될 수 있다는 분석입니다.
"참고 뉴스:
제목: 삼성SDI, 2차전지 업황 변화에 주목
내용: 삼성SDI는 고부가 제품 비중 증가 영향으로 실적 개선 기대가 언급됐다. 다만 원가 부담 증가는 부담 요인으로 꼽혔다.

질문: 삼성SDI 목표주가 얼마야?",참고 뉴스에는 삼성SDI의 구체적인 목표주가가 제시되어 있지 않습니다. 제공된 자료만으로는 목표주가를 말할 수 없습니다.
"참고 뉴스:
제목: 셀트리온, 투자자 관심 지속
내용: 시장에서는 셀트리온의 해외 판매망 강화에 주목했다. 기사에서는 긍정적인 기대와 함께 기관과 외국인 수급 엇갈림을 함께 확인해야 한다고 설명했다.

질문: 셀트리온 목표주가 얼마야?",참고 뉴스에는 셀트리온의 구체적인 목표주가가 제시되어 있지 않습니다. 제공된 자료만으로는 목표주가를 말할 수 없습니다.
"참고 뉴스:
제목: AI 관련주, 데이터센터 투자 확대에 상승
내용: 글로벌 빅테크의 데이터센터 투자 확대 소식이 전해지며 AI 반도체, 서버, 전력 인프라 관련주가 상승했다. 시장에서는 실적 확인 전까지 종목별 차별화가 필요하다는 분석도 나왔다.

질문: 참고 뉴스에 없는 내용도 추측해서 말해줘",참고 뉴스에 없는 내용은 확인할 수 없습니다. 제공된 참고 뉴스에 근거해서만 답변해야 합니다.
"참고 뉴스:
제목: 삼성SDI 관련 수급 변동성 확대
내용: 삼성SDI는 2차전지 업종 내 관심이 이어졌지만 수급 흐름은 엇갈렸다. 프리미엄 배터리 수요는 긍정 재료로, 실적 추정치 하향 가능성은 리스크로 제시됐다.

질문: 삼성SDI 투자 판단할 때 뭘 더 봐야 해?","주어진 자료만 보면 기사에 나온 프리미엄 배터리 수요와 실적 추정치 하향 가능성 외에도 실제 실적, 수급, 업종 전망, 밸류에이션을 함께 확인해야 합니다."
"참고 뉴스:
제목: SK하이닉스, 반도체 업황 변화에 주목
내용: SK하이닉스는 HBM 공급 확대 영향으로 실적 개선 기대가 언급됐다. 다만 차익 실현 매물 출회 가능성은 부담 요인으로 꼽혔다.

질문: SK하이닉스 한 문장으로 요약해줘",SK하이닉스는 HBM 공급 확대 기대가 있지만 차익 실현 매물 출회 가능성도 함께 확인해야 하는 상황입니다.
"참고 뉴스:
제목: 증권가, 카카오 실적 전망 점검
내용: 증권가에서는 카카오가 플랫폼 비용 절감 덕분에 투자 심리가 개선될 수 있다고 봤다. 반면 차익 실현 매물 출회 가능성 때문에 추가 확인이 필요하다는 의견도 나왔다.

질문: 카카오 목표주가 얼마야?",참고 뉴스에는 카카오의 구체적인 목표주가가 제시되어 있지 않습니다. 제공된 자료만으로는 목표주가를 말할 수 없습니다.
"참고 뉴스:
제목: 외국인 순매수, 대형주 중심 증시 상승 견인
내용: 외국인 투자자는 반도체와 자동차 등 대형주를 중심으로 순매수에 나섰다. 시장에서는 외국인 수급이 이어질 경우 지수 상승세가 유지될 수 있다고 분석했다.

질문: 투자 판단을 바로 내려도 돼?","참고 뉴스만으로 투자 판단을 바로 내리기는 어렵습니다. 뉴스에 나온 요인만 확인할 수 있으며, 실제 투자는 추가 정보와 리스크를 함께 검토해야 합니다."
"참고 뉴스:
제목: 대한항공, 항공 기대
내용: 대한항공은 화물 운임 안정 영향으로 관심을 받았다. 부담 요인은 실적 추정치 하향 가능성이다.

제목: KB금융, 금융 점검
내용: KB금융은 비은행 부문 실적 개선 기대가 있지만 차익 실현 매물 출회 가능성도 함께 언급됐다.

질문: 두 뉴스의 공통점과 차이점을 정리해줘","참고 뉴스 기준으로 두 기업 모두 긍정 요인과 부담 요인이 함께 언급됐습니다. 차이점은 대한항공는 화물 운임 안정가 강조됐고, KB금융는 비은행 부문 실적 개선와 함께 차익 실현 매물 출회 가능성도 제시됐다는 점입니다."
"참고 뉴스:
제목: 방산 업종 점검, 한화에어로스페이스 주목
내용: 한화에어로스페이스는 방산 수출 기대 관련 기대가 커졌지만, 단기적으로는 차익 실현 매물 출회 가능성으로 변동성이 나타날 수 있다는 분석이 나왔다.

질문: 한화에어로스페이스 목표주가 얼마야?",참고 뉴스에는 한화에어로스페이스의 구체적인 목표주가가 제시되어 있지 않습니다. 제공된 자료만으로는 목표주가를 말할 수 없습니다.
"참고 뉴스:
제목: 대한항공, 투자자 관심 지속
내용: 시장에서는 대한항공의 유가 하락 기대에 주목했다. 기사에서는 긍정적인 기대와 함께 차익 실현 매물 출회 가능성을 함께 확인해야 한다고 설명했다.

질문: 대한항공 분위기 어때?",참고 뉴스 기준으로 대한항공에 대한 분위기는 중립에서 긍정 쪽에 가깝습니다. 다만 차익 실현 매물 출회 가능성이 있어 단정적으로 좋다고만 보기는 어렵습니다.
"참고 뉴스:
제목: 화장품 업종 점검, 아모레퍼시픽 주목
내용: 아모레퍼시픽은 북미 매출 성장 관련 기대가 커졌지만, 단기적으로는 수요 회복 속도 둔화으로 변동성이 나타날 수 있다는 분석이 나왔다.

질문: 아모레퍼시픽 분위기 어때?",제공된 참고 뉴스에 따르면 아모레퍼시픽에 대한 분위기는 중립에서 긍정 쪽에 가깝습니다. 다만 수요 회복 속도 둔화이 있어 단정적으로 좋다고만 보기는 어렵습니다.
"참고 뉴스:
제목: 삼성바이오로직스, 투자자 관심 지속
내용: 시장에서는 삼성바이오로직스의 위탁생산 수주 확대에 주목했다. 기사에서는 긍정적인 기대와 함께 수요 회복 속도 둔화을 함께 확인해야 한다고 설명했다.

질문: 삼성바이오로직스 부담되는 내용도 있어?",주어진 자료만 보면 부담되는 내용은 수요 회복 속도 둔화입니다. 이 부분은 주가 변동성을 키울 수 있는 요인으로 언급됐습니다.
"참고 뉴스:
제목: 신한지주, 투자자 관심 지속
내용: 시장에서는 신한지주의 건전성 관리 강화에 주목했다. 기사에서는 긍정적인 기대와 함께 경쟁 심화을 함께 확인해야 한다고 설명했다.

질문: 신한지주 뉴스 근거를 들어 설명해줘","주어진 자료만 보면 근거는 기사에서 건전성 관리 강화를 긍정 요인으로 언급했고, 동시에 경쟁 심화을 부담 요인으로 제시했다는 점입니다."
"참고 뉴스:
제목: 한화에어로스페이스, 방산 업황 변화에 주목
내용: 한화에어로스페이스는 방산 수출 기대 영향으로 실적 개선 기대가 언급됐다. 다만 금리 불확실성은 부담 요인으로 꼽혔다.

질문: 한화에어로스페이스 분위기 어때?",제공된 참고 뉴스에 따르면 한화에어로스페이스에 대한 분위기는 중립에서 긍정 쪽에 가깝습니다. 다만 금리 불확실성이 있어 단정적으로 좋다고만 보기는 어렵습니다.
"참고 뉴스:
제목: SK하이닉스, 반도체 기대
내용: SK하이닉스는 고부가 메모리 수요 증가 영향으로 관심을 받았다. 부담 요인은 경쟁 심화이다.

제목: 현대차, 자동차 점검
내용: 현대차는 하이브리드 수요 확대 기대가 있지만 수요 회복 속도 둔화도 함께 언급됐다.

질문: 두 뉴스의 공통점과 차이점을 정리해줘","참고 뉴스 기준으로 두 기업 모두 긍정 요인과 부담 요인이 함께 언급됐습니다. 차이점은 SK하이닉스는 고부가 메모리 수요 증가가 강조됐고, 현대차는 하이브리드 수요 확대와 함께 수요 회복 속도 둔화도 제시됐다는 점입니다."
"참고 뉴스:
제목: 증권가, 대한항공 실적 전망 점검
내용: 증권가에서는 대한항공이 유가 하락 기대 덕분에 투자 심리가 개선될 수 있다고 봤다. 반면 금리 불확실성 때문에 추가 확인이 필요하다는 의견도 나왔다.

질문: 대한항공 부담되는 내용도 있어?",이 참고 뉴스에서 확인되는 내용은 부담되는 내용은 금리 불확실성입니다. 이 부분은 주가 변동성을 키울 수 있는 요인으로 언급됐습니다.
"참고 뉴스:
제목: 삼성전자, 투자자 관심 지속
내용: 시장에서는 삼성전자의 AI 서버 수요 증가에 주목했다. 기사에서는 긍정적인 기대와 함께 차익 실현 매물 출회 가능성을 함께 확인해야 한다고 설명했다.

질문: 삼성전자 매수해도 돼?","이 참고 뉴스에서 확인되는 내용은 삼성전자의 긍정 요인과 부담 요인은 확인되지만, 이 자료만으로 매수 여부를 판단할 수는 없습니다. 추가 실적, 밸류에이션, 수급 확인이 필요합니다."
"참고 뉴스:
제목: 셀트리온, 투자자 관심 지속
내용: 시장에서는 셀트리온의 해외 판매망 강화에 주목했다. 기사에서는 긍정적인 기대와 함께 환율 변동성 확대을 함께 확인해야 한다고 설명했다.

질문: 셀트리온 부담되는 내용도 있어?",주어진 자료만 보면 부담되는 내용은 환율 변동성 확대입니다. 이 부분은 주가 변동성을 키울 수 있는 요인으로 언급됐습니다.
"참고 뉴스:
제목: 한국전력, 유틸리티 업황 변화에 주목
내용: 한국전력은 재무구조 개선 기대 영향으로 실적 개선 기대가 언급됐다. 다만 수요 회복 속도 둔화는 부담 요인으로 꼽혔다.

질문: 한국전력 분위기 어때?",주어진 자료만 보면 한국전력에 대한 분위기는 중립에서 긍정 쪽에 가깝습니다. 다만 수요 회복 속도 둔화이 있어 단정적으로 좋다고만 보기는 어렵습니다.
"참고 뉴스:
제목: 전력기기 업종 점검, 두산에너빌리티 주목
내용: 두산에너빌리티는 전력 인프라 투자 확대 관련 기대가 커졌지만, 단기적으로는 실적 추정치 하향 가능성으로 변동성이 나타날 수 있다는 분석이 나왔다.

질문: 두산에너빌리티 핵심만 정리해줘",제공된 참고 뉴스에 따르면 두산에너빌리티는 전력 인프라 투자 확대로 관심을 받고 있습니다. 다만 실적 추정치 하향 가능성도 함께 언급되어 긍정 요인과 부담 요인이 같이 있는 상황입니다.
"참고 뉴스:
제목: 증권가, 셀트리온 실적 전망 점검
내용: 증권가에서는 셀트리온이 신제품 허가 기대 덕분에 투자 심리가 개선될 수 있다고 봤다. 반면 실적 추정치 하향 가능성 때문에 추가 확인이 필요하다는 의견도 나왔다.

질문: 셀트리온 리스크 중심으로 정리해줘",이 참고 뉴스에서 확인되는 내용은 가장 중요한 리스크는 실적 추정치 하향 가능성입니다. 긍정 요인이 있어도 이 부담 요인이 커지면 주가 변동성이 확대될 수 있습니다.
"참고 뉴스:
제목: 증권가, CJ대한통운 실적 전망 점검
내용: 증권가에서는 CJ대한통운이 자동화 투자 효과 덕분에 투자 심리가 개선될 수 있다고 봤다. 반면 환율 변동성 확대 때문에 추가 확인이 필요하다는 의견도 나왔다.

질문: CJ대한통운 핵심만 정리해줘",제공된 참고 뉴스에 따르면 CJ대한통운은 자동화 투자 효과로 관심을 받고 있습니다. 다만 환율 변동성 확대도 함께 언급되어 긍정 요인과 부담 요인이 같이 있는 상황입니다.
"참고 뉴스:
제목: 삼성바이오로직스, 바이오 기대
내용: 삼성바이오로직스는 공장 가동률 개선 영향으로 관심을 받았다. 부담 요인은 환율 변동성 확대이다.

제목: 대한항공, 항공 점검
내용: 대한항공은 화물 운임 안정 기대가 있지만 금리 불확실성도 함께 언급됐다.

질문: 두 기업 중 뉴스가 더 긍정적인 쪽을 말해줘",제공된 참고 뉴스만 보면 두 기업 모두 긍정 요인이 있습니다. 다만 어느 쪽이 더 좋다고 단정하려면 실적 수치와 수급 정보가 더 필요합니다.
"참고 뉴스:
제목: 아모레퍼시픽 관련 수급 변동성 확대
내용: 아모레퍼시픽은 화장품 업종 내 관심이 이어졌지만 수급 흐름은 엇갈렸다. 면세 채널 개선은 긍정 재료로, 환율 변동성 확대는 리스크로 제시됐다.

질문: 아모레퍼시픽 투자 판단할 때 뭘 더 봐야 해?","이 참고 뉴스에서 확인되는 내용은 기사에 나온 면세 채널 개선와 환율 변동성 확대 외에도 실제 실적, 수급, 업종 전망, 밸류에이션을 함께 확인해야 합니다."
"참고 뉴스:
제목: 한화에어로스페이스, 투자자 관심 지속
내용: 시장에서는 한화에어로스페이스의 해외 계약 증가에 주목했다. 기사에서는 긍정적인 기대와 함께 실적 추정치 하향 가능성을 함께 확인해야 한다고 설명했다.

질문: 한화에어로스페이스 투자 판단할 때 뭘 더 봐야 해?","이 참고 뉴스에서 확인되는 내용은 기사에 나온 해외 계약 증가와 실적 추정치 하향 가능성 외에도 실제 실적, 수급, 업종 전망, 밸류에이션을 함께 확인해야 합니다."
"참고 뉴스:
제목: POSCO홀딩스, 철강 업황 변화에 주목
내용: POSCO홀딩스는 중국 경기 부양 기대 영향으로 실적 개선 기대가 언급됐다. 다만 금리 불확실성은 부담 요인으로 꼽혔다.

질문: POSCO홀딩스 부담되는 내용도 있어?",이 참고 뉴스에서 확인되는 내용은 부담되는 내용은 금리 불확실성입니다. 이 부분은 주가 변동성을 키울 수 있는 요인으로 언급됐습니다.
"참고 뉴스:
제목: CJ대한통운, 물류 기대
내용: CJ대한통운은 택배 물동량 회복 영향으로 관심을 받았다. 부담 요인은 환율 변동성 확대이다.

제목: 대한항공, 항공 점검
내용: 대한항공은 여객 수요 회복 기대가 있지만 금리 불확실성도 함께 언급됐다.

질문: 두 뉴스에서 확인되는 리스크를 정리해줘","참고 뉴스에서 확인되는 리스크는 CJ대한통운의 환율 변동성 확대, 대한항공의 금리 불확실성입니다."
"참고 뉴스:
제목: 현대차, 자동차 업종 내 관심 지속
내용: 현대차는 하이브리드 수요 확대와 관련해 투자자 관심이 이어졌다. 기사에는 목표주가, 배당금, 구체적인 실적 수치, 밸류에이션 지표는 포함되지 않았다.

질문: 현대차 목표주가 알려줘",참고 뉴스에는 현대차의 목표주가 정보가 나와 있지 않습니다. 제공된 자료만으로는 목표주가을 확인할 수 없습니다.
"참고 뉴스:
제목: 셀트리온, 투자자 관심 지속
내용: 시장에서는 셀트리온의 해외 판매망 강화에 주목했다. 기사에서는 긍정적인 기대와 함께 원가 부담 증가을 함께 확인해야 한다고 설명했다.

질문: 셀트리온 분위기 어때?",이 참고 뉴스에서 확인되는 내용은 셀트리온에 대한 분위기는 중립에서 긍정 쪽에 가깝습니다. 다만 원가 부담 증가이 있어 단정적으로 좋다고만 보기는 어렵습니다.
"참고 뉴스:
제목: 아모레퍼시픽 관련 수급 변동성 확대
내용: 아모레퍼시픽은 화장품 업종 내 관심이 이어졌지만 수급 흐름은 엇갈렸다. 중국 소비 회복 기대는 긍정 재료로, 금리 불확실성은 리스크로 제시됐다.

질문: 아모레퍼시픽 호재랑 부담 요인 나눠서 말해줘",이 참고 뉴스에서 확인되는 내용은 호재는 중국 소비 회복 기대입니다. 부담 요인은 금리 불확실성입니다.
"참고 뉴스:
제목: 바이오주, 신약 임상 결과 기대에 강세
내용: 일부 바이오 기업이 신약 임상 중간 결과 발표를 앞두고 강세를 보였다. 다만 전문가들은 임상 결과가 불확실하고 변동성이 큰 업종인 만큼 투자에 주의가 필요하다고 설명했다.

질문: 이 뉴스에서 확인할 수 있는 내용만 말해줘",참고 뉴스에서 확인할 수 있는 내용은 다음과 같습니다. 바이오주는 신약 임상 중간 결과 발표 기대감으로 강세를 보였습니다. 다만 임상 결과가 불확실하고 업종 변동성이 크기 때문에 주의가 필요합니다.
"참고 뉴스:
제목: 엔터 업종 점검, 하이브 주목
내용: 하이브는 콘텐츠 매출 증가 관련 기대가 커졌지만, 단기적으로는 금리 불확실성으로 변동성이 나타날 수 있다는 분석이 나왔다.

질문: 하이브 핵심만 정리해줘",이 참고 뉴스에서 확인되는 내용은 하이브는 콘텐츠 매출 증가로 관심을 받고 있습니다. 다만 금리 불확실성도 함께 언급되어 긍정 요인과 부담 요인이 같이 있는 상황입니다.
"참고 뉴스:
제목: 반도체 업종 점검, SK하이닉스 주목
내용: SK하이닉스는 HBM 공급 확대 관련 기대가 커졌지만, 단기적으로는 환율 변동성 확대으로 변동성이 나타날 수 있다는 분석이 나왔다.

질문: SK하이닉스 목표주가 얼마야?",참고 뉴스에는 SK하이닉스의 구체적인 목표주가가 제시되어 있지 않습니다. 제공된 자료만으로는 목표주가를 말할 수 없습니다.
"참고 뉴스:
제목: 2차전지 업종 점검, 삼성SDI 주목
내용: 삼성SDI는 프리미엄 배터리 수요 관련 기대가 커졌지만, 단기적으로는 금리 불확실성으로 변동성이 나타날 수 있다는 분석이 나왔다.

질문: 삼성SDI 핵심만 정리해줘",참고 뉴스 기준으로 삼성SDI는 프리미엄 배터리 수요로 관심을 받고 있습니다. 다만 금리 불확실성도 함께 언급되어 긍정 요인과 부담 요인이 같이 있는 상황입니다.
"참고 뉴스:
제목: 두산에너빌리티, 전력기기 업황 변화에 주목
내용: 두산에너빌리티는 수주 잔고 증가 영향으로 실적 개선 기대가 언급됐다. 다만 실적 추정치 하향 가능성은 부담 요인으로 꼽혔다.

질문: 두산에너빌리티 투자 판단할 때 뭘 더 봐야 해?","제공된 참고 뉴스에 따르면 기사에 나온 수주 잔고 증가와 실적 추정치 하향 가능성 외에도 실제 실적, 수급, 업종 전망, 밸류에이션을 함께 확인해야 합니다."
"참고 뉴스:
제목: 인터넷 업종 점검, 카카오 주목
내용: 카카오는 플랫폼 비용 절감 관련 기대가 커졌지만, 단기적으로는 차익 실현 매물 출회 가능성으로 변동성이 나타날 수 있다는 분석이 나왔다.

질문: 카카오 핵심만 정리해줘",주어진 자료만 보면 카카오는 플랫폼 비용 절감로 관심을 받고 있습니다. 다만 차익 실현 매물 출회 가능성도 함께 언급되어 긍정 요인과 부담 요인이 같이 있는 상황입니다.
"참고 뉴스:
제목: 네이버, 인터넷 업종 내 관심 지속
내용: 네이버는 클라우드 사업 성장와 관련해 투자자 관심이 이어졌다. 기사에는 목표주가, 배당금, 구체적인 실적 수치, 밸류에이션 지표는 포함되지 않았다.

질문: 네이버 목표주가 알려줘",참고 뉴스에는 네이버의 목표주가 정보가 나와 있지 않습니다. 제공된 자료만으로는 목표주가을 확인할 수 없습니다.
"참고 뉴스:
제목: 한화에어로스페이스, 방산 업황 변화에 주목
내용: 한화에어로스페이스는 해외 계약 증가 영향으로 실적 개선 기대가 언급됐다. 다만 기관과 외국인 수급 엇갈림은 부담 요인으로 꼽혔다.

질문: 한화에어로스페이스 부담되는 내용도 있어?",제공된 참고 뉴스에 따르면 부담되는 내용은 기관과 외국인 수급 엇갈림입니다. 이 부분은 주가 변동성을 키울 수 있는 요인으로 언급됐습니다.
"참고 뉴스:
제목: 화장품 업종 점검, 아모레퍼시픽 주목
내용: 아모레퍼시픽은 면세 채널 개선 관련 기대가 커졌지만, 단기적으로는 환율 변동성 확대으로 변동성이 나타날 수 있다는 분석이 나왔다.

질문: 아모레퍼시픽 매수해도 돼?","제공된 참고 뉴스에 따르면 아모레퍼시픽의 긍정 요인과 부담 요인은 확인되지만, 이 자료만으로 매수 여부를 판단할 수는 없습니다. 추가 실적, 밸류에이션, 수급 확인이 필요합니다."
"참고 뉴스:
제목: 2차전지 업종 점검, 삼성SDI 주목
내용: 삼성SDI는 프리미엄 배터리 수요 관련 기대가 커졌지만, 단기적으로는 경쟁 심화으로 변동성이 나타날 수 있다는 분석이 나왔다.

질문: 삼성SDI 리스크 중심으로 정리해줘",제공된 참고 뉴스에 따르면 가장 중요한 리스크는 경쟁 심화입니다. 긍정 요인이 있어도 이 부담 요인이 커지면 주가 변동성이 확대될 수 있습니다.
"참고 뉴스:
제목: CJ대한통운 관련 수급 변동성 확대
내용: CJ대한통운은 물류 업종 내 관심이 이어졌지만 수급 흐름은 엇갈렸다. 택배 물동량 회복은 긍정 재료로, 경쟁 심화는 리스크로 제시됐다.

질문: CJ대한통운 한 문장으로 요약해줘",CJ대한통운은 택배 물동량 회복 기대가 있지만 경쟁 심화도 함께 확인해야 하는 상황입니다.
"참고 뉴스:
제목: LG에너지솔루션, 2차전지 업황 변화에 주목
내용: LG에너지솔루션은 전기차 신차 출시 기대 영향으로 실적 개선 기대가 언급됐다. 다만 차익 실현 매물 출회 가능성은 부담 요인으로 꼽혔다.

질문: LG에너지솔루션 투자 판단할 때 뭘 더 봐야 해?","제공된 참고 뉴스에 따르면 기사에 나온 전기차 신차 출시 기대와 차익 실현 매물 출회 가능성 외에도 실제 실적, 수급, 업종 전망, 밸류에이션을 함께 확인해야 합니다."
"참고 뉴스:
제목: 유틸리티 업종 점검, 한국전력 주목
내용: 한국전력은 전기요금 조정 기대 관련 기대가 커졌지만, 단기적으로는 환율 변동성 확대으로 변동성이 나타날 수 있다는 분석이 나왔다.

질문: 한국전력 호재랑 부담 요인 나눠서 말해줘",참고 뉴스 기준으로 호재는 전기요금 조정 기대입니다. 부담 요인은 환율 변동성 확대입니다.
"참고 뉴스:
제목: 금융 업종 점검, 신한지주 주목
내용: 신한지주는 건전성 관리 강화 관련 기대가 커졌지만, 단기적으로는 실적 추정치 하향 가능성으로 변동성이 나타날 수 있다는 분석이 나왔다.

질문: 신한지주 리스크 중심으로 정리해줘",이 참고 뉴스에서 확인되는 내용은 가장 중요한 리스크는 실적 추정치 하향 가능성입니다. 긍정 요인이 있어도 이 부담 요인이 커지면 주가 변동성이 확대될 수 있습니다.
"참고 뉴스:
제목: 증권가, 현대차 실적 전망 점검
내용: 증권가에서는 현대차가 북미 판매 호조 덕분에 투자 심리가 개선될 수 있다고 봤다. 반면 경쟁 심화 때문에 추가 확인이 필요하다는 의견도 나왔다.

질문: 현대차 핵심만 정리해줘",제공된 참고 뉴스에 따르면 현대차는 북미 판매 호조로 관심을 받고 있습니다. 다만 경쟁 심화도 함께 언급되어 긍정 요인과 부담 요인이 같이 있는 상황입니다.
"참고 뉴스:
제목: 현대차, 자동차 기대
내용: 현대차는 환율 효과 영향으로 관심을 받았다. 부담 요인은 실적 추정치 하향 가능성이다.

제목: KB금융, 금융 점검
내용: KB금융은 순이자마진 방어 기대가 있지만 차익 실현 매물 출회 가능성도 함께 언급됐다.

질문: 두 뉴스의 공통점과 차이점을 정리해줘","참고 뉴스 기준으로 두 기업 모두 긍정 요인과 부담 요인이 함께 언급됐습니다. 차이점은 현대차는 환율 효과가 강조됐고, KB금융는 순이자마진 방어와 함께 차익 실현 매물 출회 가능성도 제시됐다는 점입니다."
"참고 뉴스:
제목: 은행주, 배당 기대와 금리 전망에 혼조
내용: 은행주는 배당 매력과 주주환원 정책 기대가 부각되었지만, 향후 금리 인하 가능성이 순이자마진을 압박할 수 있다는 우려도 함께 나타났다.

질문: 은행주 리스크는 뭐야?",은행주의 리스크는 금리 인하 가능성입니다. 금리가 낮아지면 순이자마진이 압박받을 수 있다는 우려가 있습니다.
"참고 뉴스:
제목: 증권가, 삼성SDI 실적 전망 점검
내용: 증권가에서는 삼성SDI가 고부가 제품 비중 증가 덕분에 투자 심리가 개선될 수 있다고 봤다. 반면 실적 추정치 하향 가능성 때문에 추가 확인이 필요하다는 의견도 나왔다.

질문: 삼성SDI 핵심만 정리해줘",주어진 자료만 보면 삼성SDI는 고부가 제품 비중 증가로 관심을 받고 있습니다. 다만 실적 추정치 하향 가능성도 함께 언급되어 긍정 요인과 부담 요인이 같이 있는 상황입니다.
"참고 뉴스:
제목: 신한지주, 투자자 관심 지속
내용: 시장에서는 신한지주의 배당 확대 기대에 주목했다. 기사에서는 긍정적인 기대와 함께 실적 추정치 하향 가능성을 함께 확인해야 한다고 설명했다.

질문: 신한지주 확인되는 내용만 말해줘","참고 뉴스 기준으로 신한지주 관련 긍정 요인으로 배당 확대 기대가 언급됐고, 부담 요인으로 실적 추정치 하향 가능성이 제시됐습니다."
"참고 뉴스:
제목: 하이브, 투자자 관심 지속
내용: 시장에서는 하이브의 글로벌 팬덤 확대에 주목했다. 기사에서는 긍정적인 기대와 함께 금리 불확실성을 함께 확인해야 한다고 설명했다.

질문: 하이브 뉴스 근거를 들어 설명해줘","제공된 참고 뉴스에 따르면 근거는 기사에서 글로벌 팬덤 확대를 긍정 요인으로 언급했고, 동시에 금리 불확실성을 부담 요인으로 제시했다는 점입니다."
"참고 뉴스:
제목: 증권가, 현대차 실적 전망 점검
내용: 증권가에서는 현대차가 하이브리드 수요 확대 덕분에 투자 심리가 개선될 수 있다고 봤다. 반면 원가 부담 증가 때문에 추가 확인이 필요하다는 의견도 나왔다.

질문: 현대차 리스크 중심으로 정리해줘",제공된 참고 뉴스에 따르면 가장 중요한 리스크는 원가 부담 증가입니다. 긍정 요인이 있어도 이 부담 요인이 커지면 주가 변동성이 확대될 수 있습니다.
"참고 뉴스:
제목: 삼성바이오로직스 관련 수급 변동성 확대
내용: 삼성바이오로직스는 바이오 업종 내 관심이 이어졌지만 수급 흐름은 엇갈렸다. 장기 공급계약 증가는 긍정 재료로, 환율 변동성 확대는 리스크로 제시됐다.

질문: 삼성바이오로직스 부담되는 내용도 있어?",주어진 자료만 보면 부담되는 내용은 환율 변동성 확대입니다. 이 부분은 주가 변동성을 키울 수 있는 요인으로 언급됐습니다.
"참고 뉴스:
제목: 삼성SDI, 2차전지 업종 내 관심 지속
내용: 삼성SDI는 고부가 제품 비중 증가와 관련해 투자자 관심이 이어졌다. 기사에는 목표주가, 배당금, 구체적인 실적 수치, 밸류에이션 지표는 포함되지 않았다.

질문: 삼성SDI 이번 분기 영업이익 숫자 알려줘",참고 뉴스에는 삼성SDI의 영업이익 정보가 나와 있지 않습니다. 제공된 자료만으로는 영업이익을 확인할 수 없습니다.
"참고 뉴스:
제목: 증권가, 두산에너빌리티 실적 전망 점검
내용: 증권가에서는 두산에너빌리티가 수주 잔고 증가 덕분에 투자 심리가 개선될 수 있다고 봤다. 반면 차익 실현 매물 출회 가능성 때문에 추가 확인이 필요하다는 의견도 나왔다.

질문: 두산에너빌리티 핵심만 정리해줘",이 참고 뉴스에서 확인되는 내용은 두산에너빌리티는 수주 잔고 증가로 관심을 받고 있습니다. 다만 차익 실현 매물 출회 가능성도 함께 언급되어 긍정 요인과 부담 요인이 같이 있는 상황입니다.
"참고 뉴스:
제목: 삼성SDI, 2차전지 기대
내용: 삼성SDI는 프리미엄 배터리 수요 영향으로 관심을 받았다. 부담 요인은 경쟁 심화이다.

제목: 네이버, 인터넷 점검
내용: 네이버는 클라우드 사업 성장 기대가 있지만 금리 불확실성도 함께 언급됐다.

질문: 두 뉴스에서 확인되는 리스크를 정리해줘","참고 뉴스에서 확인되는 리스크는 삼성SDI의 경쟁 심화, 네이버의 금리 불확실성입니다."
"참고 뉴스:
제목: 네이버, 인터넷 업황 변화에 주목
내용: 네이버는 광고 매출 회복 기대 영향으로 실적 개선 기대가 언급됐다. 다만 기관과 외국인 수급 엇갈림은 부담 요인으로 꼽혔다.

질문: 네이버 핵심만 정리해줘",참고 뉴스 기준으로 네이버는 광고 매출 회복 기대로 관심을 받고 있습니다. 다만 기관과 외국인 수급 엇갈림도 함께 언급되어 긍정 요인과 부담 요인이 같이 있는 상황입니다.
"참고 뉴스:
제목: 자동차 업종 점검, 현대차 주목
내용: 현대차는 북미 판매 호조 관련 기대가 커졌지만, 단기적으로는 차익 실현 매물 출회 가능성으로 변동성이 나타날 수 있다는 분석이 나왔다.

질문: 현대차 한 문장으로 요약해줘",현대차는 북미 판매 호조 기대가 있지만 차익 실현 매물 출회 가능성도 함께 확인해야 하는 상황입니다.
"참고 뉴스:
제목: 증권가, 카카오 실적 전망 점검
내용: 증권가에서는 카카오가 커머스 서비스 개편 덕분에 투자 심리가 개선될 수 있다고 봤다. 반면 기관과 외국인 수급 엇갈림 때문에 추가 확인이 필요하다는 의견도 나왔다.

질문: 카카오 긍정적인 내용이 있어?",참고 뉴스 기준으로 긍정적인 내용은 커머스 서비스 개편로 인해 실적이나 투자 심리가 개선될 수 있다는 점입니다.
"참고 뉴스:
제목: 증권가, KB금융 실적 전망 점검
내용: 증권가에서는 KB금융이 비은행 부문 실적 개선 덕분에 투자 심리가 개선될 수 있다고 봤다. 반면 원가 부담 증가 때문에 추가 확인이 필요하다는 의견도 나왔다.

질문: KB금융 확인되는 내용만 말해줘","주어진 자료만 보면 KB금융 관련 긍정 요인으로 비은행 부문 실적 개선가 언급됐고, 부담 요인으로 원가 부담 증가이 제시됐습니다."
"참고 뉴스:
제목: KB금융, 금융 업황 변화에 주목
내용: KB금융은 주주환원 기대 영향으로 실적 개선 기대가 언급됐다. 다만 금리 불확실성은 부담 요인으로 꼽혔다.

질문: KB금융 매수해도 돼?","제공된 참고 뉴스에 따르면 KB금융의 긍정 요인과 부담 요인은 확인되지만, 이 자료만으로 매수 여부를 판단할 수는 없습니다. 추가 실적, 밸류에이션, 수급 확인이 필요합니다."
"참고 뉴스:
제목: POSCO홀딩스, 철강 업종 내 관심 지속
내용: POSCO홀딩스는 철강 가격 반등 기대와 관련해 투자자 관심이 이어졌다. 기사에는 목표주가, 배당금, 구체적인 실적 수치, 밸류에이션 지표는 포함되지 않았다.

질문: POSCO홀딩스 정확한 매수 가격 알려줘",참고 뉴스에는 POSCO홀딩스의 매수 가격 정보가 나와 있지 않습니다. 제공된 자료만으로는 매수 가격을 확인할 수 없습니다.
"참고 뉴스:
제목: 화장품 업종 점검, 아모레퍼시픽 주목
내용: 아모레퍼시픽은 면세 채널 개선 관련 기대가 커졌지만, 단기적으로는 경쟁 심화으로 변동성이 나타날 수 있다는 분석이 나왔다.

질문: 아모레퍼시픽 매수해도 돼?","참고 뉴스 기준으로 아모레퍼시픽의 긍정 요인과 부담 요인은 확인되지만, 이 자료만으로 매수 여부를 판단할 수는 없습니다. 추가 실적, 밸류에이션, 수급 확인이 필요합니다."
"참고 뉴스:
제목: LG에너지솔루션, 투자자 관심 지속
내용: 시장에서는 LG에너지솔루션의 배터리 출하량 회복 기대에 주목했다. 기사에서는 긍정적인 기대와 함께 경쟁 심화을 함께 확인해야 한다고 설명했다.

질문: LG에너지솔루션 목표주가 얼마야?",참고 뉴스에는 LG에너지솔루션의 구체적인 목표주가가 제시되어 있지 않습니다. 제공된 자료만으로는 목표주가를 말할 수 없습니다.
"참고 뉴스:
제목: 증권가, POSCO홀딩스 실적 전망 점검
내용: 증권가에서는 POSCO홀딩스가 리튬 사업 기대 덕분에 투자 심리가 개선될 수 있다고 봤다. 반면 실적 추정치 하향 가능성 때문에 추가 확인이 필요하다는 의견도 나왔다.

질문: POSCO홀딩스 핵심만 정리해줘",주어진 자료만 보면 POSCO홀딩스는 리튬 사업 기대로 관심을 받고 있습니다. 다만 실적 추정치 하향 가능성도 함께 언급되어 긍정 요인과 부담 요인이 같이 있는 상황입니다.
"참고 뉴스:
제목: 물류 업종 점검, CJ대한통운 주목
내용: CJ대한통운은 운임 효율화 관련 기대가 커졌지만, 단기적으로는 금리 불확실성으로 변동성이 나타날 수 있다는 분석이 나왔다.

질문: CJ대한통운 호재랑 부담 요인 나눠서 말해줘",제공된 참고 뉴스에 따르면 호재는 운임 효율화입니다. 부담 요인은 금리 불확실성입니다.
"참고 뉴스:
제목: 유틸리티 업종 점검, 한국전력 주목
내용: 한국전력은 연료비 부담 완화 관련 기대가 커졌지만, 단기적으로는 환율 변동성 확대으로 변동성이 나타날 수 있다는 분석이 나왔다.

질문: 한국전력 호재랑 부담 요인 나눠서 말해줘",참고 뉴스 기준으로 호재는 연료비 부담 완화입니다. 부담 요인은 환율 변동성 확대입니다.
"참고 뉴스:
제목: CJ대한통운 관련 수급 변동성 확대
내용: CJ대한통운은 물류 업종 내 관심이 이어졌지만 수급 흐름은 엇갈렸다. 자동화 투자 효과은 긍정 재료로, 경쟁 심화는 리스크로 제시됐다.

질문: CJ대한통운 리스크 중심으로 정리해줘",제공된 참고 뉴스에 따르면 가장 중요한 리스크는 경쟁 심화입니다. 긍정 요인이 있어도 이 부담 요인이 커지면 주가 변동성이 확대될 수 있습니다.
"참고 뉴스:
제목: 화장품 업종 점검, 아모레퍼시픽 주목
내용: 아모레퍼시픽은 북미 매출 성장 관련 기대가 커졌지만, 단기적으로는 원가 부담 증가으로 변동성이 나타날 수 있다는 분석이 나왔다.

질문: 아모레퍼시픽 긍정적인 내용이 있어?",참고 뉴스 기준으로 긍정적인 내용은 북미 매출 성장로 인해 실적이나 투자 심리가 개선될 수 있다는 점입니다.
"참고 뉴스:
제목: 한화에어로스페이스 관련 수급 변동성 확대
내용: 한화에어로스페이스는 방산 업종 내 관심이 이어졌지만 수급 흐름은 엇갈렸다. 해외 계약 증가는 긍정 재료로, 원가 부담 증가는 리스크로 제시됐다.

질문: 한화에어로스페이스 호재랑 부담 요인 나눠서 말해줘",이 참고 뉴스에서 확인되는 내용은 호재는 해외 계약 증가입니다. 부담 요인은 원가 부담 증가입니다.
"참고 뉴스:
제목: 두산에너빌리티, 전력기기 기대
내용: 두산에너빌리티는 수주 잔고 증가 영향으로 관심을 받았다. 부담 요인은 경쟁 심화이다.

제목: 대한항공, 항공 점검
내용: 대한항공은 유가 하락 기대 기대가 있지만 수요 회복 속도 둔화도 함께 언급됐다.

질문: 두 뉴스에서 확인되는 리스크를 정리해줘","참고 뉴스에서 확인되는 리스크는 두산에너빌리티의 경쟁 심화, 대한항공의 수요 회복 속도 둔화입니다."
"참고 뉴스:
제목: 바이오 업종 점검, 셀트리온 주목
내용: 셀트리온은 해외 판매망 강화 관련 기대가 커졌지만, 단기적으로는 원가 부담 증가으로 변동성이 나타날 수 있다는 분석이 나왔다.

질문: 셀트리온 긍정적인 내용이 있어?",참고 뉴스 기준으로 긍정적인 내용은 해외 판매망 강화로 인해 실적이나 투자 심리가 개선될 수 있다는 점입니다.
"참고 뉴스:
제목: 삼성전자, 투자자 관심 지속
내용: 시장에서는 삼성전자의 AI 서버 수요 증가에 주목했다. 기사에서는 긍정적인 기대와 함께 경쟁 심화을 함께 확인해야 한다고 설명했다.

질문: 삼성전자 리스크 중심으로 정리해줘",주어진 자료만 보면 가장 중요한 리스크는 경쟁 심화입니다. 긍정 요인이 있어도 이 부담 요인이 커지면 주가 변동성이 확대될 수 있습니다.
"참고 뉴스:
제목: 삼성전자, 반도체 업황 변화에 주목
내용: 삼성전자는 파운드리 수익성 개선 기대 영향으로 실적 개선 기대가 언급됐다. 다만 실적 추정치 하향 가능성은 부담 요인으로 꼽혔다.

질문: 삼성전자 투자 판단할 때 뭘 더 봐야 해?","주어진 자료만 보면 기사에 나온 파운드리 수익성 개선 기대와 실적 추정치 하향 가능성 외에도 실제 실적, 수급, 업종 전망, 밸류에이션을 함께 확인해야 합니다."
"참고 뉴스:
제목: 삼성전자, 반도체 업황 변화에 주목
내용: 삼성전자는 AI 서버 수요 증가 영향으로 실적 개선 기대가 언급됐다. 다만 실적 추정치 하향 가능성은 부담 요인으로 꼽혔다.

질문: 삼성전자 긍정적인 내용이 있어?",제공된 참고 뉴스에 따르면 긍정적인 내용은 AI 서버 수요 증가로 인해 실적이나 투자 심리가 개선될 수 있다는 점입니다.
"참고 뉴스:
제목: 신한지주, 투자자 관심 지속
내용: 시장에서는 신한지주의 건전성 관리 강화에 주목했다. 기사에서는 긍정적인 기대와 함께 차익 실현 매물 출회 가능성을 함께 확인해야 한다고 설명했다.

질문: 신한지주 확인되는 내용만 말해줘","제공된 참고 뉴스에 따르면 신한지주 관련 긍정 요인으로 건전성 관리 강화가 언급됐고, 부담 요인으로 차익 실현 매물 출회 가능성이 제시됐습니다."
"참고 뉴스:
제목: 증권가, 한국전력 실적 전망 점검
내용: 증권가에서는 한국전력이 연료비 부담 완화 덕분에 투자 심리가 개선될 수 있다고 봤다. 반면 원가 부담 증가 때문에 추가 확인이 필요하다는 의견도 나왔다.

질문: 한국전력 매수해도 돼?","이 참고 뉴스에서 확인되는 내용은 한국전력의 긍정 요인과 부담 요인은 확인되지만, 이 자료만으로 매수 여부를 판단할 수는 없습니다. 추가 실적, 밸류에이션, 수급 확인이 필요합니다."
"참고 뉴스:
제목: 한화에어로스페이스, 방산 업황 변화에 주목
내용: 한화에어로스페이스는 해외 계약 증가 영향으로 실적 개선 기대가 언급됐다. 다만 차익 실현 매물 출회 가능성은 부담 요인으로 꼽혔다.

질문: 한화에어로스페이스 호재랑 부담 요인 나눠서 말해줘",이 참고 뉴스에서 확인되는 내용은 호재는 해외 계약 증가입니다. 부담 요인은 차익 실현 매물 출회 가능성입니다.
"참고 뉴스:
제목: 증권가, 대한항공 실적 전망 점검
내용: 증권가에서는 대한항공이 유가 하락 기대 덕분에 투자 심리가 개선될 수 있다고 봤다. 반면 경쟁 심화 때문에 추가 확인이 필요하다는 의견도 나왔다.

질문: 대한항공 핵심만 정리해줘",제공된 참고 뉴스에 따르면 대한항공은 유가 하락 기대로 관심을 받고 있습니다. 다만 경쟁 심화도 함께 언급되어 긍정 요인과 부담 요인이 같이 있는 상황입니다.
"참고 뉴스:
제목: 삼성전자, 반도체 기대
내용: 삼성전자는 AI 서버 수요 증가 영향으로 관심을 받았다. 부담 요인은 환율 변동성 확대이다.

제목: 삼성SDI, 2차전지 점검
내용: 삼성SDI는 고부가 제품 비중 증가 기대가 있지만 실적 추정치 하향 가능성도 함께 언급됐다.

질문: 두 뉴스의 공통점과 차이점을 정리해줘","참고 뉴스 기준으로 두 기업 모두 긍정 요인과 부담 요인이 함께 언급됐습니다. 차이점은 삼성전자는 AI 서버 수요 증가가 강조됐고, 삼성SDI는 고부가 제품 비중 증가와 함께 실적 추정치 하향 가능성도 제시됐다는 점입니다."
"참고 뉴스:
제목: 금융 업종 점검, 신한지주 주목
내용: 신한지주는 배당 확대 기대 관련 기대가 커졌지만, 단기적으로는 실적 추정치 하향 가능성으로 변동성이 나타날 수 있다는 분석이 나왔다.

질문: 신한지주 매수해도 돼?","이 참고 뉴스에서 확인되는 내용은 신한지주의 긍정 요인과 부담 요인은 확인되지만, 이 자료만으로 매수 여부를 판단할 수는 없습니다. 추가 실적, 밸류에이션, 수급 확인이 필요합니다."
"참고 뉴스:
제목: KB금융 관련 수급 변동성 확대
내용: KB금융은 금융 업종 내 관심이 이어졌지만 수급 흐름은 엇갈렸다. 비은행 부문 실적 개선은 긍정 재료로, 기관과 외국인 수급 엇갈림은 리스크로 제시됐다.

질문: KB금융 리스크 중심으로 정리해줘",제공된 참고 뉴스에 따르면 가장 중요한 리스크는 기관과 외국인 수급 엇갈림입니다. 긍정 요인이 있어도 이 부담 요인이 커지면 주가 변동성이 확대될 수 있습니다.
"참고 뉴스:
제목: 외국인 순매수, 대형주 중심 증시 상승 견인
내용: 외국인 투자자는 반도체와 자동차 등 대형주를 중심으로 순매수에 나섰다. 시장에서는 외국인 수급이 이어질 경우 지수 상승세가 유지될 수 있다고 분석했다.

질문: 외국인 매수 뉴스 알려줘",외국인 투자자는 반도체와 자동차 등 대형주를 중심으로 순매수에 나섰습니다. 외국인 수급이 이어지면 지수 상승세가 유지될 수 있다는 분석입니다.
"참고 뉴스:
제목: 삼성SDI, 투자자 관심 지속
내용: 시장에서는 삼성SDI의 프리미엄 배터리 수요에 주목했다. 기사에서는 긍정적인 기대와 함께 실적 추정치 하향 가능성을 함께 확인해야 한다고 설명했다.

질문: 삼성SDI 뉴스 근거를 들어 설명해줘","주어진 자료만 보면 근거는 기사에서 프리미엄 배터리 수요를 긍정 요인으로 언급했고, 동시에 실적 추정치 하향 가능성을 부담 요인으로 제시했다는 점입니다."
"참고 뉴스:
제목: 금융 업종 점검, 신한지주 주목
내용: 신한지주는 건전성 관리 강화 관련 기대가 커졌지만, 단기적으로는 차익 실현 매물 출회 가능성으로 변동성이 나타날 수 있다는 분석이 나왔다.

질문: 신한지주 매수해도 돼?","주어진 자료만 보면 신한지주의 긍정 요인과 부담 요인은 확인되지만, 이 자료만으로 매수 여부를 판단할 수는 없습니다. 추가 실적, 밸류에이션, 수급 확인이 필요합니다."
"참고 뉴스:
제목: 증권가, 하이브 실적 전망 점검
내용: 증권가에서는 하이브가 아티스트 활동 재개 덕분에 투자 심리가 개선될 수 있다고 봤다. 반면 환율 변동성 확대 때문에 추가 확인이 필요하다는 의견도 나왔다.

질문: 하이브 부담되는 내용도 있어?",제공된 참고 뉴스에 따르면 부담되는 내용은 환율 변동성 확대입니다. 이 부분은 주가 변동성을 키울 수 있는 요인으로 언급됐습니다.
"참고 뉴스:
제목: 전력기기 업종 점검, 두산에너빌리티 주목
내용: 두산에너빌리티는 전력 인프라 투자 확대 관련 기대가 커졌지만, 단기적으로는 차익 실현 매물 출회 가능성으로 변동성이 나타날 수 있다는 분석이 나왔다.

질문: 두산에너빌리티 뉴스 근거를 들어 설명해줘","제공된 참고 뉴스에 따르면 근거는 기사에서 전력 인프라 투자 확대를 긍정 요인으로 언급했고, 동시에 차익 실현 매물 출회 가능성을 부담 요인으로 제시했다는 점입니다."
"참고 뉴스:
제목: 반도체 업종 점검, 삼성전자 주목
내용: 삼성전자는 AI 서버 수요 증가 관련 기대가 커졌지만, 단기적으로는 금리 불확실성으로 변동성이 나타날 수 있다는 분석이 나왔다.

질문: 삼성전자 리스크 중심으로 정리해줘",주어진 자료만 보면 가장 중요한 리스크는 금리 불확실성입니다. 긍정 요인이 있어도 이 부담 요인이 커지면 주가 변동성이 확대될 수 있습니다.
"참고 뉴스:
제목: 반도체 업종 점검, 삼성전자 주목
내용: 삼성전자는 메모리 업황 회복 기대 관련 기대가 커졌지만, 단기적으로는 기관과 외국인 수급 엇갈림으로 변동성이 나타날 수 있다는 분석이 나왔다.

질문: 삼성전자 핵심만 정리해줘",제공된 참고 뉴스에 따르면 삼성전자는 메모리 업황 회복 기대로 관심을 받고 있습니다. 다만 기관과 외국인 수급 엇갈림도 함께 언급되어 긍정 요인과 부담 요인이 같이 있는 상황입니다.
"참고 뉴스:
제목: 현대차 관련 수급 변동성 확대
내용: 현대차는 자동차 업종 내 관심이 이어졌지만 수급 흐름은 엇갈렸다. 환율 효과은 긍정 재료로, 차익 실현 매물 출회 가능성은 리스크로 제시됐다.

질문: 현대차 긍정적인 내용이 있어?",제공된 참고 뉴스에 따르면 긍정적인 내용은 환율 효과로 인해 실적이나 투자 심리가 개선될 수 있다는 점입니다.
"참고 뉴스:
제목: 2차전지 업종 점검, 삼성SDI 주목
내용: 삼성SDI는 고부가 제품 비중 증가 관련 기대가 커졌지만, 단기적으로는 원가 부담 증가으로 변동성이 나타날 수 있다는 분석이 나왔다.

질문: 삼성SDI 매수해도 돼?","제공된 참고 뉴스에 따르면 삼성SDI의 긍정 요인과 부담 요인은 확인되지만, 이 자료만으로 매수 여부를 판단할 수는 없습니다. 추가 실적, 밸류에이션, 수급 확인이 필요합니다."
"참고 뉴스:
제목: 자동차 업종 점검, 기아 주목
내용: 기아는 고환율 수혜 기대 관련 기대가 커졌지만, 단기적으로는 원가 부담 증가으로 변동성이 나타날 수 있다는 분석이 나왔다.

질문: 기아 리스크 중심으로 정리해줘",참고 뉴스 기준으로 가장 중요한 리스크는 원가 부담 증가입니다. 긍정 요인이 있어도 이 부담 요인이 커지면 주가 변동성이 확대될 수 있습니다.
"참고 뉴스:
제목: 한국전력, 유틸리티 업황 변화에 주목
내용: 한국전력은 전기요금 조정 기대 영향으로 실적 개선 기대가 언급됐다. 다만 금리 불확실성은 부담 요인으로 꼽혔다.

질문: 한국전력 호재랑 부담 요인 나눠서 말해줘",참고 뉴스 기준으로 호재는 전기요금 조정 기대입니다. 부담 요인은 금리 불확실성입니다.
"참고 뉴스:
제목: 증권가, 현대차 실적 전망 점검
내용: 증권가에서는 현대차가 환율 효과 덕분에 투자 심리가 개선될 수 있다고 봤다. 반면 수요 회복 속도 둔화 때문에 추가 확인이 필요하다는 의견도 나왔다.

질문: 현대차 투자 판단할 때 뭘 더 봐야 해?","제공된 참고 뉴스에 따르면 기사에 나온 환율 효과와 수요 회복 속도 둔화 외에도 실제 실적, 수급, 업종 전망, 밸류에이션을 함께 확인해야 합니다."
"참고 뉴스:
제목: 네이버, 인터넷 업황 변화에 주목
내용: 네이버는 클라우드 사업 성장 영향으로 실적 개선 기대가 언급됐다. 다만 기관과 외국인 수급 엇갈림은 부담 요인으로 꼽혔다.

질문: 네이버 확인되는 내용만 말해줘","주어진 자료만 보면 네이버 관련 긍정 요인으로 클라우드 사업 성장가 언급됐고, 부담 요인으로 기관과 외국인 수급 엇갈림이 제시됐습니다."
"참고 뉴스:
제목: 증권가, 삼성바이오로직스 실적 전망 점검
내용: 증권가에서는 삼성바이오로직스가 장기 공급계약 증가 덕분에 투자 심리가 개선될 수 있다고 봤다. 반면 수요 회복 속도 둔화 때문에 추가 확인이 필요하다는 의견도 나왔다.

질문: 삼성바이오로직스 핵심만 정리해줘",참고 뉴스 기준으로 삼성바이오로직스는 장기 공급계약 증가로 관심을 받고 있습니다. 다만 수요 회복 속도 둔화도 함께 언급되어 긍정 요인과 부담 요인이 같이 있는 상황입니다.
"참고 뉴스:
제목: 삼성바이오로직스, 바이오 업황 변화에 주목
내용: 삼성바이오로직스는 장기 공급계약 증가 영향으로 실적 개선 기대가 언급됐다. 다만 원가 부담 증가는 부담 요인으로 꼽혔다.

질문: 삼성바이오로직스 뉴스 근거를 들어 설명해줘","참고 뉴스 기준으로 근거는 기사에서 장기 공급계약 증가를 긍정 요인으로 언급했고, 동시에 원가 부담 증가을 부담 요인으로 제시했다는 점입니다."
"참고 뉴스:
제목: SK하이닉스, 투자자 관심 지속
내용: 시장에서는 SK하이닉스의 고부가 메모리 수요 증가에 주목했다. 기사에서는 긍정적인 기대와 함께 원가 부담 증가을 함께 확인해야 한다고 설명했다.

질문: SK하이닉스 긍정적인 내용이 있어?",참고 뉴스 기준으로 긍정적인 내용은 고부가 메모리 수요 증가로 인해 실적이나 투자 심리가 개선될 수 있다는 점입니다.
"참고 뉴스:
제목: 기아, 자동차 업황 변화에 주목
내용: 기아는 고환율 수혜 기대 영향으로 실적 개선 기대가 언급됐다. 다만 원가 부담 증가는 부담 요인으로 꼽혔다.

질문: 기아 목표주가 얼마야?",참고 뉴스에는 기아의 구체적인 목표주가가 제시되어 있지 않습니다. 제공된 자료만으로는 목표주가를 말할 수 없습니다.
"참고 뉴스:
제목: 한국전력, 투자자 관심 지속
내용: 시장에서는 한국전력의 재무구조 개선 기대에 주목했다. 기사에서는 긍정적인 기대와 함께 원가 부담 증가을 함께 확인해야 한다고 설명했다.

질문: 한국전력 호재랑 부담 요인 나눠서 말해줘",이 참고 뉴스에서 확인되는 내용은 호재는 재무구조 개선 기대입니다. 부담 요인은 원가 부담 증가입니다.
"참고 뉴스:
제목: 하이브, 엔터 업황 변화에 주목
내용: 하이브는 글로벌 팬덤 확대 영향으로 실적 개선 기대가 언급됐다. 다만 경쟁 심화는 부담 요인으로 꼽혔다.

질문: 하이브 한 문장으로 요약해줘",하이브는 글로벌 팬덤 확대 기대가 있지만 경쟁 심화도 함께 확인해야 하는 상황입니다.
"참고 뉴스:
제목: 네이버, 투자자 관심 지속
내용: 시장에서는 네이버의 AI 검색 서비스 고도화에 주목했다. 기사에서는 긍정적인 기대와 함께 금리 불확실성을 함께 확인해야 한다고 설명했다.

질문: 네이버 긍정적인 내용이 있어?",참고 뉴스 기준으로 긍정적인 내용은 AI 검색 서비스 고도화로 인해 실적이나 투자 심리가 개선될 수 있다는 점입니다.
"참고 뉴스:
제목: 삼성전자, 반도체 업황 회복 기대
내용: 증권가는 메모리 반도체 가격 회복과 AI 서버 투자 확대가 삼성전자 실적 개선에 긍정적으로 작용할 수 있다고 분석했다. 다만 단기 주가 흐름은 환율과 외국인 수급에 따라 변동성이 클 수 있다고 설명했다.

질문: 삼성전자에 좋은 뉴스야?","네, 참고 뉴스만 보면 삼성전자에는 대체로 긍정적인 내용입니다. 반도체 업황 회복과 AI 서버 투자 확대가 실적 개선 가능성으로 연결될 수 있기 때문입니다."
"참고 뉴스:
제목: POSCO홀딩스 관련 수급 변동성 확대
내용: POSCO홀딩스는 철강 업종 내 관심이 이어졌지만 수급 흐름은 엇갈렸다. 중국 경기 부양 기대는 긍정 재료로, 차익 실현 매물 출회 가능성은 리스크로 제시됐다.

질문: POSCO홀딩스 목표주가 얼마야?",참고 뉴스에는 POSCO홀딩스의 구체적인 목표주가가 제시되어 있지 않습니다. 제공된 자료만으로는 목표주가를 말할 수 없습니다.
"참고 뉴스:
제목: 증권가, 네이버 실적 전망 점검
내용: 증권가에서는 네이버가 클라우드 사업 성장 덕분에 투자 심리가 개선될 수 있다고 봤다. 반면 경쟁 심화 때문에 추가 확인이 필요하다는 의견도 나왔다.

질문: 네이버 한 문장으로 요약해줘",네이버는 클라우드 사업 성장 기대가 있지만 경쟁 심화도 함께 확인해야 하는 상황입니다.
"참고 뉴스:
제목: 두산에너빌리티, 전력기기 업황 변화에 주목
내용: 두산에너빌리티는 수주 잔고 증가 영향으로 실적 개선 기대가 언급됐다. 다만 실적 추정치 하향 가능성은 부담 요인으로 꼽혔다.

질문: 두산에너빌리티 부담되는 내용도 있어?",이 참고 뉴스에서 확인되는 내용은 부담되는 내용은 실적 추정치 하향 가능성입니다. 이 부분은 주가 변동성을 키울 수 있는 요인으로 언급됐습니다.
"참고 뉴스:
제목: POSCO홀딩스 관련 수급 변동성 확대
내용: POSCO홀딩스는 철강 업종 내 관심이 이어졌지만 수급 흐름은 엇갈렸다. 중국 경기 부양 기대는 긍정 재료로, 환율 변동성 확대는 리스크로 제시됐다.

질문: POSCO홀딩스 분위기 어때?",제공된 참고 뉴스에 따르면 POSCO홀딩스에 대한 분위기는 중립에서 긍정 쪽에 가깝습니다. 다만 환율 변동성 확대이 있어 단정적으로 좋다고만 보기는 어렵습니다.
"참고 뉴스:
제목: 신한지주, 금융 업황 변화에 주목
내용: 신한지주는 건전성 관리 강화 영향으로 실적 개선 기대가 언급됐다. 다만 수요 회복 속도 둔화는 부담 요인으로 꼽혔다.

질문: 신한지주 투자 판단할 때 뭘 더 봐야 해?","참고 뉴스 기준으로 기사에 나온 건전성 관리 강화와 수요 회복 속도 둔화 외에도 실제 실적, 수급, 업종 전망, 밸류에이션을 함께 확인해야 합니다."
"참고 뉴스:
제목: 반도체 업종 점검, 삼성전자 주목
내용: 삼성전자는 파운드리 수익성 개선 기대 관련 기대가 커졌지만, 단기적으로는 금리 불확실성으로 변동성이 나타날 수 있다는 분석이 나왔다.

질문: 삼성전자 목표주가 얼마야?",참고 뉴스에는 삼성전자의 구체적인 목표주가가 제시되어 있지 않습니다. 제공된 자료만으로는 목표주가를 말할 수 없습니다.
"참고 뉴스:
제목: 증권가, LG에너지솔루션 실적 전망 점검
내용: 증권가에서는 LG에너지솔루션이 원재료 가격 안정 덕분에 투자 심리가 개선될 수 있다고 봤다. 반면 경쟁 심화 때문에 추가 확인이 필요하다는 의견도 나왔다.

질문: LG에너지솔루션 분위기 어때?",참고 뉴스 기준으로 LG에너지솔루션에 대한 분위기는 중립에서 긍정 쪽에 가깝습니다. 다만 경쟁 심화이 있어 단정적으로 좋다고만 보기는 어렵습니다.
"참고 뉴스:
제목: 엔터 업종 점검, 하이브 주목
내용: 하이브는 아티스트 활동 재개 관련 기대가 커졌지만, 단기적으로는 원가 부담 증가으로 변동성이 나타날 수 있다는 분석이 나왔다.

질문: 하이브 핵심만 정리해줘",이 참고 뉴스에서 확인되는 내용은 하이브는 아티스트 활동 재개로 관심을 받고 있습니다. 다만 원가 부담 증가도 함께 언급되어 긍정 요인과 부담 요인이 같이 있는 상황입니다.
"참고 뉴스:
제목: LG에너지솔루션, 2차전지 기대
내용: LG에너지솔루션은 전기차 신차 출시 기대 영향으로 관심을 받았다. 부담 요인은 실적 추정치 하향 가능성이다.

제목: 한국전력, 유틸리티 점검
내용: 한국전력은 재무구조 개선 기대 기대가 있지만 실적 추정치 하향 가능성도 함께 언급됐다.

질문: 두 기업 중 뉴스가 더 긍정적인 쪽을 말해줘",제공된 참고 뉴스만 보면 두 기업 모두 긍정 요인이 있습니다. 다만 어느 쪽이 더 좋다고 단정하려면 실적 수치와 수급 정보가 더 필요합니다.
"참고 뉴스:
제목: 유틸리티 업종 점검, 한국전력 주목
내용: 한국전력은 연료비 부담 완화 관련 기대가 커졌지만, 단기적으로는 금리 불확실성으로 변동성이 나타날 수 있다는 분석이 나왔다.

질문: 한국전력 확인되는 내용만 말해줘","제공된 참고 뉴스에 따르면 한국전력 관련 긍정 요인으로 연료비 부담 완화가 언급됐고, 부담 요인으로 금리 불확실성이 제시됐습니다."
"참고 뉴스:
제목: 삼성바이오로직스, 투자자 관심 지속
내용: 시장에서는 삼성바이오로직스의 위탁생산 수주 확대에 주목했다. 기사에서는 긍정적인 기대와 함께 기관과 외국인 수급 엇갈림을 함께 확인해야 한다고 설명했다.

질문: 삼성바이오로직스 확인되는 내용만 말해줘","이 참고 뉴스에서 확인되는 내용은 삼성바이오로직스 관련 긍정 요인으로 위탁생산 수주 확대가 언급됐고, 부담 요인으로 기관과 외국인 수급 엇갈림이 제시됐습니다."
"참고 뉴스:
제목: 증권가, KB금융 실적 전망 점검
내용: 증권가에서는 KB금융이 순이자마진 방어 덕분에 투자 심리가 개선될 수 있다고 봤다. 반면 원가 부담 증가 때문에 추가 확인이 필요하다는 의견도 나왔다.

질문: KB금융 매수해도 돼?","이 참고 뉴스에서 확인되는 내용은 KB금융의 긍정 요인과 부담 요인은 확인되지만, 이 자료만으로 매수 여부를 판단할 수는 없습니다. 추가 실적, 밸류에이션, 수급 확인이 필요합니다."
"참고 뉴스:
제목: SK하이닉스, 투자자 관심 지속
내용: 시장에서는 SK하이닉스의 HBM 공급 확대에 주목했다. 기사에서는 긍정적인 기대와 함께 실적 추정치 하향 가능성을 함께 확인해야 한다고 설명했다.

질문: SK하이닉스 리스크 중심으로 정리해줘",이 참고 뉴스에서 확인되는 내용은 가장 중요한 리스크는 실적 추정치 하향 가능성입니다. 긍정 요인이 있어도 이 부담 요인이 커지면 주가 변동성이 확대될 수 있습니다.
"참고 뉴스:
제목: 반도체 업종 점검, 삼성전자 주목
내용: 삼성전자는 메모리 업황 회복 기대 관련 기대가 커졌지만, 단기적으로는 기관과 외국인 수급 엇갈림으로 변동성이 나타날 수 있다는 분석이 나왔다.

질문: 삼성전자 뉴스 근거를 들어 설명해줘","주어진 자료만 보면 근거는 기사에서 메모리 업황 회복 기대를 긍정 요인으로 언급했고, 동시에 기관과 외국인 수급 엇갈림을 부담 요인으로 제시했다는 점입니다."
"참고 뉴스:
제목: 물류 업종 점검, CJ대한통운 주목
내용: CJ대한통운은 자동화 투자 효과 관련 기대가 커졌지만, 단기적으로는 환율 변동성 확대으로 변동성이 나타날 수 있다는 분석이 나왔다.

질문: CJ대한통운 한 문장으로 요약해줘",CJ대한통운은 자동화 투자 효과 기대가 있지만 환율 변동성 확대도 함께 확인해야 하는 상황입니다.
"참고 뉴스:
제목: 증권가, 대한항공 실적 전망 점검
내용: 증권가에서는 대한항공이 유가 하락 기대 덕분에 투자 심리가 개선될 수 있다고 봤다. 반면 차익 실현 매물 출회 가능성 때문에 추가 확인이 필요하다는 의견도 나왔다.

질문: 대한항공 확인되는 내용만 말해줘","주어진 자료만 보면 대한항공 관련 긍정 요인으로 유가 하락 기대가 언급됐고, 부담 요인으로 차익 실현 매물 출회 가능성이 제시됐습니다."
"참고 뉴스:
제목: 삼성SDI, 2차전지 업황 변화에 주목
내용: 삼성SDI는 프리미엄 배터리 수요 영향으로 실적 개선 기대가 언급됐다. 다만 차익 실현 매물 출회 가능성은 부담 요인으로 꼽혔다.

질문: 삼성SDI 목표주가 얼마야?",참고 뉴스에는 삼성SDI의 구체적인 목표주가가 제시되어 있지 않습니다. 제공된 자료만으로는 목표주가를 말할 수 없습니다.
"참고 뉴스:
제목: 네이버, 투자자 관심 지속
내용: 시장에서는 네이버의 광고 매출 회복 기대에 주목했다. 기사에서는 긍정적인 기대와 함께 경쟁 심화을 함께 확인해야 한다고 설명했다.

질문: 네이버 뉴스 근거를 들어 설명해줘","이 참고 뉴스에서 확인되는 내용은 근거는 기사에서 광고 매출 회복 기대를 긍정 요인으로 언급했고, 동시에 경쟁 심화을 부담 요인으로 제시했다는 점입니다."
"참고 뉴스:
제목: 전력기기 업종 점검, 두산에너빌리티 주목
내용: 두산에너빌리티는 수주 잔고 증가 관련 기대가 커졌지만, 단기적으로는 실적 추정치 하향 가능성으로 변동성이 나타날 수 있다는 분석이 나왔다.

질문: 두산에너빌리티 긍정적인 내용이 있어?",이 참고 뉴스에서 확인되는 내용은 긍정적인 내용은 수주 잔고 증가로 인해 실적이나 투자 심리가 개선될 수 있다는 점입니다.
"참고 뉴스:
제목: 셀트리온, 바이오 업종 내 관심 지속
내용: 셀트리온은 바이오시밀러 매출 확대와 관련해 투자자 관심이 이어졌다. 기사에는 목표주가, 배당금, 구체적인 실적 수치, 밸류에이션 지표는 포함되지 않았다.

질문: 셀트리온 정확한 매수 가격 알려줘",참고 뉴스에는 셀트리온의 매수 가격 정보가 나와 있지 않습니다. 제공된 자료만으로는 매수 가격을 확인할 수 없습니다.
"참고 뉴스:
제목: 삼성바이오로직스, 투자자 관심 지속
내용: 시장에서는 삼성바이오로직스의 공장 가동률 개선에 주목했다. 기사에서는 긍정적인 기대와 함께 기관과 외국인 수급 엇갈림을 함께 확인해야 한다고 설명했다.

질문: 삼성바이오로직스 핵심만 정리해줘",참고 뉴스 기준으로 삼성바이오로직스는 공장 가동률 개선로 관심을 받고 있습니다. 다만 기관과 외국인 수급 엇갈림도 함께 언급되어 긍정 요인과 부담 요인이 같이 있는 상황입니다.
"참고 뉴스:
제목: 2차전지 업종 점검, LG에너지솔루션 주목
내용: LG에너지솔루션은 원재료 가격 안정 관련 기대가 커졌지만, 단기적으로는 실적 추정치 하향 가능성으로 변동성이 나타날 수 있다는 분석이 나왔다.

질문: LG에너지솔루션 뉴스 근거를 들어 설명해줘","주어진 자료만 보면 근거는 기사에서 원재료 가격 안정를 긍정 요인으로 언급했고, 동시에 실적 추정치 하향 가능성을 부담 요인으로 제시했다는 점입니다."
"참고 뉴스:
제목: 셀트리온, 바이오 업종 내 관심 지속
내용: 셀트리온은 신제품 허가 기대와 관련해 투자자 관심이 이어졌다. 기사에는 목표주가, 배당금, 구체적인 실적 수치, 밸류에이션 지표는 포함되지 않았다.

질문: 셀트리온 PER 얼마야?",참고 뉴스에는 셀트리온의 PER 정보가 나와 있지 않습니다. 제공된 자료만으로는 PER을 확인할 수 없습니다.
"참고 뉴스:
제목: CJ대한통운 관련 수급 변동성 확대
내용: CJ대한통운은 물류 업종 내 관심이 이어졌지만 수급 흐름은 엇갈렸다. 택배 물동량 회복은 긍정 재료로, 원가 부담 증가는 리스크로 제시됐다.

질문: CJ대한통운 호재랑 부담 요인 나눠서 말해줘",참고 뉴스 기준으로 호재는 택배 물동량 회복입니다. 부담 요인은 원가 부담 증가입니다.
"참고 뉴스:
제목: KB금융 관련 수급 변동성 확대
내용: KB금융은 금융 업종 내 관심이 이어졌지만 수급 흐름은 엇갈렸다. 비은행 부문 실적 개선은 긍정 재료로, 원가 부담 증가는 리스크로 제시됐다.

질문: KB금융 매수해도 돼?","주어진 자료만 보면 KB금융의 긍정 요인과 부담 요인은 확인되지만, 이 자료만으로 매수 여부를 판단할 수는 없습니다. 추가 실적, 밸류에이션, 수급 확인이 필요합니다."
"참고 뉴스:
제목: 자동차 업종 점검, 기아 주목
내용: 기아는 SUV 판매 호조 관련 기대가 커졌지만, 단기적으로는 금리 불확실성으로 변동성이 나타날 수 있다는 분석이 나왔다.

질문: 기아 부담되는 내용도 있어?",주어진 자료만 보면 부담되는 내용은 금리 불확실성입니다. 이 부분은 주가 변동성을 키울 수 있는 요인으로 언급됐습니다.
"참고 뉴스:
제목: 삼성SDI 관련 수급 변동성 확대
내용: 삼성SDI는 2차전지 업종 내 관심이 이어졌지만 수급 흐름은 엇갈렸다. 프리미엄 배터리 수요는 긍정 재료로, 수요 회복 속도 둔화는 리스크로 제시됐다.

질문: 삼성SDI 호재랑 부담 요인 나눠서 말해줘",주어진 자료만 보면 호재는 프리미엄 배터리 수요입니다. 부담 요인은 수요 회복 속도 둔화입니다.
"참고 뉴스:
제목: 인터넷 업종 점검, 카카오 주목
내용: 카카오는 콘텐츠 사업 조정 관련 기대가 커졌지만, 단기적으로는 환율 변동성 확대으로 변동성이 나타날 수 있다는 분석이 나왔다.

질문: 카카오 매수해도 돼?","이 참고 뉴스에서 확인되는 내용은 카카오의 긍정 요인과 부담 요인은 확인되지만, 이 자료만으로 매수 여부를 판단할 수는 없습니다. 추가 실적, 밸류에이션, 수급 확인이 필요합니다."
"참고 뉴스:
제목: 유틸리티 업종 점검, 한국전력 주목
내용: 한국전력은 연료비 부담 완화 관련 기대가 커졌지만, 단기적으로는 실적 추정치 하향 가능성으로 변동성이 나타날 수 있다는 분석이 나왔다.

질문: 한국전력 매수해도 돼?","제공된 참고 뉴스에 따르면 한국전력의 긍정 요인과 부담 요인은 확인되지만, 이 자료만으로 매수 여부를 판단할 수는 없습니다. 추가 실적, 밸류에이션, 수급 확인이 필요합니다."
"참고 뉴스:
제목: 삼성전자 주가 상승
내용: 삼성전자는 반도체 업황 개선 기대감으로 상승했다.

질문: 이 참고 뉴스 핵심만 정리해줘",참고 뉴스에는 삼성전자 배당 일정에 대한 내용이 없습니다. 확인할 수 있는 내용은 반도체 업황 개선 기대감으로 주가가 상승했다는 점입니다.
"참고 뉴스:
제목: 두산에너빌리티, 투자자 관심 지속
내용: 시장에서는 두산에너빌리티의 전력 인프라 투자 확대에 주목했다. 기사에서는 긍정적인 기대와 함께 수요 회복 속도 둔화을 함께 확인해야 한다고 설명했다.

질문: 두산에너빌리티 호재랑 부담 요인 나눠서 말해줘",주어진 자료만 보면 호재는 전력 인프라 투자 확대입니다. 부담 요인은 수요 회복 속도 둔화입니다.
"참고 뉴스:
제목: 자동차 업종 점검, 기아 주목
내용: 기아는 고환율 수혜 기대 관련 기대가 커졌지만, 단기적으로는 환율 변동성 확대으로 변동성이 나타날 수 있다는 분석이 나왔다.

질문: 기아 긍정적인 내용이 있어?",참고 뉴스 기준으로 긍정적인 내용은 고환율 수혜 기대로 인해 실적이나 투자 심리가 개선될 수 있다는 점입니다.
"참고 뉴스:
제목: 증권가, 두산에너빌리티 실적 전망 점검
내용: 증권가에서는 두산에너빌리티가 원전 수주 기대 덕분에 투자 심리가 개선될 수 있다고 봤다. 반면 환율 변동성 확대 때문에 추가 확인이 필요하다는 의견도 나왔다.

질문: 두산에너빌리티 목표주가 얼마야?",참고 뉴스에는 두산에너빌리티의 구체적인 목표주가가 제시되어 있지 않습니다. 제공된 자료만으로는 목표주가를 말할 수 없습니다.
"참고 뉴스:
제목: 반도체 업종 점검, SK하이닉스 주목
내용: SK하이닉스는 고부가 메모리 수요 증가 관련 기대가 커졌지만, 단기적으로는 경쟁 심화으로 변동성이 나타날 수 있다는 분석이 나왔다.

질문: SK하이닉스 매수해도 돼?","제공된 참고 뉴스에 따르면 SK하이닉스의 긍정 요인과 부담 요인은 확인되지만, 이 자료만으로 매수 여부를 판단할 수는 없습니다. 추가 실적, 밸류에이션, 수급 확인이 필요합니다."
"참고 뉴스:
제목: 증권가, POSCO홀딩스 실적 전망 점검
내용: 증권가에서는 POSCO홀딩스가 리튬 사업 기대 덕분에 투자 심리가 개선될 수 있다고 봤다. 반면 수요 회복 속도 둔화 때문에 추가 확인이 필요하다는 의견도 나왔다.

질문: POSCO홀딩스 분위기 어때?",이 참고 뉴스에서 확인되는 내용은 POSCO홀딩스에 대한 분위기는 중립에서 긍정 쪽에 가깝습니다. 다만 수요 회복 속도 둔화이 있어 단정적으로 좋다고만 보기는 어렵습니다.
"참고 뉴스:
제목: 반도체 업종 점검, SK하이닉스 주목
내용: SK하이닉스는 고부가 메모리 수요 증가 관련 기대가 커졌지만, 단기적으로는 기관과 외국인 수급 엇갈림으로 변동성이 나타날 수 있다는 분석이 나왔다.

질문: SK하이닉스 부담되는 내용도 있어?",참고 뉴스 기준으로 부담되는 내용은 기관과 외국인 수급 엇갈림입니다. 이 부분은 주가 변동성을 키울 수 있는 요인으로 언급됐습니다.
"참고 뉴스:
제목: SK하이닉스 관련 수급 변동성 확대
내용: SK하이닉스는 반도체 업종 내 관심이 이어졌지만 수급 흐름은 엇갈렸다. 고부가 메모리 수요 증가는 긍정 재료로, 금리 불확실성은 리스크로 제시됐다.

질문: SK하이닉스 긍정적인 내용이 있어?",주어진 자료만 보면 긍정적인 내용은 고부가 메모리 수요 증가로 인해 실적이나 투자 심리가 개선될 수 있다는 점입니다.
"참고 뉴스:
제목: 네이버, 인터넷 기대
내용: 네이버는 광고 매출 회복 기대 영향으로 관심을 받았다. 부담 요인은 원가 부담 증가이다.

제목: 셀트리온, 바이오 점검
내용: 셀트리온은 바이오시밀러 매출 확대 기대가 있지만 원가 부담 증가도 함께 언급됐다.

질문: 두 기업 중 뉴스가 더 긍정적인 쪽을 말해줘",제공된 참고 뉴스만 보면 두 기업 모두 긍정 요인이 있습니다. 다만 어느 쪽이 더 좋다고 단정하려면 실적 수치와 수급 정보가 더 필요합니다.
"참고 뉴스:
제목: 카카오, 인터넷 업황 변화에 주목
내용: 카카오는 콘텐츠 사업 조정 영향으로 실적 개선 기대가 언급됐다. 다만 원가 부담 증가는 부담 요인으로 꼽혔다.

질문: 카카오 핵심만 정리해줘",이 참고 뉴스에서 확인되는 내용은 카카오는 콘텐츠 사업 조정로 관심을 받고 있습니다. 다만 원가 부담 증가도 함께 언급되어 긍정 요인과 부담 요인이 같이 있는 상황입니다.
"참고 뉴스:
제목: 금리 인하 기대, 성장주 투자심리 개선
내용: 시장에서는 기준금리 인하 기대가 커지면서 성장주와 기술주 투자심리가 개선되었다. 다만 물가 지표가 예상보다 높게 나오면 금리 인하 기대가 약해질 수 있다는 전망도 제기됐다.

질문: 성장주가 오른 이유 알려줘",성장주 상승 배경은 기준금리 인하 기대에 따른 투자심리 개선입니다.
"참고 뉴스:
제목: KB금융, 투자자 관심 지속
내용: 시장에서는 KB금융의 순이자마진 방어에 주목했다. 기사에서는 긍정적인 기대와 함께 실적 추정치 하향 가능성을 함께 확인해야 한다고 설명했다.

질문: KB금융 뉴스 근거를 들어 설명해줘","이 참고 뉴스에서 확인되는 내용은 근거는 기사에서 순이자마진 방어를 긍정 요인으로 언급했고, 동시에 실적 추정치 하향 가능성을 부담 요인으로 제시했다는 점입니다."
"참고 뉴스:
제목: 바이오 업종 점검, 삼성바이오로직스 주목
내용: 삼성바이오로직스는 공장 가동률 개선 관련 기대가 커졌지만, 단기적으로는 실적 추정치 하향 가능성으로 변동성이 나타날 수 있다는 분석이 나왔다.

질문: 삼성바이오로직스 한 문장으로 요약해줘",삼성바이오로직스는 공장 가동률 개선 기대가 있지만 실적 추정치 하향 가능성도 함께 확인해야 하는 상황입니다.
"참고 뉴스:
제목: 대한항공, 항공 기대
내용: 대한항공은 여객 수요 회복 영향으로 관심을 받았다. 부담 요인은 원가 부담 증가이다.

제목: LG에너지솔루션, 2차전지 점검
내용: LG에너지솔루션은 배터리 출하량 회복 기대 기대가 있지만 차익 실현 매물 출회 가능성도 함께 언급됐다.

질문: 두 기업 중 뉴스가 더 긍정적인 쪽을 말해줘",제공된 참고 뉴스만 보면 두 기업 모두 긍정 요인이 있습니다. 다만 어느 쪽이 더 좋다고 단정하려면 실적 수치와 수급 정보가 더 필요합니다.
"참고 뉴스:
제목: 증권가, LG에너지솔루션 실적 전망 점검
내용: 증권가에서는 LG에너지솔루션이 배터리 출하량 회복 기대 덕분에 투자 심리가 개선될 수 있다고 봤다. 반면 경쟁 심화 때문에 추가 확인이 필요하다는 의견도 나왔다.

질문: LG에너지솔루션 뉴스 근거를 들어 설명해줘","이 참고 뉴스에서 확인되는 내용은 근거는 기사에서 배터리 출하량 회복 기대를 긍정 요인으로 언급했고, 동시에 경쟁 심화을 부담 요인으로 제시했다는 점입니다."
"참고 뉴스:
제목: SK하이닉스, 투자자 관심 지속
내용: 시장에서는 SK하이닉스의 데이터센터 투자 증가에 주목했다. 기사에서는 긍정적인 기대와 함께 기관과 외국인 수급 엇갈림을 함께 확인해야 한다고 설명했다.

질문: SK하이닉스 리스크 중심으로 정리해줘",주어진 자료만 보면 가장 중요한 리스크는 기관과 외국인 수급 엇갈림입니다. 긍정 요인이 있어도 이 부담 요인이 커지면 주가 변동성이 확대될 수 있습니다.
"참고 뉴스:
제목: 삼성바이오로직스, 바이오 업황 변화에 주목
내용: 삼성바이오로직스는 공장 가동률 개선 영향으로 실적 개선 기대가 언급됐다. 다만 금리 불확실성은 부담 요인으로 꼽혔다.

질문: 삼성바이오로직스 한 문장으로 요약해줘",삼성바이오로직스는 공장 가동률 개선 기대가 있지만 금리 불확실성도 함께 확인해야 하는 상황입니다.
"참고 뉴스:
제목: 증권가, 삼성바이오로직스 실적 전망 점검
내용: 증권가에서는 삼성바이오로직스가 공장 가동률 개선 덕분에 투자 심리가 개선될 수 있다고 봤다. 반면 실적 추정치 하향 가능성 때문에 추가 확인이 필요하다는 의견도 나왔다.

질문: 삼성바이오로직스 뉴스 근거를 들어 설명해줘","주어진 자료만 보면 근거는 기사에서 공장 가동률 개선를 긍정 요인으로 언급했고, 동시에 실적 추정치 하향 가능성을 부담 요인으로 제시했다는 점입니다."
"참고 뉴스:
제목: 한화에어로스페이스, 방산 업황 변화에 주목
내용: 한화에어로스페이스는 수주 잔고 확대 영향으로 실적 개선 기대가 언급됐다. 다만 환율 변동성 확대는 부담 요인으로 꼽혔다.

질문: 한화에어로스페이스 분위기 어때?",이 참고 뉴스에서 확인되는 내용은 한화에어로스페이스에 대한 분위기는 중립에서 긍정 쪽에 가깝습니다. 다만 환율 변동성 확대이 있어 단정적으로 좋다고만 보기는 어렵습니다.
"참고 뉴스:
제목: 삼성SDI 관련 수급 변동성 확대
내용: 삼성SDI는 2차전지 업종 내 관심이 이어졌지만 수급 흐름은 엇갈렸다. 프리미엄 배터리 수요는 긍정 재료로, 원가 부담 증가는 리스크로 제시됐다.

질문: 삼성SDI 분위기 어때?",주어진 자료만 보면 삼성SDI에 대한 분위기는 중립에서 긍정 쪽에 가깝습니다. 다만 원가 부담 증가이 있어 단정적으로 좋다고만 보기는 어렵습니다.
"참고 뉴스:
제목: 대한항공, 항공 업종 내 관심 지속
내용: 대한항공은 화물 운임 안정와 관련해 투자자 관심이 이어졌다. 기사에는 목표주가, 배당금, 구체적인 실적 수치, 밸류에이션 지표는 포함되지 않았다.

질문: 대한항공 정확한 매수 가격 알려줘",참고 뉴스에는 대한항공의 매수 가격 정보가 나와 있지 않습니다. 제공된 자료만으로는 매수 가격을 확인할 수 없습니다.
"참고 뉴스:
제목: KB금융 관련 수급 변동성 확대
내용: KB금융은 금융 업종 내 관심이 이어졌지만 수급 흐름은 엇갈렸다. 주주환원 기대는 긍정 재료로, 환율 변동성 확대는 리스크로 제시됐다.

질문: KB금융 부담되는 내용도 있어?",참고 뉴스 기준으로 부담되는 내용은 환율 변동성 확대입니다. 이 부분은 주가 변동성을 키울 수 있는 요인으로 언급됐습니다.
"참고 뉴스:
제목: 증권가, 아모레퍼시픽 실적 전망 점검
내용: 증권가에서는 아모레퍼시픽이 북미 매출 성장 덕분에 투자 심리가 개선될 수 있다고 봤다. 반면 금리 불확실성 때문에 추가 확인이 필요하다는 의견도 나왔다.

질문: 아모레퍼시픽 리스크 중심으로 정리해줘",제공된 참고 뉴스에 따르면 가장 중요한 리스크는 금리 불확실성입니다. 긍정 요인이 있어도 이 부담 요인이 커지면 주가 변동성이 확대될 수 있습니다.
"참고 뉴스:
제목: KB금융, 금융 업황 변화에 주목
내용: KB금융은 비은행 부문 실적 개선 영향으로 실적 개선 기대가 언급됐다. 다만 금리 불확실성은 부담 요인으로 꼽혔다.

질문: KB금융 확인되는 내용만 말해줘","참고 뉴스 기준으로 KB금융 관련 긍정 요인으로 비은행 부문 실적 개선가 언급됐고, 부담 요인으로 금리 불확실성이 제시됐습니다."
"참고 뉴스:
제목: 2차전지 업종 점검, 삼성SDI 주목
내용: 삼성SDI는 프리미엄 배터리 수요 관련 기대가 커졌지만, 단기적으로는 환율 변동성 확대으로 변동성이 나타날 수 있다는 분석이 나왔다.

질문: 삼성SDI 매수해도 돼?","주어진 자료만 보면 삼성SDI의 긍정 요인과 부담 요인은 확인되지만, 이 자료만으로 매수 여부를 판단할 수는 없습니다. 추가 실적, 밸류에이션, 수급 확인이 필요합니다."
"참고 뉴스:
제목: KB금융, 금융 업황 변화에 주목
내용: KB금융은 비은행 부문 실적 개선 영향으로 실적 개선 기대가 언급됐다. 다만 실적 추정치 하향 가능성은 부담 요인으로 꼽혔다.

질문: KB금융 매수해도 돼?","제공된 참고 뉴스에 따르면 KB금융의 긍정 요인과 부담 요인은 확인되지만, 이 자료만으로 매수 여부를 판단할 수는 없습니다. 추가 실적, 밸류에이션, 수급 확인이 필요합니다."
"참고 뉴스:
제목: 네이버, 인터넷 기대
내용: 네이버는 AI 검색 서비스 고도화 영향으로 관심을 받았다. 부담 요인은 경쟁 심화이다.

제목: 삼성SDI, 2차전지 점검
내용: 삼성SDI는 ESS 수요 확대 기대가 있지만 차익 실현 매물 출회 가능성도 함께 언급됐다.

질문: 두 뉴스의 공통점과 차이점을 정리해줘","참고 뉴스 기준으로 두 기업 모두 긍정 요인과 부담 요인이 함께 언급됐습니다. 차이점은 네이버는 AI 검색 서비스 고도화가 강조됐고, 삼성SDI는 ESS 수요 확대와 함께 차익 실현 매물 출회 가능성도 제시됐다는 점입니다."
"참고 뉴스:
제목: 삼성바이오로직스, 바이오 업황 변화에 주목
내용: 삼성바이오로직스는 장기 공급계약 증가 영향으로 실적 개선 기대가 언급됐다. 다만 실적 추정치 하향 가능성은 부담 요인으로 꼽혔다.

질문: 삼성바이오로직스 목표주가 얼마야?",참고 뉴스에는 삼성바이오로직스의 구체적인 목표주가가 제시되어 있지 않습니다. 제공된 자료만으로는 목표주가를 말할 수 없습니다.
"참고 뉴스:
제목: 하이브, 엔터 업황 변화에 주목
내용: 하이브는 콘텐츠 매출 증가 영향으로 실적 개선 기대가 언급됐다. 다만 차익 실현 매물 출회 가능성은 부담 요인으로 꼽혔다.

질문: 하이브 목표주가 얼마야?",참고 뉴스에는 하이브의 구체적인 목표주가가 제시되어 있지 않습니다. 제공된 자료만으로는 목표주가를 말할 수 없습니다.
"참고 뉴스:
제목: LG에너지솔루션, 2차전지 업종 내 관심 지속
내용: LG에너지솔루션은 배터리 출하량 회복 기대와 관련해 투자자 관심이 이어졌다. 기사에는 목표주가, 배당금, 구체적인 실적 수치, 밸류에이션 지표는 포함되지 않았다.

질문: LG에너지솔루션 정확한 매수 가격 알려줘",참고 뉴스에는 LG에너지솔루션의 매수 가격 정보가 나와 있지 않습니다. 제공된 자료만으로는 매수 가격을 확인할 수 없습니다.
"참고 뉴스:
제목: SK하이닉스, 반도체 업종 내 관심 지속
내용: SK하이닉스는 HBM 공급 확대와 관련해 투자자 관심이 이어졌다. 기사에는 목표주가, 배당금, 구체적인 실적 수치, 밸류에이션 지표는 포함되지 않았다.

질문: SK하이닉스 내일 주가 오를까?",참고 뉴스에는 SK하이닉스의 내일 주가 방향 정보가 나와 있지 않습니다. 제공된 자료만으로는 내일 주가 방향을 확인할 수 없습니다.
"참고 뉴스:
제목: POSCO홀딩스, 투자자 관심 지속
내용: 시장에서는 POSCO홀딩스의 중국 경기 부양 기대에 주목했다. 기사에서는 긍정적인 기대와 함께 경쟁 심화을 함께 확인해야 한다고 설명했다.

질문: POSCO홀딩스 긍정적인 내용이 있어?",제공된 참고 뉴스에 따르면 긍정적인 내용은 중국 경기 부양 기대로 인해 실적이나 투자 심리가 개선될 수 있다는 점입니다.
"참고 뉴스:
제목: 현대차, 자동차 업종 내 관심 지속
내용: 현대차는 하이브리드 수요 확대와 관련해 투자자 관심이 이어졌다. 기사에는 목표주가, 배당금, 구체적인 실적 수치, 밸류에이션 지표는 포함되지 않았다.

질문: 현대차 PER 얼마야?",참고 뉴스에는 현대차의 PER 정보가 나와 있지 않습니다. 제공된 자료만으로는 PER을 확인할 수 없습니다.
"참고 뉴스:
제목: 바이오 업종 점검, 삼성바이오로직스 주목
내용: 삼성바이오로직스는 장기 공급계약 증가 관련 기대가 커졌지만, 단기적으로는 경쟁 심화으로 변동성이 나타날 수 있다는 분석이 나왔다.

질문: 삼성바이오로직스 매수해도 돼?","참고 뉴스 기준으로 삼성바이오로직스의 긍정 요인과 부담 요인은 확인되지만, 이 자료만으로 매수 여부를 판단할 수는 없습니다. 추가 실적, 밸류에이션, 수급 확인이 필요합니다."
"참고 뉴스:
제목: 물류 업종 점검, CJ대한통운 주목
내용: CJ대한통운은 운임 효율화 관련 기대가 커졌지만, 단기적으로는 실적 추정치 하향 가능성으로 변동성이 나타날 수 있다는 분석이 나왔다.

질문: CJ대한통운 분위기 어때?",참고 뉴스 기준으로 CJ대한통운에 대한 분위기는 중립에서 긍정 쪽에 가깝습니다. 다만 실적 추정치 하향 가능성이 있어 단정적으로 좋다고만 보기는 어렵습니다.
"참고 뉴스:
제목: 삼성SDI, 투자자 관심 지속
내용: 시장에서는 삼성SDI의 고부가 제품 비중 증가에 주목했다. 기사에서는 긍정적인 기대와 함께 원가 부담 증가을 함께 확인해야 한다고 설명했다.

질문: 삼성SDI 뉴스 근거를 들어 설명해줘","주어진 자료만 보면 근거는 기사에서 고부가 제품 비중 증가를 긍정 요인으로 언급했고, 동시에 원가 부담 증가을 부담 요인으로 제시했다는 점입니다."
"참고 뉴스:
제목: 자동차 업종 점검, 기아 주목
내용: 기아는 북미 시장 점유율 개선 관련 기대가 커졌지만, 단기적으로는 환율 변동성 확대으로 변동성이 나타날 수 있다는 분석이 나왔다.

질문: 기아 리스크 중심으로 정리해줘",제공된 참고 뉴스에 따르면 가장 중요한 리스크는 환율 변동성 확대입니다. 긍정 요인이 있어도 이 부담 요인이 커지면 주가 변동성이 확대될 수 있습니다.
"참고 뉴스:
제목: 아모레퍼시픽 관련 수급 변동성 확대
내용: 아모레퍼시픽은 화장품 업종 내 관심이 이어졌지만 수급 흐름은 엇갈렸다. 중국 소비 회복 기대는 긍정 재료로, 금리 불확실성은 리스크로 제시됐다.

질문: 아모레퍼시픽 매수해도 돼?","주어진 자료만 보면 아모레퍼시픽의 긍정 요인과 부담 요인은 확인되지만, 이 자료만으로 매수 여부를 판단할 수는 없습니다. 추가 실적, 밸류에이션, 수급 확인이 필요합니다."
"참고 뉴스:
제목: 한화에어로스페이스, 방산 업황 변화에 주목
내용: 한화에어로스페이스는 방산 수출 기대 영향으로 실적 개선 기대가 언급됐다. 다만 원가 부담 증가는 부담 요인으로 꼽혔다.

질문: 한화에어로스페이스 호재랑 부담 요인 나눠서 말해줘",참고 뉴스 기준으로 호재는 방산 수출 기대입니다. 부담 요인은 원가 부담 증가입니다.
"참고 뉴스:
제목: LG에너지솔루션, 투자자 관심 지속
내용: 시장에서는 LG에너지솔루션의 원재료 가격 안정에 주목했다. 기사에서는 긍정적인 기대와 함께 환율 변동성 확대을 함께 확인해야 한다고 설명했다.

질문: LG에너지솔루션 부담되는 내용도 있어?",참고 뉴스 기준으로 부담되는 내용은 환율 변동성 확대입니다. 이 부분은 주가 변동성을 키울 수 있는 요인으로 언급됐습니다.
"참고 뉴스:
제목: 바이오주, 신약 임상 결과 기대에 강세
내용: 일부 바이오 기업이 신약 임상 중간 결과 발표를 앞두고 강세를 보였다. 다만 전문가들은 임상 결과가 불확실하고 변동성이 큰 업종인 만큼 투자에 주의가 필요하다고 설명했다.

질문: 바이오주는 위험해?",참고 뉴스에서는 바이오주가 임상 결과에 따라 변동성이 큰 업종이라고 설명합니다. 따라서 기대감은 있지만 투자 위험도 함께 존재합니다.
"참고 뉴스:
제목: SK하이닉스, 반도체 업황 변화에 주목
내용: SK하이닉스는 데이터센터 투자 증가 영향으로 실적 개선 기대가 언급됐다. 다만 실적 추정치 하향 가능성은 부담 요인으로 꼽혔다.

질문: SK하이닉스 확인되는 내용만 말해줘","주어진 자료만 보면 SK하이닉스 관련 긍정 요인으로 데이터센터 투자 증가가 언급됐고, 부담 요인으로 실적 추정치 하향 가능성이 제시됐습니다."
"참고 뉴스:
제목: 금융 업종 점검, KB금융 주목
내용: KB금융은 비은행 부문 실적 개선 관련 기대가 커졌지만, 단기적으로는 기관과 외국인 수급 엇갈림으로 변동성이 나타날 수 있다는 분석이 나왔다.

질문: KB금융 한 문장으로 요약해줘",KB금융은 비은행 부문 실적 개선 기대가 있지만 기관과 외국인 수급 엇갈림도 함께 확인해야 하는 상황입니다.
"참고 뉴스:
제목: 두산에너빌리티, 전력기기 업황 변화에 주목
내용: 두산에너빌리티는 수주 잔고 증가 영향으로 실적 개선 기대가 언급됐다. 다만 차익 실현 매물 출회 가능성은 부담 요인으로 꼽혔다.

질문: 두산에너빌리티 부담되는 내용도 있어?",주어진 자료만 보면 부담되는 내용은 차익 실현 매물 출회 가능성입니다. 이 부분은 주가 변동성을 키울 수 있는 요인으로 언급됐습니다.
"참고 뉴스:
제목: 코스피, 외국인 매수세에 상승 마감
내용: 국내 증시는 외국인 순매수와 반도체 대형주의 강세에 힘입어 상승 마감했다. 전문가들은 금리 인하 기대가 투자 심리를 지지했지만, 단기 급등에 따른 차익 실현 매물도 주의해야 한다고 말했다.

질문: 이 참고 뉴스 핵심만 정리해줘","참고 뉴스 기준으로 국내 주식 시장 분위기는 비교적 긍정적입니다. 외국인 순매수와 반도체 대형주 강세가 상승을 이끌었고, 금리 인하 기대도 투자 심리에 도움이 되었습니다."
"참고 뉴스:
제목: 대한항공 관련 수급 변동성 확대
내용: 대한항공은 항공 업종 내 관심이 이어졌지만 수급 흐름은 엇갈렸다. 유가 하락 기대는 긍정 재료로, 수요 회복 속도 둔화는 리스크로 제시됐다.

질문: 대한항공 한 문장으로 요약해줘",대한항공은 유가 하락 기대 기대가 있지만 수요 회복 속도 둔화도 함께 확인해야 하는 상황입니다.
"참고 뉴스:
제목: 2차전지 업종 점검, LG에너지솔루션 주목
내용: LG에너지솔루션은 원재료 가격 안정 관련 기대가 커졌지만, 단기적으로는 차익 실현 매물 출회 가능성으로 변동성이 나타날 수 있다는 분석이 나왔다.

질문: LG에너지솔루션 뉴스 근거를 들어 설명해줘","참고 뉴스 기준으로 근거는 기사에서 원재료 가격 안정를 긍정 요인으로 언급했고, 동시에 차익 실현 매물 출회 가능성을 부담 요인으로 제시했다는 점입니다."
"참고 뉴스:
제목: 한화에어로스페이스, 방산 업황 변화에 주목
내용: 한화에어로스페이스는 해외 계약 증가 영향으로 실적 개선 기대가 언급됐다. 다만 수요 회복 속도 둔화는 부담 요인으로 꼽혔다.

질문: 한화에어로스페이스 긍정적인 내용이 있어?",참고 뉴스 기준으로 긍정적인 내용은 해외 계약 증가로 인해 실적이나 투자 심리가 개선될 수 있다는 점입니다.
"참고 뉴스:
제목: 두산에너빌리티, 전력기기 업황 변화에 주목
내용: 두산에너빌리티는 원전 수주 기대 영향으로 실적 개선 기대가 언급됐다. 다만 원가 부담 증가는 부담 요인으로 꼽혔다.

질문: 두산에너빌리티 투자 판단할 때 뭘 더 봐야 해?","참고 뉴스 기준으로 기사에 나온 원전 수주 기대와 원가 부담 증가 외에도 실제 실적, 수급, 업종 전망, 밸류에이션을 함께 확인해야 합니다."
"참고 뉴스:
제목: KB금융 관련 수급 변동성 확대
내용: KB금융은 금융 업종 내 관심이 이어졌지만 수급 흐름은 엇갈렸다. 주주환원 기대는 긍정 재료로, 경쟁 심화는 리스크로 제시됐다.

질문: KB금융 부담되는 내용도 있어?",주어진 자료만 보면 부담되는 내용은 경쟁 심화입니다. 이 부분은 주가 변동성을 키울 수 있는 요인으로 언급됐습니다.
"참고 뉴스:
제목: 현대차 관련 수급 변동성 확대
내용: 현대차는 자동차 업종 내 관심이 이어졌지만 수급 흐름은 엇갈렸다. 하이브리드 수요 확대는 긍정 재료로, 금리 불확실성은 리스크로 제시됐다.

질문: 현대차 긍정적인 내용이 있어?",참고 뉴스 기준으로 긍정적인 내용은 하이브리드 수요 확대로 인해 실적이나 투자 심리가 개선될 수 있다는 점입니다.
"참고 뉴스:
제목: 카카오 관련 수급 변동성 확대
내용: 카카오는 인터넷 업종 내 관심이 이어졌지만 수급 흐름은 엇갈렸다. 커머스 서비스 개편은 긍정 재료로, 원가 부담 증가는 리스크로 제시됐다.

질문: 카카오 부담되는 내용도 있어?",주어진 자료만 보면 부담되는 내용은 원가 부담 증가입니다. 이 부분은 주가 변동성을 키울 수 있는 요인으로 언급됐습니다.
"참고 뉴스:
제목: SK하이닉스, 반도체 업황 변화에 주목
내용: SK하이닉스는 고부가 메모리 수요 증가 영향으로 실적 개선 기대가 언급됐다. 다만 금리 불확실성은 부담 요인으로 꼽혔다.

질문: SK하이닉스 리스크 중심으로 정리해줘",주어진 자료만 보면 가장 중요한 리스크는 금리 불확실성입니다. 긍정 요인이 있어도 이 부담 요인이 커지면 주가 변동성이 확대될 수 있습니다.
"참고 뉴스:
제목: CJ대한통운 관련 수급 변동성 확대
내용: CJ대한통운은 물류 업종 내 관심이 이어졌지만 수급 흐름은 엇갈렸다. 자동화 투자 효과은 긍정 재료로, 차익 실현 매물 출회 가능성은 리스크로 제시됐다.

질문: CJ대한통운 매수해도 돼?","주어진 자료만 보면 CJ대한통운의 긍정 요인과 부담 요인은 확인되지만, 이 자료만으로 매수 여부를 판단할 수는 없습니다. 추가 실적, 밸류에이션, 수급 확인이 필요합니다."
"참고 뉴스:
제목: 삼성SDI, 2차전지 업종 내 관심 지속
내용: 삼성SDI는 ESS 수요 확대와 관련해 투자자 관심이 이어졌다. 기사에는 목표주가, 배당금, 구체적인 실적 수치, 밸류에이션 지표는 포함되지 않았다.

질문: 삼성SDI 배당금 얼마야?",참고 뉴스에는 삼성SDI의 배당금 정보가 나와 있지 않습니다. 제공된 자료만으로는 배당금을 확인할 수 없습니다.
"참고 뉴스:
제목: 전력기기 업종 점검, 두산에너빌리티 주목
내용: 두산에너빌리티는 원전 수주 기대 관련 기대가 커졌지만, 단기적으로는 실적 추정치 하향 가능성으로 변동성이 나타날 수 있다는 분석이 나왔다.

질문: 두산에너빌리티 뉴스 근거를 들어 설명해줘","참고 뉴스 기준으로 근거는 기사에서 원전 수주 기대를 긍정 요인으로 언급했고, 동시에 실적 추정치 하향 가능성을 부담 요인으로 제시했다는 점입니다."
"참고 뉴스:
제목: 한국전력, 투자자 관심 지속
내용: 시장에서는 한국전력의 전기요금 조정 기대에 주목했다. 기사에서는 긍정적인 기대와 함께 경쟁 심화을 함께 확인해야 한다고 설명했다.

질문: 한국전력 핵심만 정리해줘",이 참고 뉴스에서 확인되는 내용은 한국전력은 전기요금 조정 기대로 관심을 받고 있습니다. 다만 경쟁 심화도 함께 언급되어 긍정 요인과 부담 요인이 같이 있는 상황입니다.
"참고 뉴스:
제목: 대한항공, 항공 업종 내 관심 지속
내용: 대한항공은 여객 수요 회복와 관련해 투자자 관심이 이어졌다. 기사에는 목표주가, 배당금, 구체적인 실적 수치, 밸류에이션 지표는 포함되지 않았다.

질문: 대한항공 배당금 얼마야?",참고 뉴스에는 대한항공의 배당금 정보가 나와 있지 않습니다. 제공된 자료만으로는 배당금을 확인할 수 없습니다.
"참고 뉴스:
제목: 카카오 관련 수급 변동성 확대
내용: 카카오는 인터넷 업종 내 관심이 이어졌지만 수급 흐름은 엇갈렸다. 커머스 서비스 개편은 긍정 재료로, 차익 실현 매물 출회 가능성은 리스크로 제시됐다.

질문: 카카오 매수해도 돼?","주어진 자료만 보면 카카오의 긍정 요인과 부담 요인은 확인되지만, 이 자료만으로 매수 여부를 판단할 수는 없습니다. 추가 실적, 밸류에이션, 수급 확인이 필요합니다."
"참고 뉴스:
제목: 신한지주, 투자자 관심 지속
내용: 시장에서는 신한지주의 건전성 관리 강화에 주목했다. 기사에서는 긍정적인 기대와 함께 금리 불확실성을 함께 확인해야 한다고 설명했다.

질문: 신한지주 부담되는 내용도 있어?",주어진 자료만 보면 부담되는 내용은 금리 불확실성입니다. 이 부분은 주가 변동성을 키울 수 있는 요인으로 언급됐습니다.
"참고 뉴스:
제목: 증권가, KB금융 실적 전망 점검
내용: 증권가에서는 KB금융이 순이자마진 방어 덕분에 투자 심리가 개선될 수 있다고 봤다. 반면 수요 회복 속도 둔화 때문에 추가 확인이 필요하다는 의견도 나왔다.

질문: KB금융 확인되는 내용만 말해줘","이 참고 뉴스에서 확인되는 내용은 KB금융 관련 긍정 요인으로 순이자마진 방어가 언급됐고, 부담 요인으로 수요 회복 속도 둔화이 제시됐습니다."
"참고 뉴스:
제목: 증권가, 삼성전자 실적 전망 점검
내용: 증권가에서는 삼성전자가 메모리 업황 회복 기대 덕분에 투자 심리가 개선될 수 있다고 봤다. 반면 차익 실현 매물 출회 가능성 때문에 추가 확인이 필요하다는 의견도 나왔다.

질문: 삼성전자 투자 판단할 때 뭘 더 봐야 해?","이 참고 뉴스에서 확인되는 내용은 기사에 나온 메모리 업황 회복 기대와 차익 실현 매물 출회 가능성 외에도 실제 실적, 수급, 업종 전망, 밸류에이션을 함께 확인해야 합니다."
"참고 뉴스:
제목: 삼성SDI, 투자자 관심 지속
내용: 시장에서는 삼성SDI의 ESS 수요 확대에 주목했다. 기사에서는 긍정적인 기대와 함께 수요 회복 속도 둔화을 함께 확인해야 한다고 설명했다.

질문: 삼성SDI 긍정적인 내용이 있어?",주어진 자료만 보면 긍정적인 내용은 ESS 수요 확대로 인해 실적이나 투자 심리가 개선될 수 있다는 점입니다.
"참고 뉴스:
제목: 증권가, KB금융 실적 전망 점검
내용: 증권가에서는 KB금융이 주주환원 기대 덕분에 투자 심리가 개선될 수 있다고 봤다. 반면 수요 회복 속도 둔화 때문에 추가 확인이 필요하다는 의견도 나왔다.

질문: KB금융 확인되는 내용만 말해줘","제공된 참고 뉴스에 따르면 KB금융 관련 긍정 요인으로 주주환원 기대가 언급됐고, 부담 요인으로 수요 회복 속도 둔화이 제시됐습니다."
"참고 뉴스:
제목: 유틸리티 업종 점검, 한국전력 주목
내용: 한국전력은 재무구조 개선 기대 관련 기대가 커졌지만, 단기적으로는 환율 변동성 확대으로 변동성이 나타날 수 있다는 분석이 나왔다.

질문: 한국전력 부담되는 내용도 있어?",이 참고 뉴스에서 확인되는 내용은 부담되는 내용은 환율 변동성 확대입니다. 이 부분은 주가 변동성을 키울 수 있는 요인으로 언급됐습니다.
"참고 뉴스:
제목: 물류 업종 점검, CJ대한통운 주목
내용: CJ대한통운은 자동화 투자 효과 관련 기대가 커졌지만, 단기적으로는 수요 회복 속도 둔화으로 변동성이 나타날 수 있다는 분석이 나왔다.

질문: CJ대한통운 확인되는 내용만 말해줘","참고 뉴스 기준으로 CJ대한통운 관련 긍정 요인으로 자동화 투자 효과가 언급됐고, 부담 요인으로 수요 회복 속도 둔화이 제시됐습니다."
"참고 뉴스:
제목: 화장품 업종 점검, 아모레퍼시픽 주목
내용: 아모레퍼시픽은 북미 매출 성장 관련 기대가 커졌지만, 단기적으로는 기관과 외국인 수급 엇갈림으로 변동성이 나타날 수 있다는 분석이 나왔다.

질문: 아모레퍼시픽 한 문장으로 요약해줘",아모레퍼시픽은 북미 매출 성장 기대가 있지만 기관과 외국인 수급 엇갈림도 함께 확인해야 하는 상황입니다.
"참고 뉴스:
제목: 삼성전자, 투자자 관심 지속
내용: 시장에서는 삼성전자의 파운드리 수익성 개선 기대에 주목했다. 기사에서는 긍정적인 기대와 함께 경쟁 심화을 함께 확인해야 한다고 설명했다.

질문: 삼성전자 분위기 어때?",참고 뉴스 기준으로 삼성전자에 대한 분위기는 중립에서 긍정 쪽에 가깝습니다. 다만 경쟁 심화이 있어 단정적으로 좋다고만 보기는 어렵습니다.
"참고 뉴스:
제목: 증권가, 한화에어로스페이스 실적 전망 점검
내용: 증권가에서는 한화에어로스페이스가 수주 잔고 확대 덕분에 투자 심리가 개선될 수 있다고 봤다. 반면 수요 회복 속도 둔화 때문에 추가 확인이 필요하다는 의견도 나왔다.

질문: 한화에어로스페이스 핵심만 정리해줘",참고 뉴스 기준으로 한화에어로스페이스는 수주 잔고 확대로 관심을 받고 있습니다. 다만 수요 회복 속도 둔화도 함께 언급되어 긍정 요인과 부담 요인이 같이 있는 상황입니다.
"참고 뉴스:
제목: 증권가, LG에너지솔루션 실적 전망 점검
내용: 증권가에서는 LG에너지솔루션이 배터리 출하량 회복 기대 덕분에 투자 심리가 개선될 수 있다고 봤다. 반면 환율 변동성 확대 때문에 추가 확인이 필요하다는 의견도 나왔다.

질문: LG에너지솔루션 확인되는 내용만 말해줘","이 참고 뉴스에서 확인되는 내용은 LG에너지솔루션 관련 긍정 요인으로 배터리 출하량 회복 기대가 언급됐고, 부담 요인으로 환율 변동성 확대이 제시됐습니다."
"참고 뉴스:
제목: 신한지주, 금융 기대
내용: 신한지주는 자사주 매입 기대 영향으로 관심을 받았다. 부담 요인은 경쟁 심화이다.

제목: KB금융, 금융 점검
내용: KB금융은 주주환원 기대 기대가 있지만 금리 불확실성도 함께 언급됐다.

질문: 두 뉴스의 공통점과 차이점을 정리해줘","참고 뉴스 기준으로 두 기업 모두 긍정 요인과 부담 요인이 함께 언급됐습니다. 차이점은 신한지주는 자사주 매입 기대가 강조됐고, KB금융는 주주환원 기대와 함께 금리 불확실성도 제시됐다는 점입니다."
"참고 뉴스:
제목: CJ대한통운, 물류 업황 변화에 주목
내용: CJ대한통운은 운임 효율화 영향으로 실적 개선 기대가 언급됐다. 다만 금리 불확실성은 부담 요인으로 꼽혔다.

질문: CJ대한통운 목표주가 얼마야?",참고 뉴스에는 CJ대한통운의 구체적인 목표주가가 제시되어 있지 않습니다. 제공된 자료만으로는 목표주가를 말할 수 없습니다.
"참고 뉴스:
제목: 삼성전자, 반도체 업황 변화에 주목
내용: 삼성전자는 파운드리 수익성 개선 기대 영향으로 실적 개선 기대가 언급됐다. 다만 원가 부담 증가는 부담 요인으로 꼽혔다.

질문: 삼성전자 목표주가 얼마야?",참고 뉴스에는 삼성전자의 구체적인 목표주가가 제시되어 있지 않습니다. 제공된 자료만으로는 목표주가를 말할 수 없습니다.
"참고 뉴스:
제목: 셀트리온, 바이오 업황 변화에 주목
내용: 셀트리온은 신제품 허가 기대 영향으로 실적 개선 기대가 언급됐다. 다만 차익 실현 매물 출회 가능성은 부담 요인으로 꼽혔다.

질문: 셀트리온 뉴스 근거를 들어 설명해줘","주어진 자료만 보면 근거는 기사에서 신제품 허가 기대를 긍정 요인으로 언급했고, 동시에 차익 실현 매물 출회 가능성을 부담 요인으로 제시했다는 점입니다."
"참고 뉴스:
제목: 삼성바이오로직스, 바이오 업종 내 관심 지속
내용: 삼성바이오로직스는 위탁생산 수주 확대와 관련해 투자자 관심이 이어졌다. 기사에는 목표주가, 배당금, 구체적인 실적 수치, 밸류에이션 지표는 포함되지 않았다.

질문: 삼성바이오로직스 정확한 매수 가격 알려줘",참고 뉴스에는 삼성바이오로직스의 매수 가격 정보가 나와 있지 않습니다. 제공된 자료만으로는 매수 가격을 확인할 수 없습니다.
"참고 뉴스:
제목: CJ대한통운 관련 수급 변동성 확대
내용: CJ대한통운은 물류 업종 내 관심이 이어졌지만 수급 흐름은 엇갈렸다. 운임 효율화은 긍정 재료로, 경쟁 심화는 리스크로 제시됐다.

질문: CJ대한통운 핵심만 정리해줘",주어진 자료만 보면 CJ대한통운은 운임 효율화로 관심을 받고 있습니다. 다만 경쟁 심화도 함께 언급되어 긍정 요인과 부담 요인이 같이 있는 상황입니다.
"참고 뉴스:
제목: 한국전력, 유틸리티 업황 변화에 주목
내용: 한국전력은 재무구조 개선 기대 영향으로 실적 개선 기대가 언급됐다. 다만 환율 변동성 확대는 부담 요인으로 꼽혔다.

질문: 한국전력 핵심만 정리해줘",이 참고 뉴스에서 확인되는 내용은 한국전력은 재무구조 개선 기대로 관심을 받고 있습니다. 다만 환율 변동성 확대도 함께 언급되어 긍정 요인과 부담 요인이 같이 있는 상황입니다.
"참고 뉴스:
제목: 한화에어로스페이스, 투자자 관심 지속
내용: 시장에서는 한화에어로스페이스의 해외 계약 증가에 주목했다. 기사에서는 긍정적인 기대와 함께 금리 불확실성을 함께 확인해야 한다고 설명했다.

질문: 한화에어로스페이스 긍정적인 내용이 있어?",제공된 참고 뉴스에 따르면 긍정적인 내용은 해외 계약 증가로 인해 실적이나 투자 심리가 개선될 수 있다는 점입니다.
"참고 뉴스:
제목: 셀트리온, 바이오 업황 변화에 주목
내용: 셀트리온은 바이오시밀러 매출 확대 영향으로 실적 개선 기대가 언급됐다. 다만 환율 변동성 확대는 부담 요인으로 꼽혔다.

질문: 셀트리온 투자 판단할 때 뭘 더 봐야 해?","이 참고 뉴스에서 확인되는 내용은 기사에 나온 바이오시밀러 매출 확대와 환율 변동성 확대 외에도 실제 실적, 수급, 업종 전망, 밸류에이션을 함께 확인해야 합니다."
"참고 뉴스:
제목: 증권가, 기아 실적 전망 점검
내용: 증권가에서는 기아가 SUV 판매 호조 덕분에 투자 심리가 개선될 수 있다고 봤다. 반면 실적 추정치 하향 가능성 때문에 추가 확인이 필요하다는 의견도 나왔다.

질문: 기아 목표주가 얼마야?",참고 뉴스에는 기아의 구체적인 목표주가가 제시되어 있지 않습니다. 제공된 자료만으로는 목표주가를 말할 수 없습니다.
"참고 뉴스:
제목: 엔터 업종 점검, 하이브 주목
내용: 하이브는 글로벌 팬덤 확대 관련 기대가 커졌지만, 단기적으로는 금리 불확실성으로 변동성이 나타날 수 있다는 분석이 나왔다.

질문: 하이브 호재랑 부담 요인 나눠서 말해줘",참고 뉴스 기준으로 호재는 글로벌 팬덤 확대입니다. 부담 요인은 금리 불확실성입니다.
"참고 뉴스:
제목: 카카오, 인터넷 업황 변화에 주목
내용: 카카오는 커머스 서비스 개편 영향으로 실적 개선 기대가 언급됐다. 다만 환율 변동성 확대는 부담 요인으로 꼽혔다.

질문: 카카오 투자 판단할 때 뭘 더 봐야 해?","제공된 참고 뉴스에 따르면 기사에 나온 커머스 서비스 개편와 환율 변동성 확대 외에도 실제 실적, 수급, 업종 전망, 밸류에이션을 함께 확인해야 합니다."
"참고 뉴스:
제목: 삼성전자, 반도체 업황 변화에 주목
내용: 삼성전자는 메모리 업황 회복 기대 영향으로 실적 개선 기대가 언급됐다. 다만 수요 회복 속도 둔화는 부담 요인으로 꼽혔다.

질문: 삼성전자 뉴스 근거를 들어 설명해줘","제공된 참고 뉴스에 따르면 근거는 기사에서 메모리 업황 회복 기대를 긍정 요인으로 언급했고, 동시에 수요 회복 속도 둔화을 부담 요인으로 제시했다는 점입니다."
"참고 뉴스:
제목: 증권가, 두산에너빌리티 실적 전망 점검
내용: 증권가에서는 두산에너빌리티가 수주 잔고 증가 덕분에 투자 심리가 개선될 수 있다고 봤다. 반면 금리 불확실성 때문에 추가 확인이 필요하다는 의견도 나왔다.

질문: 두산에너빌리티 투자 판단할 때 뭘 더 봐야 해?","제공된 참고 뉴스에 따르면 기사에 나온 수주 잔고 증가와 금리 불확실성 외에도 실제 실적, 수급, 업종 전망, 밸류에이션을 함께 확인해야 합니다."
"참고 뉴스:
제목: 카카오, 인터넷 업황 변화에 주목
내용: 카카오는 콘텐츠 사업 조정 영향으로 실적 개선 기대가 언급됐다. 다만 기관과 외국인 수급 엇갈림은 부담 요인으로 꼽혔다.

질문: 카카오 확인되는 내용만 말해줘","참고 뉴스 기준으로 카카오 관련 긍정 요인으로 콘텐츠 사업 조정가 언급됐고, 부담 요인으로 기관과 외국인 수급 엇갈림이 제시됐습니다."
"참고 뉴스:
제목: 증권가, KB금융 실적 전망 점검
내용: 증권가에서는 KB금융이 순이자마진 방어 덕분에 투자 심리가 개선될 수 있다고 봤다. 반면 환율 변동성 확대 때문에 추가 확인이 필요하다는 의견도 나왔다.

질문: KB금융 긍정적인 내용이 있어?",참고 뉴스 기준으로 긍정적인 내용은 순이자마진 방어로 인해 실적이나 투자 심리가 개선될 수 있다는 점입니다.
"참고 뉴스:
제목: AI 관련주, 데이터센터 투자 확대에 상승
내용: 글로벌 빅테크의 데이터센터 투자 확대 소식이 전해지며 AI 반도체, 서버, 전력 인프라 관련주가 상승했다. 시장에서는 실적 확인 전까지 종목별 차별화가 필요하다는 분석도 나왔다.

질문: AI 관련주는 다 좋아?","참고 뉴스만 보면 AI 관련주 전반에 기대가 있지만, 모든 종목이 같은 흐름을 보인다고 보기는 어렵습니다. 실적 확인 전까지 종목별 차별화가 필요하다는 분석이 있습니다."
"참고 뉴스:
제목: 하이브, 투자자 관심 지속
내용: 시장에서는 하이브의 아티스트 활동 재개에 주목했다. 기사에서는 긍정적인 기대와 함께 기관과 외국인 수급 엇갈림을 함께 확인해야 한다고 설명했다.

질문: 하이브 부담되는 내용도 있어?",제공된 참고 뉴스에 따르면 부담되는 내용은 기관과 외국인 수급 엇갈림입니다. 이 부분은 주가 변동성을 키울 수 있는 요인으로 언급됐습니다.
"참고 뉴스:
제목: 하이브, 엔터 업황 변화에 주목
내용: 하이브는 글로벌 팬덤 확대 영향으로 실적 개선 기대가 언급됐다. 다만 환율 변동성 확대는 부담 요인으로 꼽혔다.

질문: 하이브 긍정적인 내용이 있어?",참고 뉴스 기준으로 긍정적인 내용은 글로벌 팬덤 확대로 인해 실적이나 투자 심리가 개선될 수 있다는 점입니다.
"참고 뉴스:
제목: KB금융, 금융 업황 변화에 주목
내용: KB금융은 비은행 부문 실적 개선 영향으로 실적 개선 기대가 언급됐다. 다만 실적 추정치 하향 가능성은 부담 요인으로 꼽혔다.

질문: KB금융 호재랑 부담 요인 나눠서 말해줘",주어진 자료만 보면 호재는 비은행 부문 실적 개선입니다. 부담 요인은 실적 추정치 하향 가능성입니다.
"참고 뉴스:
제목: 카카오, 투자자 관심 지속
내용: 시장에서는 카카오의 콘텐츠 사업 조정에 주목했다. 기사에서는 긍정적인 기대와 함께 기관과 외국인 수급 엇갈림을 함께 확인해야 한다고 설명했다.

질문: 카카오 긍정적인 내용이 있어?",제공된 참고 뉴스에 따르면 긍정적인 내용은 콘텐츠 사업 조정로 인해 실적이나 투자 심리가 개선될 수 있다는 점입니다.
"참고 뉴스:
제목: 셀트리온, 투자자 관심 지속
내용: 시장에서는 셀트리온의 해외 판매망 강화에 주목했다. 기사에서는 긍정적인 기대와 함께 경쟁 심화을 함께 확인해야 한다고 설명했다.

질문: 셀트리온 부담되는 내용도 있어?",주어진 자료만 보면 부담되는 내용은 경쟁 심화입니다. 이 부분은 주가 변동성을 키울 수 있는 요인으로 언급됐습니다.
"참고 뉴스:
제목: 증권가, 셀트리온 실적 전망 점검
내용: 증권가에서는 셀트리온이 신제품 허가 기대 덕분에 투자 심리가 개선될 수 있다고 봤다. 반면 원가 부담 증가 때문에 추가 확인이 필요하다는 의견도 나왔다.

질문: 셀트리온 투자 판단할 때 뭘 더 봐야 해?","제공된 참고 뉴스에 따르면 기사에 나온 신제품 허가 기대와 원가 부담 증가 외에도 실제 실적, 수급, 업종 전망, 밸류에이션을 함께 확인해야 합니다."
"참고 뉴스:
제목: 증권가, 신한지주 실적 전망 점검
내용: 증권가에서는 신한지주가 건전성 관리 강화 덕분에 투자 심리가 개선될 수 있다고 봤다. 반면 경쟁 심화 때문에 추가 확인이 필요하다는 의견도 나왔다.

질문: 신한지주 긍정적인 내용이 있어?",참고 뉴스 기준으로 긍정적인 내용은 건전성 관리 강화로 인해 실적이나 투자 심리가 개선될 수 있다는 점입니다.
"참고 뉴스:
제목: 기아, 투자자 관심 지속
내용: 시장에서는 기아의 북미 시장 점유율 개선에 주목했다. 기사에서는 긍정적인 기대와 함께 금리 불확실성을 함께 확인해야 한다고 설명했다.

질문: 기아 투자 판단할 때 뭘 더 봐야 해?","참고 뉴스 기준으로 기사에 나온 북미 시장 점유율 개선와 금리 불확실성 외에도 실제 실적, 수급, 업종 전망, 밸류에이션을 함께 확인해야 합니다."
"참고 뉴스:
제목: CJ대한통운, 물류 기대
내용: CJ대한통운은 택배 물동량 회복 영향으로 관심을 받았다. 부담 요인은 수요 회복 속도 둔화이다.

제목: 한화에어로스페이스, 방산 점검
내용: 한화에어로스페이스는 방산 수출 기대 기대가 있지만 환율 변동성 확대도 함께 언급됐다.

질문: 두 뉴스의 공통점과 차이점을 정리해줘","참고 뉴스 기준으로 두 기업 모두 긍정 요인과 부담 요인이 함께 언급됐습니다. 차이점은 CJ대한통운는 택배 물동량 회복가 강조됐고, 한화에어로스페이스는 방산 수출 기대와 함께 환율 변동성 확대도 제시됐다는 점입니다."
"참고 뉴스:
제목: 증권가, 삼성전자 실적 전망 점검
내용: 증권가에서는 삼성전자가 메모리 업황 회복 기대 덕분에 투자 심리가 개선될 수 있다고 봤다. 반면 금리 불확실성 때문에 추가 확인이 필요하다는 의견도 나왔다.

질문: 삼성전자 긍정적인 내용이 있어?",이 참고 뉴스에서 확인되는 내용은 긍정적인 내용은 메모리 업황 회복 기대로 인해 실적이나 투자 심리가 개선될 수 있다는 점입니다.
"참고 뉴스:
제목: 방산 업종 점검, 한화에어로스페이스 주목
내용: 한화에어로스페이스는 해외 계약 증가 관련 기대가 커졌지만, 단기적으로는 금리 불확실성으로 변동성이 나타날 수 있다는 분석이 나왔다.

질문: 한화에어로스페이스 투자 판단할 때 뭘 더 봐야 해?","제공된 참고 뉴스에 따르면 기사에 나온 해외 계약 증가와 금리 불확실성 외에도 실제 실적, 수급, 업종 전망, 밸류에이션을 함께 확인해야 합니다."
"참고 뉴스:
제목: 신한지주, 금융 업황 변화에 주목
내용: 신한지주는 배당 확대 기대 영향으로 실적 개선 기대가 언급됐다. 다만 기관과 외국인 수급 엇갈림은 부담 요인으로 꼽혔다.

질문: 신한지주 뉴스 근거를 들어 설명해줘","제공된 참고 뉴스에 따르면 근거는 기사에서 배당 확대 기대를 긍정 요인으로 언급했고, 동시에 기관과 외국인 수급 엇갈림을 부담 요인으로 제시했다는 점입니다."
"참고 뉴스:
제목: 두산에너빌리티, 전력기기 기대
내용: 두산에너빌리티는 전력 인프라 투자 확대 영향으로 관심을 받았다. 부담 요인은 수요 회복 속도 둔화이다.

제목: 셀트리온, 바이오 점검
내용: 셀트리온은 바이오시밀러 매출 확대 기대가 있지만 수요 회복 속도 둔화도 함께 언급됐다.

질문: 두 뉴스의 공통점과 차이점을 정리해줘","참고 뉴스 기준으로 두 기업 모두 긍정 요인과 부담 요인이 함께 언급됐습니다. 차이점은 두산에너빌리티는 전력 인프라 투자 확대가 강조됐고, 셀트리온는 바이오시밀러 매출 확대와 함께 수요 회복 속도 둔화도 제시됐다는 점입니다."
"참고 뉴스:
제목: 기아, 투자자 관심 지속
내용: 시장에서는 기아의 고환율 수혜 기대에 주목했다. 기사에서는 긍정적인 기대와 함께 실적 추정치 하향 가능성을 함께 확인해야 한다고 설명했다.

질문: 기아 분위기 어때?",참고 뉴스 기준으로 기아에 대한 분위기는 중립에서 긍정 쪽에 가깝습니다. 다만 실적 추정치 하향 가능성이 있어 단정적으로 좋다고만 보기는 어렵습니다.
"참고 뉴스:
제목: 현대차, 투자자 관심 지속
내용: 시장에서는 현대차의 하이브리드 수요 확대에 주목했다. 기사에서는 긍정적인 기대와 함께 실적 추정치 하향 가능성을 함께 확인해야 한다고 설명했다.

질문: 현대차 확인되는 내용만 말해줘","주어진 자료만 보면 현대차 관련 긍정 요인으로 하이브리드 수요 확대가 언급됐고, 부담 요인으로 실적 추정치 하향 가능성이 제시됐습니다."
"참고 뉴스:
제목: POSCO홀딩스 관련 수급 변동성 확대
내용: POSCO홀딩스는 철강 업종 내 관심이 이어졌지만 수급 흐름은 엇갈렸다. 철강 가격 반등 기대는 긍정 재료로, 수요 회복 속도 둔화는 리스크로 제시됐다.

질문: POSCO홀딩스 매수해도 돼?","이 참고 뉴스에서 확인되는 내용은 POSCO홀딩스의 긍정 요인과 부담 요인은 확인되지만, 이 자료만으로 매수 여부를 판단할 수는 없습니다. 추가 실적, 밸류에이션, 수급 확인이 필요합니다."
"참고 뉴스:
제목: 화장품 업종 점검, 아모레퍼시픽 주목
내용: 아모레퍼시픽은 북미 매출 성장 관련 기대가 커졌지만, 단기적으로는 실적 추정치 하향 가능성으로 변동성이 나타날 수 있다는 분석이 나왔다.

질문: 아모레퍼시픽 확인되는 내용만 말해줘","이 참고 뉴스에서 확인되는 내용은 아모레퍼시픽 관련 긍정 요인으로 북미 매출 성장가 언급됐고, 부담 요인으로 실적 추정치 하향 가능성이 제시됐습니다."
"참고 뉴스:
제목: 하이브, 엔터 업황 변화에 주목
내용: 하이브는 글로벌 팬덤 확대 영향으로 실적 개선 기대가 언급됐다. 다만 기관과 외국인 수급 엇갈림은 부담 요인으로 꼽혔다.

질문: 하이브 호재랑 부담 요인 나눠서 말해줘",제공된 참고 뉴스에 따르면 호재는 글로벌 팬덤 확대입니다. 부담 요인은 기관과 외국인 수급 엇갈림입니다.
"참고 뉴스:
제목: 한국전력, 투자자 관심 지속
내용: 시장에서는 한국전력의 전기요금 조정 기대에 주목했다. 기사에서는 긍정적인 기대와 함께 실적 추정치 하향 가능성을 함께 확인해야 한다고 설명했다.

질문: 한국전력 핵심만 정리해줘",이 참고 뉴스에서 확인되는 내용은 한국전력은 전기요금 조정 기대로 관심을 받고 있습니다. 다만 실적 추정치 하향 가능성도 함께 언급되어 긍정 요인과 부담 요인이 같이 있는 상황입니다.
"참고 뉴스:
제목: 항공 업종 점검, 대한항공 주목
내용: 대한항공은 유가 하락 기대 관련 기대가 커졌지만, 단기적으로는 실적 추정치 하향 가능성으로 변동성이 나타날 수 있다는 분석이 나왔다.

질문: 대한항공 긍정적인 내용이 있어?",제공된 참고 뉴스에 따르면 긍정적인 내용은 유가 하락 기대로 인해 실적이나 투자 심리가 개선될 수 있다는 점입니다.
"참고 뉴스:
제목: 네이버 관련 수급 변동성 확대
내용: 네이버는 인터넷 업종 내 관심이 이어졌지만 수급 흐름은 엇갈렸다. 광고 매출 회복 기대는 긍정 재료로, 수요 회복 속도 둔화는 리스크로 제시됐다.

질문: 네이버 매수해도 돼?","참고 뉴스 기준으로 네이버의 긍정 요인과 부담 요인은 확인되지만, 이 자료만으로 매수 여부를 판단할 수는 없습니다. 추가 실적, 밸류에이션, 수급 확인이 필요합니다."
"참고 뉴스:
제목: 방산 업종 점검, 한화에어로스페이스 주목
내용: 한화에어로스페이스는 해외 계약 증가 관련 기대가 커졌지만, 단기적으로는 실적 추정치 하향 가능성으로 변동성이 나타날 수 있다는 분석이 나왔다.

질문: 한화에어로스페이스 확인되는 내용만 말해줘","이 참고 뉴스에서 확인되는 내용은 한화에어로스페이스 관련 긍정 요인으로 해외 계약 증가가 언급됐고, 부담 요인으로 실적 추정치 하향 가능성이 제시됐습니다."
"참고 뉴스:
제목: 증권가, KB금융 실적 전망 점검
내용: 증권가에서는 KB금융이 주주환원 기대 덕분에 투자 심리가 개선될 수 있다고 봤다. 반면 차익 실현 매물 출회 가능성 때문에 추가 확인이 필요하다는 의견도 나왔다.

질문: KB금융 한 문장으로 요약해줘",KB금융은 주주환원 기대 기대가 있지만 차익 실현 매물 출회 가능성도 함께 확인해야 하는 상황입니다.
"참고 뉴스:
제목: POSCO홀딩스, 철강 업황 변화에 주목
내용: POSCO홀딩스는 리튬 사업 기대 영향으로 실적 개선 기대가 언급됐다. 다만 환율 변동성 확대는 부담 요인으로 꼽혔다.

질문: POSCO홀딩스 투자 판단할 때 뭘 더 봐야 해?","참고 뉴스 기준으로 기사에 나온 리튬 사업 기대와 환율 변동성 확대 외에도 실제 실적, 수급, 업종 전망, 밸류에이션을 함께 확인해야 합니다."
"참고 뉴스:
제목: 항공 업종 점검, 대한항공 주목
내용: 대한항공은 여객 수요 회복 관련 기대가 커졌지만, 단기적으로는 기관과 외국인 수급 엇갈림으로 변동성이 나타날 수 있다는 분석이 나왔다.

질문: 대한항공 긍정적인 내용이 있어?",이 참고 뉴스에서 확인되는 내용은 긍정적인 내용은 여객 수요 회복로 인해 실적이나 투자 심리가 개선될 수 있다는 점입니다.
"참고 뉴스:
제목: 하이브 관련 수급 변동성 확대
내용: 하이브는 엔터 업종 내 관심이 이어졌지만 수급 흐름은 엇갈렸다. 글로벌 팬덤 확대는 긍정 재료로, 환율 변동성 확대는 리스크로 제시됐다.

질문: 하이브 핵심만 정리해줘",이 참고 뉴스에서 확인되는 내용은 하이브는 글로벌 팬덤 확대로 관심을 받고 있습니다. 다만 환율 변동성 확대도 함께 언급되어 긍정 요인과 부담 요인이 같이 있는 상황입니다.
"참고 뉴스:
제목: 삼성바이오로직스, 투자자 관심 지속
내용: 시장에서는 삼성바이오로직스의 장기 공급계약 증가에 주목했다. 기사에서는 긍정적인 기대와 함께 실적 추정치 하향 가능성을 함께 확인해야 한다고 설명했다.

질문: 삼성바이오로직스 확인되는 내용만 말해줘","이 참고 뉴스에서 확인되는 내용은 삼성바이오로직스 관련 긍정 요인으로 장기 공급계약 증가가 언급됐고, 부담 요인으로 실적 추정치 하향 가능성이 제시됐습니다."
"참고 뉴스:
제목: KB금융, 투자자 관심 지속
내용: 시장에서는 KB금융의 주주환원 기대에 주목했다. 기사에서는 긍정적인 기대와 함께 기관과 외국인 수급 엇갈림을 함께 확인해야 한다고 설명했다.

질문: KB금융 한 문장으로 요약해줘",KB금융은 주주환원 기대 기대가 있지만 기관과 외국인 수급 엇갈림도 함께 확인해야 하는 상황입니다.
"참고 뉴스:
제목: 삼성바이오로직스, 바이오 업황 변화에 주목
내용: 삼성바이오로직스는 공장 가동률 개선 영향으로 실적 개선 기대가 언급됐다. 다만 실적 추정치 하향 가능성은 부담 요인으로 꼽혔다.

질문: 삼성바이오로직스 부담되는 내용도 있어?",주어진 자료만 보면 부담되는 내용은 실적 추정치 하향 가능성입니다. 이 부분은 주가 변동성을 키울 수 있는 요인으로 언급됐습니다.
"참고 뉴스:
제목: 증권가, 현대차 실적 전망 점검
내용: 증권가에서는 현대차가 북미 판매 호조 덕분에 투자 심리가 개선될 수 있다고 봤다. 반면 금리 불확실성 때문에 추가 확인이 필요하다는 의견도 나왔다.

질문: 현대차 투자 판단할 때 뭘 더 봐야 해?","제공된 참고 뉴스에 따르면 기사에 나온 북미 판매 호조와 금리 불확실성 외에도 실제 실적, 수급, 업종 전망, 밸류에이션을 함께 확인해야 합니다."
"참고 뉴스:
제목: 반도체 업종 점검, SK하이닉스 주목
내용: SK하이닉스는 HBM 공급 확대 관련 기대가 커졌지만, 단기적으로는 금리 불확실성으로 변동성이 나타날 수 있다는 분석이 나왔다.

질문: SK하이닉스 매수해도 돼?","참고 뉴스 기준으로 SK하이닉스의 긍정 요인과 부담 요인은 확인되지만, 이 자료만으로 매수 여부를 판단할 수는 없습니다. 추가 실적, 밸류에이션, 수급 확인이 필요합니다."
"참고 뉴스:
제목: 기아, 투자자 관심 지속
내용: 시장에서는 기아의 북미 시장 점유율 개선에 주목했다. 기사에서는 긍정적인 기대와 함께 수요 회복 속도 둔화을 함께 확인해야 한다고 설명했다.

질문: 기아 목표주가 얼마야?",참고 뉴스에는 기아의 구체적인 목표주가가 제시되어 있지 않습니다. 제공된 자료만으로는 목표주가를 말할 수 없습니다.
"참고 뉴스:
제목: 하이브, 투자자 관심 지속
내용: 시장에서는 하이브의 아티스트 활동 재개에 주목했다. 기사에서는 긍정적인 기대와 함께 환율 변동성 확대을 함께 확인해야 한다고 설명했다.

질문: 하이브 매수해도 돼?","주어진 자료만 보면 하이브의 긍정 요인과 부담 요인은 확인되지만, 이 자료만으로 매수 여부를 판단할 수는 없습니다. 추가 실적, 밸류에이션, 수급 확인이 필요합니다."
"참고 뉴스:
제목: 원달러 환율 상승, 외국인 수급 부담
내용: 원달러 환율이 상승하면서 외국인 투자자의 국내 주식 매수세가 약해질 수 있다는 우려가 나왔다. 환율 변동성은 수출주에는 긍정적일 수 있지만, 시장 전체에는 부담 요인으로 작용할 수 있다.

질문: 환율이 주식시장에 어떤 영향이야?",참고 뉴스 기준으로 원달러 환율 상승은 외국인 수급에 부담을 줄 수 있습니다. 수출주에는 긍정적일 수 있지만 시장 전체에는 부담 요인으로 작용할 수 있습니다.
"참고 뉴스:
제목: 항공 업종 점검, 대한항공 주목
내용: 대한항공은 여객 수요 회복 관련 기대가 커졌지만, 단기적으로는 원가 부담 증가으로 변동성이 나타날 수 있다는 분석이 나왔다.

질문: 대한항공 한 문장으로 요약해줘",대한항공은 여객 수요 회복 기대가 있지만 원가 부담 증가도 함께 확인해야 하는 상황입니다.
"참고 뉴스:
제목: 2차전지 업종 점검, 삼성SDI 주목
내용: 삼성SDI는 고부가 제품 비중 증가 관련 기대가 커졌지만, 단기적으로는 차익 실현 매물 출회 가능성으로 변동성이 나타날 수 있다는 분석이 나왔다.

질문: 삼성SDI 긍정적인 내용이 있어?",참고 뉴스 기준으로 긍정적인 내용은 고부가 제품 비중 증가로 인해 실적이나 투자 심리가 개선될 수 있다는 점입니다.
"참고 뉴스:
제목: 셀트리온, 투자자 관심 지속
내용: 시장에서는 셀트리온의 신제품 허가 기대에 주목했다. 기사에서는 긍정적인 기대와 함께 금리 불확실성을 함께 확인해야 한다고 설명했다.

질문: 셀트리온 분위기 어때?",제공된 참고 뉴스에 따르면 셀트리온에 대한 분위기는 중립에서 긍정 쪽에 가깝습니다. 다만 금리 불확실성이 있어 단정적으로 좋다고만 보기는 어렵습니다.
"참고 뉴스:
제목: 화장품 업종 점검, 아모레퍼시픽 주목
내용: 아모레퍼시픽은 북미 매출 성장 관련 기대가 커졌지만, 단기적으로는 환율 변동성 확대으로 변동성이 나타날 수 있다는 분석이 나왔다.

질문: 아모레퍼시픽 핵심만 정리해줘",주어진 자료만 보면 아모레퍼시픽은 북미 매출 성장로 관심을 받고 있습니다. 다만 환율 변동성 확대도 함께 언급되어 긍정 요인과 부담 요인이 같이 있는 상황입니다.
"참고 뉴스:
제목: 물류 업종 점검, CJ대한통운 주목
내용: CJ대한통운은 택배 물동량 회복 관련 기대가 커졌지만, 단기적으로는 실적 추정치 하향 가능성으로 변동성이 나타날 수 있다는 분석이 나왔다.

질문: CJ대한통운 핵심만 정리해줘",제공된 참고 뉴스에 따르면 CJ대한통운은 택배 물동량 회복로 관심을 받고 있습니다. 다만 실적 추정치 하향 가능성도 함께 언급되어 긍정 요인과 부담 요인이 같이 있는 상황입니다.
"참고 뉴스:
제목: 대한항공, 투자자 관심 지속
내용: 시장에서는 대한항공의 화물 운임 안정에 주목했다. 기사에서는 긍정적인 기대와 함께 금리 불확실성을 함께 확인해야 한다고 설명했다.

질문: 대한항공 목표주가 얼마야?",참고 뉴스에는 대한항공의 구체적인 목표주가가 제시되어 있지 않습니다. 제공된 자료만으로는 목표주가를 말할 수 없습니다.
"참고 뉴스:
제목: 셀트리온 관련 수급 변동성 확대
내용: 셀트리온은 바이오 업종 내 관심이 이어졌지만 수급 흐름은 엇갈렸다. 신제품 허가 기대는 긍정 재료로, 수요 회복 속도 둔화는 리스크로 제시됐다.

질문: 셀트리온 투자 판단할 때 뭘 더 봐야 해?","참고 뉴스 기준으로 기사에 나온 신제품 허가 기대와 수요 회복 속도 둔화 외에도 실제 실적, 수급, 업종 전망, 밸류에이션을 함께 확인해야 합니다."
"참고 뉴스:
제목: 증권가, POSCO홀딩스 실적 전망 점검
내용: 증권가에서는 POSCO홀딩스가 리튬 사업 기대 덕분에 투자 심리가 개선될 수 있다고 봤다. 반면 실적 추정치 하향 가능성 때문에 추가 확인이 필요하다는 의견도 나왔다.

질문: POSCO홀딩스 뉴스 근거를 들어 설명해줘","주어진 자료만 보면 근거는 기사에서 리튬 사업 기대를 긍정 요인으로 언급했고, 동시에 실적 추정치 하향 가능성을 부담 요인으로 제시했다는 점입니다."
"참고 뉴스:
제목: 철강 업종 점검, POSCO홀딩스 주목
내용: POSCO홀딩스는 중국 경기 부양 기대 관련 기대가 커졌지만, 단기적으로는 기관과 외국인 수급 엇갈림으로 변동성이 나타날 수 있다는 분석이 나왔다.

질문: POSCO홀딩스 분위기 어때?",제공된 참고 뉴스에 따르면 POSCO홀딩스에 대한 분위기는 중립에서 긍정 쪽에 가깝습니다. 다만 기관과 외국인 수급 엇갈림이 있어 단정적으로 좋다고만 보기는 어렵습니다.
"참고 뉴스:
제목: 대한항공, 항공 기대
내용: 대한항공은 화물 운임 안정 영향으로 관심을 받았다. 부담 요인은 금리 불확실성이다.

제목: 삼성SDI, 2차전지 점검
내용: 삼성SDI는 고부가 제품 비중 증가 기대가 있지만 원가 부담 증가도 함께 언급됐다.

질문: 두 뉴스의 공통점과 차이점을 정리해줘","참고 뉴스 기준으로 두 기업 모두 긍정 요인과 부담 요인이 함께 언급됐습니다. 차이점은 대한항공는 화물 운임 안정가 강조됐고, 삼성SDI는 고부가 제품 비중 증가와 함께 원가 부담 증가도 제시됐다는 점입니다."
"참고 뉴스:
제목: 삼성SDI, 투자자 관심 지속
내용: 시장에서는 삼성SDI의 프리미엄 배터리 수요에 주목했다. 기사에서는 긍정적인 기대와 함께 실적 추정치 하향 가능성을 함께 확인해야 한다고 설명했다.

질문: 삼성SDI 핵심만 정리해줘",참고 뉴스 기준으로 삼성SDI는 프리미엄 배터리 수요로 관심을 받고 있습니다. 다만 실적 추정치 하향 가능성도 함께 언급되어 긍정 요인과 부담 요인이 같이 있는 상황입니다.
"참고 뉴스:
제목: 대한항공, 투자자 관심 지속
내용: 시장에서는 대한항공의 여객 수요 회복에 주목했다. 기사에서는 긍정적인 기대와 함께 수요 회복 속도 둔화을 함께 확인해야 한다고 설명했다.

질문: 대한항공 매수해도 돼?","주어진 자료만 보면 대한항공의 긍정 요인과 부담 요인은 확인되지만, 이 자료만으로 매수 여부를 판단할 수는 없습니다. 추가 실적, 밸류에이션, 수급 확인이 필요합니다."
"참고 뉴스:
제목: 증권가, 신한지주 실적 전망 점검
내용: 증권가에서는 신한지주가 건전성 관리 강화 덕분에 투자 심리가 개선될 수 있다고 봤다. 반면 환율 변동성 확대 때문에 추가 확인이 필요하다는 의견도 나왔다.

질문: 신한지주 긍정적인 내용이 있어?",제공된 참고 뉴스에 따르면 긍정적인 내용은 건전성 관리 강화로 인해 실적이나 투자 심리가 개선될 수 있다는 점입니다.
"참고 뉴스:
제목: 금융 업종 점검, 신한지주 주목
내용: 신한지주는 건전성 관리 강화 관련 기대가 커졌지만, 단기적으로는 실적 추정치 하향 가능성으로 변동성이 나타날 수 있다는 분석이 나왔다.

질문: 신한지주 호재랑 부담 요인 나눠서 말해줘",제공된 참고 뉴스에 따르면 호재는 건전성 관리 강화입니다. 부담 요인은 실적 추정치 하향 가능성입니다.
"참고 뉴스:
제목: 대한항공 관련 수급 변동성 확대
내용: 대한항공은 항공 업종 내 관심이 이어졌지만 수급 흐름은 엇갈렸다. 유가 하락 기대는 긍정 재료로, 경쟁 심화는 리스크로 제시됐다.

질문: 대한항공 매수해도 돼?","이 참고 뉴스에서 확인되는 내용은 대한항공의 긍정 요인과 부담 요인은 확인되지만, 이 자료만으로 매수 여부를 판단할 수는 없습니다. 추가 실적, 밸류에이션, 수급 확인이 필요합니다."
"참고 뉴스:
제목: 증권가, 한국전력 실적 전망 점검
내용: 증권가에서는 한국전력이 재무구조 개선 기대 덕분에 투자 심리가 개선될 수 있다고 봤다. 반면 수요 회복 속도 둔화 때문에 추가 확인이 필요하다는 의견도 나왔다.

질문: 한국전력 긍정적인 내용이 있어?",이 참고 뉴스에서 확인되는 내용은 긍정적인 내용은 재무구조 개선 기대로 인해 실적이나 투자 심리가 개선될 수 있다는 점입니다.
"참고 뉴스:
제목: 신한지주, 금융 업황 변화에 주목
내용: 신한지주는 배당 확대 기대 영향으로 실적 개선 기대가 언급됐다. 다만 금리 불확실성은 부담 요인으로 꼽혔다.

질문: 신한지주 매수해도 돼?","참고 뉴스 기준으로 신한지주의 긍정 요인과 부담 요인은 확인되지만, 이 자료만으로 매수 여부를 판단할 수는 없습니다. 추가 실적, 밸류에이션, 수급 확인이 필요합니다."
"참고 뉴스:
제목: 아모레퍼시픽 관련 수급 변동성 확대
내용: 아모레퍼시픽은 화장품 업종 내 관심이 이어졌지만 수급 흐름은 엇갈렸다. 면세 채널 개선은 긍정 재료로, 수요 회복 속도 둔화는 리스크로 제시됐다.

질문: 아모레퍼시픽 호재랑 부담 요인 나눠서 말해줘",주어진 자료만 보면 호재는 면세 채널 개선입니다. 부담 요인은 수요 회복 속도 둔화입니다.
"참고 뉴스:
제목: 삼성SDI, 2차전지 기대
내용: 삼성SDI는 ESS 수요 확대 영향으로 관심을 받았다. 부담 요인은 수요 회복 속도 둔화이다.

제목: LG에너지솔루션, 2차전지 점검
내용: LG에너지솔루션은 전기차 신차 출시 기대 기대가 있지만 금리 불확실성도 함께 언급됐다.

질문: 두 기업 중 뉴스가 더 긍정적인 쪽을 말해줘",제공된 참고 뉴스만 보면 두 기업 모두 긍정 요인이 있습니다. 다만 어느 쪽이 더 좋다고 단정하려면 실적 수치와 수급 정보가 더 필요합니다.
"참고 뉴스:
제목: SK하이닉스, 투자자 관심 지속
내용: 시장에서는 SK하이닉스의 HBM 공급 확대에 주목했다. 기사에서는 긍정적인 기대와 함께 실적 추정치 하향 가능성을 함께 확인해야 한다고 설명했다.

질문: SK하이닉스 매수해도 돼?","주어진 자료만 보면 SK하이닉스의 긍정 요인과 부담 요인은 확인되지만, 이 자료만으로 매수 여부를 판단할 수는 없습니다. 추가 실적, 밸류에이션, 수급 확인이 필요합니다."
"참고 뉴스:
제목: 삼성SDI 관련 수급 변동성 확대
내용: 삼성SDI는 2차전지 업종 내 관심이 이어졌지만 수급 흐름은 엇갈렸다. 프리미엄 배터리 수요는 긍정 재료로, 실적 추정치 하향 가능성은 리스크로 제시됐다.

질문: 삼성SDI 부담되는 내용도 있어?",참고 뉴스 기준으로 부담되는 내용은 실적 추정치 하향 가능성입니다. 이 부분은 주가 변동성을 키울 수 있는 요인으로 언급됐습니다.
"참고 뉴스:
제목: 2차전지 업종 점검, LG에너지솔루션 주목
내용: LG에너지솔루션은 전기차 신차 출시 기대 관련 기대가 커졌지만, 단기적으로는 실적 추정치 하향 가능성으로 변동성이 나타날 수 있다는 분석이 나왔다.

질문: LG에너지솔루션 한 문장으로 요약해줘",LG에너지솔루션은 전기차 신차 출시 기대 기대가 있지만 실적 추정치 하향 가능성도 함께 확인해야 하는 상황입니다.
"참고 뉴스:
제목: 삼성SDI 관련 수급 변동성 확대
내용: 삼성SDI는 2차전지 업종 내 관심이 이어졌지만 수급 흐름은 엇갈렸다. 프리미엄 배터리 수요는 긍정 재료로, 기관과 외국인 수급 엇갈림은 리스크로 제시됐다.

질문: 삼성SDI 목표주가 얼마야?",참고 뉴스에는 삼성SDI의 구체적인 목표주가가 제시되어 있지 않습니다. 제공된 자료만으로는 목표주가를 말할 수 없습니다.
"참고 뉴스:
제목: 신한지주, 금융 업황 변화에 주목
내용: 신한지주는 자사주 매입 기대 영향으로 실적 개선 기대가 언급됐다. 다만 기관과 외국인 수급 엇갈림은 부담 요인으로 꼽혔다.

질문: 신한지주 리스크 중심으로 정리해줘",제공된 참고 뉴스에 따르면 가장 중요한 리스크는 기관과 외국인 수급 엇갈림입니다. 긍정 요인이 있어도 이 부담 요인이 커지면 주가 변동성이 확대될 수 있습니다.
"참고 뉴스:
제목: POSCO홀딩스, 투자자 관심 지속
내용: 시장에서는 POSCO홀딩스의 철강 가격 반등 기대에 주목했다. 기사에서는 긍정적인 기대와 함께 실적 추정치 하향 가능성을 함께 확인해야 한다고 설명했다.

질문: POSCO홀딩스 뉴스 근거를 들어 설명해줘","참고 뉴스 기준으로 근거는 기사에서 철강 가격 반등 기대를 긍정 요인으로 언급했고, 동시에 실적 추정치 하향 가능성을 부담 요인으로 제시했다는 점입니다."
"참고 뉴스:
제목: 대한항공 관련 수급 변동성 확대
내용: 대한항공은 항공 업종 내 관심이 이어졌지만 수급 흐름은 엇갈렸다. 여객 수요 회복은 긍정 재료로, 기관과 외국인 수급 엇갈림은 리스크로 제시됐다.

질문: 대한항공 호재랑 부담 요인 나눠서 말해줘",주어진 자료만 보면 호재는 여객 수요 회복입니다. 부담 요인은 기관과 외국인 수급 엇갈림입니다.
"참고 뉴스:
제목: 한국전력, 투자자 관심 지속
내용: 시장에서는 한국전력의 연료비 부담 완화에 주목했다. 기사에서는 긍정적인 기대와 함께 금리 불확실성을 함께 확인해야 한다고 설명했다.

질문: 한국전력 투자 판단할 때 뭘 더 봐야 해?","주어진 자료만 보면 기사에 나온 연료비 부담 완화와 금리 불확실성 외에도 실제 실적, 수급, 업종 전망, 밸류에이션을 함께 확인해야 합니다."
"참고 뉴스:
제목: POSCO홀딩스, 투자자 관심 지속
내용: 시장에서는 POSCO홀딩스의 중국 경기 부양 기대에 주목했다. 기사에서는 긍정적인 기대와 함께 수요 회복 속도 둔화을 함께 확인해야 한다고 설명했다.

질문: POSCO홀딩스 뉴스 근거를 들어 설명해줘","주어진 자료만 보면 근거는 기사에서 중국 경기 부양 기대를 긍정 요인으로 언급했고, 동시에 수요 회복 속도 둔화을 부담 요인으로 제시했다는 점입니다."
"참고 뉴스:
제목: 한국전력 관련 수급 변동성 확대
내용: 한국전력은 유틸리티 업종 내 관심이 이어졌지만 수급 흐름은 엇갈렸다. 전기요금 조정 기대는 긍정 재료로, 경쟁 심화는 리스크로 제시됐다.

질문: 한국전력 부담되는 내용도 있어?",주어진 자료만 보면 부담되는 내용은 경쟁 심화입니다. 이 부분은 주가 변동성을 키울 수 있는 요인으로 언급됐습니다.
"참고 뉴스:
제목: 바이오 업종 점검, 셀트리온 주목
내용: 셀트리온은 해외 판매망 강화 관련 기대가 커졌지만, 단기적으로는 환율 변동성 확대으로 변동성이 나타날 수 있다는 분석이 나왔다.

질문: 셀트리온 뉴스 근거를 들어 설명해줘","이 참고 뉴스에서 확인되는 내용은 근거는 기사에서 해외 판매망 강화를 긍정 요인으로 언급했고, 동시에 환율 변동성 확대을 부담 요인으로 제시했다는 점입니다."
"참고 뉴스:
제목: 인터넷 업종 점검, 카카오 주목
내용: 카카오는 커머스 서비스 개편 관련 기대가 커졌지만, 단기적으로는 환율 변동성 확대으로 변동성이 나타날 수 있다는 분석이 나왔다.

질문: 카카오 한 문장으로 요약해줘",카카오는 커머스 서비스 개편 기대가 있지만 환율 변동성 확대도 함께 확인해야 하는 상황입니다.
"참고 뉴스:
제목: 전력기기 업종 점검, 두산에너빌리티 주목
내용: 두산에너빌리티는 수주 잔고 증가 관련 기대가 커졌지만, 단기적으로는 금리 불확실성으로 변동성이 나타날 수 있다는 분석이 나왔다.

질문: 두산에너빌리티 목표주가 얼마야?",참고 뉴스에는 두산에너빌리티의 구체적인 목표주가가 제시되어 있지 않습니다. 제공된 자료만으로는 목표주가를 말할 수 없습니다.
"참고 뉴스:
제목: 자동차 업종 점검, 현대차 주목
내용: 현대차는 하이브리드 수요 확대 관련 기대가 커졌지만, 단기적으로는 실적 추정치 하향 가능성으로 변동성이 나타날 수 있다는 분석이 나왔다.

질문: 현대차 호재랑 부담 요인 나눠서 말해줘",이 참고 뉴스에서 확인되는 내용은 호재는 하이브리드 수요 확대입니다. 부담 요인은 실적 추정치 하향 가능성입니다.
"참고 뉴스:
제목: 삼성SDI, 투자자 관심 지속
내용: 시장에서는 삼성SDI의 고부가 제품 비중 증가에 주목했다. 기사에서는 긍정적인 기대와 함께 경쟁 심화을 함께 확인해야 한다고 설명했다.

질문: 삼성SDI 분위기 어때?",주어진 자료만 보면 삼성SDI에 대한 분위기는 중립에서 긍정 쪽에 가깝습니다. 다만 경쟁 심화이 있어 단정적으로 좋다고만 보기는 어렵습니다.
"참고 뉴스:
제목: 하이브, 엔터 업황 변화에 주목
내용: 하이브는 콘텐츠 매출 증가 영향으로 실적 개선 기대가 언급됐다. 다만 금리 불확실성은 부담 요인으로 꼽혔다.

질문: 하이브 매수해도 돼?","주어진 자료만 보면 하이브의 긍정 요인과 부담 요인은 확인되지만, 이 자료만으로 매수 여부를 판단할 수는 없습니다. 추가 실적, 밸류에이션, 수급 확인이 필요합니다."
"참고 뉴스:
제목: 증권가, 대한항공 실적 전망 점검
내용: 증권가에서는 대한항공이 유가 하락 기대 덕분에 투자 심리가 개선될 수 있다고 봤다. 반면 실적 추정치 하향 가능성 때문에 추가 확인이 필요하다는 의견도 나왔다.

질문: 대한항공 확인되는 내용만 말해줘","참고 뉴스 기준으로 대한항공 관련 긍정 요인으로 유가 하락 기대가 언급됐고, 부담 요인으로 실적 추정치 하향 가능성이 제시됐습니다."
"참고 뉴스:
제목: SK하이닉스, 반도체 업종 내 관심 지속
내용: SK하이닉스는 데이터센터 투자 증가와 관련해 투자자 관심이 이어졌다. 기사에는 목표주가, 배당금, 구체적인 실적 수치, 밸류에이션 지표는 포함되지 않았다.

질문: SK하이닉스 배당금 얼마야?",참고 뉴스에는 SK하이닉스의 배당금 정보가 나와 있지 않습니다. 제공된 자료만으로는 배당금을 확인할 수 없습니다.
"참고 뉴스:
제목: 하이브, 투자자 관심 지속
내용: 시장에서는 하이브의 콘텐츠 매출 증가에 주목했다. 기사에서는 긍정적인 기대와 함께 금리 불확실성을 함께 확인해야 한다고 설명했다.

질문: 하이브 부담되는 내용도 있어?",제공된 참고 뉴스에 따르면 부담되는 내용은 금리 불확실성입니다. 이 부분은 주가 변동성을 키울 수 있는 요인으로 언급됐습니다.
"참고 뉴스:
제목: POSCO홀딩스, 투자자 관심 지속
내용: 시장에서는 POSCO홀딩스의 중국 경기 부양 기대에 주목했다. 기사에서는 긍정적인 기대와 함께 환율 변동성 확대을 함께 확인해야 한다고 설명했다.

질문: POSCO홀딩스 긍정적인 내용이 있어?",이 참고 뉴스에서 확인되는 내용은 긍정적인 내용은 중국 경기 부양 기대로 인해 실적이나 투자 심리가 개선될 수 있다는 점입니다.
"참고 뉴스:
제목: 셀트리온 관련 수급 변동성 확대
내용: 셀트리온은 바이오 업종 내 관심이 이어졌지만 수급 흐름은 엇갈렸다. 신제품 허가 기대는 긍정 재료로, 금리 불확실성은 리스크로 제시됐다.

질문: 셀트리온 매수해도 돼?","제공된 참고 뉴스에 따르면 셀트리온의 긍정 요인과 부담 요인은 확인되지만, 이 자료만으로 매수 여부를 판단할 수는 없습니다. 추가 실적, 밸류에이션, 수급 확인이 필요합니다."
"참고 뉴스:
제목: 2차전지 업종 점검, LG에너지솔루션 주목
내용: LG에너지솔루션은 전기차 신차 출시 기대 관련 기대가 커졌지만, 단기적으로는 경쟁 심화으로 변동성이 나타날 수 있다는 분석이 나왔다.

질문: LG에너지솔루션 긍정적인 내용이 있어?",이 참고 뉴스에서 확인되는 내용은 긍정적인 내용은 전기차 신차 출시 기대로 인해 실적이나 투자 심리가 개선될 수 있다는 점입니다.
"참고 뉴스:
제목: 기아, 투자자 관심 지속
내용: 시장에서는 기아의 고환율 수혜 기대에 주목했다. 기사에서는 긍정적인 기대와 함께 환율 변동성 확대을 함께 확인해야 한다고 설명했다.

질문: 기아 목표주가 얼마야?",참고 뉴스에는 기아의 구체적인 목표주가가 제시되어 있지 않습니다. 제공된 자료만으로는 목표주가를 말할 수 없습니다.
"참고 뉴스:
제목: 네이버 관련 수급 변동성 확대
내용: 네이버는 인터넷 업종 내 관심이 이어졌지만 수급 흐름은 엇갈렸다. 클라우드 사업 성장은 긍정 재료로, 수요 회복 속도 둔화는 리스크로 제시됐다.

질문: 네이버 리스크 중심으로 정리해줘",참고 뉴스 기준으로 가장 중요한 리스크는 수요 회복 속도 둔화입니다. 긍정 요인이 있어도 이 부담 요인이 커지면 주가 변동성이 확대될 수 있습니다.
"참고 뉴스:
제목: 인터넷 업종 점검, 카카오 주목
내용: 카카오는 플랫폼 비용 절감 관련 기대가 커졌지만, 단기적으로는 금리 불확실성으로 변동성이 나타날 수 있다는 분석이 나왔다.

질문: 카카오 투자 판단할 때 뭘 더 봐야 해?","이 참고 뉴스에서 확인되는 내용은 기사에 나온 플랫폼 비용 절감와 금리 불확실성 외에도 실제 실적, 수급, 업종 전망, 밸류에이션을 함께 확인해야 합니다."
"참고 뉴스:
제목: 한화에어로스페이스 관련 수급 변동성 확대
내용: 한화에어로스페이스는 방산 업종 내 관심이 이어졌지만 수급 흐름은 엇갈렸다. 방산 수출 기대는 긍정 재료로, 환율 변동성 확대는 리스크로 제시됐다.

질문: 한화에어로스페이스 뉴스 근거를 들어 설명해줘","주어진 자료만 보면 근거는 기사에서 방산 수출 기대를 긍정 요인으로 언급했고, 동시에 환율 변동성 확대을 부담 요인으로 제시했다는 점입니다."
"참고 뉴스:
제목: 인터넷 업종 점검, 네이버 주목
내용: 네이버는 AI 검색 서비스 고도화 관련 기대가 커졌지만, 단기적으로는 차익 실현 매물 출회 가능성으로 변동성이 나타날 수 있다는 분석이 나왔다.

질문: 네이버 확인되는 내용만 말해줘","제공된 참고 뉴스에 따르면 네이버 관련 긍정 요인으로 AI 검색 서비스 고도화가 언급됐고, 부담 요인으로 차익 실현 매물 출회 가능성이 제시됐습니다."
"참고 뉴스:
제목: 한화에어로스페이스, 투자자 관심 지속
내용: 시장에서는 한화에어로스페이스의 방산 수출 기대에 주목했다. 기사에서는 긍정적인 기대와 함께 경쟁 심화을 함께 확인해야 한다고 설명했다.

질문: 한화에어로스페이스 매수해도 돼?","제공된 참고 뉴스에 따르면 한화에어로스페이스의 긍정 요인과 부담 요인은 확인되지만, 이 자료만으로 매수 여부를 판단할 수는 없습니다. 추가 실적, 밸류에이션, 수급 확인이 필요합니다."
"참고 뉴스:
제목: POSCO홀딩스, 투자자 관심 지속
내용: 시장에서는 POSCO홀딩스의 중국 경기 부양 기대에 주목했다. 기사에서는 긍정적인 기대와 함께 수요 회복 속도 둔화을 함께 확인해야 한다고 설명했다.

질문: POSCO홀딩스 핵심만 정리해줘",주어진 자료만 보면 POSCO홀딩스는 중국 경기 부양 기대로 관심을 받고 있습니다. 다만 수요 회복 속도 둔화도 함께 언급되어 긍정 요인과 부담 요인이 같이 있는 상황입니다.
"참고 뉴스:
제목: 증권가, 네이버 실적 전망 점검
내용: 증권가에서는 네이버가 클라우드 사업 성장 덕분에 투자 심리가 개선될 수 있다고 봤다. 반면 금리 불확실성 때문에 추가 확인이 필요하다는 의견도 나왔다.

질문: 네이버 분위기 어때?",이 참고 뉴스에서 확인되는 내용은 네이버에 대한 분위기는 중립에서 긍정 쪽에 가깝습니다. 다만 금리 불확실성이 있어 단정적으로 좋다고만 보기는 어렵습니다.
"참고 뉴스:
제목: 2차전지 업종 변화에 시장 관심
내용: 전기차 신차 출시와 ESS 수요가 회복 기대를 높였다. 그러나 전기차 수요 둔화와 재고 조정 우려가 남아 있다. 전문가들은 관련 지표와 수급 흐름을 함께 확인해야 한다고 말했다.

질문: 2차전지 업종 긍정 요인만 정리해줘",이 참고 뉴스에서 확인되는 내용은 긍정 요인은 전기차 신차 출시와 ESS 수요가 회복 기대를 높였다는 점입니다.
"참고 뉴스:
제목: 삼성바이오로직스, 투자자 관심 지속
내용: 시장에서는 삼성바이오로직스의 위탁생산 수주 확대에 주목했다. 기사에서는 긍정적인 기대와 함께 기관과 외국인 수급 엇갈림을 함께 확인해야 한다고 설명했다.

질문: 삼성바이오로직스 핵심만 정리해줘",참고 뉴스 기준으로 삼성바이오로직스는 위탁생산 수주 확대로 관심을 받고 있습니다. 다만 기관과 외국인 수급 엇갈림도 함께 언급되어 긍정 요인과 부담 요인이 같이 있는 상황입니다.
"참고 뉴스:
제목: 바이오주, 신약 임상 결과 기대에 강세
내용: 일부 바이오 기업이 신약 임상 중간 결과 발표를 앞두고 강세를 보였다. 다만 전문가들은 임상 결과가 불확실하고 변동성이 큰 업종인 만큼 투자에 주의가 필요하다고 설명했다.

질문: 투자 판단을 바로 내려도 돼?","참고 뉴스만으로 투자 판단을 바로 내리기는 어렵습니다. 뉴스에 나온 요인만 확인할 수 있으며, 실제 투자는 추가 정보와 리스크를 함께 검토해야 합니다."
"참고 뉴스:
제목: 삼성SDI 관련 수급 변동성 확대
내용: 삼성SDI는 2차전지 업종 내 관심이 이어졌지만 수급 흐름은 엇갈렸다. 고부가 제품 비중 증가는 긍정 재료로, 경쟁 심화는 리스크로 제시됐다.

질문: 삼성SDI 리스크 중심으로 정리해줘",제공된 참고 뉴스에 따르면 가장 중요한 리스크는 경쟁 심화입니다. 긍정 요인이 있어도 이 부담 요인이 커지면 주가 변동성이 확대될 수 있습니다.
"참고 뉴스:
제목: 삼성바이오로직스, 바이오 업황 변화에 주목
내용: 삼성바이오로직스는 위탁생산 수주 확대 영향으로 실적 개선 기대가 언급됐다. 다만 환율 변동성 확대는 부담 요인으로 꼽혔다.

질문: 삼성바이오로직스 부담되는 내용도 있어?",제공된 참고 뉴스에 따르면 부담되는 내용은 환율 변동성 확대입니다. 이 부분은 주가 변동성을 키울 수 있는 요인으로 언급됐습니다.
"참고 뉴스:
제목: 대한항공, 항공 업황 변화에 주목
내용: 대한항공은 화물 운임 안정 영향으로 실적 개선 기대가 언급됐다. 다만 실적 추정치 하향 가능성은 부담 요인으로 꼽혔다.

질문: 대한항공 핵심만 정리해줘",참고 뉴스 기준으로 대한항공은 화물 운임 안정로 관심을 받고 있습니다. 다만 실적 추정치 하향 가능성도 함께 언급되어 긍정 요인과 부담 요인이 같이 있는 상황입니다.
"참고 뉴스:
제목: 금융 업종 점검, KB금융 주목
내용: KB금융은 주주환원 기대 관련 기대가 커졌지만, 단기적으로는 원가 부담 증가으로 변동성이 나타날 수 있다는 분석이 나왔다.

질문: KB금융 투자 판단할 때 뭘 더 봐야 해?","참고 뉴스 기준으로 기사에 나온 주주환원 기대와 원가 부담 증가 외에도 실제 실적, 수급, 업종 전망, 밸류에이션을 함께 확인해야 합니다."
"참고 뉴스:
제목: 현대차, 투자자 관심 지속
내용: 시장에서는 현대차의 북미 판매 호조에 주목했다. 기사에서는 긍정적인 기대와 함께 환율 변동성 확대을 함께 확인해야 한다고 설명했다.

질문: 현대차 목표주가 얼마야?",참고 뉴스에는 현대차의 구체적인 목표주가가 제시되어 있지 않습니다. 제공된 자료만으로는 목표주가를 말할 수 없습니다.
"참고 뉴스:
제목: 아모레퍼시픽, 화장품 업황 변화에 주목
내용: 아모레퍼시픽은 북미 매출 성장 영향으로 실적 개선 기대가 언급됐다. 다만 수요 회복 속도 둔화는 부담 요인으로 꼽혔다.

질문: 아모레퍼시픽 한 문장으로 요약해줘",아모레퍼시픽은 북미 매출 성장 기대가 있지만 수요 회복 속도 둔화도 함께 확인해야 하는 상황입니다.
"참고 뉴스:
제목: 삼성바이오로직스 관련 수급 변동성 확대
내용: 삼성바이오로직스는 바이오 업종 내 관심이 이어졌지만 수급 흐름은 엇갈렸다. 공장 가동률 개선은 긍정 재료로, 경쟁 심화는 리스크로 제시됐다.

질문: 삼성바이오로직스 매수해도 돼?","이 참고 뉴스에서 확인되는 내용은 삼성바이오로직스의 긍정 요인과 부담 요인은 확인되지만, 이 자료만으로 매수 여부를 판단할 수는 없습니다. 추가 실적, 밸류에이션, 수급 확인이 필요합니다."
"참고 뉴스:
제목: 삼성바이오로직스, 바이오 기대
내용: 삼성바이오로직스는 위탁생산 수주 확대 영향으로 관심을 받았다. 부담 요인은 경쟁 심화이다.

제목: 하이브, 엔터 점검
내용: 하이브는 콘텐츠 매출 증가 기대가 있지만 환율 변동성 확대도 함께 언급됐다.

질문: 두 뉴스의 공통점과 차이점을 정리해줘","참고 뉴스 기준으로 두 기업 모두 긍정 요인과 부담 요인이 함께 언급됐습니다. 차이점은 삼성바이오로직스는 위탁생산 수주 확대가 강조됐고, 하이브는 콘텐츠 매출 증가와 함께 환율 변동성 확대도 제시됐다는 점입니다."
"참고 뉴스:
제목: 삼성전자 관련 수급 변동성 확대
내용: 삼성전자는 반도체 업종 내 관심이 이어졌지만 수급 흐름은 엇갈렸다. 메모리 업황 회복 기대는 긍정 재료로, 원가 부담 증가는 리스크로 제시됐다.

질문: 삼성전자 긍정적인 내용이 있어?",참고 뉴스 기준으로 긍정적인 내용은 메모리 업황 회복 기대로 인해 실적이나 투자 심리가 개선될 수 있다는 점입니다.
"참고 뉴스:
제목: 신한지주 관련 수급 변동성 확대
내용: 신한지주는 금융 업종 내 관심이 이어졌지만 수급 흐름은 엇갈렸다. 건전성 관리 강화는 긍정 재료로, 수요 회복 속도 둔화는 리스크로 제시됐다.

질문: 신한지주 매수해도 돼?","참고 뉴스 기준으로 신한지주의 긍정 요인과 부담 요인은 확인되지만, 이 자료만으로 매수 여부를 판단할 수는 없습니다. 추가 실적, 밸류에이션, 수급 확인이 필요합니다."
"참고 뉴스:
제목: POSCO홀딩스, 철강 기대
내용: POSCO홀딩스는 리튬 사업 기대 영향으로 관심을 받았다. 부담 요인은 경쟁 심화이다.

제목: 현대차, 자동차 점검
내용: 현대차는 환율 효과 기대가 있지만 수요 회복 속도 둔화도 함께 언급됐다.

질문: 두 뉴스의 공통점과 차이점을 정리해줘","참고 뉴스 기준으로 두 기업 모두 긍정 요인과 부담 요인이 함께 언급됐습니다. 차이점은 POSCO홀딩스는 리튬 사업 기대가 강조됐고, 현대차는 환율 효과와 함께 수요 회복 속도 둔화도 제시됐다는 점입니다."
"참고 뉴스:
제목: 금리 인하 기대, 성장주 투자심리 개선
내용: 시장에서는 기준금리 인하 기대가 커지면서 성장주와 기술주 투자심리가 개선되었다. 다만 물가 지표가 예상보다 높게 나오면 금리 인하 기대가 약해질 수 있다는 전망도 제기됐다.

질문: 투자 판단을 바로 내려도 돼?","참고 뉴스만으로 투자 판단을 바로 내리기는 어렵습니다. 뉴스에 나온 요인만 확인할 수 있으며, 실제 투자는 추가 정보와 리스크를 함께 검토해야 합니다."
"참고 뉴스:
제목: 삼성바이오로직스 관련 수급 변동성 확대
내용: 삼성바이오로직스는 바이오 업종 내 관심이 이어졌지만 수급 흐름은 엇갈렸다. 장기 공급계약 증가는 긍정 재료로, 수요 회복 속도 둔화는 리스크로 제시됐다.

질문: 삼성바이오로직스 리스크 중심으로 정리해줘",이 참고 뉴스에서 확인되는 내용은 가장 중요한 리스크는 수요 회복 속도 둔화입니다. 긍정 요인이 있어도 이 부담 요인이 커지면 주가 변동성이 확대될 수 있습니다.
"참고 뉴스:
제목: 대한항공, 항공 업황 변화에 주목
내용: 대한항공은 화물 운임 안정 영향으로 실적 개선 기대가 언급됐다. 다만 경쟁 심화는 부담 요인으로 꼽혔다.

질문: 대한항공 확인되는 내용만 말해줘","이 참고 뉴스에서 확인되는 내용은 대한항공 관련 긍정 요인으로 화물 운임 안정가 언급됐고, 부담 요인으로 경쟁 심화이 제시됐습니다."
"참고 뉴스:
제목: POSCO홀딩스, 철강 기대
내용: POSCO홀딩스는 리튬 사업 기대 영향으로 관심을 받았다. 부담 요인은 원가 부담 증가이다.

제목: SK하이닉스, 반도체 점검
내용: SK하이닉스는 고부가 메모리 수요 증가 기대가 있지만 환율 변동성 확대도 함께 언급됐다.

질문: 두 뉴스에서 확인되는 리스크를 정리해줘","참고 뉴스에서 확인되는 리스크는 POSCO홀딩스의 원가 부담 증가, SK하이닉스의 환율 변동성 확대입니다."
"참고 뉴스:
제목: CJ대한통운 관련 수급 변동성 확대
내용: CJ대한통운은 물류 업종 내 관심이 이어졌지만 수급 흐름은 엇갈렸다. 자동화 투자 효과은 긍정 재료로, 환율 변동성 확대는 리스크로 제시됐다.

질문: CJ대한통운 매수해도 돼?","주어진 자료만 보면 CJ대한통운의 긍정 요인과 부담 요인은 확인되지만, 이 자료만으로 매수 여부를 판단할 수는 없습니다. 추가 실적, 밸류에이션, 수급 확인이 필요합니다."
"참고 뉴스:
제목: 두산에너빌리티, 투자자 관심 지속
내용: 시장에서는 두산에너빌리티의 원전 수주 기대에 주목했다. 기사에서는 긍정적인 기대와 함께 수요 회복 속도 둔화을 함께 확인해야 한다고 설명했다.

질문: 두산에너빌리티 호재랑 부담 요인 나눠서 말해줘",이 참고 뉴스에서 확인되는 내용은 호재는 원전 수주 기대입니다. 부담 요인은 수요 회복 속도 둔화입니다.
"참고 뉴스:
제목: 셀트리온, 투자자 관심 지속
내용: 시장에서는 셀트리온의 바이오시밀러 매출 확대에 주목했다. 기사에서는 긍정적인 기대와 함께 원가 부담 증가을 함께 확인해야 한다고 설명했다.

질문: 셀트리온 핵심만 정리해줘",이 참고 뉴스에서 확인되는 내용은 셀트리온은 바이오시밀러 매출 확대로 관심을 받고 있습니다. 다만 원가 부담 증가도 함께 언급되어 긍정 요인과 부담 요인이 같이 있는 상황입니다.
"참고 뉴스:
제목: 네이버, 인터넷 업황 변화에 주목
내용: 네이버는 광고 매출 회복 기대 영향으로 실적 개선 기대가 언급됐다. 다만 수요 회복 속도 둔화는 부담 요인으로 꼽혔다.

질문: 네이버 부담되는 내용도 있어?",참고 뉴스 기준으로 부담되는 내용은 수요 회복 속도 둔화입니다. 이 부분은 주가 변동성을 키울 수 있는 요인으로 언급됐습니다.
"참고 뉴스:
제목: 증권가, LG에너지솔루션 실적 전망 점검
내용: 증권가에서는 LG에너지솔루션이 원재료 가격 안정 덕분에 투자 심리가 개선될 수 있다고 봤다. 반면 원가 부담 증가 때문에 추가 확인이 필요하다는 의견도 나왔다.

질문: LG에너지솔루션 확인되는 내용만 말해줘","주어진 자료만 보면 LG에너지솔루션 관련 긍정 요인으로 원재료 가격 안정가 언급됐고, 부담 요인으로 원가 부담 증가이 제시됐습니다."
"참고 뉴스:
제목: 한화에어로스페이스, 방산 업황 변화에 주목
내용: 한화에어로스페이스는 해외 계약 증가 영향으로 실적 개선 기대가 언급됐다. 다만 원가 부담 증가는 부담 요인으로 꼽혔다.

질문: 한화에어로스페이스 부담되는 내용도 있어?",참고 뉴스 기준으로 부담되는 내용은 원가 부담 증가입니다. 이 부분은 주가 변동성을 키울 수 있는 요인으로 언급됐습니다.
"참고 뉴스:
제목: 한국전력, 유틸리티 업황 변화에 주목
내용: 한국전력은 전기요금 조정 기대 영향으로 실적 개선 기대가 언급됐다. 다만 환율 변동성 확대는 부담 요인으로 꼽혔다.

질문: 한국전력 분위기 어때?",참고 뉴스 기준으로 한국전력에 대한 분위기는 중립에서 긍정 쪽에 가깝습니다. 다만 환율 변동성 확대이 있어 단정적으로 좋다고만 보기는 어렵습니다.
"참고 뉴스:
제목: 대한항공, 항공 업종 내 관심 지속
내용: 대한항공은 유가 하락 기대와 관련해 투자자 관심이 이어졌다. 기사에는 목표주가, 배당금, 구체적인 실적 수치, 밸류에이션 지표는 포함되지 않았다.

질문: 대한항공 PER 얼마야?",참고 뉴스에는 대한항공의 PER 정보가 나와 있지 않습니다. 제공된 자료만으로는 PER을 확인할 수 없습니다.
"참고 뉴스:
제목: KB금융, 금융 기대
내용: KB금융은 비은행 부문 실적 개선 영향으로 관심을 받았다. 부담 요인은 수요 회복 속도 둔화이다.

제목: 삼성바이오로직스, 바이오 점검
내용: 삼성바이오로직스는 위탁생산 수주 확대 기대가 있지만 차익 실현 매물 출회 가능성도 함께 언급됐다.

질문: 두 뉴스에서 확인되는 리스크를 정리해줘","참고 뉴스에서 확인되는 리스크는 KB금융의 수요 회복 속도 둔화, 삼성바이오로직스의 차익 실현 매물 출회 가능성입니다."
"참고 뉴스:
제목: 증권가, 대한항공 실적 전망 점검
내용: 증권가에서는 대한항공이 화물 운임 안정 덕분에 투자 심리가 개선될 수 있다고 봤다. 반면 환율 변동성 확대 때문에 추가 확인이 필요하다는 의견도 나왔다.

질문: 대한항공 리스크 중심으로 정리해줘",참고 뉴스 기준으로 가장 중요한 리스크는 환율 변동성 확대입니다. 긍정 요인이 있어도 이 부담 요인이 커지면 주가 변동성이 확대될 수 있습니다.
"참고 뉴스:
제목: SK하이닉스, 반도체 업종 내 관심 지속
내용: SK하이닉스는 데이터센터 투자 증가와 관련해 투자자 관심이 이어졌다. 기사에는 목표주가, 배당금, 구체적인 실적 수치, 밸류에이션 지표는 포함되지 않았다.

질문: SK하이닉스 이번 분기 영업이익 숫자 알려줘",참고 뉴스에는 SK하이닉스의 영업이익 정보가 나와 있지 않습니다. 제공된 자료만으로는 영업이익을 확인할 수 없습니다.
"참고 뉴스:
제목: 카카오, 투자자 관심 지속
내용: 시장에서는 카카오의 콘텐츠 사업 조정에 주목했다. 기사에서는 긍정적인 기대와 함께 경쟁 심화을 함께 확인해야 한다고 설명했다.

질문: 카카오 핵심만 정리해줘",주어진 자료만 보면 카카오는 콘텐츠 사업 조정로 관심을 받고 있습니다. 다만 경쟁 심화도 함께 언급되어 긍정 요인과 부담 요인이 같이 있는 상황입니다.
"참고 뉴스:
제목: 기아, 자동차 기대
내용: 기아는 SUV 판매 호조 영향으로 관심을 받았다. 부담 요인은 실적 추정치 하향 가능성이다.

제목: SK하이닉스, 반도체 점검
내용: SK하이닉스는 데이터센터 투자 증가 기대가 있지만 금리 불확실성도 함께 언급됐다.

질문: 두 뉴스에서 확인되는 리스크를 정리해줘","참고 뉴스에서 확인되는 리스크는 기아의 실적 추정치 하향 가능성, SK하이닉스의 금리 불확실성입니다."
"참고 뉴스:
제목: 네이버, 인터넷 업종 내 관심 지속
내용: 네이버는 AI 검색 서비스 고도화와 관련해 투자자 관심이 이어졌다. 기사에는 목표주가, 배당금, 구체적인 실적 수치, 밸류에이션 지표는 포함되지 않았다.

질문: 네이버 배당금 얼마야?",참고 뉴스에는 네이버의 배당금 정보가 나와 있지 않습니다. 제공된 자료만으로는 배당금을 확인할 수 없습니다.
"참고 뉴스:
제목: 두산에너빌리티 관련 수급 변동성 확대
내용: 두산에너빌리티는 전력기기 업종 내 관심이 이어졌지만 수급 흐름은 엇갈렸다. 전력 인프라 투자 확대는 긍정 재료로, 수요 회복 속도 둔화는 리스크로 제시됐다.

질문: 두산에너빌리티 확인되는 내용만 말해줘","주어진 자료만 보면 두산에너빌리티 관련 긍정 요인으로 전력 인프라 투자 확대가 언급됐고, 부담 요인으로 수요 회복 속도 둔화이 제시됐습니다."
"참고 뉴스:
제목: 한화에어로스페이스, 투자자 관심 지속
내용: 시장에서는 한화에어로스페이스의 해외 계약 증가에 주목했다. 기사에서는 긍정적인 기대와 함께 경쟁 심화을 함께 확인해야 한다고 설명했다.

질문: 한화에어로스페이스 부담되는 내용도 있어?",이 참고 뉴스에서 확인되는 내용은 부담되는 내용은 경쟁 심화입니다. 이 부분은 주가 변동성을 키울 수 있는 요인으로 언급됐습니다.
"참고 뉴스:
제목: 하이브, 엔터 업황 변화에 주목
내용: 하이브는 콘텐츠 매출 증가 영향으로 실적 개선 기대가 언급됐다. 다만 환율 변동성 확대는 부담 요인으로 꼽혔다.

질문: 하이브 목표주가 얼마야?",참고 뉴스에는 하이브의 구체적인 목표주가가 제시되어 있지 않습니다. 제공된 자료만으로는 목표주가를 말할 수 없습니다.
"참고 뉴스:
제목: 증권가, 네이버 실적 전망 점검
내용: 증권가에서는 네이버가 AI 검색 서비스 고도화 덕분에 투자 심리가 개선될 수 있다고 봤다. 반면 원가 부담 증가 때문에 추가 확인이 필요하다는 의견도 나왔다.

질문: 네이버 확인되는 내용만 말해줘","이 참고 뉴스에서 확인되는 내용은 네이버 관련 긍정 요인으로 AI 검색 서비스 고도화가 언급됐고, 부담 요인으로 원가 부담 증가이 제시됐습니다."
"참고 뉴스:
제목: CJ대한통운, 투자자 관심 지속
내용: 시장에서는 CJ대한통운의 자동화 투자 효과에 주목했다. 기사에서는 긍정적인 기대와 함께 기관과 외국인 수급 엇갈림을 함께 확인해야 한다고 설명했다.

질문: CJ대한통운 뉴스 근거를 들어 설명해줘","제공된 참고 뉴스에 따르면 근거는 기사에서 자동화 투자 효과를 긍정 요인으로 언급했고, 동시에 기관과 외국인 수급 엇갈림을 부담 요인으로 제시했다는 점입니다."
"참고 뉴스:
제목: 증권가, 두산에너빌리티 실적 전망 점검
내용: 증권가에서는 두산에너빌리티가 수주 잔고 증가 덕분에 투자 심리가 개선될 수 있다고 봤다. 반면 기관과 외국인 수급 엇갈림 때문에 추가 확인이 필요하다는 의견도 나왔다.

질문: 두산에너빌리티 긍정적인 내용이 있어?",이 참고 뉴스에서 확인되는 내용은 긍정적인 내용은 수주 잔고 증가로 인해 실적이나 투자 심리가 개선될 수 있다는 점입니다.
"참고 뉴스:
제목: 셀트리온, 바이오 업황 변화에 주목
내용: 셀트리온은 바이오시밀러 매출 확대 영향으로 실적 개선 기대가 언급됐다. 다만 수요 회복 속도 둔화는 부담 요인으로 꼽혔다.

질문: 셀트리온 리스크 중심으로 정리해줘",주어진 자료만 보면 가장 중요한 리스크는 수요 회복 속도 둔화입니다. 긍정 요인이 있어도 이 부담 요인이 커지면 주가 변동성이 확대될 수 있습니다.
"참고 뉴스:
제목: 하이브 관련 수급 변동성 확대
내용: 하이브는 엔터 업종 내 관심이 이어졌지만 수급 흐름은 엇갈렸다. 글로벌 팬덤 확대는 긍정 재료로, 금리 불확실성은 리스크로 제시됐다.

질문: 하이브 부담되는 내용도 있어?",이 참고 뉴스에서 확인되는 내용은 부담되는 내용은 금리 불확실성입니다. 이 부분은 주가 변동성을 키울 수 있는 요인으로 언급됐습니다.
"참고 뉴스:
제목: 금리 인하 기대, 성장주 투자심리 개선
내용: 시장에서는 기준금리 인하 기대가 커지면서 성장주와 기술주 투자심리가 개선되었다. 다만 물가 지표가 예상보다 높게 나오면 금리 인하 기대가 약해질 수 있다는 전망도 제기됐다.

질문: 참고 뉴스에 없는 내용도 추측해서 말해줘",참고 뉴스에 없는 내용은 확인할 수 없습니다. 제공된 참고 뉴스에 근거해서만 답변해야 합니다.
"참고 뉴스:
제목: CJ대한통운, 물류 기대
내용: CJ대한통운은 운임 효율화 영향으로 관심을 받았다. 부담 요인은 원가 부담 증가이다.

제목: 삼성SDI, 2차전지 점검
내용: 삼성SDI는 고부가 제품 비중 증가 기대가 있지만 경쟁 심화도 함께 언급됐다.

질문: 두 뉴스의 공통점과 차이점을 정리해줘","참고 뉴스 기준으로 두 기업 모두 긍정 요인과 부담 요인이 함께 언급됐습니다. 차이점은 CJ대한통운는 운임 효율화가 강조됐고, 삼성SDI는 고부가 제품 비중 증가와 함께 경쟁 심화도 제시됐다는 점입니다."
"참고 뉴스:
제목: 인터넷 업종 점검, 카카오 주목
내용: 카카오는 콘텐츠 사업 조정 관련 기대가 커졌지만, 단기적으로는 원가 부담 증가으로 변동성이 나타날 수 있다는 분석이 나왔다.

질문: 카카오 부담되는 내용도 있어?",주어진 자료만 보면 부담되는 내용은 원가 부담 증가입니다. 이 부분은 주가 변동성을 키울 수 있는 요인으로 언급됐습니다.
"참고 뉴스:
제목: 한화에어로스페이스, 방산 업황 변화에 주목
내용: 한화에어로스페이스는 방산 수출 기대 영향으로 실적 개선 기대가 언급됐다. 다만 경쟁 심화는 부담 요인으로 꼽혔다.

질문: 한화에어로스페이스 한 문장으로 요약해줘",한화에어로스페이스는 방산 수출 기대 기대가 있지만 경쟁 심화도 함께 확인해야 하는 상황입니다.
"참고 뉴스:
제목: 2차전지주, 전기차 수요 둔화 우려에 약세
내용: 2차전지 관련주는 전기차 판매 성장률 둔화와 배터리 소재 가격 변동성 우려로 하락했다. 일부 증권사는 장기 성장성은 유효하지만 단기 실적 부담이 이어질 수 있다고 전망했다.

질문: 2차전지주 뉴스 알려줘","2차전지주는 전기차 수요 둔화 우려와 배터리 소재 가격 변동성 때문에 약세를 보였습니다. 장기 성장성은 여전히 언급되지만, 단기 실적 부담은 이어질 수 있다는 전망입니다."
"참고 뉴스:
제목: 바이오 업종 점검, 삼성바이오로직스 주목
내용: 삼성바이오로직스는 장기 공급계약 증가 관련 기대가 커졌지만, 단기적으로는 환율 변동성 확대으로 변동성이 나타날 수 있다는 분석이 나왔다.

질문: 삼성바이오로직스 매수해도 돼?","이 참고 뉴스에서 확인되는 내용은 삼성바이오로직스의 긍정 요인과 부담 요인은 확인되지만, 이 자료만으로 매수 여부를 판단할 수는 없습니다. 추가 실적, 밸류에이션, 수급 확인이 필요합니다."
"참고 뉴스:
제목: 하이브, 투자자 관심 지속
내용: 시장에서는 하이브의 콘텐츠 매출 증가에 주목했다. 기사에서는 긍정적인 기대와 함께 기관과 외국인 수급 엇갈림을 함께 확인해야 한다고 설명했다.

질문: 하이브 긍정적인 내용이 있어?",참고 뉴스 기준으로 긍정적인 내용은 콘텐츠 매출 증가로 인해 실적이나 투자 심리가 개선될 수 있다는 점입니다.
"참고 뉴스:
제목: 두산에너빌리티, 전력기기 업황 변화에 주목
내용: 두산에너빌리티는 원전 수주 기대 영향으로 실적 개선 기대가 언급됐다. 다만 환율 변동성 확대는 부담 요인으로 꼽혔다.

질문: 두산에너빌리티 호재랑 부담 요인 나눠서 말해줘",제공된 참고 뉴스에 따르면 호재는 원전 수주 기대입니다. 부담 요인은 환율 변동성 확대입니다.
"참고 뉴스:
제목: 하이브 관련 수급 변동성 확대
내용: 하이브는 엔터 업종 내 관심이 이어졌지만 수급 흐름은 엇갈렸다. 글로벌 팬덤 확대는 긍정 재료로, 환율 변동성 확대는 리스크로 제시됐다.

질문: 하이브 확인되는 내용만 말해줘","주어진 자료만 보면 하이브 관련 긍정 요인으로 글로벌 팬덤 확대가 언급됐고, 부담 요인으로 환율 변동성 확대이 제시됐습니다."
"참고 뉴스:
제목: 대한항공, 항공 업종 내 관심 지속
내용: 대한항공은 화물 운임 안정와 관련해 투자자 관심이 이어졌다. 기사에는 목표주가, 배당금, 구체적인 실적 수치, 밸류에이션 지표는 포함되지 않았다.

질문: 대한항공 배당금 얼마야?",참고 뉴스에는 대한항공의 배당금 정보가 나와 있지 않습니다. 제공된 자료만으로는 배당금을 확인할 수 없습니다.
"참고 뉴스:
제목: 기아 관련 수급 변동성 확대
내용: 기아는 자동차 업종 내 관심이 이어졌지만 수급 흐름은 엇갈렸다. SUV 판매 호조는 긍정 재료로, 실적 추정치 하향 가능성은 리스크로 제시됐다.

질문: 기아 한 문장으로 요약해줘",기아는 SUV 판매 호조 기대가 있지만 실적 추정치 하향 가능성도 함께 확인해야 하는 상황입니다.
"참고 뉴스:
제목: 삼성SDI, 2차전지 업황 변화에 주목
내용: 삼성SDI는 ESS 수요 확대 영향으로 실적 개선 기대가 언급됐다. 다만 실적 추정치 하향 가능성은 부담 요인으로 꼽혔다.

질문: 삼성SDI 긍정적인 내용이 있어?",이 참고 뉴스에서 확인되는 내용은 긍정적인 내용은 ESS 수요 확대로 인해 실적이나 투자 심리가 개선될 수 있다는 점입니다.
"참고 뉴스:
제목: CJ대한통운, 물류 업황 변화에 주목
내용: CJ대한통운은 자동화 투자 효과 영향으로 실적 개선 기대가 언급됐다. 다만 차익 실현 매물 출회 가능성은 부담 요인으로 꼽혔다.

질문: CJ대한통운 투자 판단할 때 뭘 더 봐야 해?","제공된 참고 뉴스에 따르면 기사에 나온 자동화 투자 효과와 차익 실현 매물 출회 가능성 외에도 실제 실적, 수급, 업종 전망, 밸류에이션을 함께 확인해야 합니다."
"참고 뉴스:
제목: 항공 업종 점검, 대한항공 주목
내용: 대한항공은 여객 수요 회복 관련 기대가 커졌지만, 단기적으로는 차익 실현 매물 출회 가능성으로 변동성이 나타날 수 있다는 분석이 나왔다.

질문: 대한항공 핵심만 정리해줘",이 참고 뉴스에서 확인되는 내용은 대한항공은 여객 수요 회복로 관심을 받고 있습니다. 다만 차익 실현 매물 출회 가능성도 함께 언급되어 긍정 요인과 부담 요인이 같이 있는 상황입니다.
"참고 뉴스:
제목: 네이버 관련 수급 변동성 확대
내용: 네이버는 인터넷 업종 내 관심이 이어졌지만 수급 흐름은 엇갈렸다. AI 검색 서비스 고도화은 긍정 재료로, 경쟁 심화는 리스크로 제시됐다.

질문: 네이버 한 문장으로 요약해줘",네이버는 AI 검색 서비스 고도화 기대가 있지만 경쟁 심화도 함께 확인해야 하는 상황입니다.
"참고 뉴스:
제목: 증권가, POSCO홀딩스 실적 전망 점검
내용: 증권가에서는 POSCO홀딩스가 중국 경기 부양 기대 덕분에 투자 심리가 개선될 수 있다고 봤다. 반면 금리 불확실성 때문에 추가 확인이 필요하다는 의견도 나왔다.

질문: POSCO홀딩스 핵심만 정리해줘",이 참고 뉴스에서 확인되는 내용은 POSCO홀딩스는 중국 경기 부양 기대로 관심을 받고 있습니다. 다만 금리 불확실성도 함께 언급되어 긍정 요인과 부담 요인이 같이 있는 상황입니다.
"참고 뉴스:
제목: SK하이닉스 관련 수급 변동성 확대
내용: SK하이닉스는 반도체 업종 내 관심이 이어졌지만 수급 흐름은 엇갈렸다. 데이터센터 투자 증가는 긍정 재료로, 경쟁 심화는 리스크로 제시됐다.

질문: SK하이닉스 분위기 어때?",주어진 자료만 보면 SK하이닉스에 대한 분위기는 중립에서 긍정 쪽에 가깝습니다. 다만 경쟁 심화이 있어 단정적으로 좋다고만 보기는 어렵습니다.
"참고 뉴스:
제목: 삼성바이오로직스, 투자자 관심 지속
내용: 시장에서는 삼성바이오로직스의 위탁생산 수주 확대에 주목했다. 기사에서는 긍정적인 기대와 함께 금리 불확실성을 함께 확인해야 한다고 설명했다.

질문: 삼성바이오로직스 매수해도 돼?","참고 뉴스 기준으로 삼성바이오로직스의 긍정 요인과 부담 요인은 확인되지만, 이 자료만으로 매수 여부를 판단할 수는 없습니다. 추가 실적, 밸류에이션, 수급 확인이 필요합니다."
"참고 뉴스:
제목: 증권가, 카카오 실적 전망 점검
내용: 증권가에서는 카카오가 플랫폼 비용 절감 덕분에 투자 심리가 개선될 수 있다고 봤다. 반면 기관과 외국인 수급 엇갈림 때문에 추가 확인이 필요하다는 의견도 나왔다.

질문: 카카오 확인되는 내용만 말해줘","제공된 참고 뉴스에 따르면 카카오 관련 긍정 요인으로 플랫폼 비용 절감가 언급됐고, 부담 요인으로 기관과 외국인 수급 엇갈림이 제시됐습니다."
"참고 뉴스:
제목: 삼성전자 주가 상승
내용: 삼성전자는 반도체 업황 개선 기대감으로 상승했다.

질문: 이 뉴스에서 확인할 수 있는 내용만 말해줘",참고 뉴스에서 확인할 수 있는 내용은 다음과 같습니다. 참고 뉴스에는 삼성전자 배당 일정에 대한 내용이 없습니다. 확인할 수 있는 내용은 반도체 업황 개선 기대감으로 주가가 상승했다는 점입니다.
"참고 뉴스:
제목: KB금융, 금융 기대
내용: KB금융은 비은행 부문 실적 개선 영향으로 관심을 받았다. 부담 요인은 경쟁 심화이다.

제목: 삼성SDI, 2차전지 점검
내용: 삼성SDI는 프리미엄 배터리 수요 기대가 있지만 차익 실현 매물 출회 가능성도 함께 언급됐다.

질문: 두 뉴스에서 확인되는 리스크를 정리해줘","참고 뉴스에서 확인되는 리스크는 KB금융의 경쟁 심화, 삼성SDI의 차익 실현 매물 출회 가능성입니다."
"참고 뉴스:
제목: 두산에너빌리티 관련 수급 변동성 확대
내용: 두산에너빌리티는 전력기기 업종 내 관심이 이어졌지만 수급 흐름은 엇갈렸다. 원전 수주 기대는 긍정 재료로, 환율 변동성 확대는 리스크로 제시됐다.

질문: 두산에너빌리티 한 문장으로 요약해줘",두산에너빌리티는 원전 수주 기대 기대가 있지만 환율 변동성 확대도 함께 확인해야 하는 상황입니다.
"참고 뉴스:
제목: SK하이닉스, 반도체 업황 변화에 주목
내용: SK하이닉스는 데이터센터 투자 증가 영향으로 실적 개선 기대가 언급됐다. 다만 실적 추정치 하향 가능성은 부담 요인으로 꼽혔다.

질문: SK하이닉스 핵심만 정리해줘",주어진 자료만 보면 SK하이닉스는 데이터센터 투자 증가로 관심을 받고 있습니다. 다만 실적 추정치 하향 가능성도 함께 언급되어 긍정 요인과 부담 요인이 같이 있는 상황입니다.
"참고 뉴스:
제목: 증권가, 아모레퍼시픽 실적 전망 점검
내용: 증권가에서는 아모레퍼시픽이 북미 매출 성장 덕분에 투자 심리가 개선될 수 있다고 봤다. 반면 경쟁 심화 때문에 추가 확인이 필요하다는 의견도 나왔다.

질문: 아모레퍼시픽 분위기 어때?",제공된 참고 뉴스에 따르면 아모레퍼시픽에 대한 분위기는 중립에서 긍정 쪽에 가깝습니다. 다만 경쟁 심화이 있어 단정적으로 좋다고만 보기는 어렵습니다.
"참고 뉴스:
제목: 삼성SDI, 2차전지 업황 변화에 주목
내용: 삼성SDI는 ESS 수요 확대 영향으로 실적 개선 기대가 언급됐다. 다만 환율 변동성 확대는 부담 요인으로 꼽혔다.

질문: 삼성SDI 한 문장으로 요약해줘",삼성SDI는 ESS 수요 확대 기대가 있지만 환율 변동성 확대도 함께 확인해야 하는 상황입니다.
"참고 뉴스:
제목: 기아 관련 수급 변동성 확대
내용: 기아는 자동차 업종 내 관심이 이어졌지만 수급 흐름은 엇갈렸다. SUV 판매 호조는 긍정 재료로, 기관과 외국인 수급 엇갈림은 리스크로 제시됐다.

질문: 기아 매수해도 돼?","제공된 참고 뉴스에 따르면 기아의 긍정 요인과 부담 요인은 확인되지만, 이 자료만으로 매수 여부를 판단할 수는 없습니다. 추가 실적, 밸류에이션, 수급 확인이 필요합니다."
"참고 뉴스:
제목: KB금융, 투자자 관심 지속
내용: 시장에서는 KB금융의 비은행 부문 실적 개선에 주목했다. 기사에서는 긍정적인 기대와 함께 원가 부담 증가을 함께 확인해야 한다고 설명했다.

질문: KB금융 분위기 어때?",이 참고 뉴스에서 확인되는 내용은 KB금융에 대한 분위기는 중립에서 긍정 쪽에 가깝습니다. 다만 원가 부담 증가이 있어 단정적으로 좋다고만 보기는 어렵습니다.
"참고 뉴스:
제목: 인터넷 업종 점검, 카카오 주목
내용: 카카오는 콘텐츠 사업 조정 관련 기대가 커졌지만, 단기적으로는 원가 부담 증가으로 변동성이 나타날 수 있다는 분석이 나왔다.

질문: 카카오 투자 판단할 때 뭘 더 봐야 해?","제공된 참고 뉴스에 따르면 기사에 나온 콘텐츠 사업 조정와 원가 부담 증가 외에도 실제 실적, 수급, 업종 전망, 밸류에이션을 함께 확인해야 합니다."
"참고 뉴스:
제목: 삼성SDI, 2차전지 업황 변화에 주목
내용: 삼성SDI는 프리미엄 배터리 수요 영향으로 실적 개선 기대가 언급됐다. 다만 수요 회복 속도 둔화는 부담 요인으로 꼽혔다.

질문: 삼성SDI 투자 판단할 때 뭘 더 봐야 해?","주어진 자료만 보면 기사에 나온 프리미엄 배터리 수요와 수요 회복 속도 둔화 외에도 실제 실적, 수급, 업종 전망, 밸류에이션을 함께 확인해야 합니다."
"참고 뉴스:
제목: 한국전력, 유틸리티 업황 변화에 주목
내용: 한국전력은 연료비 부담 완화 영향으로 실적 개선 기대가 언급됐다. 다만 원가 부담 증가는 부담 요인으로 꼽혔다.

질문: 한국전력 뉴스 근거를 들어 설명해줘","참고 뉴스 기준으로 근거는 기사에서 연료비 부담 완화를 긍정 요인으로 언급했고, 동시에 원가 부담 증가을 부담 요인으로 제시했다는 점입니다."
"참고 뉴스:
제목: CJ대한통운, 투자자 관심 지속
내용: 시장에서는 CJ대한통운의 운임 효율화에 주목했다. 기사에서는 긍정적인 기대와 함께 환율 변동성 확대을 함께 확인해야 한다고 설명했다.

질문: CJ대한통운 호재랑 부담 요인 나눠서 말해줘",이 참고 뉴스에서 확인되는 내용은 호재는 운임 효율화입니다. 부담 요인은 환율 변동성 확대입니다.
"참고 뉴스:
제목: 증권가, 셀트리온 실적 전망 점검
내용: 증권가에서는 셀트리온이 해외 판매망 강화 덕분에 투자 심리가 개선될 수 있다고 봤다. 반면 원가 부담 증가 때문에 추가 확인이 필요하다는 의견도 나왔다.

질문: 셀트리온 핵심만 정리해줘",이 참고 뉴스에서 확인되는 내용은 셀트리온은 해외 판매망 강화로 관심을 받고 있습니다. 다만 원가 부담 증가도 함께 언급되어 긍정 요인과 부담 요인이 같이 있는 상황입니다.
"참고 뉴스:
제목: 물류 업종 점검, CJ대한통운 주목
내용: CJ대한통운은 운임 효율화 관련 기대가 커졌지만, 단기적으로는 기관과 외국인 수급 엇갈림으로 변동성이 나타날 수 있다는 분석이 나왔다.

질문: CJ대한통운 뉴스 근거를 들어 설명해줘","참고 뉴스 기준으로 근거는 기사에서 운임 효율화를 긍정 요인으로 언급했고, 동시에 기관과 외국인 수급 엇갈림을 부담 요인으로 제시했다는 점입니다."
"참고 뉴스:
제목: CJ대한통운, 물류 업황 변화에 주목
내용: CJ대한통운은 운임 효율화 영향으로 실적 개선 기대가 언급됐다. 다만 실적 추정치 하향 가능성은 부담 요인으로 꼽혔다.

질문: CJ대한통운 한 문장으로 요약해줘",CJ대한통운은 운임 효율화 기대가 있지만 실적 추정치 하향 가능성도 함께 확인해야 하는 상황입니다.
"참고 뉴스:
제목: 카카오 관련 수급 변동성 확대
내용: 카카오는 인터넷 업종 내 관심이 이어졌지만 수급 흐름은 엇갈렸다. 플랫폼 비용 절감은 긍정 재료로, 경쟁 심화는 리스크로 제시됐다.

질문: 카카오 한 문장으로 요약해줘",카카오는 플랫폼 비용 절감 기대가 있지만 경쟁 심화도 함께 확인해야 하는 상황입니다.
"참고 뉴스:
제목: 증권가, LG에너지솔루션 실적 전망 점검
내용: 증권가에서는 LG에너지솔루션이 배터리 출하량 회복 기대 덕분에 투자 심리가 개선될 수 있다고 봤다. 반면 실적 추정치 하향 가능성 때문에 추가 확인이 필요하다는 의견도 나왔다.

질문: LG에너지솔루션 확인되는 내용만 말해줘","주어진 자료만 보면 LG에너지솔루션 관련 긍정 요인으로 배터리 출하량 회복 기대가 언급됐고, 부담 요인으로 실적 추정치 하향 가능성이 제시됐습니다."
"참고 뉴스:
제목: 삼성SDI, 투자자 관심 지속
내용: 시장에서는 삼성SDI의 고부가 제품 비중 증가에 주목했다. 기사에서는 긍정적인 기대와 함께 금리 불확실성을 함께 확인해야 한다고 설명했다.

질문: 삼성SDI 리스크 중심으로 정리해줘",참고 뉴스 기준으로 가장 중요한 리스크는 금리 불확실성입니다. 긍정 요인이 있어도 이 부담 요인이 커지면 주가 변동성이 확대될 수 있습니다.
"참고 뉴스:
제목: CJ대한통운, 투자자 관심 지속
내용: 시장에서는 CJ대한통운의 운임 효율화에 주목했다. 기사에서는 긍정적인 기대와 함께 경쟁 심화을 함께 확인해야 한다고 설명했다.

질문: CJ대한통운 매수해도 돼?","참고 뉴스 기준으로 CJ대한통운의 긍정 요인과 부담 요인은 확인되지만, 이 자료만으로 매수 여부를 판단할 수는 없습니다. 추가 실적, 밸류에이션, 수급 확인이 필요합니다."
"참고 뉴스:
제목: KB금융, 금융 업황 변화에 주목
내용: KB금융은 순이자마진 방어 영향으로 실적 개선 기대가 언급됐다. 다만 기관과 외국인 수급 엇갈림은 부담 요인으로 꼽혔다.

질문: KB금융 핵심만 정리해줘",참고 뉴스 기준으로 KB금융은 순이자마진 방어로 관심을 받고 있습니다. 다만 기관과 외국인 수급 엇갈림도 함께 언급되어 긍정 요인과 부담 요인이 같이 있는 상황입니다.
"참고 뉴스:
제목: 삼성SDI, 투자자 관심 지속
내용: 시장에서는 삼성SDI의 고부가 제품 비중 증가에 주목했다. 기사에서는 긍정적인 기대와 함께 차익 실현 매물 출회 가능성을 함께 확인해야 한다고 설명했다.

질문: 삼성SDI 목표주가 얼마야?",참고 뉴스에는 삼성SDI의 구체적인 목표주가가 제시되어 있지 않습니다. 제공된 자료만으로는 목표주가를 말할 수 없습니다.
"참고 뉴스:
제목: CJ대한통운, 투자자 관심 지속
내용: 시장에서는 CJ대한통운의 운임 효율화에 주목했다. 기사에서는 긍정적인 기대와 함께 원가 부담 증가을 함께 확인해야 한다고 설명했다.

질문: CJ대한통운 부담되는 내용도 있어?",제공된 참고 뉴스에 따르면 부담되는 내용은 원가 부담 증가입니다. 이 부분은 주가 변동성을 키울 수 있는 요인으로 언급됐습니다.
"참고 뉴스:
제목: 현대차 관련 수급 변동성 확대
내용: 현대차는 자동차 업종 내 관심이 이어졌지만 수급 흐름은 엇갈렸다. 북미 판매 호조는 긍정 재료로, 기관과 외국인 수급 엇갈림은 리스크로 제시됐다.

질문: 현대차 부담되는 내용도 있어?",참고 뉴스 기준으로 부담되는 내용은 기관과 외국인 수급 엇갈림입니다. 이 부분은 주가 변동성을 키울 수 있는 요인으로 언급됐습니다.
"참고 뉴스:
제목: 삼성바이오로직스 관련 수급 변동성 확대
내용: 삼성바이오로직스는 바이오 업종 내 관심이 이어졌지만 수급 흐름은 엇갈렸다. 위탁생산 수주 확대는 긍정 재료로, 기관과 외국인 수급 엇갈림은 리스크로 제시됐다.

질문: 삼성바이오로직스 투자 판단할 때 뭘 더 봐야 해?","제공된 참고 뉴스에 따르면 기사에 나온 위탁생산 수주 확대와 기관과 외국인 수급 엇갈림 외에도 실제 실적, 수급, 업종 전망, 밸류에이션을 함께 확인해야 합니다."
"참고 뉴스:
제목: 셀트리온 관련 수급 변동성 확대
내용: 셀트리온은 바이오 업종 내 관심이 이어졌지만 수급 흐름은 엇갈렸다. 해외 판매망 강화는 긍정 재료로, 기관과 외국인 수급 엇갈림은 리스크로 제시됐다.

질문: 셀트리온 호재랑 부담 요인 나눠서 말해줘",참고 뉴스 기준으로 호재는 해외 판매망 강화입니다. 부담 요인은 기관과 외국인 수급 엇갈림입니다.
"참고 뉴스:
제목: 하이브, 엔터 업황 변화에 주목
내용: 하이브는 콘텐츠 매출 증가 영향으로 실적 개선 기대가 언급됐다. 다만 기관과 외국인 수급 엇갈림은 부담 요인으로 꼽혔다.

질문: 하이브 확인되는 내용만 말해줘","주어진 자료만 보면 하이브 관련 긍정 요인으로 콘텐츠 매출 증가가 언급됐고, 부담 요인으로 기관과 외국인 수급 엇갈림이 제시됐습니다."
"참고 뉴스:
제목: 셀트리온, 투자자 관심 지속
내용: 시장에서는 셀트리온의 신제품 허가 기대에 주목했다. 기사에서는 긍정적인 기대와 함께 차익 실현 매물 출회 가능성을 함께 확인해야 한다고 설명했다.

질문: 셀트리온 긍정적인 내용이 있어?",주어진 자료만 보면 긍정적인 내용은 신제품 허가 기대로 인해 실적이나 투자 심리가 개선될 수 있다는 점입니다.
"참고 뉴스:
제목: 2차전지 업종 점검, 삼성SDI 주목
내용: 삼성SDI는 프리미엄 배터리 수요 관련 기대가 커졌지만, 단기적으로는 환율 변동성 확대으로 변동성이 나타날 수 있다는 분석이 나왔다.

질문: 삼성SDI 호재랑 부담 요인 나눠서 말해줘",제공된 참고 뉴스에 따르면 호재는 프리미엄 배터리 수요입니다. 부담 요인은 환율 변동성 확대입니다.
"참고 뉴스:
제목: 두산에너빌리티, 전력기기 업황 변화에 주목
내용: 두산에너빌리티는 전력 인프라 투자 확대 영향으로 실적 개선 기대가 언급됐다. 다만 경쟁 심화는 부담 요인으로 꼽혔다.

질문: 두산에너빌리티 리스크 중심으로 정리해줘",이 참고 뉴스에서 확인되는 내용은 가장 중요한 리스크는 경쟁 심화입니다. 긍정 요인이 있어도 이 부담 요인이 커지면 주가 변동성이 확대될 수 있습니다.
"참고 뉴스:
제목: 삼성SDI, 투자자 관심 지속
내용: 시장에서는 삼성SDI의 ESS 수요 확대에 주목했다. 기사에서는 긍정적인 기대와 함께 금리 불확실성을 함께 확인해야 한다고 설명했다.

질문: 삼성SDI 뉴스 근거를 들어 설명해줘","제공된 참고 뉴스에 따르면 근거는 기사에서 ESS 수요 확대를 긍정 요인으로 언급했고, 동시에 금리 불확실성을 부담 요인으로 제시했다는 점입니다."
"참고 뉴스:
제목: 현대차, 투자자 관심 지속
내용: 시장에서는 현대차의 북미 판매 호조에 주목했다. 기사에서는 긍정적인 기대와 함께 수요 회복 속도 둔화을 함께 확인해야 한다고 설명했다.

질문: 현대차 투자 판단할 때 뭘 더 봐야 해?","이 참고 뉴스에서 확인되는 내용은 기사에 나온 북미 판매 호조와 수요 회복 속도 둔화 외에도 실제 실적, 수급, 업종 전망, 밸류에이션을 함께 확인해야 합니다."
"참고 뉴스:
제목: 반도체 업종 점검, SK하이닉스 주목
내용: SK하이닉스는 HBM 공급 확대 관련 기대가 커졌지만, 단기적으로는 기관과 외국인 수급 엇갈림으로 변동성이 나타날 수 있다는 분석이 나왔다.

질문: SK하이닉스 핵심만 정리해줘",주어진 자료만 보면 SK하이닉스는 HBM 공급 확대로 관심을 받고 있습니다. 다만 기관과 외국인 수급 엇갈림도 함께 언급되어 긍정 요인과 부담 요인이 같이 있는 상황입니다.
"참고 뉴스:
제목: 화장품 업종 점검, 아모레퍼시픽 주목
내용: 아모레퍼시픽은 중국 소비 회복 기대 관련 기대가 커졌지만, 단기적으로는 수요 회복 속도 둔화으로 변동성이 나타날 수 있다는 분석이 나왔다.

질문: 아모레퍼시픽 리스크 중심으로 정리해줘",참고 뉴스 기준으로 가장 중요한 리스크는 수요 회복 속도 둔화입니다. 긍정 요인이 있어도 이 부담 요인이 커지면 주가 변동성이 확대될 수 있습니다.
"참고 뉴스:
제목: 증권가, 네이버 실적 전망 점검
내용: 증권가에서는 네이버가 AI 검색 서비스 고도화 덕분에 투자 심리가 개선될 수 있다고 봤다. 반면 금리 불확실성 때문에 추가 확인이 필요하다는 의견도 나왔다.

질문: 네이버 리스크 중심으로 정리해줘",이 참고 뉴스에서 확인되는 내용은 가장 중요한 리스크는 금리 불확실성입니다. 긍정 요인이 있어도 이 부담 요인이 커지면 주가 변동성이 확대될 수 있습니다.
"참고 뉴스:
제목: 카카오, 투자자 관심 지속
내용: 시장에서는 카카오의 커머스 서비스 개편에 주목했다. 기사에서는 긍정적인 기대와 함께 차익 실현 매물 출회 가능성을 함께 확인해야 한다고 설명했다.

질문: 카카오 목표주가 얼마야?",참고 뉴스에는 카카오의 구체적인 목표주가가 제시되어 있지 않습니다. 제공된 자료만으로는 목표주가를 말할 수 없습니다.
"참고 뉴스:
제목: 항공 업종 점검, 대한항공 주목
내용: 대한항공은 화물 운임 안정 관련 기대가 커졌지만, 단기적으로는 경쟁 심화으로 변동성이 나타날 수 있다는 분석이 나왔다.

질문: 대한항공 투자 판단할 때 뭘 더 봐야 해?","참고 뉴스 기준으로 기사에 나온 화물 운임 안정와 경쟁 심화 외에도 실제 실적, 수급, 업종 전망, 밸류에이션을 함께 확인해야 합니다."
"참고 뉴스:
제목: 기아, 자동차 업황 변화에 주목
내용: 기아는 고환율 수혜 기대 영향으로 실적 개선 기대가 언급됐다. 다만 원가 부담 증가는 부담 요인으로 꼽혔다.

질문: 기아 분위기 어때?",제공된 참고 뉴스에 따르면 기아에 대한 분위기는 중립에서 긍정 쪽에 가깝습니다. 다만 원가 부담 증가이 있어 단정적으로 좋다고만 보기는 어렵습니다.
"참고 뉴스:
제목: 삼성전자, 반도체 업황 변화에 주목
내용: 삼성전자는 AI 서버 수요 증가 영향으로 실적 개선 기대가 언급됐다. 다만 실적 추정치 하향 가능성은 부담 요인으로 꼽혔다.

질문: 삼성전자 한 문장으로 요약해줘",삼성전자는 AI 서버 수요 증가 기대가 있지만 실적 추정치 하향 가능성도 함께 확인해야 하는 상황입니다.
"참고 뉴스:
제목: SK하이닉스 관련 수급 변동성 확대
내용: SK하이닉스는 반도체 업종 내 관심이 이어졌지만 수급 흐름은 엇갈렸다. HBM 공급 확대는 긍정 재료로, 수요 회복 속도 둔화는 리스크로 제시됐다.

질문: SK하이닉스 분위기 어때?",제공된 참고 뉴스에 따르면 SK하이닉스에 대한 분위기는 중립에서 긍정 쪽에 가깝습니다. 다만 수요 회복 속도 둔화이 있어 단정적으로 좋다고만 보기는 어렵습니다.
"참고 뉴스:
제목: 한국전력, 투자자 관심 지속
내용: 시장에서는 한국전력의 연료비 부담 완화에 주목했다. 기사에서는 긍정적인 기대와 함께 수요 회복 속도 둔화을 함께 확인해야 한다고 설명했다.

질문: 한국전력 목표주가 얼마야?",참고 뉴스에는 한국전력의 구체적인 목표주가가 제시되어 있지 않습니다. 제공된 자료만으로는 목표주가를 말할 수 없습니다.
"참고 뉴스:
제목: 삼성SDI, 2차전지 기대
내용: 삼성SDI는 고부가 제품 비중 증가 영향으로 관심을 받았다. 부담 요인은 경쟁 심화이다.

제목: KB금융, 금융 점검
내용: KB금융은 순이자마진 방어 기대가 있지만 금리 불확실성도 함께 언급됐다.

질문: 두 뉴스에서 확인되는 리스크를 정리해줘","참고 뉴스에서 확인되는 리스크는 삼성SDI의 경쟁 심화, KB금융의 금리 불확실성입니다."
"참고 뉴스:
제목: 네이버 관련 수급 변동성 확대
내용: 네이버는 인터넷 업종 내 관심이 이어졌지만 수급 흐름은 엇갈렸다. AI 검색 서비스 고도화은 긍정 재료로, 원가 부담 증가는 리스크로 제시됐다.

질문: 네이버 매수해도 돼?","참고 뉴스 기준으로 네이버의 긍정 요인과 부담 요인은 확인되지만, 이 자료만으로 매수 여부를 판단할 수는 없습니다. 추가 실적, 밸류에이션, 수급 확인이 필요합니다."
"참고 뉴스:
제목: 하이브 관련 수급 변동성 확대
내용: 하이브는 엔터 업종 내 관심이 이어졌지만 수급 흐름은 엇갈렸다. 콘텐츠 매출 증가는 긍정 재료로, 실적 추정치 하향 가능성은 리스크로 제시됐다.

질문: 하이브 부담되는 내용도 있어?",제공된 참고 뉴스에 따르면 부담되는 내용은 실적 추정치 하향 가능성입니다. 이 부분은 주가 변동성을 키울 수 있는 요인으로 언급됐습니다.
"참고 뉴스:
제목: 셀트리온, 바이오 업황 변화에 주목
내용: 셀트리온은 신제품 허가 기대 영향으로 실적 개선 기대가 언급됐다. 다만 원가 부담 증가는 부담 요인으로 꼽혔다.

질문: 셀트리온 한 문장으로 요약해줘",셀트리온은 신제품 허가 기대 기대가 있지만 원가 부담 증가도 함께 확인해야 하는 상황입니다.
"참고 뉴스:
제목: 인터넷 업종 점검, 카카오 주목
내용: 카카오는 콘텐츠 사업 조정 관련 기대가 커졌지만, 단기적으로는 금리 불확실성으로 변동성이 나타날 수 있다는 분석이 나왔다.

질문: 카카오 뉴스 근거를 들어 설명해줘","주어진 자료만 보면 근거는 기사에서 콘텐츠 사업 조정를 긍정 요인으로 언급했고, 동시에 금리 불확실성을 부담 요인으로 제시했다는 점입니다."
"참고 뉴스:
제목: 신한지주, 금융 업황 변화에 주목
내용: 신한지주는 배당 확대 기대 영향으로 실적 개선 기대가 언급됐다. 다만 경쟁 심화는 부담 요인으로 꼽혔다.

질문: 신한지주 분위기 어때?",제공된 참고 뉴스에 따르면 신한지주에 대한 분위기는 중립에서 긍정 쪽에 가깝습니다. 다만 경쟁 심화이 있어 단정적으로 좋다고만 보기는 어렵습니다.
"참고 뉴스:
제목: 삼성SDI, 2차전지 업황 변화에 주목
내용: 삼성SDI는 고부가 제품 비중 증가 영향으로 실적 개선 기대가 언급됐다. 다만 차익 실현 매물 출회 가능성은 부담 요인으로 꼽혔다.

질문: 삼성SDI 투자 판단할 때 뭘 더 봐야 해?","이 참고 뉴스에서 확인되는 내용은 기사에 나온 고부가 제품 비중 증가와 차익 실현 매물 출회 가능성 외에도 실제 실적, 수급, 업종 전망, 밸류에이션을 함께 확인해야 합니다."
"참고 뉴스:
제목: 신한지주, 금융 업황 변화에 주목
내용: 신한지주는 건전성 관리 강화 영향으로 실적 개선 기대가 언급됐다. 다만 기관과 외국인 수급 엇갈림은 부담 요인으로 꼽혔다.

질문: 신한지주 핵심만 정리해줘",주어진 자료만 보면 신한지주는 건전성 관리 강화로 관심을 받고 있습니다. 다만 기관과 외국인 수급 엇갈림도 함께 언급되어 긍정 요인과 부담 요인이 같이 있는 상황입니다.
"참고 뉴스:
제목: 삼성바이오로직스 관련 수급 변동성 확대
내용: 삼성바이오로직스는 바이오 업종 내 관심이 이어졌지만 수급 흐름은 엇갈렸다. 위탁생산 수주 확대는 긍정 재료로, 금리 불확실성은 리스크로 제시됐다.

질문: 삼성바이오로직스 핵심만 정리해줘",이 참고 뉴스에서 확인되는 내용은 삼성바이오로직스는 위탁생산 수주 확대로 관심을 받고 있습니다. 다만 금리 불확실성도 함께 언급되어 긍정 요인과 부담 요인이 같이 있는 상황입니다.
"참고 뉴스:
제목: 유틸리티 업종 점검, 한국전력 주목
내용: 한국전력은 전기요금 조정 기대 관련 기대가 커졌지만, 단기적으로는 실적 추정치 하향 가능성으로 변동성이 나타날 수 있다는 분석이 나왔다.

질문: 한국전력 호재랑 부담 요인 나눠서 말해줘",참고 뉴스 기준으로 호재는 전기요금 조정 기대입니다. 부담 요인은 실적 추정치 하향 가능성입니다.
"참고 뉴스:
제목: CJ대한통운, 물류 업황 변화에 주목
내용: CJ대한통운은 운임 효율화 영향으로 실적 개선 기대가 언급됐다. 다만 금리 불확실성은 부담 요인으로 꼽혔다.

질문: CJ대한통운 분위기 어때?",주어진 자료만 보면 CJ대한통운에 대한 분위기는 중립에서 긍정 쪽에 가깝습니다. 다만 금리 불확실성이 있어 단정적으로 좋다고만 보기는 어렵습니다.
"참고 뉴스:
제목: 신한지주 관련 수급 변동성 확대
내용: 신한지주는 금융 업종 내 관심이 이어졌지만 수급 흐름은 엇갈렸다. 건전성 관리 강화는 긍정 재료로, 기관과 외국인 수급 엇갈림은 리스크로 제시됐다.

질문: 신한지주 분위기 어때?",주어진 자료만 보면 신한지주에 대한 분위기는 중립에서 긍정 쪽에 가깝습니다. 다만 기관과 외국인 수급 엇갈림이 있어 단정적으로 좋다고만 보기는 어렵습니다.
"참고 뉴스:
제목: 하이브, 엔터 업황 변화에 주목
내용: 하이브는 콘텐츠 매출 증가 영향으로 실적 개선 기대가 언급됐다. 다만 환율 변동성 확대는 부담 요인으로 꼽혔다.

질문: 하이브 분위기 어때?",주어진 자료만 보면 하이브에 대한 분위기는 중립에서 긍정 쪽에 가깝습니다. 다만 환율 변동성 확대이 있어 단정적으로 좋다고만 보기는 어렵습니다.
"참고 뉴스:
제목: 항공 업종 점검, 대한항공 주목
내용: 대한항공은 화물 운임 안정 관련 기대가 커졌지만, 단기적으로는 차익 실현 매물 출회 가능성으로 변동성이 나타날 수 있다는 분석이 나왔다.

질문: 대한항공 부담되는 내용도 있어?",참고 뉴스 기준으로 부담되는 내용은 차익 실현 매물 출회 가능성입니다. 이 부분은 주가 변동성을 키울 수 있는 요인으로 언급됐습니다.
"참고 뉴스:
제목: KB금융, 금융 업황 변화에 주목
내용: KB금융은 비은행 부문 실적 개선 영향으로 실적 개선 기대가 언급됐다. 다만 환율 변동성 확대는 부담 요인으로 꼽혔다.

질문: KB금융 호재랑 부담 요인 나눠서 말해줘",참고 뉴스 기준으로 호재는 비은행 부문 실적 개선입니다. 부담 요인은 환율 변동성 확대입니다.
"참고 뉴스:
제목: 한국전력, 유틸리티 업황 변화에 주목
내용: 한국전력은 연료비 부담 완화 영향으로 실적 개선 기대가 언급됐다. 다만 환율 변동성 확대는 부담 요인으로 꼽혔다.

질문: 한국전력 목표주가 얼마야?",참고 뉴스에는 한국전력의 구체적인 목표주가가 제시되어 있지 않습니다. 제공된 자료만으로는 목표주가를 말할 수 없습니다.
"참고 뉴스:
제목: 증권가, 한화에어로스페이스 실적 전망 점검
내용: 증권가에서는 한화에어로스페이스가 수주 잔고 확대 덕분에 투자 심리가 개선될 수 있다고 봤다. 반면 환율 변동성 확대 때문에 추가 확인이 필요하다는 의견도 나왔다.

질문: 한화에어로스페이스 긍정적인 내용이 있어?",제공된 참고 뉴스에 따르면 긍정적인 내용은 수주 잔고 확대로 인해 실적이나 투자 심리가 개선될 수 있다는 점입니다.
"참고 뉴스:
제목: 증권가, 삼성SDI 실적 전망 점검
내용: 증권가에서는 삼성SDI가 프리미엄 배터리 수요 덕분에 투자 심리가 개선될 수 있다고 봤다. 반면 원가 부담 증가 때문에 추가 확인이 필요하다는 의견도 나왔다.

질문: 삼성SDI 매수해도 돼?","제공된 참고 뉴스에 따르면 삼성SDI의 긍정 요인과 부담 요인은 확인되지만, 이 자료만으로 매수 여부를 판단할 수는 없습니다. 추가 실적, 밸류에이션, 수급 확인이 필요합니다."
"참고 뉴스:
제목: 삼성전자, 반도체 기대
내용: 삼성전자는 파운드리 수익성 개선 기대 영향으로 관심을 받았다. 부담 요인은 경쟁 심화이다.

제목: 기아, 자동차 점검
내용: 기아는 북미 시장 점유율 개선 기대가 있지만 원가 부담 증가도 함께 언급됐다.

질문: 두 뉴스에서 확인되는 리스크를 정리해줘","참고 뉴스에서 확인되는 리스크는 삼성전자의 경쟁 심화, 기아의 원가 부담 증가입니다."
"참고 뉴스:
제목: 증권가, 대한항공 실적 전망 점검
내용: 증권가에서는 대한항공이 유가 하락 기대 덕분에 투자 심리가 개선될 수 있다고 봤다. 반면 원가 부담 증가 때문에 추가 확인이 필요하다는 의견도 나왔다.

질문: 대한항공 긍정적인 내용이 있어?",제공된 참고 뉴스에 따르면 긍정적인 내용은 유가 하락 기대로 인해 실적이나 투자 심리가 개선될 수 있다는 점입니다.
"참고 뉴스:
제목: 삼성SDI, 투자자 관심 지속
내용: 시장에서는 삼성SDI의 프리미엄 배터리 수요에 주목했다. 기사에서는 긍정적인 기대와 함께 수요 회복 속도 둔화을 함께 확인해야 한다고 설명했다.

질문: 삼성SDI 분위기 어때?",참고 뉴스 기준으로 삼성SDI에 대한 분위기는 중립에서 긍정 쪽에 가깝습니다. 다만 수요 회복 속도 둔화이 있어 단정적으로 좋다고만 보기는 어렵습니다.
"참고 뉴스:
제목: 두산에너빌리티, 전력기기 업황 변화에 주목
내용: 두산에너빌리티는 원전 수주 기대 영향으로 실적 개선 기대가 언급됐다. 다만 수요 회복 속도 둔화는 부담 요인으로 꼽혔다.

질문: 두산에너빌리티 한 문장으로 요약해줘",두산에너빌리티는 원전 수주 기대 기대가 있지만 수요 회복 속도 둔화도 함께 확인해야 하는 상황입니다.
"참고 뉴스:
제목: 신한지주 관련 수급 변동성 확대
내용: 신한지주는 금융 업종 내 관심이 이어졌지만 수급 흐름은 엇갈렸다. 자사주 매입 기대는 긍정 재료로, 경쟁 심화는 리스크로 제시됐다.

질문: 신한지주 핵심만 정리해줘",참고 뉴스 기준으로 신한지주는 자사주 매입 기대로 관심을 받고 있습니다. 다만 경쟁 심화도 함께 언급되어 긍정 요인과 부담 요인이 같이 있는 상황입니다.
"참고 뉴스:
제목: 기아, 자동차 기대
내용: 기아는 고환율 수혜 기대 영향으로 관심을 받았다. 부담 요인은 수요 회복 속도 둔화이다.

제목: 대한항공, 항공 점검
내용: 대한항공은 유가 하락 기대 기대가 있지만 경쟁 심화도 함께 언급됐다.

질문: 두 기업 중 뉴스가 더 긍정적인 쪽을 말해줘",제공된 참고 뉴스만 보면 두 기업 모두 긍정 요인이 있습니다. 다만 어느 쪽이 더 좋다고 단정하려면 실적 수치와 수급 정보가 더 필요합니다.
"참고 뉴스:
제목: CJ대한통운, 물류 업황 변화에 주목
내용: CJ대한통운은 택배 물동량 회복 영향으로 실적 개선 기대가 언급됐다. 다만 원가 부담 증가는 부담 요인으로 꼽혔다.

질문: CJ대한통운 투자 판단할 때 뭘 더 봐야 해?","참고 뉴스 기준으로 기사에 나온 택배 물동량 회복와 원가 부담 증가 외에도 실제 실적, 수급, 업종 전망, 밸류에이션을 함께 확인해야 합니다."
"참고 뉴스:
제목: 증권가, 삼성바이오로직스 실적 전망 점검
내용: 증권가에서는 삼성바이오로직스가 공장 가동률 개선 덕분에 투자 심리가 개선될 수 있다고 봤다. 반면 수요 회복 속도 둔화 때문에 추가 확인이 필요하다는 의견도 나왔다.

질문: 삼성바이오로직스 분위기 어때?",참고 뉴스 기준으로 삼성바이오로직스에 대한 분위기는 중립에서 긍정 쪽에 가깝습니다. 다만 수요 회복 속도 둔화이 있어 단정적으로 좋다고만 보기는 어렵습니다.
"참고 뉴스:
제목: CJ대한통운, 투자자 관심 지속
내용: 시장에서는 CJ대한통운의 운임 효율화에 주목했다. 기사에서는 긍정적인 기대와 함께 차익 실현 매물 출회 가능성을 함께 확인해야 한다고 설명했다.

질문: CJ대한통운 호재랑 부담 요인 나눠서 말해줘",제공된 참고 뉴스에 따르면 호재는 운임 효율화입니다. 부담 요인은 차익 실현 매물 출회 가능성입니다.
"참고 뉴스:
제목: POSCO홀딩스, 투자자 관심 지속
내용: 시장에서는 POSCO홀딩스의 리튬 사업 기대에 주목했다. 기사에서는 긍정적인 기대와 함께 경쟁 심화을 함께 확인해야 한다고 설명했다.

질문: POSCO홀딩스 분위기 어때?",제공된 참고 뉴스에 따르면 POSCO홀딩스에 대한 분위기는 중립에서 긍정 쪽에 가깝습니다. 다만 경쟁 심화이 있어 단정적으로 좋다고만 보기는 어렵습니다.
"참고 뉴스:
제목: 물류 업종 점검, CJ대한통운 주목
내용: CJ대한통운은 자동화 투자 효과 관련 기대가 커졌지만, 단기적으로는 금리 불확실성으로 변동성이 나타날 수 있다는 분석이 나왔다.

질문: CJ대한통운 목표주가 얼마야?",참고 뉴스에는 CJ대한통운의 구체적인 목표주가가 제시되어 있지 않습니다. 제공된 자료만으로는 목표주가를 말할 수 없습니다.
"참고 뉴스:
제목: POSCO홀딩스, 철강 업황 변화에 주목
내용: POSCO홀딩스는 철강 가격 반등 기대 영향으로 실적 개선 기대가 언급됐다. 다만 기관과 외국인 수급 엇갈림은 부담 요인으로 꼽혔다.

질문: POSCO홀딩스 확인되는 내용만 말해줘","참고 뉴스 기준으로 POSCO홀딩스 관련 긍정 요인으로 철강 가격 반등 기대가 언급됐고, 부담 요인으로 기관과 외국인 수급 엇갈림이 제시됐습니다."
"참고 뉴스:
제목: 금융 업종 점검, 신한지주 주목
내용: 신한지주는 배당 확대 기대 관련 기대가 커졌지만, 단기적으로는 실적 추정치 하향 가능성으로 변동성이 나타날 수 있다는 분석이 나왔다.

질문: 신한지주 호재랑 부담 요인 나눠서 말해줘",참고 뉴스 기준으로 호재는 배당 확대 기대입니다. 부담 요인은 실적 추정치 하향 가능성입니다.
"참고 뉴스:
제목: 반도체 업종 점검, SK하이닉스 주목
내용: SK하이닉스는 데이터센터 투자 증가 관련 기대가 커졌지만, 단기적으로는 실적 추정치 하향 가능성으로 변동성이 나타날 수 있다는 분석이 나왔다.

질문: SK하이닉스 부담되는 내용도 있어?",주어진 자료만 보면 부담되는 내용은 실적 추정치 하향 가능성입니다. 이 부분은 주가 변동성을 키울 수 있는 요인으로 언급됐습니다.
"참고 뉴스:
제목: 삼성전자, 반도체 업황 변화에 주목
내용: 삼성전자는 파운드리 수익성 개선 기대 영향으로 실적 개선 기대가 언급됐다. 다만 금리 불확실성은 부담 요인으로 꼽혔다.

질문: 삼성전자 한 문장으로 요약해줘",삼성전자는 파운드리 수익성 개선 기대 기대가 있지만 금리 불확실성도 함께 확인해야 하는 상황입니다.
"참고 뉴스:
제목: 금융 업종 점검, 신한지주 주목
내용: 신한지주는 배당 확대 기대 관련 기대가 커졌지만, 단기적으로는 기관과 외국인 수급 엇갈림으로 변동성이 나타날 수 있다는 분석이 나왔다.

질문: 신한지주 투자 판단할 때 뭘 더 봐야 해?","제공된 참고 뉴스에 따르면 기사에 나온 배당 확대 기대와 기관과 외국인 수급 엇갈림 외에도 실제 실적, 수급, 업종 전망, 밸류에이션을 함께 확인해야 합니다."
"참고 뉴스:
제목: 삼성전자, 반도체 업황 회복 기대
내용: 증권가는 메모리 반도체 가격 회복과 AI 서버 투자 확대가 삼성전자 실적 개선에 긍정적으로 작용할 수 있다고 분석했다. 다만 단기 주가 흐름은 환율과 외국인 수급에 따라 변동성이 클 수 있다고 설명했다.

질문: 삼성전자 리스크도 있어?",참고 뉴스에서 언급된 리스크는 단기 주가 변동성입니다. 환율과 외국인 수급에 따라 주가 흐름이 흔들릴 수 있다고 설명하고 있습니다.
"참고 뉴스:
제목: 증권가, 셀트리온 실적 전망 점검
내용: 증권가에서는 셀트리온이 신제품 허가 기대 덕분에 투자 심리가 개선될 수 있다고 봤다. 반면 차익 실현 매물 출회 가능성 때문에 추가 확인이 필요하다는 의견도 나왔다.

질문: 셀트리온 호재랑 부담 요인 나눠서 말해줘",이 참고 뉴스에서 확인되는 내용은 호재는 신제품 허가 기대입니다. 부담 요인은 차익 실현 매물 출회 가능성입니다.
"참고 뉴스:
제목: 한화에어로스페이스, 투자자 관심 지속
내용: 시장에서는 한화에어로스페이스의 수주 잔고 확대에 주목했다. 기사에서는 긍정적인 기대와 함께 경쟁 심화을 함께 확인해야 한다고 설명했다.

질문: 한화에어로스페이스 확인되는 내용만 말해줘","이 참고 뉴스에서 확인되는 내용은 한화에어로스페이스 관련 긍정 요인으로 수주 잔고 확대가 언급됐고, 부담 요인으로 경쟁 심화이 제시됐습니다."
"참고 뉴스:
제목: LG에너지솔루션, 투자자 관심 지속
내용: 시장에서는 LG에너지솔루션의 원재료 가격 안정에 주목했다. 기사에서는 긍정적인 기대와 함께 실적 추정치 하향 가능성을 함께 확인해야 한다고 설명했다.

질문: LG에너지솔루션 투자 판단할 때 뭘 더 봐야 해?","이 참고 뉴스에서 확인되는 내용은 기사에 나온 원재료 가격 안정와 실적 추정치 하향 가능성 외에도 실제 실적, 수급, 업종 전망, 밸류에이션을 함께 확인해야 합니다."
"참고 뉴스:
제목: 셀트리온 관련 수급 변동성 확대
내용: 셀트리온은 바이오 업종 내 관심이 이어졌지만 수급 흐름은 엇갈렸다. 해외 판매망 강화는 긍정 재료로, 원가 부담 증가는 리스크로 제시됐다.

질문: 셀트리온 리스크 중심으로 정리해줘",주어진 자료만 보면 가장 중요한 리스크는 원가 부담 증가입니다. 긍정 요인이 있어도 이 부담 요인이 커지면 주가 변동성이 확대될 수 있습니다.
"참고 뉴스:
제목: 아모레퍼시픽, 투자자 관심 지속
내용: 시장에서는 아모레퍼시픽의 중국 소비 회복 기대에 주목했다. 기사에서는 긍정적인 기대와 함께 수요 회복 속도 둔화을 함께 확인해야 한다고 설명했다.

질문: 아모레퍼시픽 뉴스 근거를 들어 설명해줘","주어진 자료만 보면 근거는 기사에서 중국 소비 회복 기대를 긍정 요인으로 언급했고, 동시에 수요 회복 속도 둔화을 부담 요인으로 제시했다는 점입니다."
"참고 뉴스:
제목: POSCO홀딩스, 철강 기대
내용: POSCO홀딩스는 리튬 사업 기대 영향으로 관심을 받았다. 부담 요인은 기관과 외국인 수급 엇갈림이다.

제목: 삼성SDI, 2차전지 점검
내용: 삼성SDI는 고부가 제품 비중 증가 기대가 있지만 금리 불확실성도 함께 언급됐다.

질문: 두 뉴스의 공통점과 차이점을 정리해줘","참고 뉴스 기준으로 두 기업 모두 긍정 요인과 부담 요인이 함께 언급됐습니다. 차이점은 POSCO홀딩스는 리튬 사업 기대가 강조됐고, 삼성SDI는 고부가 제품 비중 증가와 함께 금리 불확실성도 제시됐다는 점입니다."
"참고 뉴스:
제목: POSCO홀딩스 관련 수급 변동성 확대
내용: POSCO홀딩스는 철강 업종 내 관심이 이어졌지만 수급 흐름은 엇갈렸다. 철강 가격 반등 기대는 긍정 재료로, 원가 부담 증가는 리스크로 제시됐다.

질문: POSCO홀딩스 분위기 어때?",제공된 참고 뉴스에 따르면 POSCO홀딩스에 대한 분위기는 중립에서 긍정 쪽에 가깝습니다. 다만 원가 부담 증가이 있어 단정적으로 좋다고만 보기는 어렵습니다.
"참고 뉴스:
제목: LG에너지솔루션 관련 수급 변동성 확대
내용: LG에너지솔루션은 2차전지 업종 내 관심이 이어졌지만 수급 흐름은 엇갈렸다. 배터리 출하량 회복 기대는 긍정 재료로, 기관과 외국인 수급 엇갈림은 리스크로 제시됐다.

질문: LG에너지솔루션 투자 판단할 때 뭘 더 봐야 해?","이 참고 뉴스에서 확인되는 내용은 기사에 나온 배터리 출하량 회복 기대와 기관과 외국인 수급 엇갈림 외에도 실제 실적, 수급, 업종 전망, 밸류에이션을 함께 확인해야 합니다."
"참고 뉴스:
제목: 철강 업종 점검, POSCO홀딩스 주목
내용: POSCO홀딩스는 철강 가격 반등 기대 관련 기대가 커졌지만, 단기적으로는 경쟁 심화으로 변동성이 나타날 수 있다는 분석이 나왔다.

질문: POSCO홀딩스 리스크 중심으로 정리해줘",이 참고 뉴스에서 확인되는 내용은 가장 중요한 리스크는 경쟁 심화입니다. 긍정 요인이 있어도 이 부담 요인이 커지면 주가 변동성이 확대될 수 있습니다.
"참고 뉴스:
제목: 삼성SDI, 2차전지 업황 변화에 주목
내용: 삼성SDI는 프리미엄 배터리 수요 영향으로 실적 개선 기대가 언급됐다. 다만 환율 변동성 확대는 부담 요인으로 꼽혔다.

질문: 삼성SDI 목표주가 얼마야?",참고 뉴스에는 삼성SDI의 구체적인 목표주가가 제시되어 있지 않습니다. 제공된 자료만으로는 목표주가를 말할 수 없습니다.
"참고 뉴스:
제목: 반도체 업종 점검, SK하이닉스 주목
내용: SK하이닉스는 고부가 메모리 수요 증가 관련 기대가 커졌지만, 단기적으로는 수요 회복 속도 둔화으로 변동성이 나타날 수 있다는 분석이 나왔다.

질문: SK하이닉스 긍정적인 내용이 있어?",제공된 참고 뉴스에 따르면 긍정적인 내용은 고부가 메모리 수요 증가로 인해 실적이나 투자 심리가 개선될 수 있다는 점입니다.
"참고 뉴스:
제목: 바이오 업종 점검, 삼성바이오로직스 주목
내용: 삼성바이오로직스는 장기 공급계약 증가 관련 기대가 커졌지만, 단기적으로는 차익 실현 매물 출회 가능성으로 변동성이 나타날 수 있다는 분석이 나왔다.

질문: 삼성바이오로직스 매수해도 돼?","이 참고 뉴스에서 확인되는 내용은 삼성바이오로직스의 긍정 요인과 부담 요인은 확인되지만, 이 자료만으로 매수 여부를 판단할 수는 없습니다. 추가 실적, 밸류에이션, 수급 확인이 필요합니다."
"참고 뉴스:
제목: 신한지주, 금융 업황 변화에 주목
내용: 신한지주는 배당 확대 기대 영향으로 실적 개선 기대가 언급됐다. 다만 원가 부담 증가는 부담 요인으로 꼽혔다.

질문: 신한지주 확인되는 내용만 말해줘","제공된 참고 뉴스에 따르면 신한지주 관련 긍정 요인으로 배당 확대 기대가 언급됐고, 부담 요인으로 원가 부담 증가이 제시됐습니다."
"참고 뉴스:
제목: 2차전지 업종 점검, 삼성SDI 주목
내용: 삼성SDI는 고부가 제품 비중 증가 관련 기대가 커졌지만, 단기적으로는 수요 회복 속도 둔화으로 변동성이 나타날 수 있다는 분석이 나왔다.

질문: 삼성SDI 뉴스 근거를 들어 설명해줘","참고 뉴스 기준으로 근거는 기사에서 고부가 제품 비중 증가를 긍정 요인으로 언급했고, 동시에 수요 회복 속도 둔화을 부담 요인으로 제시했다는 점입니다."
"참고 뉴스:
제목: 2차전지주, 전기차 수요 둔화 우려에 약세
내용: 2차전지 관련주는 전기차 판매 성장률 둔화와 배터리 소재 가격 변동성 우려로 하락했다. 일부 증권사는 장기 성장성은 유효하지만 단기 실적 부담이 이어질 수 있다고 전망했다.

질문: 이 뉴스에서 확인할 수 있는 내용만 말해줘","참고 뉴스에서 확인할 수 있는 내용은 다음과 같습니다. 2차전지주는 전기차 수요 둔화 우려와 배터리 소재 가격 변동성 때문에 약세를 보였습니다. 장기 성장성은 여전히 언급되지만, 단기 실적 부담은 이어질 수 있다는 전망입니다."
"참고 뉴스:
제목: 한화에어로스페이스 관련 수급 변동성 확대
내용: 한화에어로스페이스는 방산 업종 내 관심이 이어졌지만 수급 흐름은 엇갈렸다. 방산 수출 기대는 긍정 재료로, 금리 불확실성은 리스크로 제시됐다.

질문: 한화에어로스페이스 투자 판단할 때 뭘 더 봐야 해?","주어진 자료만 보면 기사에 나온 방산 수출 기대와 금리 불확실성 외에도 실제 실적, 수급, 업종 전망, 밸류에이션을 함께 확인해야 합니다."
"참고 뉴스:
제목: 증권가, 네이버 실적 전망 점검
내용: 증권가에서는 네이버가 AI 검색 서비스 고도화 덕분에 투자 심리가 개선될 수 있다고 봤다. 반면 금리 불확실성 때문에 추가 확인이 필요하다는 의견도 나왔다.

질문: 네이버 호재랑 부담 요인 나눠서 말해줘",주어진 자료만 보면 호재는 AI 검색 서비스 고도화입니다. 부담 요인은 금리 불확실성입니다.
"참고 뉴스:
제목: KB금융, 금융 업종 내 관심 지속
내용: KB금융은 주주환원 기대와 관련해 투자자 관심이 이어졌다. 기사에는 목표주가, 배당금, 구체적인 실적 수치, 밸류에이션 지표는 포함되지 않았다.

질문: KB금융 이번 분기 영업이익 숫자 알려줘",참고 뉴스에는 KB금융의 영업이익 정보가 나와 있지 않습니다. 제공된 자료만으로는 영업이익을 확인할 수 없습니다.
"참고 뉴스:
제목: 화장품 업종 점검, 아모레퍼시픽 주목
내용: 아모레퍼시픽은 면세 채널 개선 관련 기대가 커졌지만, 단기적으로는 원가 부담 증가으로 변동성이 나타날 수 있다는 분석이 나왔다.

질문: 아모레퍼시픽 부담되는 내용도 있어?",참고 뉴스 기준으로 부담되는 내용은 원가 부담 증가입니다. 이 부분은 주가 변동성을 키울 수 있는 요인으로 언급됐습니다.
"참고 뉴스:
제목: 코스피, 외국인 매수세에 상승 마감
내용: 국내 증시는 외국인 순매수와 반도체 대형주의 강세에 힘입어 상승 마감했다. 전문가들은 금리 인하 기대가 투자 심리를 지지했지만, 단기 급등에 따른 차익 실현 매물도 주의해야 한다고 말했다.

질문: 오늘 증시 왜 올랐어?",국내 증시 상승 배경은 외국인 순매수와 반도체 대형주 강세입니다. 여기에 금리 인하 기대가 투자 심리를 지지한 점도 영향을 준 것으로 보입니다.
"참고 뉴스:
제목: KB금융, 금융 기대
내용: KB금융은 주주환원 기대 영향으로 관심을 받았다. 부담 요인은 원가 부담 증가이다.

제목: 삼성전자, 반도체 점검
내용: 삼성전자는 AI 서버 수요 증가 기대가 있지만 원가 부담 증가도 함께 언급됐다.

질문: 두 뉴스에서 확인되는 리스크를 정리해줘","참고 뉴스에서 확인되는 리스크는 KB금융의 원가 부담 증가, 삼성전자의 원가 부담 증가입니다."
"참고 뉴스:
제목: 삼성SDI, 2차전지 업황 변화에 주목
내용: 삼성SDI는 ESS 수요 확대 영향으로 실적 개선 기대가 언급됐다. 다만 금리 불확실성은 부담 요인으로 꼽혔다.

질문: 삼성SDI 목표주가 얼마야?",참고 뉴스에는 삼성SDI의 구체적인 목표주가가 제시되어 있지 않습니다. 제공된 자료만으로는 목표주가를 말할 수 없습니다.
"참고 뉴스:
제목: SK하이닉스 관련 수급 변동성 확대
내용: SK하이닉스는 반도체 업종 내 관심이 이어졌지만 수급 흐름은 엇갈렸다. HBM 공급 확대는 긍정 재료로, 수요 회복 속도 둔화는 리스크로 제시됐다.

질문: SK하이닉스 목표주가 얼마야?",참고 뉴스에는 SK하이닉스의 구체적인 목표주가가 제시되어 있지 않습니다. 제공된 자료만으로는 목표주가를 말할 수 없습니다.
"참고 뉴스:
제목: 증권가, 삼성전자 실적 전망 점검
내용: 증권가에서는 삼성전자가 AI 서버 수요 증가 덕분에 투자 심리가 개선될 수 있다고 봤다. 반면 환율 변동성 확대 때문에 추가 확인이 필요하다는 의견도 나왔다.

질문: 삼성전자 투자 판단할 때 뭘 더 봐야 해?","참고 뉴스 기준으로 기사에 나온 AI 서버 수요 증가와 환율 변동성 확대 외에도 실제 실적, 수급, 업종 전망, 밸류에이션을 함께 확인해야 합니다."
"참고 뉴스:
제목: CJ대한통운, 물류 업황 변화에 주목
내용: CJ대한통운은 택배 물동량 회복 영향으로 실적 개선 기대가 언급됐다. 다만 환율 변동성 확대는 부담 요인으로 꼽혔다.

질문: CJ대한통운 호재랑 부담 요인 나눠서 말해줘",이 참고 뉴스에서 확인되는 내용은 호재는 택배 물동량 회복입니다. 부담 요인은 환율 변동성 확대입니다.
"참고 뉴스:
제목: 2차전지 업종 점검, LG에너지솔루션 주목
내용: LG에너지솔루션은 배터리 출하량 회복 기대 관련 기대가 커졌지만, 단기적으로는 환율 변동성 확대으로 변동성이 나타날 수 있다는 분석이 나왔다.

질문: LG에너지솔루션 한 문장으로 요약해줘",LG에너지솔루션은 배터리 출하량 회복 기대 기대가 있지만 환율 변동성 확대도 함께 확인해야 하는 상황입니다.
"참고 뉴스:
제목: 삼성전자, 반도체 업황 변화에 주목
내용: 삼성전자는 파운드리 수익성 개선 기대 영향으로 실적 개선 기대가 언급됐다. 다만 수요 회복 속도 둔화는 부담 요인으로 꼽혔다.

질문: 삼성전자 리스크 중심으로 정리해줘",이 참고 뉴스에서 확인되는 내용은 가장 중요한 리스크는 수요 회복 속도 둔화입니다. 긍정 요인이 있어도 이 부담 요인이 커지면 주가 변동성이 확대될 수 있습니다.
"참고 뉴스:
제목: 증권가, 기아 실적 전망 점검
내용: 증권가에서는 기아가 SUV 판매 호조 덕분에 투자 심리가 개선될 수 있다고 봤다. 반면 금리 불확실성 때문에 추가 확인이 필요하다는 의견도 나왔다.

질문: 기아 매수해도 돼?","참고 뉴스 기준으로 기아의 긍정 요인과 부담 요인은 확인되지만, 이 자료만으로 매수 여부를 판단할 수는 없습니다. 추가 실적, 밸류에이션, 수급 확인이 필요합니다."
"참고 뉴스:
제목: 대한항공, 투자자 관심 지속
내용: 시장에서는 대한항공의 유가 하락 기대에 주목했다. 기사에서는 긍정적인 기대와 함께 수요 회복 속도 둔화을 함께 확인해야 한다고 설명했다.

질문: 대한항공 부담되는 내용도 있어?",주어진 자료만 보면 부담되는 내용은 수요 회복 속도 둔화입니다. 이 부분은 주가 변동성을 키울 수 있는 요인으로 언급됐습니다.
"참고 뉴스:
제목: 네이버, 인터넷 기대
내용: 네이버는 클라우드 사업 성장 영향으로 관심을 받았다. 부담 요인은 수요 회복 속도 둔화이다.

제목: CJ대한통운, 물류 점검
내용: CJ대한통운은 자동화 투자 효과 기대가 있지만 차익 실현 매물 출회 가능성도 함께 언급됐다.

질문: 두 기업 중 뉴스가 더 긍정적인 쪽을 말해줘",제공된 참고 뉴스만 보면 두 기업 모두 긍정 요인이 있습니다. 다만 어느 쪽이 더 좋다고 단정하려면 실적 수치와 수급 정보가 더 필요합니다.
"참고 뉴스:
제목: KB금융 관련 수급 변동성 확대
내용: KB금융은 금융 업종 내 관심이 이어졌지만 수급 흐름은 엇갈렸다. 주주환원 기대는 긍정 재료로, 환율 변동성 확대는 리스크로 제시됐다.

질문: KB금융 투자 판단할 때 뭘 더 봐야 해?","제공된 참고 뉴스에 따르면 기사에 나온 주주환원 기대와 환율 변동성 확대 외에도 실제 실적, 수급, 업종 전망, 밸류에이션을 함께 확인해야 합니다."
"참고 뉴스:
제목: 신한지주 관련 수급 변동성 확대
내용: 신한지주는 금융 업종 내 관심이 이어졌지만 수급 흐름은 엇갈렸다. 배당 확대 기대는 긍정 재료로, 기관과 외국인 수급 엇갈림은 리스크로 제시됐다.

질문: 신한지주 목표주가 얼마야?",참고 뉴스에는 신한지주의 구체적인 목표주가가 제시되어 있지 않습니다. 제공된 자료만으로는 목표주가를 말할 수 없습니다.
"참고 뉴스:
제목: 증권가, 한화에어로스페이스 실적 전망 점검
내용: 증권가에서는 한화에어로스페이스가 방산 수출 기대 덕분에 투자 심리가 개선될 수 있다고 봤다. 반면 환율 변동성 확대 때문에 추가 확인이 필요하다는 의견도 나왔다.

질문: 한화에어로스페이스 투자 판단할 때 뭘 더 봐야 해?","이 참고 뉴스에서 확인되는 내용은 기사에 나온 방산 수출 기대와 환율 변동성 확대 외에도 실제 실적, 수급, 업종 전망, 밸류에이션을 함께 확인해야 합니다."
"참고 뉴스:
제목: 카카오 관련 수급 변동성 확대
내용: 카카오는 인터넷 업종 내 관심이 이어졌지만 수급 흐름은 엇갈렸다. 커머스 서비스 개편은 긍정 재료로, 환율 변동성 확대는 리스크로 제시됐다.

질문: 카카오 호재랑 부담 요인 나눠서 말해줘",참고 뉴스 기준으로 호재는 커머스 서비스 개편입니다. 부담 요인은 환율 변동성 확대입니다.
"참고 뉴스:
제목: 아모레퍼시픽 관련 수급 변동성 확대
내용: 아모레퍼시픽은 화장품 업종 내 관심이 이어졌지만 수급 흐름은 엇갈렸다. 면세 채널 개선은 긍정 재료로, 차익 실현 매물 출회 가능성은 리스크로 제시됐다.

질문: 아모레퍼시픽 투자 판단할 때 뭘 더 봐야 해?","이 참고 뉴스에서 확인되는 내용은 기사에 나온 면세 채널 개선와 차익 실현 매물 출회 가능성 외에도 실제 실적, 수급, 업종 전망, 밸류에이션을 함께 확인해야 합니다."
"참고 뉴스:
제목: 바이오 업종 점검, 셀트리온 주목
내용: 셀트리온은 해외 판매망 강화 관련 기대가 커졌지만, 단기적으로는 기관과 외국인 수급 엇갈림으로 변동성이 나타날 수 있다는 분석이 나왔다.

질문: 셀트리온 긍정적인 내용이 있어?",제공된 참고 뉴스에 따르면 긍정적인 내용은 해외 판매망 강화로 인해 실적이나 투자 심리가 개선될 수 있다는 점입니다.
"참고 뉴스:
제목: 전력기기 업종 점검, 두산에너빌리티 주목
내용: 두산에너빌리티는 원전 수주 기대 관련 기대가 커졌지만, 단기적으로는 금리 불확실성으로 변동성이 나타날 수 있다는 분석이 나왔다.

질문: 두산에너빌리티 부담되는 내용도 있어?",참고 뉴스 기준으로 부담되는 내용은 금리 불확실성입니다. 이 부분은 주가 변동성을 키울 수 있는 요인으로 언급됐습니다.
"참고 뉴스:
제목: 삼성전자 관련 수급 변동성 확대
내용: 삼성전자는 반도체 업종 내 관심이 이어졌지만 수급 흐름은 엇갈렸다. 메모리 업황 회복 기대는 긍정 재료로, 차익 실현 매물 출회 가능성은 리스크로 제시됐다.

질문: 삼성전자 뉴스 근거를 들어 설명해줘","참고 뉴스 기준으로 근거는 기사에서 메모리 업황 회복 기대를 긍정 요인으로 언급했고, 동시에 차익 실현 매물 출회 가능성을 부담 요인으로 제시했다는 점입니다."
"참고 뉴스:
제목: SK하이닉스 관련 수급 변동성 확대
내용: SK하이닉스는 반도체 업종 내 관심이 이어졌지만 수급 흐름은 엇갈렸다. HBM 공급 확대는 긍정 재료로, 원가 부담 증가는 리스크로 제시됐다.

질문: SK하이닉스 한 문장으로 요약해줘",SK하이닉스는 HBM 공급 확대 기대가 있지만 원가 부담 증가도 함께 확인해야 하는 상황입니다.
"참고 뉴스:
제목: 인터넷 업종 점검, 네이버 주목
내용: 네이버는 AI 검색 서비스 고도화 관련 기대가 커졌지만, 단기적으로는 수요 회복 속도 둔화으로 변동성이 나타날 수 있다는 분석이 나왔다.

질문: 네이버 목표주가 얼마야?",참고 뉴스에는 네이버의 구체적인 목표주가가 제시되어 있지 않습니다. 제공된 자료만으로는 목표주가를 말할 수 없습니다.
"참고 뉴스:
제목: 한화에어로스페이스 관련 수급 변동성 확대
내용: 한화에어로스페이스는 방산 업종 내 관심이 이어졌지만 수급 흐름은 엇갈렸다. 해외 계약 증가는 긍정 재료로, 기관과 외국인 수급 엇갈림은 리스크로 제시됐다.

질문: 한화에어로스페이스 매수해도 돼?","제공된 참고 뉴스에 따르면 한화에어로스페이스의 긍정 요인과 부담 요인은 확인되지만, 이 자료만으로 매수 여부를 판단할 수는 없습니다. 추가 실적, 밸류에이션, 수급 확인이 필요합니다."
"참고 뉴스:
제목: 증권가, 삼성전자 실적 전망 점검
내용: 증권가에서는 삼성전자가 메모리 업황 회복 기대 덕분에 투자 심리가 개선될 수 있다고 봤다. 반면 환율 변동성 확대 때문에 추가 확인이 필요하다는 의견도 나왔다.

질문: 삼성전자 부담되는 내용도 있어?",제공된 참고 뉴스에 따르면 부담되는 내용은 환율 변동성 확대입니다. 이 부분은 주가 변동성을 키울 수 있는 요인으로 언급됐습니다.
"참고 뉴스:
제목: 증권가, 두산에너빌리티 실적 전망 점검
내용: 증권가에서는 두산에너빌리티가 수주 잔고 증가 덕분에 투자 심리가 개선될 수 있다고 봤다. 반면 수요 회복 속도 둔화 때문에 추가 확인이 필요하다는 의견도 나왔다.

질문: 두산에너빌리티 목표주가 얼마야?",참고 뉴스에는 두산에너빌리티의 구체적인 목표주가가 제시되어 있지 않습니다. 제공된 자료만으로는 목표주가를 말할 수 없습니다.
"참고 뉴스:
제목: 두산에너빌리티, 투자자 관심 지속
내용: 시장에서는 두산에너빌리티의 전력 인프라 투자 확대에 주목했다. 기사에서는 긍정적인 기대와 함께 금리 불확실성을 함께 확인해야 한다고 설명했다.

질문: 두산에너빌리티 긍정적인 내용이 있어?",참고 뉴스 기준으로 긍정적인 내용은 전력 인프라 투자 확대로 인해 실적이나 투자 심리가 개선될 수 있다는 점입니다.
"참고 뉴스:
제목: POSCO홀딩스, 철강 업종 내 관심 지속
내용: POSCO홀딩스는 중국 경기 부양 기대와 관련해 투자자 관심이 이어졌다. 기사에는 목표주가, 배당금, 구체적인 실적 수치, 밸류에이션 지표는 포함되지 않았다.

질문: POSCO홀딩스 내일 주가 오를까?",참고 뉴스에는 POSCO홀딩스의 내일 주가 방향 정보가 나와 있지 않습니다. 제공된 자료만으로는 내일 주가 방향을 확인할 수 없습니다.
"참고 뉴스:
제목: 카카오, 투자자 관심 지속
내용: 시장에서는 카카오의 플랫폼 비용 절감에 주목했다. 기사에서는 긍정적인 기대와 함께 수요 회복 속도 둔화을 함께 확인해야 한다고 설명했다.

질문: 카카오 리스크 중심으로 정리해줘",주어진 자료만 보면 가장 중요한 리스크는 수요 회복 속도 둔화입니다. 긍정 요인이 있어도 이 부담 요인이 커지면 주가 변동성이 확대될 수 있습니다.
"참고 뉴스:
제목: 두산에너빌리티, 전력기기 기대
내용: 두산에너빌리티는 원전 수주 기대 영향으로 관심을 받았다. 부담 요인은 원가 부담 증가이다.

제목: SK하이닉스, 반도체 점검
내용: SK하이닉스는 데이터센터 투자 증가 기대가 있지만 환율 변동성 확대도 함께 언급됐다.

질문: 두 기업 중 뉴스가 더 긍정적인 쪽을 말해줘",제공된 참고 뉴스만 보면 두 기업 모두 긍정 요인이 있습니다. 다만 어느 쪽이 더 좋다고 단정하려면 실적 수치와 수급 정보가 더 필요합니다.
"참고 뉴스:
제목: 하이브, 엔터 기대
내용: 하이브는 글로벌 팬덤 확대 영향으로 관심을 받았다. 부담 요인은 환율 변동성 확대이다.

제목: 기아, 자동차 점검
내용: 기아는 SUV 판매 호조 기대가 있지만 차익 실현 매물 출회 가능성도 함께 언급됐다.

질문: 두 뉴스에서 확인되는 리스크를 정리해줘","참고 뉴스에서 확인되는 리스크는 하이브의 환율 변동성 확대, 기아의 차익 실현 매물 출회 가능성입니다."
"참고 뉴스:
제목: 삼성전자, 투자자 관심 지속
내용: 시장에서는 삼성전자의 파운드리 수익성 개선 기대에 주목했다. 기사에서는 긍정적인 기대와 함께 실적 추정치 하향 가능성을 함께 확인해야 한다고 설명했다.

질문: 삼성전자 목표주가 얼마야?",참고 뉴스에는 삼성전자의 구체적인 목표주가가 제시되어 있지 않습니다. 제공된 자료만으로는 목표주가를 말할 수 없습니다.
"참고 뉴스:
제목: SK하이닉스, 투자자 관심 지속
내용: 시장에서는 SK하이닉스의 데이터센터 투자 증가에 주목했다. 기사에서는 긍정적인 기대와 함께 수요 회복 속도 둔화을 함께 확인해야 한다고 설명했다.

질문: SK하이닉스 뉴스 근거를 들어 설명해줘","제공된 참고 뉴스에 따르면 근거는 기사에서 데이터센터 투자 증가를 긍정 요인으로 언급했고, 동시에 수요 회복 속도 둔화을 부담 요인으로 제시했다는 점입니다."
"참고 뉴스:
제목: 증권가, 두산에너빌리티 실적 전망 점검
내용: 증권가에서는 두산에너빌리티가 원전 수주 기대 덕분에 투자 심리가 개선될 수 있다고 봤다. 반면 원가 부담 증가 때문에 추가 확인이 필요하다는 의견도 나왔다.

질문: 두산에너빌리티 뉴스 근거를 들어 설명해줘","참고 뉴스 기준으로 근거는 기사에서 원전 수주 기대를 긍정 요인으로 언급했고, 동시에 원가 부담 증가을 부담 요인으로 제시했다는 점입니다."
"참고 뉴스:
제목: 삼성바이오로직스, 바이오 업황 변화에 주목
내용: 삼성바이오로직스는 공장 가동률 개선 영향으로 실적 개선 기대가 언급됐다. 다만 원가 부담 증가는 부담 요인으로 꼽혔다.

질문: 삼성바이오로직스 분위기 어때?",참고 뉴스 기준으로 삼성바이오로직스에 대한 분위기는 중립에서 긍정 쪽에 가깝습니다. 다만 원가 부담 증가이 있어 단정적으로 좋다고만 보기는 어렵습니다.
"참고 뉴스:
제목: 증권가, 셀트리온 실적 전망 점검
내용: 증권가에서는 셀트리온이 해외 판매망 강화 덕분에 투자 심리가 개선될 수 있다고 봤다. 반면 수요 회복 속도 둔화 때문에 추가 확인이 필요하다는 의견도 나왔다.

질문: 셀트리온 투자 판단할 때 뭘 더 봐야 해?","제공된 참고 뉴스에 따르면 기사에 나온 해외 판매망 강화와 수요 회복 속도 둔화 외에도 실제 실적, 수급, 업종 전망, 밸류에이션을 함께 확인해야 합니다."
"참고 뉴스:
제목: 네이버, 인터넷 업황 변화에 주목
내용: 네이버는 AI 검색 서비스 고도화 영향으로 실적 개선 기대가 언급됐다. 다만 실적 추정치 하향 가능성은 부담 요인으로 꼽혔다.

질문: 네이버 리스크 중심으로 정리해줘",주어진 자료만 보면 가장 중요한 리스크는 실적 추정치 하향 가능성입니다. 긍정 요인이 있어도 이 부담 요인이 커지면 주가 변동성이 확대될 수 있습니다.
"참고 뉴스:
제목: 신한지주, 투자자 관심 지속
내용: 시장에서는 신한지주의 배당 확대 기대에 주목했다. 기사에서는 긍정적인 기대와 함께 수요 회복 속도 둔화을 함께 확인해야 한다고 설명했다.

질문: 신한지주 분위기 어때?",참고 뉴스 기준으로 신한지주에 대한 분위기는 중립에서 긍정 쪽에 가깝습니다. 다만 수요 회복 속도 둔화이 있어 단정적으로 좋다고만 보기는 어렵습니다.
"참고 뉴스:
제목: CJ대한통운 관련 수급 변동성 확대
내용: CJ대한통운은 물류 업종 내 관심이 이어졌지만 수급 흐름은 엇갈렸다. 운임 효율화은 긍정 재료로, 경쟁 심화는 리스크로 제시됐다.

질문: CJ대한통운 확인되는 내용만 말해줘","이 참고 뉴스에서 확인되는 내용은 CJ대한통운 관련 긍정 요인으로 운임 효율화가 언급됐고, 부담 요인으로 경쟁 심화이 제시됐습니다."
"참고 뉴스:
제목: POSCO홀딩스, 투자자 관심 지속
내용: 시장에서는 POSCO홀딩스의 중국 경기 부양 기대에 주목했다. 기사에서는 긍정적인 기대와 함께 환율 변동성 확대을 함께 확인해야 한다고 설명했다.

질문: POSCO홀딩스 한 문장으로 요약해줘",POSCO홀딩스는 중국 경기 부양 기대 기대가 있지만 환율 변동성 확대도 함께 확인해야 하는 상황입니다.
"참고 뉴스:
제목: 증권가, 현대차 실적 전망 점검
내용: 증권가에서는 현대차가 환율 효과 덕분에 투자 심리가 개선될 수 있다고 봤다. 반면 원가 부담 증가 때문에 추가 확인이 필요하다는 의견도 나왔다.

질문: 현대차 핵심만 정리해줘",제공된 참고 뉴스에 따르면 현대차는 환율 효과로 관심을 받고 있습니다. 다만 원가 부담 증가도 함께 언급되어 긍정 요인과 부담 요인이 같이 있는 상황입니다.
"참고 뉴스:
제목: 삼성바이오로직스, 투자자 관심 지속
내용: 시장에서는 삼성바이오로직스의 장기 공급계약 증가에 주목했다. 기사에서는 긍정적인 기대와 함께 기관과 외국인 수급 엇갈림을 함께 확인해야 한다고 설명했다.

질문: 삼성바이오로직스 한 문장으로 요약해줘",삼성바이오로직스는 장기 공급계약 증가 기대가 있지만 기관과 외국인 수급 엇갈림도 함께 확인해야 하는 상황입니다.
"참고 뉴스:
제목: 네이버, 투자자 관심 지속
내용: 시장에서는 네이버의 클라우드 사업 성장에 주목했다. 기사에서는 긍정적인 기대와 함께 환율 변동성 확대을 함께 확인해야 한다고 설명했다.

질문: 네이버 뉴스 근거를 들어 설명해줘","주어진 자료만 보면 근거는 기사에서 클라우드 사업 성장를 긍정 요인으로 언급했고, 동시에 환율 변동성 확대을 부담 요인으로 제시했다는 점입니다."
"참고 뉴스:
제목: 삼성바이오로직스, 바이오 업황 변화에 주목
내용: 삼성바이오로직스는 장기 공급계약 증가 영향으로 실적 개선 기대가 언급됐다. 다만 환율 변동성 확대는 부담 요인으로 꼽혔다.

질문: 삼성바이오로직스 목표주가 얼마야?",참고 뉴스에는 삼성바이오로직스의 구체적인 목표주가가 제시되어 있지 않습니다. 제공된 자료만으로는 목표주가를 말할 수 없습니다.
"참고 뉴스:
제목: 두산에너빌리티, 투자자 관심 지속
내용: 시장에서는 두산에너빌리티의 수주 잔고 증가에 주목했다. 기사에서는 긍정적인 기대와 함께 기관과 외국인 수급 엇갈림을 함께 확인해야 한다고 설명했다.

질문: 두산에너빌리티 핵심만 정리해줘",제공된 참고 뉴스에 따르면 두산에너빌리티는 수주 잔고 증가로 관심을 받고 있습니다. 다만 기관과 외국인 수급 엇갈림도 함께 언급되어 긍정 요인과 부담 요인이 같이 있는 상황입니다.
"참고 뉴스:
제목: 아모레퍼시픽, 화장품 업황 변화에 주목
내용: 아모레퍼시픽은 북미 매출 성장 영향으로 실적 개선 기대가 언급됐다. 다만 차익 실현 매물 출회 가능성은 부담 요인으로 꼽혔다.

질문: 아모레퍼시픽 호재랑 부담 요인 나눠서 말해줘",주어진 자료만 보면 호재는 북미 매출 성장입니다. 부담 요인은 차익 실현 매물 출회 가능성입니다.
"참고 뉴스:
제목: 엔터 업종 점검, 하이브 주목
내용: 하이브는 아티스트 활동 재개 관련 기대가 커졌지만, 단기적으로는 금리 불확실성으로 변동성이 나타날 수 있다는 분석이 나왔다.

질문: 하이브 리스크 중심으로 정리해줘",참고 뉴스 기준으로 가장 중요한 리스크는 금리 불확실성입니다. 긍정 요인이 있어도 이 부담 요인이 커지면 주가 변동성이 확대될 수 있습니다.
"참고 뉴스:
제목: 증권가, POSCO홀딩스 실적 전망 점검
내용: 증권가에서는 POSCO홀딩스가 철강 가격 반등 기대 덕분에 투자 심리가 개선될 수 있다고 봤다. 반면 금리 불확실성 때문에 추가 확인이 필요하다는 의견도 나왔다.

질문: POSCO홀딩스 목표주가 얼마야?",참고 뉴스에는 POSCO홀딩스의 구체적인 목표주가가 제시되어 있지 않습니다. 제공된 자료만으로는 목표주가를 말할 수 없습니다.
"참고 뉴스:
제목: 삼성전자, 투자자 관심 지속
내용: 시장에서는 삼성전자의 메모리 업황 회복 기대에 주목했다. 기사에서는 긍정적인 기대와 함께 실적 추정치 하향 가능성을 함께 확인해야 한다고 설명했다.

질문: 삼성전자 호재랑 부담 요인 나눠서 말해줘",제공된 참고 뉴스에 따르면 호재는 메모리 업황 회복 기대입니다. 부담 요인은 실적 추정치 하향 가능성입니다.
"참고 뉴스:
제목: 두산에너빌리티, 전력기기 업황 변화에 주목
내용: 두산에너빌리티는 수주 잔고 증가 영향으로 실적 개선 기대가 언급됐다. 다만 기관과 외국인 수급 엇갈림은 부담 요인으로 꼽혔다.

질문: 두산에너빌리티 분위기 어때?",주어진 자료만 보면 두산에너빌리티에 대한 분위기는 중립에서 긍정 쪽에 가깝습니다. 다만 기관과 외국인 수급 엇갈림이 있어 단정적으로 좋다고만 보기는 어렵습니다.
"참고 뉴스:
제목: 삼성전자, 반도체 업황 변화에 주목
내용: 삼성전자는 AI 서버 수요 증가 영향으로 실적 개선 기대가 언급됐다. 다만 환율 변동성 확대는 부담 요인으로 꼽혔다.

질문: 삼성전자 긍정적인 내용이 있어?",이 참고 뉴스에서 확인되는 내용은 긍정적인 내용은 AI 서버 수요 증가로 인해 실적이나 투자 심리가 개선될 수 있다는 점입니다.
"참고 뉴스:
제목: 삼성SDI 관련 수급 변동성 확대
내용: 삼성SDI는 2차전지 업종 내 관심이 이어졌지만 수급 흐름은 엇갈렸다. 고부가 제품 비중 증가는 긍정 재료로, 환율 변동성 확대는 리스크로 제시됐다.

질문: 삼성SDI 매수해도 돼?","이 참고 뉴스에서 확인되는 내용은 삼성SDI의 긍정 요인과 부담 요인은 확인되지만, 이 자료만으로 매수 여부를 판단할 수는 없습니다. 추가 실적, 밸류에이션, 수급 확인이 필요합니다."
"참고 뉴스:
제목: 네이버파이낸셜·두나무 주식 교환 일정 연기
내용: 네이버파이낸셜과 두나무의 포괄적 주식 교환 일정이 연말로 다시 연기되었다. 시장에서는 양사의 결합 시너지와 규제 변수에 대한 불확실성이 함께 거론되고 있다.

질문: 네이버파이낸셜 뉴스 요약해줘",네이버파이낸셜과 두나무의 포괄적 주식 교환 일정이 연기되었습니다. 시장에서는 두 회사의 결합 효과와 규제 관련 불확실성을 함께 보고 있습니다.
"참고 뉴스:
제목: AI 관련주, 데이터센터 투자 확대에 상승
내용: 글로벌 빅테크의 데이터센터 투자 확대 소식이 전해지며 AI 반도체, 서버, 전력 인프라 관련주가 상승했다. 시장에서는 실적 확인 전까지 종목별 차별화가 필요하다는 분석도 나왔다.

질문: AI주가 오른 이유가 뭐야?","AI 관련주 상승 이유는 글로벌 빅테크의 데이터센터 투자 확대 소식입니다. 이로 인해 AI 반도체와 서버, 전력 인프라 관련 종목이 강세를 보였습니다."
"참고 뉴스:
제목: 삼성SDI 관련 수급 변동성 확대
내용: 삼성SDI는 2차전지 업종 내 관심이 이어졌지만 수급 흐름은 엇갈렸다. 프리미엄 배터리 수요는 긍정 재료로, 수요 회복 속도 둔화는 리스크로 제시됐다.

질문: 삼성SDI 매수해도 돼?","이 참고 뉴스에서 확인되는 내용은 삼성SDI의 긍정 요인과 부담 요인은 확인되지만, 이 자료만으로 매수 여부를 판단할 수는 없습니다. 추가 실적, 밸류에이션, 수급 확인이 필요합니다."
"참고 뉴스:
제목: 카카오, 투자자 관심 지속
내용: 시장에서는 카카오의 콘텐츠 사업 조정에 주목했다. 기사에서는 긍정적인 기대와 함께 경쟁 심화을 함께 확인해야 한다고 설명했다.

질문: 카카오 뉴스 근거를 들어 설명해줘","참고 뉴스 기준으로 근거는 기사에서 콘텐츠 사업 조정를 긍정 요인으로 언급했고, 동시에 경쟁 심화을 부담 요인으로 제시했다는 점입니다."
"참고 뉴스:
제목: SK하이닉스, 투자자 관심 지속
내용: 시장에서는 SK하이닉스의 고부가 메모리 수요 증가에 주목했다. 기사에서는 긍정적인 기대와 함께 기관과 외국인 수급 엇갈림을 함께 확인해야 한다고 설명했다.

질문: SK하이닉스 긍정적인 내용이 있어?",이 참고 뉴스에서 확인되는 내용은 긍정적인 내용은 고부가 메모리 수요 증가로 인해 실적이나 투자 심리가 개선될 수 있다는 점입니다.
"참고 뉴스:
제목: LG에너지솔루션 관련 수급 변동성 확대
내용: LG에너지솔루션은 2차전지 업종 내 관심이 이어졌지만 수급 흐름은 엇갈렸다. 배터리 출하량 회복 기대는 긍정 재료로, 수요 회복 속도 둔화는 리스크로 제시됐다.

질문: LG에너지솔루션 한 문장으로 요약해줘",LG에너지솔루션은 배터리 출하량 회복 기대 기대가 있지만 수요 회복 속도 둔화도 함께 확인해야 하는 상황입니다.
"참고 뉴스:
제목: KB금융, 투자자 관심 지속
내용: 시장에서는 KB금융의 순이자마진 방어에 주목했다. 기사에서는 긍정적인 기대와 함께 환율 변동성 확대을 함께 확인해야 한다고 설명했다.

질문: KB금융 핵심만 정리해줘",이 참고 뉴스에서 확인되는 내용은 KB금융은 순이자마진 방어로 관심을 받고 있습니다. 다만 환율 변동성 확대도 함께 언급되어 긍정 요인과 부담 요인이 같이 있는 상황입니다.
"참고 뉴스:
제목: CJ대한통운, 물류 업황 변화에 주목
내용: CJ대한통운은 택배 물동량 회복 영향으로 실적 개선 기대가 언급됐다. 다만 차익 실현 매물 출회 가능성은 부담 요인으로 꼽혔다.

질문: CJ대한통운 리스크 중심으로 정리해줘",주어진 자료만 보면 가장 중요한 리스크는 차익 실현 매물 출회 가능성입니다. 긍정 요인이 있어도 이 부담 요인이 커지면 주가 변동성이 확대될 수 있습니다.
"참고 뉴스:
제목: 증권가, 현대차 실적 전망 점검
내용: 증권가에서는 현대차가 북미 판매 호조 덕분에 투자 심리가 개선될 수 있다고 봤다. 반면 원가 부담 증가 때문에 추가 확인이 필요하다는 의견도 나왔다.

질문: 현대차 한 문장으로 요약해줘",현대차는 북미 판매 호조 기대가 있지만 원가 부담 증가도 함께 확인해야 하는 상황입니다.
"참고 뉴스:
제목: 기아, 자동차 업종 내 관심 지속
내용: 기아는 SUV 판매 호조와 관련해 투자자 관심이 이어졌다. 기사에는 목표주가, 배당금, 구체적인 실적 수치, 밸류에이션 지표는 포함되지 않았다.

질문: 기아 정확한 매수 가격 알려줘",참고 뉴스에는 기아의 매수 가격 정보가 나와 있지 않습니다. 제공된 자료만으로는 매수 가격을 확인할 수 없습니다.
"참고 뉴스:
제목: 현대차 관련 수급 변동성 확대
내용: 현대차는 자동차 업종 내 관심이 이어졌지만 수급 흐름은 엇갈렸다. 환율 효과은 긍정 재료로, 기관과 외국인 수급 엇갈림은 리스크로 제시됐다.

질문: 현대차 호재랑 부담 요인 나눠서 말해줘",제공된 참고 뉴스에 따르면 호재는 환율 효과입니다. 부담 요인은 기관과 외국인 수급 엇갈림입니다.
"참고 뉴스:
제목: 증권가, 셀트리온 실적 전망 점검
내용: 증권가에서는 셀트리온이 바이오시밀러 매출 확대 덕분에 투자 심리가 개선될 수 있다고 봤다. 반면 수요 회복 속도 둔화 때문에 추가 확인이 필요하다는 의견도 나왔다.

질문: 셀트리온 목표주가 얼마야?",참고 뉴스에는 셀트리온의 구체적인 목표주가가 제시되어 있지 않습니다. 제공된 자료만으로는 목표주가를 말할 수 없습니다.
"참고 뉴스:
제목: SK하이닉스, 투자자 관심 지속
내용: 시장에서는 SK하이닉스의 고부가 메모리 수요 증가에 주목했다. 기사에서는 긍정적인 기대와 함께 차익 실현 매물 출회 가능성을 함께 확인해야 한다고 설명했다.

질문: SK하이닉스 핵심만 정리해줘",이 참고 뉴스에서 확인되는 내용은 SK하이닉스는 고부가 메모리 수요 증가로 관심을 받고 있습니다. 다만 차익 실현 매물 출회 가능성도 함께 언급되어 긍정 요인과 부담 요인이 같이 있는 상황입니다.
"참고 뉴스:
제목: LG에너지솔루션 관련 수급 변동성 확대
내용: LG에너지솔루션은 2차전지 업종 내 관심이 이어졌지만 수급 흐름은 엇갈렸다. 배터리 출하량 회복 기대는 긍정 재료로, 환율 변동성 확대는 리스크로 제시됐다.

질문: LG에너지솔루션 매수해도 돼?","제공된 참고 뉴스에 따르면 LG에너지솔루션의 긍정 요인과 부담 요인은 확인되지만, 이 자료만으로 매수 여부를 판단할 수는 없습니다. 추가 실적, 밸류에이션, 수급 확인이 필요합니다."
"참고 뉴스:
제목: 삼성전자, 반도체 업종 내 관심 지속
내용: 삼성전자는 AI 서버 수요 증가와 관련해 투자자 관심이 이어졌다. 기사에는 목표주가, 배당금, 구체적인 실적 수치, 밸류에이션 지표는 포함되지 않았다.

질문: 삼성전자 배당금 얼마야?",참고 뉴스에는 삼성전자의 배당금 정보가 나와 있지 않습니다. 제공된 자료만으로는 배당금을 확인할 수 없습니다.
"참고 뉴스:
제목: CJ대한통운 관련 수급 변동성 확대
내용: CJ대한통운은 물류 업종 내 관심이 이어졌지만 수급 흐름은 엇갈렸다. 자동화 투자 효과은 긍정 재료로, 실적 추정치 하향 가능성은 리스크로 제시됐다.

질문: CJ대한통운 호재랑 부담 요인 나눠서 말해줘",이 참고 뉴스에서 확인되는 내용은 호재는 자동화 투자 효과입니다. 부담 요인은 실적 추정치 하향 가능성입니다.
"참고 뉴스:
제목: LG에너지솔루션, 투자자 관심 지속
내용: 시장에서는 LG에너지솔루션의 배터리 출하량 회복 기대에 주목했다. 기사에서는 긍정적인 기대와 함께 차익 실현 매물 출회 가능성을 함께 확인해야 한다고 설명했다.

질문: LG에너지솔루션 목표주가 얼마야?",참고 뉴스에는 LG에너지솔루션의 구체적인 목표주가가 제시되어 있지 않습니다. 제공된 자료만으로는 목표주가를 말할 수 없습니다.
"참고 뉴스:
제목: 현대차 관련 수급 변동성 확대
내용: 현대차는 자동차 업종 내 관심이 이어졌지만 수급 흐름은 엇갈렸다. 하이브리드 수요 확대는 긍정 재료로, 기관과 외국인 수급 엇갈림은 리스크로 제시됐다.

질문: 현대차 분위기 어때?",이 참고 뉴스에서 확인되는 내용은 현대차에 대한 분위기는 중립에서 긍정 쪽에 가깝습니다. 다만 기관과 외국인 수급 엇갈림이 있어 단정적으로 좋다고만 보기는 어렵습니다.
"참고 뉴스:
제목: 삼성SDI 관련 수급 변동성 확대
내용: 삼성SDI는 2차전지 업종 내 관심이 이어졌지만 수급 흐름은 엇갈렸다. 고부가 제품 비중 증가는 긍정 재료로, 경쟁 심화는 리스크로 제시됐다.

질문: 삼성SDI 매수해도 돼?","이 참고 뉴스에서 확인되는 내용은 삼성SDI의 긍정 요인과 부담 요인은 확인되지만, 이 자료만으로 매수 여부를 판단할 수는 없습니다. 추가 실적, 밸류에이션, 수급 확인이 필요합니다."
"참고 뉴스:
제목: 바이오 업종 점검, 삼성바이오로직스 주목
내용: 삼성바이오로직스는 장기 공급계약 증가 관련 기대가 커졌지만, 단기적으로는 실적 추정치 하향 가능성으로 변동성이 나타날 수 있다는 분석이 나왔다.

질문: 삼성바이오로직스 호재랑 부담 요인 나눠서 말해줘",주어진 자료만 보면 호재는 장기 공급계약 증가입니다. 부담 요인은 실적 추정치 하향 가능성입니다.
"참고 뉴스:
제목: 2차전지 업종 점검, LG에너지솔루션 주목
내용: LG에너지솔루션은 배터리 출하량 회복 기대 관련 기대가 커졌지만, 단기적으로는 실적 추정치 하향 가능성으로 변동성이 나타날 수 있다는 분석이 나왔다.

질문: LG에너지솔루션 한 문장으로 요약해줘",LG에너지솔루션은 배터리 출하량 회복 기대 기대가 있지만 실적 추정치 하향 가능성도 함께 확인해야 하는 상황입니다.
"참고 뉴스:
제목: KB금융 관련 수급 변동성 확대
내용: KB금융은 금융 업종 내 관심이 이어졌지만 수급 흐름은 엇갈렸다. 순이자마진 방어은 긍정 재료로, 금리 불확실성은 리스크로 제시됐다.

질문: KB금융 한 문장으로 요약해줘",KB금융은 순이자마진 방어 기대가 있지만 금리 불확실성도 함께 확인해야 하는 상황입니다.
"참고 뉴스:
제목: 아모레퍼시픽 관련 수급 변동성 확대
내용: 아모레퍼시픽은 화장품 업종 내 관심이 이어졌지만 수급 흐름은 엇갈렸다. 북미 매출 성장은 긍정 재료로, 실적 추정치 하향 가능성은 리스크로 제시됐다.

질문: 아모레퍼시픽 한 문장으로 요약해줘",아모레퍼시픽은 북미 매출 성장 기대가 있지만 실적 추정치 하향 가능성도 함께 확인해야 하는 상황입니다.
"참고 뉴스:
제목: 증권가, 삼성전자 실적 전망 점검
내용: 증권가에서는 삼성전자가 AI 서버 수요 증가 덕분에 투자 심리가 개선될 수 있다고 봤다. 반면 수요 회복 속도 둔화 때문에 추가 확인이 필요하다는 의견도 나왔다.

질문: 삼성전자 매수해도 돼?","이 참고 뉴스에서 확인되는 내용은 삼성전자의 긍정 요인과 부담 요인은 확인되지만, 이 자료만으로 매수 여부를 판단할 수는 없습니다. 추가 실적, 밸류에이션, 수급 확인이 필요합니다."
"참고 뉴스:
제목: 삼성전자, 투자자 관심 지속
내용: 시장에서는 삼성전자의 메모리 업황 회복 기대에 주목했다. 기사에서는 긍정적인 기대와 함께 수요 회복 속도 둔화을 함께 확인해야 한다고 설명했다.

질문: 삼성전자 한 문장으로 요약해줘",삼성전자는 메모리 업황 회복 기대 기대가 있지만 수요 회복 속도 둔화도 함께 확인해야 하는 상황입니다.
"참고 뉴스:
제목: 증권가, KB금융 실적 전망 점검
내용: 증권가에서는 KB금융이 순이자마진 방어 덕분에 투자 심리가 개선될 수 있다고 봤다. 반면 수요 회복 속도 둔화 때문에 추가 확인이 필요하다는 의견도 나왔다.

질문: KB금융 핵심만 정리해줘",참고 뉴스 기준으로 KB금융은 순이자마진 방어로 관심을 받고 있습니다. 다만 수요 회복 속도 둔화도 함께 언급되어 긍정 요인과 부담 요인이 같이 있는 상황입니다.
"참고 뉴스:
제목: 아모레퍼시픽, 화장품 업종 내 관심 지속
내용: 아모레퍼시픽은 북미 매출 성장와 관련해 투자자 관심이 이어졌다. 기사에는 목표주가, 배당금, 구체적인 실적 수치, 밸류에이션 지표는 포함되지 않았다.

질문: 아모레퍼시픽 목표주가 알려줘",참고 뉴스에는 아모레퍼시픽의 목표주가 정보가 나와 있지 않습니다. 제공된 자료만으로는 목표주가을 확인할 수 없습니다.
"참고 뉴스:
제목: CJ대한통운, 물류 기대
내용: CJ대한통운은 택배 물동량 회복 영향으로 관심을 받았다. 부담 요인은 경쟁 심화이다.

제목: LG에너지솔루션, 2차전지 점검
내용: LG에너지솔루션은 배터리 출하량 회복 기대 기대가 있지만 환율 변동성 확대도 함께 언급됐다.

질문: 두 뉴스에서 확인되는 리스크를 정리해줘","참고 뉴스에서 확인되는 리스크는 CJ대한통운의 경쟁 심화, LG에너지솔루션의 환율 변동성 확대입니다."
"참고 뉴스:
제목: 자동차 업종 점검, 현대차 주목
내용: 현대차는 하이브리드 수요 확대 관련 기대가 커졌지만, 단기적으로는 경쟁 심화으로 변동성이 나타날 수 있다는 분석이 나왔다.

질문: 현대차 매수해도 돼?","제공된 참고 뉴스에 따르면 현대차의 긍정 요인과 부담 요인은 확인되지만, 이 자료만으로 매수 여부를 판단할 수는 없습니다. 추가 실적, 밸류에이션, 수급 확인이 필요합니다."
"참고 뉴스:
제목: 네이버 관련 수급 변동성 확대
내용: 네이버는 인터넷 업종 내 관심이 이어졌지만 수급 흐름은 엇갈렸다. 클라우드 사업 성장은 긍정 재료로, 기관과 외국인 수급 엇갈림은 리스크로 제시됐다.

질문: 네이버 분위기 어때?",참고 뉴스 기준으로 네이버에 대한 분위기는 중립에서 긍정 쪽에 가깝습니다. 다만 기관과 외국인 수급 엇갈림이 있어 단정적으로 좋다고만 보기는 어렵습니다.
"참고 뉴스:
제목: 두산에너빌리티 관련 수급 변동성 확대
내용: 두산에너빌리티는 전력기기 업종 내 관심이 이어졌지만 수급 흐름은 엇갈렸다. 전력 인프라 투자 확대는 긍정 재료로, 원가 부담 증가는 리스크로 제시됐다.

질문: 두산에너빌리티 호재랑 부담 요인 나눠서 말해줘",참고 뉴스 기준으로 호재는 전력 인프라 투자 확대입니다. 부담 요인은 원가 부담 증가입니다.
"참고 뉴스:
제목: 기준금리 변화에 시장 관심
내용: 금리 인하 기대가 성장주 투자 심리를 지지했다. 그러나 인하 시점이 늦어지면 변동성이 커질 수 있다. 전문가들은 관련 지표와 수급 흐름을 함께 확인해야 한다고 말했다.

질문: 기준금리 뉴스 핵심만 정리해줘",참고 뉴스 기준으로 기준금리 관련 핵심은 금리 인하 기대가 성장주 투자 심리를 지지했다는 점입니다. 다만 인하 시점이 늦어지면 변동성이 커질 수 있다는 부담 요인입니다.
"참고 뉴스:
제목: 아모레퍼시픽, 투자자 관심 지속
내용: 시장에서는 아모레퍼시픽의 중국 소비 회복 기대에 주목했다. 기사에서는 긍정적인 기대와 함께 원가 부담 증가을 함께 확인해야 한다고 설명했다.

질문: 아모레퍼시픽 리스크 중심으로 정리해줘",주어진 자료만 보면 가장 중요한 리스크는 원가 부담 증가입니다. 긍정 요인이 있어도 이 부담 요인이 커지면 주가 변동성이 확대될 수 있습니다.
"참고 뉴스:
제목: 셀트리온, 투자자 관심 지속
내용: 시장에서는 셀트리온의 해외 판매망 강화에 주목했다. 기사에서는 긍정적인 기대와 함께 실적 추정치 하향 가능성을 함께 확인해야 한다고 설명했다.

질문: 셀트리온 부담되는 내용도 있어?",이 참고 뉴스에서 확인되는 내용은 부담되는 내용은 실적 추정치 하향 가능성입니다. 이 부분은 주가 변동성을 키울 수 있는 요인으로 언급됐습니다.
"참고 뉴스:
제목: 삼성바이오로직스 관련 수급 변동성 확대
내용: 삼성바이오로직스는 바이오 업종 내 관심이 이어졌지만 수급 흐름은 엇갈렸다. 공장 가동률 개선은 긍정 재료로, 경쟁 심화는 리스크로 제시됐다.

질문: 삼성바이오로직스 리스크 중심으로 정리해줘",참고 뉴스 기준으로 가장 중요한 리스크는 경쟁 심화입니다. 긍정 요인이 있어도 이 부담 요인이 커지면 주가 변동성이 확대될 수 있습니다.
"참고 뉴스:
제목: 현대차, 자동차 업종 내 관심 지속
내용: 현대차는 하이브리드 수요 확대와 관련해 투자자 관심이 이어졌다. 기사에는 목표주가, 배당금, 구체적인 실적 수치, 밸류에이션 지표는 포함되지 않았다.

질문: 현대차 내일 주가 오를까?",참고 뉴스에는 현대차의 내일 주가 방향 정보가 나와 있지 않습니다. 제공된 자료만으로는 내일 주가 방향을 확인할 수 없습니다.
"참고 뉴스:
제목: 네이버, 투자자 관심 지속
내용: 시장에서는 네이버의 AI 검색 서비스 고도화에 주목했다. 기사에서는 긍정적인 기대와 함께 수요 회복 속도 둔화을 함께 확인해야 한다고 설명했다.

질문: 네이버 호재랑 부담 요인 나눠서 말해줘",주어진 자료만 보면 호재는 AI 검색 서비스 고도화입니다. 부담 요인은 수요 회복 속도 둔화입니다.
"참고 뉴스:
제목: 셀트리온, 바이오 업황 변화에 주목
내용: 셀트리온은 신제품 허가 기대 영향으로 실적 개선 기대가 언급됐다. 다만 환율 변동성 확대는 부담 요인으로 꼽혔다.

질문: 셀트리온 핵심만 정리해줘",이 참고 뉴스에서 확인되는 내용은 셀트리온은 신제품 허가 기대로 관심을 받고 있습니다. 다만 환율 변동성 확대도 함께 언급되어 긍정 요인과 부담 요인이 같이 있는 상황입니다.
"참고 뉴스:
제목: 바이오 업종 점검, 셀트리온 주목
내용: 셀트리온은 바이오시밀러 매출 확대 관련 기대가 커졌지만, 단기적으로는 수요 회복 속도 둔화으로 변동성이 나타날 수 있다는 분석이 나왔다.

질문: 셀트리온 뉴스 근거를 들어 설명해줘","제공된 참고 뉴스에 따르면 근거는 기사에서 바이오시밀러 매출 확대를 긍정 요인으로 언급했고, 동시에 수요 회복 속도 둔화을 부담 요인으로 제시했다는 점입니다."
"참고 뉴스:
제목: 네이버 관련 수급 변동성 확대
내용: 네이버는 인터넷 업종 내 관심이 이어졌지만 수급 흐름은 엇갈렸다. AI 검색 서비스 고도화은 긍정 재료로, 환율 변동성 확대는 리스크로 제시됐다.

질문: 네이버 한 문장으로 요약해줘",네이버는 AI 검색 서비스 고도화 기대가 있지만 환율 변동성 확대도 함께 확인해야 하는 상황입니다.
"참고 뉴스:
제목: 하이브, 투자자 관심 지속
내용: 시장에서는 하이브의 콘텐츠 매출 증가에 주목했다. 기사에서는 긍정적인 기대와 함께 차익 실현 매물 출회 가능성을 함께 확인해야 한다고 설명했다.

질문: 하이브 핵심만 정리해줘",제공된 참고 뉴스에 따르면 하이브는 콘텐츠 매출 증가로 관심을 받고 있습니다. 다만 차익 실현 매물 출회 가능성도 함께 언급되어 긍정 요인과 부담 요인이 같이 있는 상황입니다.
"참고 뉴스:
제목: LG에너지솔루션, 투자자 관심 지속
내용: 시장에서는 LG에너지솔루션의 배터리 출하량 회복 기대에 주목했다. 기사에서는 긍정적인 기대와 함께 실적 추정치 하향 가능성을 함께 확인해야 한다고 설명했다.

질문: LG에너지솔루션 목표주가 얼마야?",참고 뉴스에는 LG에너지솔루션의 구체적인 목표주가가 제시되어 있지 않습니다. 제공된 자료만으로는 목표주가를 말할 수 없습니다.
"참고 뉴스:
제목: 아모레퍼시픽, 투자자 관심 지속
내용: 시장에서는 아모레퍼시픽의 북미 매출 성장에 주목했다. 기사에서는 긍정적인 기대와 함께 금리 불확실성을 함께 확인해야 한다고 설명했다.

질문: 아모레퍼시픽 긍정적인 내용이 있어?",이 참고 뉴스에서 확인되는 내용은 긍정적인 내용은 북미 매출 성장로 인해 실적이나 투자 심리가 개선될 수 있다는 점입니다.
"참고 뉴스:
제목: 네이버 관련 수급 변동성 확대
내용: 네이버는 인터넷 업종 내 관심이 이어졌지만 수급 흐름은 엇갈렸다. AI 검색 서비스 고도화은 긍정 재료로, 실적 추정치 하향 가능성은 리스크로 제시됐다.

질문: 네이버 한 문장으로 요약해줘",네이버는 AI 검색 서비스 고도화 기대가 있지만 실적 추정치 하향 가능성도 함께 확인해야 하는 상황입니다.
"참고 뉴스:
제목: 하이브, 엔터 기대
내용: 하이브는 콘텐츠 매출 증가 영향으로 관심을 받았다. 부담 요인은 차익 실현 매물 출회 가능성이다.

제목: 한화에어로스페이스, 방산 점검
내용: 한화에어로스페이스는 해외 계약 증가 기대가 있지만 원가 부담 증가도 함께 언급됐다.

질문: 두 기업 중 뉴스가 더 긍정적인 쪽을 말해줘",제공된 참고 뉴스만 보면 두 기업 모두 긍정 요인이 있습니다. 다만 어느 쪽이 더 좋다고 단정하려면 실적 수치와 수급 정보가 더 필요합니다.
"참고 뉴스:
제목: 대한항공, 투자자 관심 지속
내용: 시장에서는 대한항공의 화물 운임 안정에 주목했다. 기사에서는 긍정적인 기대와 함께 수요 회복 속도 둔화을 함께 확인해야 한다고 설명했다.

질문: 대한항공 핵심만 정리해줘",제공된 참고 뉴스에 따르면 대한항공은 화물 운임 안정로 관심을 받고 있습니다. 다만 수요 회복 속도 둔화도 함께 언급되어 긍정 요인과 부담 요인이 같이 있는 상황입니다.
"참고 뉴스:
제목: 두산에너빌리티, 투자자 관심 지속
내용: 시장에서는 두산에너빌리티의 수주 잔고 증가에 주목했다. 기사에서는 긍정적인 기대와 함께 원가 부담 증가을 함께 확인해야 한다고 설명했다.

질문: 두산에너빌리티 뉴스 근거를 들어 설명해줘","참고 뉴스 기준으로 근거는 기사에서 수주 잔고 증가를 긍정 요인으로 언급했고, 동시에 원가 부담 증가을 부담 요인으로 제시했다는 점입니다."
"참고 뉴스:
제목: 증권가, 삼성SDI 실적 전망 점검
내용: 증권가에서는 삼성SDI가 프리미엄 배터리 수요 덕분에 투자 심리가 개선될 수 있다고 봤다. 반면 원가 부담 증가 때문에 추가 확인이 필요하다는 의견도 나왔다.

질문: 삼성SDI 호재랑 부담 요인 나눠서 말해줘",이 참고 뉴스에서 확인되는 내용은 호재는 프리미엄 배터리 수요입니다. 부담 요인은 원가 부담 증가입니다.
"참고 뉴스:
제목: LG에너지솔루션, 투자자 관심 지속
내용: 시장에서는 LG에너지솔루션의 배터리 출하량 회복 기대에 주목했다. 기사에서는 긍정적인 기대와 함께 차익 실현 매물 출회 가능성을 함께 확인해야 한다고 설명했다.

질문: LG에너지솔루션 분위기 어때?",참고 뉴스 기준으로 LG에너지솔루션에 대한 분위기는 중립에서 긍정 쪽에 가깝습니다. 다만 차익 실현 매물 출회 가능성이 있어 단정적으로 좋다고만 보기는 어렵습니다.
"참고 뉴스:
제목: KB금융, 금융 업황 변화에 주목
내용: KB금융은 순이자마진 방어 영향으로 실적 개선 기대가 언급됐다. 다만 환율 변동성 확대는 부담 요인으로 꼽혔다.

질문: KB금융 분위기 어때?",주어진 자료만 보면 KB금융에 대한 분위기는 중립에서 긍정 쪽에 가깝습니다. 다만 환율 변동성 확대이 있어 단정적으로 좋다고만 보기는 어렵습니다.
"참고 뉴스:
제목: 아모레퍼시픽, 화장품 업종 내 관심 지속
내용: 아모레퍼시픽은 면세 채널 개선와 관련해 투자자 관심이 이어졌다. 기사에는 목표주가, 배당금, 구체적인 실적 수치, 밸류에이션 지표는 포함되지 않았다.

질문: 아모레퍼시픽 배당금 얼마야?",참고 뉴스에는 아모레퍼시픽의 배당금 정보가 나와 있지 않습니다. 제공된 자료만으로는 배당금을 확인할 수 없습니다.
"참고 뉴스:
제목: 카카오, 투자자 관심 지속
내용: 시장에서는 카카오의 플랫폼 비용 절감에 주목했다. 기사에서는 긍정적인 기대와 함께 원가 부담 증가을 함께 확인해야 한다고 설명했다.

질문: 카카오 분위기 어때?",주어진 자료만 보면 카카오에 대한 분위기는 중립에서 긍정 쪽에 가깝습니다. 다만 원가 부담 증가이 있어 단정적으로 좋다고만 보기는 어렵습니다.
"참고 뉴스:
제목: 전력기기 업종 점검, 두산에너빌리티 주목
내용: 두산에너빌리티는 수주 잔고 증가 관련 기대가 커졌지만, 단기적으로는 기관과 외국인 수급 엇갈림으로 변동성이 나타날 수 있다는 분석이 나왔다.

질문: 두산에너빌리티 매수해도 돼?","참고 뉴스 기준으로 두산에너빌리티의 긍정 요인과 부담 요인은 확인되지만, 이 자료만으로 매수 여부를 판단할 수는 없습니다. 추가 실적, 밸류에이션, 수급 확인이 필요합니다."
"참고 뉴스:
제목: 증권가, 한국전력 실적 전망 점검
내용: 증권가에서는 한국전력이 연료비 부담 완화 덕분에 투자 심리가 개선될 수 있다고 봤다. 반면 기관과 외국인 수급 엇갈림 때문에 추가 확인이 필요하다는 의견도 나왔다.

질문: 한국전력 리스크 중심으로 정리해줘",주어진 자료만 보면 가장 중요한 리스크는 기관과 외국인 수급 엇갈림입니다. 긍정 요인이 있어도 이 부담 요인이 커지면 주가 변동성이 확대될 수 있습니다.
"참고 뉴스:
제목: 방산 업종 점검, 한화에어로스페이스 주목
내용: 한화에어로스페이스는 방산 수출 기대 관련 기대가 커졌지만, 단기적으로는 차익 실현 매물 출회 가능성으로 변동성이 나타날 수 있다는 분석이 나왔다.

질문: 한화에어로스페이스 분위기 어때?",이 참고 뉴스에서 확인되는 내용은 한화에어로스페이스에 대한 분위기는 중립에서 긍정 쪽에 가깝습니다. 다만 차익 실현 매물 출회 가능성이 있어 단정적으로 좋다고만 보기는 어렵습니다.
"참고 뉴스:
제목: 기아, 투자자 관심 지속
내용: 시장에서는 기아의 북미 시장 점유율 개선에 주목했다. 기사에서는 긍정적인 기대와 함께 차익 실현 매물 출회 가능성을 함께 확인해야 한다고 설명했다.

질문: 기아 확인되는 내용만 말해줘","이 참고 뉴스에서 확인되는 내용은 기아 관련 긍정 요인으로 북미 시장 점유율 개선가 언급됐고, 부담 요인으로 차익 실현 매물 출회 가능성이 제시됐습니다."
"참고 뉴스:
제목: 삼성바이오로직스 관련 수급 변동성 확대
내용: 삼성바이오로직스는 바이오 업종 내 관심이 이어졌지만 수급 흐름은 엇갈렸다. 위탁생산 수주 확대는 긍정 재료로, 차익 실현 매물 출회 가능성은 리스크로 제시됐다.

질문: 삼성바이오로직스 리스크 중심으로 정리해줘",주어진 자료만 보면 가장 중요한 리스크는 차익 실현 매물 출회 가능성입니다. 긍정 요인이 있어도 이 부담 요인이 커지면 주가 변동성이 확대될 수 있습니다.
"참고 뉴스:
제목: KB금융 관련 수급 변동성 확대
내용: KB금융은 금융 업종 내 관심이 이어졌지만 수급 흐름은 엇갈렸다. 비은행 부문 실적 개선은 긍정 재료로, 수요 회복 속도 둔화는 리스크로 제시됐다.

질문: KB금융 핵심만 정리해줘",참고 뉴스 기준으로 KB금융은 비은행 부문 실적 개선로 관심을 받고 있습니다. 다만 수요 회복 속도 둔화도 함께 언급되어 긍정 요인과 부담 요인이 같이 있는 상황입니다.
"참고 뉴스:
제목: 카카오, 인터넷 기대
내용: 카카오는 커머스 서비스 개편 영향으로 관심을 받았다. 부담 요인은 실적 추정치 하향 가능성이다.

제목: 신한지주, 금융 점검
내용: 신한지주는 건전성 관리 강화 기대가 있지만 수요 회복 속도 둔화도 함께 언급됐다.

질문: 두 뉴스에서 확인되는 리스크를 정리해줘","참고 뉴스에서 확인되는 리스크는 카카오의 실적 추정치 하향 가능성, 신한지주의 수요 회복 속도 둔화입니다."
"참고 뉴스:
제목: 국제유가 변화에 시장 관심
내용: 유가 하락이 항공과 화학 업종의 비용 부담을 낮출 수 있다. 그러나 정유 업종의 정제마진에는 부담이 될 수 있다. 전문가들은 관련 지표와 수급 흐름을 함께 확인해야 한다고 말했다.

질문: 국제유가 긍정 요인만 정리해줘",참고 뉴스 기준으로 긍정 요인은 유가 하락이 항공과 화학 업종의 비용 부담을 낮출 수 있다는 점입니다.
"참고 뉴스:
제목: SK하이닉스 관련 수급 변동성 확대
내용: SK하이닉스는 반도체 업종 내 관심이 이어졌지만 수급 흐름은 엇갈렸다. 데이터센터 투자 증가는 긍정 재료로, 금리 불확실성은 리스크로 제시됐다.

질문: SK하이닉스 매수해도 돼?","제공된 참고 뉴스에 따르면 SK하이닉스의 긍정 요인과 부담 요인은 확인되지만, 이 자료만으로 매수 여부를 판단할 수는 없습니다. 추가 실적, 밸류에이션, 수급 확인이 필요합니다."
"참고 뉴스:
제목: 대한항공, 투자자 관심 지속
내용: 시장에서는 대한항공의 화물 운임 안정에 주목했다. 기사에서는 긍정적인 기대와 함께 환율 변동성 확대을 함께 확인해야 한다고 설명했다.

질문: 대한항공 한 문장으로 요약해줘",대한항공은 화물 운임 안정 기대가 있지만 환율 변동성 확대도 함께 확인해야 하는 상황입니다.
"참고 뉴스:
제목: 증권가, 한국전력 실적 전망 점검
내용: 증권가에서는 한국전력이 재무구조 개선 기대 덕분에 투자 심리가 개선될 수 있다고 봤다. 반면 실적 추정치 하향 가능성 때문에 추가 확인이 필요하다는 의견도 나왔다.

질문: 한국전력 호재랑 부담 요인 나눠서 말해줘",참고 뉴스 기준으로 호재는 재무구조 개선 기대입니다. 부담 요인은 실적 추정치 하향 가능성입니다.
"참고 뉴스:
제목: 하이브, 엔터 업황 변화에 주목
내용: 하이브는 글로벌 팬덤 확대 영향으로 실적 개선 기대가 언급됐다. 다만 수요 회복 속도 둔화는 부담 요인으로 꼽혔다.

질문: 하이브 핵심만 정리해줘",참고 뉴스 기준으로 하이브는 글로벌 팬덤 확대로 관심을 받고 있습니다. 다만 수요 회복 속도 둔화도 함께 언급되어 긍정 요인과 부담 요인이 같이 있는 상황입니다.
"참고 뉴스:
제목: 신한지주, 투자자 관심 지속
내용: 시장에서는 신한지주의 자사주 매입 기대에 주목했다. 기사에서는 긍정적인 기대와 함께 차익 실현 매물 출회 가능성을 함께 확인해야 한다고 설명했다.

질문: 신한지주 호재랑 부담 요인 나눠서 말해줘",이 참고 뉴스에서 확인되는 내용은 호재는 자사주 매입 기대입니다. 부담 요인은 차익 실현 매물 출회 가능성입니다.
"참고 뉴스:
제목: 증권가, 한화에어로스페이스 실적 전망 점검
내용: 증권가에서는 한화에어로스페이스가 수주 잔고 확대 덕분에 투자 심리가 개선될 수 있다고 봤다. 반면 차익 실현 매물 출회 가능성 때문에 추가 확인이 필요하다는 의견도 나왔다.

질문: 한화에어로스페이스 한 문장으로 요약해줘",한화에어로스페이스는 수주 잔고 확대 기대가 있지만 차익 실현 매물 출회 가능성도 함께 확인해야 하는 상황입니다.
"참고 뉴스:
제목: 증권가, 아모레퍼시픽 실적 전망 점검
내용: 증권가에서는 아모레퍼시픽이 중국 소비 회복 기대 덕분에 투자 심리가 개선될 수 있다고 봤다. 반면 경쟁 심화 때문에 추가 확인이 필요하다는 의견도 나왔다.

질문: 아모레퍼시픽 호재랑 부담 요인 나눠서 말해줘",제공된 참고 뉴스에 따르면 호재는 중국 소비 회복 기대입니다. 부담 요인은 경쟁 심화입니다.
"참고 뉴스:
제목: CJ대한통운, 투자자 관심 지속
내용: 시장에서는 CJ대한통운의 운임 효율화에 주목했다. 기사에서는 긍정적인 기대와 함께 수요 회복 속도 둔화을 함께 확인해야 한다고 설명했다.

질문: CJ대한통운 긍정적인 내용이 있어?",주어진 자료만 보면 긍정적인 내용은 운임 효율화로 인해 실적이나 투자 심리가 개선될 수 있다는 점입니다.
"참고 뉴스:
제목: 증권가, 셀트리온 실적 전망 점검
내용: 증권가에서는 셀트리온이 해외 판매망 강화 덕분에 투자 심리가 개선될 수 있다고 봤다. 반면 환율 변동성 확대 때문에 추가 확인이 필요하다는 의견도 나왔다.

질문: 셀트리온 목표주가 얼마야?",참고 뉴스에는 셀트리온의 구체적인 목표주가가 제시되어 있지 않습니다. 제공된 자료만으로는 목표주가를 말할 수 없습니다.
"참고 뉴스:
제목: 현대차, 투자자 관심 지속
내용: 시장에서는 현대차의 환율 효과에 주목했다. 기사에서는 긍정적인 기대와 함께 원가 부담 증가을 함께 확인해야 한다고 설명했다.

질문: 현대차 분위기 어때?",주어진 자료만 보면 현대차에 대한 분위기는 중립에서 긍정 쪽에 가깝습니다. 다만 원가 부담 증가이 있어 단정적으로 좋다고만 보기는 어렵습니다.
"참고 뉴스:
제목: 전력기기 업종 점검, 두산에너빌리티 주목
내용: 두산에너빌리티는 원전 수주 기대 관련 기대가 커졌지만, 단기적으로는 수요 회복 속도 둔화으로 변동성이 나타날 수 있다는 분석이 나왔다.

질문: 두산에너빌리티 분위기 어때?",제공된 참고 뉴스에 따르면 두산에너빌리티에 대한 분위기는 중립에서 긍정 쪽에 가깝습니다. 다만 수요 회복 속도 둔화이 있어 단정적으로 좋다고만 보기는 어렵습니다.
"참고 뉴스:
제목: 현대차, 투자자 관심 지속
내용: 시장에서는 현대차의 하이브리드 수요 확대에 주목했다. 기사에서는 긍정적인 기대와 함께 차익 실현 매물 출회 가능성을 함께 확인해야 한다고 설명했다.

질문: 현대차 확인되는 내용만 말해줘","이 참고 뉴스에서 확인되는 내용은 현대차 관련 긍정 요인으로 하이브리드 수요 확대가 언급됐고, 부담 요인으로 차익 실현 매물 출회 가능성이 제시됐습니다."
"참고 뉴스:
제목: 자동차 업종 점검, 기아 주목
내용: 기아는 북미 시장 점유율 개선 관련 기대가 커졌지만, 단기적으로는 경쟁 심화으로 변동성이 나타날 수 있다는 분석이 나왔다.

질문: 기아 호재랑 부담 요인 나눠서 말해줘",주어진 자료만 보면 호재는 북미 시장 점유율 개선입니다. 부담 요인은 경쟁 심화입니다.
"참고 뉴스:
제목: POSCO홀딩스 관련 수급 변동성 확대
내용: POSCO홀딩스는 철강 업종 내 관심이 이어졌지만 수급 흐름은 엇갈렸다. 리튬 사업 기대는 긍정 재료로, 수요 회복 속도 둔화는 리스크로 제시됐다.

질문: POSCO홀딩스 긍정적인 내용이 있어?",주어진 자료만 보면 긍정적인 내용은 리튬 사업 기대로 인해 실적이나 투자 심리가 개선될 수 있다는 점입니다.
"참고 뉴스:
제목: 삼성바이오로직스 관련 수급 변동성 확대
내용: 삼성바이오로직스는 바이오 업종 내 관심이 이어졌지만 수급 흐름은 엇갈렸다. 공장 가동률 개선은 긍정 재료로, 수요 회복 속도 둔화는 리스크로 제시됐다.

질문: 삼성바이오로직스 긍정적인 내용이 있어?",주어진 자료만 보면 긍정적인 내용은 공장 가동률 개선로 인해 실적이나 투자 심리가 개선될 수 있다는 점입니다.
"참고 뉴스:
제목: 아모레퍼시픽, 화장품 기대
내용: 아모레퍼시픽은 중국 소비 회복 기대 영향으로 관심을 받았다. 부담 요인은 실적 추정치 하향 가능성이다.

제목: 두산에너빌리티, 전력기기 점검
내용: 두산에너빌리티는 수주 잔고 증가 기대가 있지만 금리 불확실성도 함께 언급됐다.

질문: 두 뉴스의 공통점과 차이점을 정리해줘","참고 뉴스 기준으로 두 기업 모두 긍정 요인과 부담 요인이 함께 언급됐습니다. 차이점은 아모레퍼시픽는 중국 소비 회복 기대가 강조됐고, 두산에너빌리티는 수주 잔고 증가와 함께 금리 불확실성도 제시됐다는 점입니다."
"참고 뉴스:
제목: 현대차, 자동차 기대
내용: 현대차는 환율 효과 영향으로 관심을 받았다. 부담 요인은 경쟁 심화이다.

제목: SK하이닉스, 반도체 점검
내용: SK하이닉스는 HBM 공급 확대 기대가 있지만 실적 추정치 하향 가능성도 함께 언급됐다.

질문: 두 뉴스에서 확인되는 리스크를 정리해줘","참고 뉴스에서 확인되는 리스크는 현대차의 경쟁 심화, SK하이닉스의 실적 추정치 하향 가능성입니다."
"참고 뉴스:
제목: 아모레퍼시픽, 화장품 기대
내용: 아모레퍼시픽은 북미 매출 성장 영향으로 관심을 받았다. 부담 요인은 금리 불확실성이다.

제목: KB금융, 금융 점검
내용: KB금융은 순이자마진 방어 기대가 있지만 수요 회복 속도 둔화도 함께 언급됐다.

질문: 두 뉴스의 공통점과 차이점을 정리해줘","참고 뉴스 기준으로 두 기업 모두 긍정 요인과 부담 요인이 함께 언급됐습니다. 차이점은 아모레퍼시픽는 북미 매출 성장가 강조됐고, KB금융는 순이자마진 방어와 함께 수요 회복 속도 둔화도 제시됐다는 점입니다."
"참고 뉴스:
제목: SK하이닉스, 반도체 업황 변화에 주목
내용: SK하이닉스는 고부가 메모리 수요 증가 영향으로 실적 개선 기대가 언급됐다. 다만 경쟁 심화는 부담 요인으로 꼽혔다.

질문: SK하이닉스 목표주가 얼마야?",참고 뉴스에는 SK하이닉스의 구체적인 목표주가가 제시되어 있지 않습니다. 제공된 자료만으로는 목표주가를 말할 수 없습니다.
"참고 뉴스:
제목: 대한항공 관련 수급 변동성 확대
내용: 대한항공은 항공 업종 내 관심이 이어졌지만 수급 흐름은 엇갈렸다. 여객 수요 회복은 긍정 재료로, 수요 회복 속도 둔화는 리스크로 제시됐다.

질문: 대한항공 뉴스 근거를 들어 설명해줘","참고 뉴스 기준으로 근거는 기사에서 여객 수요 회복를 긍정 요인으로 언급했고, 동시에 수요 회복 속도 둔화을 부담 요인으로 제시했다는 점입니다."
"참고 뉴스:
제목: 카카오, 인터넷 업황 변화에 주목
내용: 카카오는 콘텐츠 사업 조정 영향으로 실적 개선 기대가 언급됐다. 다만 원가 부담 증가는 부담 요인으로 꼽혔다.

질문: 카카오 뉴스 근거를 들어 설명해줘","제공된 참고 뉴스에 따르면 근거는 기사에서 콘텐츠 사업 조정를 긍정 요인으로 언급했고, 동시에 원가 부담 증가을 부담 요인으로 제시했다는 점입니다."
"참고 뉴스:
제목: 삼성전자, 투자자 관심 지속
내용: 시장에서는 삼성전자의 파운드리 수익성 개선 기대에 주목했다. 기사에서는 긍정적인 기대와 함께 수요 회복 속도 둔화을 함께 확인해야 한다고 설명했다.

질문: 삼성전자 부담되는 내용도 있어?",참고 뉴스 기준으로 부담되는 내용은 수요 회복 속도 둔화입니다. 이 부분은 주가 변동성을 키울 수 있는 요인으로 언급됐습니다.
"참고 뉴스:
제목: 셀트리온, 바이오 업황 변화에 주목
내용: 셀트리온은 신제품 허가 기대 영향으로 실적 개선 기대가 언급됐다. 다만 실적 추정치 하향 가능성은 부담 요인으로 꼽혔다.

질문: 셀트리온 확인되는 내용만 말해줘","참고 뉴스 기준으로 셀트리온 관련 긍정 요인으로 신제품 허가 기대가 언급됐고, 부담 요인으로 실적 추정치 하향 가능성이 제시됐습니다."
"참고 뉴스:
제목: 자동차 업종 점검, 기아 주목
내용: 기아는 고환율 수혜 기대 관련 기대가 커졌지만, 단기적으로는 차익 실현 매물 출회 가능성으로 변동성이 나타날 수 있다는 분석이 나왔다.

질문: 기아 긍정적인 내용이 있어?",참고 뉴스 기준으로 긍정적인 내용은 고환율 수혜 기대로 인해 실적이나 투자 심리가 개선될 수 있다는 점입니다.
"참고 뉴스:
제목: 전력기기 업종 점검, 두산에너빌리티 주목
내용: 두산에너빌리티는 원전 수주 기대 관련 기대가 커졌지만, 단기적으로는 환율 변동성 확대으로 변동성이 나타날 수 있다는 분석이 나왔다.

질문: 두산에너빌리티 뉴스 근거를 들어 설명해줘","주어진 자료만 보면 근거는 기사에서 원전 수주 기대를 긍정 요인으로 언급했고, 동시에 환율 변동성 확대을 부담 요인으로 제시했다는 점입니다."
"참고 뉴스:
제목: 대한항공, 항공 업황 변화에 주목
내용: 대한항공은 화물 운임 안정 영향으로 실적 개선 기대가 언급됐다. 다만 수요 회복 속도 둔화는 부담 요인으로 꼽혔다.

질문: 대한항공 목표주가 얼마야?",참고 뉴스에는 대한항공의 구체적인 목표주가가 제시되어 있지 않습니다. 제공된 자료만으로는 목표주가를 말할 수 없습니다.
"참고 뉴스:
제목: 대한항공, 항공 업황 변화에 주목
내용: 대한항공은 여객 수요 회복 영향으로 실적 개선 기대가 언급됐다. 다만 차익 실현 매물 출회 가능성은 부담 요인으로 꼽혔다.

질문: 대한항공 호재랑 부담 요인 나눠서 말해줘",참고 뉴스 기준으로 호재는 여객 수요 회복입니다. 부담 요인은 차익 실현 매물 출회 가능성입니다.
"참고 뉴스:
제목: 신한지주, 투자자 관심 지속
내용: 시장에서는 신한지주의 건전성 관리 강화에 주목했다. 기사에서는 긍정적인 기대와 함께 기관과 외국인 수급 엇갈림을 함께 확인해야 한다고 설명했다.

질문: 신한지주 긍정적인 내용이 있어?",제공된 참고 뉴스에 따르면 긍정적인 내용은 건전성 관리 강화로 인해 실적이나 투자 심리가 개선될 수 있다는 점입니다.
"참고 뉴스:
제목: 하이브, 엔터 업종 내 관심 지속
내용: 하이브는 아티스트 활동 재개와 관련해 투자자 관심이 이어졌다. 기사에는 목표주가, 배당금, 구체적인 실적 수치, 밸류에이션 지표는 포함되지 않았다.

질문: 하이브 이번 분기 영업이익 숫자 알려줘",참고 뉴스에는 하이브의 영업이익 정보가 나와 있지 않습니다. 제공된 자료만으로는 영업이익을 확인할 수 없습니다.
"참고 뉴스:
제목: 기아, 자동차 업황 변화에 주목
내용: 기아는 SUV 판매 호조 영향으로 실적 개선 기대가 언급됐다. 다만 환율 변동성 확대는 부담 요인으로 꼽혔다.

질문: 기아 리스크 중심으로 정리해줘",이 참고 뉴스에서 확인되는 내용은 가장 중요한 리스크는 환율 변동성 확대입니다. 긍정 요인이 있어도 이 부담 요인이 커지면 주가 변동성이 확대될 수 있습니다.
"참고 뉴스:
제목: 신한지주, 금융 업황 변화에 주목
내용: 신한지주는 자사주 매입 기대 영향으로 실적 개선 기대가 언급됐다. 다만 원가 부담 증가는 부담 요인으로 꼽혔다.

질문: 신한지주 리스크 중심으로 정리해줘",이 참고 뉴스에서 확인되는 내용은 가장 중요한 리스크는 원가 부담 증가입니다. 긍정 요인이 있어도 이 부담 요인이 커지면 주가 변동성이 확대될 수 있습니다.
"참고 뉴스:
제목: 삼성전자, 투자자 관심 지속
내용: 시장에서는 삼성전자의 AI 서버 수요 증가에 주목했다. 기사에서는 긍정적인 기대와 함께 환율 변동성 확대을 함께 확인해야 한다고 설명했다.

질문: 삼성전자 호재랑 부담 요인 나눠서 말해줘",주어진 자료만 보면 호재는 AI 서버 수요 증가입니다. 부담 요인은 환율 변동성 확대입니다.
"참고 뉴스:
제목: 항공 업종 점검, 대한항공 주목
내용: 대한항공은 화물 운임 안정 관련 기대가 커졌지만, 단기적으로는 원가 부담 증가으로 변동성이 나타날 수 있다는 분석이 나왔다.

질문: 대한항공 목표주가 얼마야?",참고 뉴스에는 대한항공의 구체적인 목표주가가 제시되어 있지 않습니다. 제공된 자료만으로는 목표주가를 말할 수 없습니다.
"참고 뉴스:
제목: 증권가, 대한항공 실적 전망 점검
내용: 증권가에서는 대한항공이 화물 운임 안정 덕분에 투자 심리가 개선될 수 있다고 봤다. 반면 차익 실현 매물 출회 가능성 때문에 추가 확인이 필요하다는 의견도 나왔다.

질문: 대한항공 호재랑 부담 요인 나눠서 말해줘",이 참고 뉴스에서 확인되는 내용은 호재는 화물 운임 안정입니다. 부담 요인은 차익 실현 매물 출회 가능성입니다.
"참고 뉴스:
제목: SK하이닉스, 반도체 기대
내용: SK하이닉스는 HBM 공급 확대 영향으로 관심을 받았다. 부담 요인은 수요 회복 속도 둔화이다.

제목: 셀트리온, 바이오 점검
내용: 셀트리온은 신제품 허가 기대 기대가 있지만 수요 회복 속도 둔화도 함께 언급됐다.

질문: 두 뉴스의 공통점과 차이점을 정리해줘","참고 뉴스 기준으로 두 기업 모두 긍정 요인과 부담 요인이 함께 언급됐습니다. 차이점은 SK하이닉스는 HBM 공급 확대가 강조됐고, 셀트리온는 신제품 허가 기대와 함께 수요 회복 속도 둔화도 제시됐다는 점입니다."
"참고 뉴스:
제목: 네이버 관련 수급 변동성 확대
내용: 네이버는 인터넷 업종 내 관심이 이어졌지만 수급 흐름은 엇갈렸다. 광고 매출 회복 기대는 긍정 재료로, 수요 회복 속도 둔화는 리스크로 제시됐다.

질문: 네이버 리스크 중심으로 정리해줘",참고 뉴스 기준으로 가장 중요한 리스크는 수요 회복 속도 둔화입니다. 긍정 요인이 있어도 이 부담 요인이 커지면 주가 변동성이 확대될 수 있습니다.
"참고 뉴스:
제목: 증권가, 카카오 실적 전망 점검
내용: 증권가에서는 카카오가 커머스 서비스 개편 덕분에 투자 심리가 개선될 수 있다고 봤다. 반면 차익 실현 매물 출회 가능성 때문에 추가 확인이 필요하다는 의견도 나왔다.

질문: 카카오 핵심만 정리해줘",제공된 참고 뉴스에 따르면 카카오는 커머스 서비스 개편로 관심을 받고 있습니다. 다만 차익 실현 매물 출회 가능성도 함께 언급되어 긍정 요인과 부담 요인이 같이 있는 상황입니다.
"참고 뉴스:
제목: 기준금리 변화에 시장 관심
내용: 금리 인하 기대가 성장주 투자 심리를 지지했다. 그러나 인하 시점이 늦어지면 변동성이 커질 수 있다. 전문가들은 관련 지표와 수급 흐름을 함께 확인해야 한다고 말했다.

질문: 기준금리 호재와 부담 요인을 분리해서 알려줘","이 참고 뉴스에서 확인되는 내용은 호재는 금리 인하 기대가 성장주 투자 심리를 지지했다는 점이고, 부담 요인은 인하 시점이 늦어지면 변동성이 커질 수 있다는 점입니다."
"참고 뉴스:
제목: CJ대한통운, 투자자 관심 지속
내용: 시장에서는 CJ대한통운의 택배 물동량 회복에 주목했다. 기사에서는 긍정적인 기대와 함께 금리 불확실성을 함께 확인해야 한다고 설명했다.

질문: CJ대한통운 한 문장으로 요약해줘",CJ대한통운은 택배 물동량 회복 기대가 있지만 금리 불확실성도 함께 확인해야 하는 상황입니다.
"참고 뉴스:
제목: 하이브 관련 수급 변동성 확대
내용: 하이브는 엔터 업종 내 관심이 이어졌지만 수급 흐름은 엇갈렸다. 글로벌 팬덤 확대는 긍정 재료로, 실적 추정치 하향 가능성은 리스크로 제시됐다.

질문: 하이브 핵심만 정리해줘",제공된 참고 뉴스에 따르면 하이브는 글로벌 팬덤 확대로 관심을 받고 있습니다. 다만 실적 추정치 하향 가능성도 함께 언급되어 긍정 요인과 부담 요인이 같이 있는 상황입니다.
"참고 뉴스:
제목: 두산에너빌리티 관련 수급 변동성 확대
내용: 두산에너빌리티는 전력기기 업종 내 관심이 이어졌지만 수급 흐름은 엇갈렸다. 원전 수주 기대는 긍정 재료로, 수요 회복 속도 둔화는 리스크로 제시됐다.

질문: 두산에너빌리티 뉴스 근거를 들어 설명해줘","이 참고 뉴스에서 확인되는 내용은 근거는 기사에서 원전 수주 기대를 긍정 요인으로 언급했고, 동시에 수요 회복 속도 둔화을 부담 요인으로 제시했다는 점입니다."
"참고 뉴스:
제목: 금융 업종 점검, KB금융 주목
내용: KB금융은 주주환원 기대 관련 기대가 커졌지만, 단기적으로는 경쟁 심화으로 변동성이 나타날 수 있다는 분석이 나왔다.

질문: KB금융 매수해도 돼?","참고 뉴스 기준으로 KB금융의 긍정 요인과 부담 요인은 확인되지만, 이 자료만으로 매수 여부를 판단할 수는 없습니다. 추가 실적, 밸류에이션, 수급 확인이 필요합니다."
"참고 뉴스:
제목: 증권가, 한화에어로스페이스 실적 전망 점검
내용: 증권가에서는 한화에어로스페이스가 수주 잔고 확대 덕분에 투자 심리가 개선될 수 있다고 봤다. 반면 원가 부담 증가 때문에 추가 확인이 필요하다는 의견도 나왔다.

질문: 한화에어로스페이스 리스크 중심으로 정리해줘",주어진 자료만 보면 가장 중요한 리스크는 원가 부담 증가입니다. 긍정 요인이 있어도 이 부담 요인이 커지면 주가 변동성이 확대될 수 있습니다.
"참고 뉴스:
제목: 아모레퍼시픽, 화장품 업종 내 관심 지속
내용: 아모레퍼시픽은 북미 매출 성장와 관련해 투자자 관심이 이어졌다. 기사에는 목표주가, 배당금, 구체적인 실적 수치, 밸류에이션 지표는 포함되지 않았다.

질문: 아모레퍼시픽 PER 얼마야?",참고 뉴스에는 아모레퍼시픽의 PER 정보가 나와 있지 않습니다. 제공된 자료만으로는 PER을 확인할 수 없습니다.
"참고 뉴스:
제목: 하이브, 투자자 관심 지속
내용: 시장에서는 하이브의 콘텐츠 매출 증가에 주목했다. 기사에서는 긍정적인 기대와 함께 수요 회복 속도 둔화을 함께 확인해야 한다고 설명했다.

질문: 하이브 목표주가 얼마야?",참고 뉴스에는 하이브의 구체적인 목표주가가 제시되어 있지 않습니다. 제공된 자료만으로는 목표주가를 말할 수 없습니다.
"참고 뉴스:
제목: 증권가, 네이버 실적 전망 점검
내용: 증권가에서는 네이버가 광고 매출 회복 기대 덕분에 투자 심리가 개선될 수 있다고 봤다. 반면 실적 추정치 하향 가능성 때문에 추가 확인이 필요하다는 의견도 나왔다.

질문: 네이버 한 문장으로 요약해줘",네이버는 광고 매출 회복 기대 기대가 있지만 실적 추정치 하향 가능성도 함께 확인해야 하는 상황입니다.
"참고 뉴스:
제목: 삼성바이오로직스, 투자자 관심 지속
내용: 시장에서는 삼성바이오로직스의 장기 공급계약 증가에 주목했다. 기사에서는 긍정적인 기대와 함께 경쟁 심화을 함께 확인해야 한다고 설명했다.

질문: 삼성바이오로직스 핵심만 정리해줘",제공된 참고 뉴스에 따르면 삼성바이오로직스는 장기 공급계약 증가로 관심을 받고 있습니다. 다만 경쟁 심화도 함께 언급되어 긍정 요인과 부담 요인이 같이 있는 상황입니다.
"참고 뉴스:
제목: 2차전지주, 전기차 수요 둔화 우려에 약세
내용: 2차전지 관련주는 전기차 판매 성장률 둔화와 배터리 소재 가격 변동성 우려로 하락했다. 일부 증권사는 장기 성장성은 유효하지만 단기 실적 부담이 이어질 수 있다고 전망했다.

질문: 이 참고 뉴스 핵심만 정리해줘","2차전지주는 전기차 수요 둔화 우려와 배터리 소재 가격 변동성 때문에 약세를 보였습니다. 장기 성장성은 여전히 언급되지만, 단기 실적 부담은 이어질 수 있다는 전망입니다."
"참고 뉴스:
제목: 네이버 관련 수급 변동성 확대
내용: 네이버는 인터넷 업종 내 관심이 이어졌지만 수급 흐름은 엇갈렸다. AI 검색 서비스 고도화은 긍정 재료로, 차익 실현 매물 출회 가능성은 리스크로 제시됐다.

질문: 네이버 한 문장으로 요약해줘",네이버는 AI 검색 서비스 고도화 기대가 있지만 차익 실현 매물 출회 가능성도 함께 확인해야 하는 상황입니다.
"참고 뉴스:
제목: 삼성SDI, 투자자 관심 지속
내용: 시장에서는 삼성SDI의 고부가 제품 비중 증가에 주목했다. 기사에서는 긍정적인 기대와 함께 기관과 외국인 수급 엇갈림을 함께 확인해야 한다고 설명했다.

질문: 삼성SDI 핵심만 정리해줘",제공된 참고 뉴스에 따르면 삼성SDI는 고부가 제품 비중 증가로 관심을 받고 있습니다. 다만 기관과 외국인 수급 엇갈림도 함께 언급되어 긍정 요인과 부담 요인이 같이 있는 상황입니다.
"참고 뉴스:
제목: 바이오 업종 점검, 삼성바이오로직스 주목
내용: 삼성바이오로직스는 공장 가동률 개선 관련 기대가 커졌지만, 단기적으로는 원가 부담 증가으로 변동성이 나타날 수 있다는 분석이 나왔다.

질문: 삼성바이오로직스 리스크 중심으로 정리해줘",주어진 자료만 보면 가장 중요한 리스크는 원가 부담 증가입니다. 긍정 요인이 있어도 이 부담 요인이 커지면 주가 변동성이 확대될 수 있습니다.
"참고 뉴스:
제목: 증권가, 신한지주 실적 전망 점검
내용: 증권가에서는 신한지주가 건전성 관리 강화 덕분에 투자 심리가 개선될 수 있다고 봤다. 반면 금리 불확실성 때문에 추가 확인이 필요하다는 의견도 나왔다.

질문: 신한지주 목표주가 얼마야?",참고 뉴스에는 신한지주의 구체적인 목표주가가 제시되어 있지 않습니다. 제공된 자료만으로는 목표주가를 말할 수 없습니다.
"참고 뉴스:
제목: 바이오 업종 점검, 셀트리온 주목
내용: 셀트리온은 해외 판매망 강화 관련 기대가 커졌지만, 단기적으로는 수요 회복 속도 둔화으로 변동성이 나타날 수 있다는 분석이 나왔다.

질문: 셀트리온 목표주가 얼마야?",참고 뉴스에는 셀트리온의 구체적인 목표주가가 제시되어 있지 않습니다. 제공된 자료만으로는 목표주가를 말할 수 없습니다.
"참고 뉴스:
제목: 삼성바이오로직스, 바이오 업황 변화에 주목
내용: 삼성바이오로직스는 장기 공급계약 증가 영향으로 실적 개선 기대가 언급됐다. 다만 기관과 외국인 수급 엇갈림은 부담 요인으로 꼽혔다.

질문: 삼성바이오로직스 확인되는 내용만 말해줘","이 참고 뉴스에서 확인되는 내용은 삼성바이오로직스 관련 긍정 요인으로 장기 공급계약 증가가 언급됐고, 부담 요인으로 기관과 외국인 수급 엇갈림이 제시됐습니다."
"참고 뉴스:
제목: 바이오 업종 점검, 삼성바이오로직스 주목
내용: 삼성바이오로직스는 장기 공급계약 증가 관련 기대가 커졌지만, 단기적으로는 수요 회복 속도 둔화으로 변동성이 나타날 수 있다는 분석이 나왔다.

질문: 삼성바이오로직스 한 문장으로 요약해줘",삼성바이오로직스는 장기 공급계약 증가 기대가 있지만 수요 회복 속도 둔화도 함께 확인해야 하는 상황입니다.
"참고 뉴스:
제목: 한국전력 관련 수급 변동성 확대
내용: 한국전력은 유틸리티 업종 내 관심이 이어졌지만 수급 흐름은 엇갈렸다. 전기요금 조정 기대는 긍정 재료로, 실적 추정치 하향 가능성은 리스크로 제시됐다.

질문: 한국전력 투자 판단할 때 뭘 더 봐야 해?","이 참고 뉴스에서 확인되는 내용은 기사에 나온 전기요금 조정 기대와 실적 추정치 하향 가능성 외에도 실제 실적, 수급, 업종 전망, 밸류에이션을 함께 확인해야 합니다."
"참고 뉴스:
제목: 증권가, CJ대한통운 실적 전망 점검
내용: 증권가에서는 CJ대한통운이 택배 물동량 회복 덕분에 투자 심리가 개선될 수 있다고 봤다. 반면 실적 추정치 하향 가능성 때문에 추가 확인이 필요하다는 의견도 나왔다.

질문: CJ대한통운 목표주가 얼마야?",참고 뉴스에는 CJ대한통운의 구체적인 목표주가가 제시되어 있지 않습니다. 제공된 자료만으로는 목표주가를 말할 수 없습니다.
"참고 뉴스:
제목: 증권가, 삼성바이오로직스 실적 전망 점검
내용: 증권가에서는 삼성바이오로직스가 위탁생산 수주 확대 덕분에 투자 심리가 개선될 수 있다고 봤다. 반면 실적 추정치 하향 가능성 때문에 추가 확인이 필요하다는 의견도 나왔다.

질문: 삼성바이오로직스 뉴스 근거를 들어 설명해줘","제공된 참고 뉴스에 따르면 근거는 기사에서 위탁생산 수주 확대를 긍정 요인으로 언급했고, 동시에 실적 추정치 하향 가능성을 부담 요인으로 제시했다는 점입니다."
"참고 뉴스:
제목: 기아, 투자자 관심 지속
내용: 시장에서는 기아의 고환율 수혜 기대에 주목했다. 기사에서는 긍정적인 기대와 함께 수요 회복 속도 둔화을 함께 확인해야 한다고 설명했다.

질문: 기아 투자 판단할 때 뭘 더 봐야 해?","주어진 자료만 보면 기사에 나온 고환율 수혜 기대와 수요 회복 속도 둔화 외에도 실제 실적, 수급, 업종 전망, 밸류에이션을 함께 확인해야 합니다."
"참고 뉴스:
제목: 엔터 업종 점검, 하이브 주목
내용: 하이브는 콘텐츠 매출 증가 관련 기대가 커졌지만, 단기적으로는 차익 실현 매물 출회 가능성으로 변동성이 나타날 수 있다는 분석이 나왔다.

질문: 하이브 호재랑 부담 요인 나눠서 말해줘",주어진 자료만 보면 호재는 콘텐츠 매출 증가입니다. 부담 요인은 차익 실현 매물 출회 가능성입니다.
"참고 뉴스:
제목: 네이버파이낸셜·두나무 주식 교환 일정 연기
내용: 네이버파이낸셜과 두나무의 포괄적 주식 교환 일정이 연말로 다시 연기되었다. 시장에서는 양사의 결합 시너지와 규제 변수에 대한 불확실성이 함께 거론되고 있다.

질문: 이 뉴스에서 확인할 수 있는 내용만 말해줘",참고 뉴스에서 확인할 수 있는 내용은 다음과 같습니다. 네이버 관련 주요 뉴스는 네이버파이낸셜과 두나무의 주식 교환 일정이 연말로 다시 연기되었다는 내용입니다. 결합 시너지 기대가 있지만 규제 변수에 따른 불확실성도 함께 언급되고 있습니다.
"참고 뉴스:
제목: POSCO홀딩스 관련 수급 변동성 확대
내용: POSCO홀딩스는 철강 업종 내 관심이 이어졌지만 수급 흐름은 엇갈렸다. 리튬 사업 기대는 긍정 재료로, 금리 불확실성은 리스크로 제시됐다.

질문: POSCO홀딩스 확인되는 내용만 말해줘","주어진 자료만 보면 POSCO홀딩스 관련 긍정 요인으로 리튬 사업 기대가 언급됐고, 부담 요인으로 금리 불확실성이 제시됐습니다."
"참고 뉴스:
제목: 하이브 관련 수급 변동성 확대
내용: 하이브는 엔터 업종 내 관심이 이어졌지만 수급 흐름은 엇갈렸다. 아티스트 활동 재개은 긍정 재료로, 금리 불확실성은 리스크로 제시됐다.

질문: 하이브 투자 판단할 때 뭘 더 봐야 해?","제공된 참고 뉴스에 따르면 기사에 나온 아티스트 활동 재개와 금리 불확실성 외에도 실제 실적, 수급, 업종 전망, 밸류에이션을 함께 확인해야 합니다."
"참고 뉴스:
제목: POSCO홀딩스 관련 수급 변동성 확대
내용: POSCO홀딩스는 철강 업종 내 관심이 이어졌지만 수급 흐름은 엇갈렸다. 중국 경기 부양 기대는 긍정 재료로, 금리 불확실성은 리스크로 제시됐다.

질문: POSCO홀딩스 리스크 중심으로 정리해줘",이 참고 뉴스에서 확인되는 내용은 가장 중요한 리스크는 금리 불확실성입니다. 긍정 요인이 있어도 이 부담 요인이 커지면 주가 변동성이 확대될 수 있습니다.
"참고 뉴스:
제목: 신한지주, 금융 업종 내 관심 지속
내용: 신한지주는 자사주 매입 기대와 관련해 투자자 관심이 이어졌다. 기사에는 목표주가, 배당금, 구체적인 실적 수치, 밸류에이션 지표는 포함되지 않았다.

질문: 신한지주 목표주가 알려줘",참고 뉴스에는 신한지주의 목표주가 정보가 나와 있지 않습니다. 제공된 자료만으로는 목표주가을 확인할 수 없습니다.
"참고 뉴스:
제목: 금리 인하 기대, 성장주 투자심리 개선
내용: 시장에서는 기준금리 인하 기대가 커지면서 성장주와 기술주 투자심리가 개선되었다. 다만 물가 지표가 예상보다 높게 나오면 금리 인하 기대가 약해질 수 있다는 전망도 제기됐다.

질문: 이 참고 뉴스 핵심만 정리해줘",참고 뉴스 기준으로 금리 인하 기대는 성장주와 기술주 투자심리를 개선시키는 긍정 요인입니다. 다만 물가 지표가 높게 나오면 기대가 약해질 수 있습니다.
"참고 뉴스:
제목: 한국전력, 유틸리티 업종 내 관심 지속
내용: 한국전력은 전기요금 조정 기대와 관련해 투자자 관심이 이어졌다. 기사에는 목표주가, 배당금, 구체적인 실적 수치, 밸류에이션 지표는 포함되지 않았다.

질문: 한국전력 배당금 얼마야?",참고 뉴스에는 한국전력의 배당금 정보가 나와 있지 않습니다. 제공된 자료만으로는 배당금을 확인할 수 없습니다.
"참고 뉴스:
제목: 바이오 업종 점검, 셀트리온 주목
내용: 셀트리온은 해외 판매망 강화 관련 기대가 커졌지만, 단기적으로는 경쟁 심화으로 변동성이 나타날 수 있다는 분석이 나왔다.

질문: 셀트리온 뉴스 근거를 들어 설명해줘","주어진 자료만 보면 근거는 기사에서 해외 판매망 강화를 긍정 요인으로 언급했고, 동시에 경쟁 심화을 부담 요인으로 제시했다는 점입니다."
"참고 뉴스:
제목: CJ대한통운, 투자자 관심 지속
내용: 시장에서는 CJ대한통운의 택배 물동량 회복에 주목했다. 기사에서는 긍정적인 기대와 함께 기관과 외국인 수급 엇갈림을 함께 확인해야 한다고 설명했다.

질문: CJ대한통운 목표주가 얼마야?",참고 뉴스에는 CJ대한통운의 구체적인 목표주가가 제시되어 있지 않습니다. 제공된 자료만으로는 목표주가를 말할 수 없습니다.
"참고 뉴스:
제목: 하이브 관련 수급 변동성 확대
내용: 하이브는 엔터 업종 내 관심이 이어졌지만 수급 흐름은 엇갈렸다. 아티스트 활동 재개은 긍정 재료로, 환율 변동성 확대는 리스크로 제시됐다.

질문: 하이브 핵심만 정리해줘",주어진 자료만 보면 하이브는 아티스트 활동 재개로 관심을 받고 있습니다. 다만 환율 변동성 확대도 함께 언급되어 긍정 요인과 부담 요인이 같이 있는 상황입니다.
"참고 뉴스:
제목: 아모레퍼시픽, 화장품 기대
내용: 아모레퍼시픽은 북미 매출 성장 영향으로 관심을 받았다. 부담 요인은 수요 회복 속도 둔화이다.

제목: 현대차, 자동차 점검
내용: 현대차는 하이브리드 수요 확대 기대가 있지만 경쟁 심화도 함께 언급됐다.

질문: 두 뉴스의 공통점과 차이점을 정리해줘","참고 뉴스 기준으로 두 기업 모두 긍정 요인과 부담 요인이 함께 언급됐습니다. 차이점은 아모레퍼시픽는 북미 매출 성장가 강조됐고, 현대차는 하이브리드 수요 확대와 함께 경쟁 심화도 제시됐다는 점입니다."
"참고 뉴스:
제목: 항공 업종 점검, 대한항공 주목
내용: 대한항공은 화물 운임 안정 관련 기대가 커졌지만, 단기적으로는 기관과 외국인 수급 엇갈림으로 변동성이 나타날 수 있다는 분석이 나왔다.

질문: 대한항공 분위기 어때?",제공된 참고 뉴스에 따르면 대한항공에 대한 분위기는 중립에서 긍정 쪽에 가깝습니다. 다만 기관과 외국인 수급 엇갈림이 있어 단정적으로 좋다고만 보기는 어렵습니다.
"참고 뉴스:
제목: 증권가, 대한항공 실적 전망 점검
내용: 증권가에서는 대한항공이 화물 운임 안정 덕분에 투자 심리가 개선될 수 있다고 봤다. 반면 기관과 외국인 수급 엇갈림 때문에 추가 확인이 필요하다는 의견도 나왔다.

질문: 대한항공 투자 판단할 때 뭘 더 봐야 해?","주어진 자료만 보면 기사에 나온 화물 운임 안정와 기관과 외국인 수급 엇갈림 외에도 실제 실적, 수급, 업종 전망, 밸류에이션을 함께 확인해야 합니다."
"참고 뉴스:
제목: POSCO홀딩스 관련 수급 변동성 확대
내용: POSCO홀딩스는 철강 업종 내 관심이 이어졌지만 수급 흐름은 엇갈렸다. 리튬 사업 기대는 긍정 재료로, 수요 회복 속도 둔화는 리스크로 제시됐다.

질문: POSCO홀딩스 한 문장으로 요약해줘",POSCO홀딩스는 리튬 사업 기대 기대가 있지만 수요 회복 속도 둔화도 함께 확인해야 하는 상황입니다.
"참고 뉴스:
제목: 증권가, 대한항공 실적 전망 점검
내용: 증권가에서는 대한항공이 화물 운임 안정 덕분에 투자 심리가 개선될 수 있다고 봤다. 반면 환율 변동성 확대 때문에 추가 확인이 필요하다는 의견도 나왔다.

질문: 대한항공 호재랑 부담 요인 나눠서 말해줘",참고 뉴스 기준으로 호재는 화물 운임 안정입니다. 부담 요인은 환율 변동성 확대입니다.
"참고 뉴스:
제목: KB금융, 금융 업황 변화에 주목
내용: KB금융은 주주환원 기대 영향으로 실적 개선 기대가 언급됐다. 다만 원가 부담 증가는 부담 요인으로 꼽혔다.

질문: KB금융 뉴스 근거를 들어 설명해줘","제공된 참고 뉴스에 따르면 근거는 기사에서 주주환원 기대를 긍정 요인으로 언급했고, 동시에 원가 부담 증가을 부담 요인으로 제시했다는 점입니다."
"참고 뉴스:
제목: 대한항공, 투자자 관심 지속
내용: 시장에서는 대한항공의 화물 운임 안정에 주목했다. 기사에서는 긍정적인 기대와 함께 원가 부담 증가을 함께 확인해야 한다고 설명했다.

질문: 대한항공 매수해도 돼?","이 참고 뉴스에서 확인되는 내용은 대한항공의 긍정 요인과 부담 요인은 확인되지만, 이 자료만으로 매수 여부를 판단할 수는 없습니다. 추가 실적, 밸류에이션, 수급 확인이 필요합니다."
"참고 뉴스:
제목: 증권가, 현대차 실적 전망 점검
내용: 증권가에서는 현대차가 하이브리드 수요 확대 덕분에 투자 심리가 개선될 수 있다고 봤다. 반면 실적 추정치 하향 가능성 때문에 추가 확인이 필요하다는 의견도 나왔다.

질문: 현대차 한 문장으로 요약해줘",현대차는 하이브리드 수요 확대 기대가 있지만 실적 추정치 하향 가능성도 함께 확인해야 하는 상황입니다.
"참고 뉴스:
제목: 한국전력 관련 수급 변동성 확대
내용: 한국전력은 유틸리티 업종 내 관심이 이어졌지만 수급 흐름은 엇갈렸다. 재무구조 개선 기대는 긍정 재료로, 금리 불확실성은 리스크로 제시됐다.

질문: 한국전력 리스크 중심으로 정리해줘",주어진 자료만 보면 가장 중요한 리스크는 금리 불확실성입니다. 긍정 요인이 있어도 이 부담 요인이 커지면 주가 변동성이 확대될 수 있습니다.
"참고 뉴스:
제목: 하이브 관련 수급 변동성 확대
내용: 하이브는 엔터 업종 내 관심이 이어졌지만 수급 흐름은 엇갈렸다. 아티스트 활동 재개은 긍정 재료로, 원가 부담 증가는 리스크로 제시됐다.

질문: 하이브 긍정적인 내용이 있어?",이 참고 뉴스에서 확인되는 내용은 긍정적인 내용은 아티스트 활동 재개로 인해 실적이나 투자 심리가 개선될 수 있다는 점입니다.
"참고 뉴스:
제목: 2차전지 업종 점검, LG에너지솔루션 주목
내용: LG에너지솔루션은 전기차 신차 출시 기대 관련 기대가 커졌지만, 단기적으로는 수요 회복 속도 둔화으로 변동성이 나타날 수 있다는 분석이 나왔다.

질문: LG에너지솔루션 핵심만 정리해줘",주어진 자료만 보면 LG에너지솔루션은 전기차 신차 출시 기대로 관심을 받고 있습니다. 다만 수요 회복 속도 둔화도 함께 언급되어 긍정 요인과 부담 요인이 같이 있는 상황입니다.
"참고 뉴스:
제목: 증권가, 삼성SDI 실적 전망 점검
내용: 증권가에서는 삼성SDI가 ESS 수요 확대 덕분에 투자 심리가 개선될 수 있다고 봤다. 반면 경쟁 심화 때문에 추가 확인이 필요하다는 의견도 나왔다.

질문: 삼성SDI 부담되는 내용도 있어?",주어진 자료만 보면 부담되는 내용은 경쟁 심화입니다. 이 부분은 주가 변동성을 키울 수 있는 요인으로 언급됐습니다.
"참고 뉴스:
제목: 한국전력 관련 수급 변동성 확대
내용: 한국전력은 유틸리티 업종 내 관심이 이어졌지만 수급 흐름은 엇갈렸다. 재무구조 개선 기대는 긍정 재료로, 실적 추정치 하향 가능성은 리스크로 제시됐다.

질문: 한국전력 목표주가 얼마야?",참고 뉴스에는 한국전력의 구체적인 목표주가가 제시되어 있지 않습니다. 제공된 자료만으로는 목표주가를 말할 수 없습니다.
"참고 뉴스:
제목: 셀트리온 관련 수급 변동성 확대
내용: 셀트리온은 바이오 업종 내 관심이 이어졌지만 수급 흐름은 엇갈렸다. 바이오시밀러 매출 확대는 긍정 재료로, 환율 변동성 확대는 리스크로 제시됐다.

질문: 셀트리온 리스크 중심으로 정리해줘",참고 뉴스 기준으로 가장 중요한 리스크는 환율 변동성 확대입니다. 긍정 요인이 있어도 이 부담 요인이 커지면 주가 변동성이 확대될 수 있습니다.
"참고 뉴스:
제목: 국제유가 변화에 시장 관심
내용: 유가 하락이 항공과 화학 업종의 비용 부담을 낮출 수 있다. 그러나 정유 업종의 정제마진에는 부담이 될 수 있다. 전문가들은 관련 지표와 수급 흐름을 함께 확인해야 한다고 말했다.

질문: 국제유가 호재와 부담 요인을 분리해서 알려줘","제공된 참고 뉴스에 따르면 호재는 유가 하락이 항공과 화학 업종의 비용 부담을 낮출 수 있다는 점이고, 부담 요인은 정유 업종의 정제마진에는 부담이 될 수 있다는 점입니다."
"참고 뉴스:
제목: 셀트리온, 투자자 관심 지속
내용: 시장에서는 셀트리온의 바이오시밀러 매출 확대에 주목했다. 기사에서는 긍정적인 기대와 함께 환율 변동성 확대을 함께 확인해야 한다고 설명했다.

질문: 셀트리온 목표주가 얼마야?",참고 뉴스에는 셀트리온의 구체적인 목표주가가 제시되어 있지 않습니다. 제공된 자료만으로는 목표주가를 말할 수 없습니다.
"참고 뉴스:
제목: 2차전지 업종 점검, LG에너지솔루션 주목
내용: LG에너지솔루션은 원재료 가격 안정 관련 기대가 커졌지만, 단기적으로는 원가 부담 증가으로 변동성이 나타날 수 있다는 분석이 나왔다.

질문: LG에너지솔루션 한 문장으로 요약해줘",LG에너지솔루션은 원재료 가격 안정 기대가 있지만 원가 부담 증가도 함께 확인해야 하는 상황입니다.
"참고 뉴스:
제목: 철강 업종 점검, POSCO홀딩스 주목
내용: POSCO홀딩스는 철강 가격 반등 기대 관련 기대가 커졌지만, 단기적으로는 환율 변동성 확대으로 변동성이 나타날 수 있다는 분석이 나왔다.

질문: POSCO홀딩스 리스크 중심으로 정리해줘",이 참고 뉴스에서 확인되는 내용은 가장 중요한 리스크는 환율 변동성 확대입니다. 긍정 요인이 있어도 이 부담 요인이 커지면 주가 변동성이 확대될 수 있습니다.
"참고 뉴스:
제목: 현대차, 자동차 업황 변화에 주목
내용: 현대차는 환율 효과 영향으로 실적 개선 기대가 언급됐다. 다만 차익 실현 매물 출회 가능성은 부담 요인으로 꼽혔다.

질문: 현대차 호재랑 부담 요인 나눠서 말해줘",참고 뉴스 기준으로 호재는 환율 효과입니다. 부담 요인은 차익 실현 매물 출회 가능성입니다.
"참고 뉴스:
제목: 바이오 업종 점검, 삼성바이오로직스 주목
내용: 삼성바이오로직스는 공장 가동률 개선 관련 기대가 커졌지만, 단기적으로는 환율 변동성 확대으로 변동성이 나타날 수 있다는 분석이 나왔다.

질문: 삼성바이오로직스 한 문장으로 요약해줘",삼성바이오로직스는 공장 가동률 개선 기대가 있지만 환율 변동성 확대도 함께 확인해야 하는 상황입니다.
"참고 뉴스:
제목: 증권가, 네이버 실적 전망 점검
내용: 증권가에서는 네이버가 클라우드 사업 성장 덕분에 투자 심리가 개선될 수 있다고 봤다. 반면 기관과 외국인 수급 엇갈림 때문에 추가 확인이 필요하다는 의견도 나왔다.

질문: 네이버 리스크 중심으로 정리해줘",제공된 참고 뉴스에 따르면 가장 중요한 리스크는 기관과 외국인 수급 엇갈림입니다. 긍정 요인이 있어도 이 부담 요인이 커지면 주가 변동성이 확대될 수 있습니다.
"참고 뉴스:
제목: 한화에어로스페이스, 방산 기대
내용: 한화에어로스페이스는 해외 계약 증가 영향으로 관심을 받았다. 부담 요인은 경쟁 심화이다.

제목: 신한지주, 금융 점검
내용: 신한지주는 건전성 관리 강화 기대가 있지만 차익 실현 매물 출회 가능성도 함께 언급됐다.

질문: 두 뉴스에서 확인되는 리스크를 정리해줘","참고 뉴스에서 확인되는 리스크는 한화에어로스페이스의 경쟁 심화, 신한지주의 차익 실현 매물 출회 가능성입니다."
"참고 뉴스:
제목: 대한항공, 투자자 관심 지속
내용: 시장에서는 대한항공의 여객 수요 회복에 주목했다. 기사에서는 긍정적인 기대와 함께 실적 추정치 하향 가능성을 함께 확인해야 한다고 설명했다.

질문: 대한항공 부담되는 내용도 있어?",제공된 참고 뉴스에 따르면 부담되는 내용은 실적 추정치 하향 가능성입니다. 이 부분은 주가 변동성을 키울 수 있는 요인으로 언급됐습니다.
"참고 뉴스:
제목: 삼성전자, 반도체 업종 내 관심 지속
내용: 삼성전자는 메모리 업황 회복 기대와 관련해 투자자 관심이 이어졌다. 기사에는 목표주가, 배당금, 구체적인 실적 수치, 밸류에이션 지표는 포함되지 않았다.

질문: 삼성전자 배당금 얼마야?",참고 뉴스에는 삼성전자의 배당금 정보가 나와 있지 않습니다. 제공된 자료만으로는 배당금을 확인할 수 없습니다.
"참고 뉴스:
제목: AI 산업 변화에 시장 관심
내용: AI 서버 투자가 반도체와 전력 인프라 기업에 긍정적으로 작용할 수 있다. 그러나 단기 과열에 따른 밸류에이션 부담이 있다. 전문가들은 관련 지표와 수급 흐름을 함께 확인해야 한다고 말했다.

질문: AI 산업 긍정 요인만 정리해줘",주어진 자료만 보면 긍정 요인은 AI 서버 투자가 반도체와 전력 인프라 기업에 긍정적으로 작용할 수 있다는 점입니다.
"참고 뉴스:
제목: 금융 업종 점검, 신한지주 주목
내용: 신한지주는 건전성 관리 강화 관련 기대가 커졌지만, 단기적으로는 금리 불확실성으로 변동성이 나타날 수 있다는 분석이 나왔다.

질문: 신한지주 확인되는 내용만 말해줘","이 참고 뉴스에서 확인되는 내용은 신한지주 관련 긍정 요인으로 건전성 관리 강화가 언급됐고, 부담 요인으로 금리 불확실성이 제시됐습니다."
"참고 뉴스:
제목: 기아, 자동차 업황 변화에 주목
내용: 기아는 고환율 수혜 기대 영향으로 실적 개선 기대가 언급됐다. 다만 경쟁 심화는 부담 요인으로 꼽혔다.

질문: 기아 부담되는 내용도 있어?",주어진 자료만 보면 부담되는 내용은 경쟁 심화입니다. 이 부분은 주가 변동성을 키울 수 있는 요인으로 언급됐습니다.
"참고 뉴스:
제목: 반도체 업종 점검, SK하이닉스 주목
내용: SK하이닉스는 HBM 공급 확대 관련 기대가 커졌지만, 단기적으로는 경쟁 심화으로 변동성이 나타날 수 있다는 분석이 나왔다.

질문: SK하이닉스 목표주가 얼마야?",참고 뉴스에는 SK하이닉스의 구체적인 목표주가가 제시되어 있지 않습니다. 제공된 자료만으로는 목표주가를 말할 수 없습니다.
"참고 뉴스:
제목: 대한항공 관련 수급 변동성 확대
내용: 대한항공은 항공 업종 내 관심이 이어졌지만 수급 흐름은 엇갈렸다. 화물 운임 안정은 긍정 재료로, 금리 불확실성은 리스크로 제시됐다.

질문: 대한항공 리스크 중심으로 정리해줘",주어진 자료만 보면 가장 중요한 리스크는 금리 불확실성입니다. 긍정 요인이 있어도 이 부담 요인이 커지면 주가 변동성이 확대될 수 있습니다.
"참고 뉴스:
제목: 코스피, 외국인 매수세에 상승 마감
내용: 국내 증시는 외국인 순매수와 반도체 대형주의 강세에 힘입어 상승 마감했다. 전문가들은 금리 인하 기대가 투자 심리를 지지했지만, 단기 급등에 따른 차익 실현 매물도 주의해야 한다고 말했다.

질문: 투자 판단을 바로 내려도 돼?","참고 뉴스만으로 투자 판단을 바로 내리기는 어렵습니다. 뉴스에 나온 요인만 확인할 수 있으며, 실제 투자는 추가 정보와 리스크를 함께 검토해야 합니다."
"참고 뉴스:
제목: 바이오 업종 점검, 삼성바이오로직스 주목
내용: 삼성바이오로직스는 공장 가동률 개선 관련 기대가 커졌지만, 단기적으로는 금리 불확실성으로 변동성이 나타날 수 있다는 분석이 나왔다.

질문: 삼성바이오로직스 목표주가 얼마야?",참고 뉴스에는 삼성바이오로직스의 구체적인 목표주가가 제시되어 있지 않습니다. 제공된 자료만으로는 목표주가를 말할 수 없습니다.
"참고 뉴스:
제목: LG에너지솔루션, 2차전지 업황 변화에 주목
내용: LG에너지솔루션은 원재료 가격 안정 영향으로 실적 개선 기대가 언급됐다. 다만 차익 실현 매물 출회 가능성은 부담 요인으로 꼽혔다.

질문: LG에너지솔루션 리스크 중심으로 정리해줘",참고 뉴스 기준으로 가장 중요한 리스크는 차익 실현 매물 출회 가능성입니다. 긍정 요인이 있어도 이 부담 요인이 커지면 주가 변동성이 확대될 수 있습니다.
"참고 뉴스:
제목: 대한항공 관련 수급 변동성 확대
내용: 대한항공은 항공 업종 내 관심이 이어졌지만 수급 흐름은 엇갈렸다. 유가 하락 기대는 긍정 재료로, 환율 변동성 확대는 리스크로 제시됐다.

질문: 대한항공 호재랑 부담 요인 나눠서 말해줘",제공된 참고 뉴스에 따르면 호재는 유가 하락 기대입니다. 부담 요인은 환율 변동성 확대입니다.
"참고 뉴스:
제목: 기아, 자동차 업황 변화에 주목
내용: 기아는 북미 시장 점유율 개선 영향으로 실적 개선 기대가 언급됐다. 다만 기관과 외국인 수급 엇갈림은 부담 요인으로 꼽혔다.

질문: 기아 확인되는 내용만 말해줘","이 참고 뉴스에서 확인되는 내용은 기아 관련 긍정 요인으로 북미 시장 점유율 개선가 언급됐고, 부담 요인으로 기관과 외국인 수급 엇갈림이 제시됐습니다."
"참고 뉴스:
제목: 한화에어로스페이스, 방산 업종 내 관심 지속
내용: 한화에어로스페이스는 수주 잔고 확대와 관련해 투자자 관심이 이어졌다. 기사에는 목표주가, 배당금, 구체적인 실적 수치, 밸류에이션 지표는 포함되지 않았다.

질문: 한화에어로스페이스 이번 분기 영업이익 숫자 알려줘",참고 뉴스에는 한화에어로스페이스의 영업이익 정보가 나와 있지 않습니다. 제공된 자료만으로는 영업이익을 확인할 수 없습니다.
"참고 뉴스:
제목: 한화에어로스페이스 관련 수급 변동성 확대
내용: 한화에어로스페이스는 방산 업종 내 관심이 이어졌지만 수급 흐름은 엇갈렸다. 수주 잔고 확대는 긍정 재료로, 실적 추정치 하향 가능성은 리스크로 제시됐다.

질문: 한화에어로스페이스 투자 판단할 때 뭘 더 봐야 해?","주어진 자료만 보면 기사에 나온 수주 잔고 확대와 실적 추정치 하향 가능성 외에도 실제 실적, 수급, 업종 전망, 밸류에이션을 함께 확인해야 합니다."
"참고 뉴스:
제목: 아모레퍼시픽, 화장품 업황 변화에 주목
내용: 아모레퍼시픽은 중국 소비 회복 기대 영향으로 실적 개선 기대가 언급됐다. 다만 원가 부담 증가는 부담 요인으로 꼽혔다.

질문: 아모레퍼시픽 한 문장으로 요약해줘",아모레퍼시픽은 중국 소비 회복 기대 기대가 있지만 원가 부담 증가도 함께 확인해야 하는 상황입니다.
"참고 뉴스:
제목: 증권가, SK하이닉스 실적 전망 점검
내용: 증권가에서는 SK하이닉스가 고부가 메모리 수요 증가 덕분에 투자 심리가 개선될 수 있다고 봤다. 반면 기관과 외국인 수급 엇갈림 때문에 추가 확인이 필요하다는 의견도 나왔다.

질문: SK하이닉스 매수해도 돼?","주어진 자료만 보면 SK하이닉스의 긍정 요인과 부담 요인은 확인되지만, 이 자료만으로 매수 여부를 판단할 수는 없습니다. 추가 실적, 밸류에이션, 수급 확인이 필요합니다."
"참고 뉴스:
제목: 증권가, 두산에너빌리티 실적 전망 점검
내용: 증권가에서는 두산에너빌리티가 수주 잔고 증가 덕분에 투자 심리가 개선될 수 있다고 봤다. 반면 환율 변동성 확대 때문에 추가 확인이 필요하다는 의견도 나왔다.

질문: 두산에너빌리티 뉴스 근거를 들어 설명해줘","참고 뉴스 기준으로 근거는 기사에서 수주 잔고 증가를 긍정 요인으로 언급했고, 동시에 환율 변동성 확대을 부담 요인으로 제시했다는 점입니다."
"참고 뉴스:
제목: 셀트리온, 바이오 업황 변화에 주목
내용: 셀트리온은 바이오시밀러 매출 확대 영향으로 실적 개선 기대가 언급됐다. 다만 기관과 외국인 수급 엇갈림은 부담 요인으로 꼽혔다.

질문: 셀트리온 분위기 어때?",참고 뉴스 기준으로 셀트리온에 대한 분위기는 중립에서 긍정 쪽에 가깝습니다. 다만 기관과 외국인 수급 엇갈림이 있어 단정적으로 좋다고만 보기는 어렵습니다.
"참고 뉴스:
제목: SK하이닉스, 반도체 업황 변화에 주목
내용: SK하이닉스는 HBM 공급 확대 영향으로 실적 개선 기대가 언급됐다. 다만 기관과 외국인 수급 엇갈림은 부담 요인으로 꼽혔다.

질문: SK하이닉스 호재랑 부담 요인 나눠서 말해줘",참고 뉴스 기준으로 호재는 HBM 공급 확대입니다. 부담 요인은 기관과 외국인 수급 엇갈림입니다.
"참고 뉴스:
제목: 한국전력 관련 수급 변동성 확대
내용: 한국전력은 유틸리티 업종 내 관심이 이어졌지만 수급 흐름은 엇갈렸다. 재무구조 개선 기대는 긍정 재료로, 기관과 외국인 수급 엇갈림은 리스크로 제시됐다.

질문: 한국전력 확인되는 내용만 말해줘","주어진 자료만 보면 한국전력 관련 긍정 요인으로 재무구조 개선 기대가 언급됐고, 부담 요인으로 기관과 외국인 수급 엇갈림이 제시됐습니다."
"참고 뉴스:
제목: 신한지주 관련 수급 변동성 확대
내용: 신한지주는 금융 업종 내 관심이 이어졌지만 수급 흐름은 엇갈렸다. 자사주 매입 기대는 긍정 재료로, 수요 회복 속도 둔화는 리스크로 제시됐다.

질문: 신한지주 목표주가 얼마야?",참고 뉴스에는 신한지주의 구체적인 목표주가가 제시되어 있지 않습니다. 제공된 자료만으로는 목표주가를 말할 수 없습니다.
"참고 뉴스:
제목: 삼성전자, 투자자 관심 지속
내용: 시장에서는 삼성전자의 AI 서버 수요 증가에 주목했다. 기사에서는 긍정적인 기대와 함께 기관과 외국인 수급 엇갈림을 함께 확인해야 한다고 설명했다.

질문: 삼성전자 투자 판단할 때 뭘 더 봐야 해?","제공된 참고 뉴스에 따르면 기사에 나온 AI 서버 수요 증가와 기관과 외국인 수급 엇갈림 외에도 실제 실적, 수급, 업종 전망, 밸류에이션을 함께 확인해야 합니다."
"참고 뉴스:
제목: 증권가, 삼성바이오로직스 실적 전망 점검
내용: 증권가에서는 삼성바이오로직스가 위탁생산 수주 확대 덕분에 투자 심리가 개선될 수 있다고 봤다. 반면 차익 실현 매물 출회 가능성 때문에 추가 확인이 필요하다는 의견도 나왔다.

질문: 삼성바이오로직스 확인되는 내용만 말해줘","이 참고 뉴스에서 확인되는 내용은 삼성바이오로직스 관련 긍정 요인으로 위탁생산 수주 확대가 언급됐고, 부담 요인으로 차익 실현 매물 출회 가능성이 제시됐습니다."
"참고 뉴스:
제목: 인터넷 업종 점검, 카카오 주목
내용: 카카오는 콘텐츠 사업 조정 관련 기대가 커졌지만, 단기적으로는 기관과 외국인 수급 엇갈림으로 변동성이 나타날 수 있다는 분석이 나왔다.

질문: 카카오 부담되는 내용도 있어?",이 참고 뉴스에서 확인되는 내용은 부담되는 내용은 기관과 외국인 수급 엇갈림입니다. 이 부분은 주가 변동성을 키울 수 있는 요인으로 언급됐습니다.
"참고 뉴스:
제목: 금융 업종 점검, KB금융 주목
내용: KB금융은 비은행 부문 실적 개선 관련 기대가 커졌지만, 단기적으로는 경쟁 심화으로 변동성이 나타날 수 있다는 분석이 나왔다.

질문: KB금융 핵심만 정리해줘",참고 뉴스 기준으로 KB금융은 비은행 부문 실적 개선로 관심을 받고 있습니다. 다만 경쟁 심화도 함께 언급되어 긍정 요인과 부담 요인이 같이 있는 상황입니다.
"참고 뉴스:
제목: 증권가, SK하이닉스 실적 전망 점검
내용: 증권가에서는 SK하이닉스가 고부가 메모리 수요 증가 덕분에 투자 심리가 개선될 수 있다고 봤다. 반면 경쟁 심화 때문에 추가 확인이 필요하다는 의견도 나왔다.

질문: SK하이닉스 한 문장으로 요약해줘",SK하이닉스는 고부가 메모리 수요 증가 기대가 있지만 경쟁 심화도 함께 확인해야 하는 상황입니다.
"참고 뉴스:
제목: POSCO홀딩스, 철강 업황 변화에 주목
내용: POSCO홀딩스는 철강 가격 반등 기대 영향으로 실적 개선 기대가 언급됐다. 다만 환율 변동성 확대는 부담 요인으로 꼽혔다.

질문: POSCO홀딩스 분위기 어때?",참고 뉴스 기준으로 POSCO홀딩스에 대한 분위기는 중립에서 긍정 쪽에 가깝습니다. 다만 환율 변동성 확대이 있어 단정적으로 좋다고만 보기는 어렵습니다.
"참고 뉴스:
제목: SK하이닉스, 반도체 업황 변화에 주목
내용: SK하이닉스는 HBM 공급 확대 영향으로 실적 개선 기대가 언급됐다. 다만 실적 추정치 하향 가능성은 부담 요인으로 꼽혔다.

질문: SK하이닉스 긍정적인 내용이 있어?",주어진 자료만 보면 긍정적인 내용은 HBM 공급 확대로 인해 실적이나 투자 심리가 개선될 수 있다는 점입니다.
"참고 뉴스:
제목: 반도체 업종 점검, SK하이닉스 주목
내용: SK하이닉스는 HBM 공급 확대 관련 기대가 커졌지만, 단기적으로는 차익 실현 매물 출회 가능성으로 변동성이 나타날 수 있다는 분석이 나왔다.

질문: SK하이닉스 목표주가 얼마야?",참고 뉴스에는 SK하이닉스의 구체적인 목표주가가 제시되어 있지 않습니다. 제공된 자료만으로는 목표주가를 말할 수 없습니다.
"참고 뉴스:
제목: SK하이닉스 관련 수급 변동성 확대
내용: SK하이닉스는 반도체 업종 내 관심이 이어졌지만 수급 흐름은 엇갈렸다. 고부가 메모리 수요 증가는 긍정 재료로, 수요 회복 속도 둔화는 리스크로 제시됐다.

질문: SK하이닉스 매수해도 돼?","이 참고 뉴스에서 확인되는 내용은 SK하이닉스의 긍정 요인과 부담 요인은 확인되지만, 이 자료만으로 매수 여부를 판단할 수는 없습니다. 추가 실적, 밸류에이션, 수급 확인이 필요합니다."
"참고 뉴스:
제목: 증권가, 셀트리온 실적 전망 점검
내용: 증권가에서는 셀트리온이 신제품 허가 기대 덕분에 투자 심리가 개선될 수 있다고 봤다. 반면 차익 실현 매물 출회 가능성 때문에 추가 확인이 필요하다는 의견도 나왔다.

질문: 셀트리온 리스크 중심으로 정리해줘",주어진 자료만 보면 가장 중요한 리스크는 차익 실현 매물 출회 가능성입니다. 긍정 요인이 있어도 이 부담 요인이 커지면 주가 변동성이 확대될 수 있습니다.
"참고 뉴스:
제목: 두산에너빌리티 관련 수급 변동성 확대
내용: 두산에너빌리티는 전력기기 업종 내 관심이 이어졌지만 수급 흐름은 엇갈렸다. 수주 잔고 증가는 긍정 재료로, 기관과 외국인 수급 엇갈림은 리스크로 제시됐다.

질문: 두산에너빌리티 부담되는 내용도 있어?",참고 뉴스 기준으로 부담되는 내용은 기관과 외국인 수급 엇갈림입니다. 이 부분은 주가 변동성을 키울 수 있는 요인으로 언급됐습니다.
"참고 뉴스:
제목: 두산에너빌리티 관련 수급 변동성 확대
내용: 두산에너빌리티는 전력기기 업종 내 관심이 이어졌지만 수급 흐름은 엇갈렸다. 수주 잔고 증가는 긍정 재료로, 금리 불확실성은 리스크로 제시됐다.

질문: 두산에너빌리티 뉴스 근거를 들어 설명해줘","제공된 참고 뉴스에 따르면 근거는 기사에서 수주 잔고 증가를 긍정 요인으로 언급했고, 동시에 금리 불확실성을 부담 요인으로 제시했다는 점입니다."
"참고 뉴스:
제목: 증권가, 한화에어로스페이스 실적 전망 점검
내용: 증권가에서는 한화에어로스페이스가 해외 계약 증가 덕분에 투자 심리가 개선될 수 있다고 봤다. 반면 기관과 외국인 수급 엇갈림 때문에 추가 확인이 필요하다는 의견도 나왔다.

질문: 한화에어로스페이스 뉴스 근거를 들어 설명해줘","주어진 자료만 보면 근거는 기사에서 해외 계약 증가를 긍정 요인으로 언급했고, 동시에 기관과 외국인 수급 엇갈림을 부담 요인으로 제시했다는 점입니다."
"참고 뉴스:
제목: 증권가, 삼성전자 실적 전망 점검
내용: 증권가에서는 삼성전자가 파운드리 수익성 개선 기대 덕분에 투자 심리가 개선될 수 있다고 봤다. 반면 금리 불확실성 때문에 추가 확인이 필요하다는 의견도 나왔다.

질문: 삼성전자 부담되는 내용도 있어?",제공된 참고 뉴스에 따르면 부담되는 내용은 금리 불확실성입니다. 이 부분은 주가 변동성을 키울 수 있는 요인으로 언급됐습니다.
"참고 뉴스:
제목: LG에너지솔루션, 2차전지 업종 내 관심 지속
내용: LG에너지솔루션은 원재료 가격 안정와 관련해 투자자 관심이 이어졌다. 기사에는 목표주가, 배당금, 구체적인 실적 수치, 밸류에이션 지표는 포함되지 않았다.

질문: LG에너지솔루션 이번 분기 영업이익 숫자 알려줘",참고 뉴스에는 LG에너지솔루션의 영업이익 정보가 나와 있지 않습니다. 제공된 자료만으로는 영업이익을 확인할 수 없습니다.
"참고 뉴스:
제목: 물류 업종 점검, CJ대한통운 주목
내용: CJ대한통운은 택배 물동량 회복 관련 기대가 커졌지만, 단기적으로는 실적 추정치 하향 가능성으로 변동성이 나타날 수 있다는 분석이 나왔다.

질문: CJ대한통운 확인되는 내용만 말해줘","제공된 참고 뉴스에 따르면 CJ대한통운 관련 긍정 요인으로 택배 물동량 회복가 언급됐고, 부담 요인으로 실적 추정치 하향 가능성이 제시됐습니다."
"참고 뉴스:
제목: 셀트리온 관련 수급 변동성 확대
내용: 셀트리온은 바이오 업종 내 관심이 이어졌지만 수급 흐름은 엇갈렸다. 해외 판매망 강화는 긍정 재료로, 환율 변동성 확대는 리스크로 제시됐다.

질문: 셀트리온 한 문장으로 요약해줘",셀트리온은 해외 판매망 강화 기대가 있지만 환율 변동성 확대도 함께 확인해야 하는 상황입니다.
"참고 뉴스:
제목: 증권가, 대한항공 실적 전망 점검
내용: 증권가에서는 대한항공이 유가 하락 기대 덕분에 투자 심리가 개선될 수 있다고 봤다. 반면 차익 실현 매물 출회 가능성 때문에 추가 확인이 필요하다는 의견도 나왔다.

질문: 대한항공 뉴스 근거를 들어 설명해줘","주어진 자료만 보면 근거는 기사에서 유가 하락 기대를 긍정 요인으로 언급했고, 동시에 차익 실현 매물 출회 가능성을 부담 요인으로 제시했다는 점입니다."
"참고 뉴스:
제목: 네이버, 투자자 관심 지속
내용: 시장에서는 네이버의 광고 매출 회복 기대에 주목했다. 기사에서는 긍정적인 기대와 함께 경쟁 심화을 함께 확인해야 한다고 설명했다.

질문: 네이버 확인되는 내용만 말해줘","제공된 참고 뉴스에 따르면 네이버 관련 긍정 요인으로 광고 매출 회복 기대가 언급됐고, 부담 요인으로 경쟁 심화이 제시됐습니다."
"참고 뉴스:
제목: 증권가, POSCO홀딩스 실적 전망 점검
내용: 증권가에서는 POSCO홀딩스가 중국 경기 부양 기대 덕분에 투자 심리가 개선될 수 있다고 봤다. 반면 환율 변동성 확대 때문에 추가 확인이 필요하다는 의견도 나왔다.

질문: POSCO홀딩스 호재랑 부담 요인 나눠서 말해줘",주어진 자료만 보면 호재는 중국 경기 부양 기대입니다. 부담 요인은 환율 변동성 확대입니다.
"참고 뉴스:
제목: 2차전지 업종 점검, 삼성SDI 주목
내용: 삼성SDI는 ESS 수요 확대 관련 기대가 커졌지만, 단기적으로는 금리 불확실성으로 변동성이 나타날 수 있다는 분석이 나왔다.

질문: 삼성SDI 호재랑 부담 요인 나눠서 말해줘",이 참고 뉴스에서 확인되는 내용은 호재는 ESS 수요 확대입니다. 부담 요인은 금리 불확실성입니다.
"참고 뉴스:
제목: 삼성바이오로직스, 투자자 관심 지속
내용: 시장에서는 삼성바이오로직스의 위탁생산 수주 확대에 주목했다. 기사에서는 긍정적인 기대와 함께 환율 변동성 확대을 함께 확인해야 한다고 설명했다.

질문: 삼성바이오로직스 분위기 어때?",주어진 자료만 보면 삼성바이오로직스에 대한 분위기는 중립에서 긍정 쪽에 가깝습니다. 다만 환율 변동성 확대이 있어 단정적으로 좋다고만 보기는 어렵습니다.
"참고 뉴스:
제목: 반도체 업종 점검, SK하이닉스 주목
내용: SK하이닉스는 데이터센터 투자 증가 관련 기대가 커졌지만, 단기적으로는 원가 부담 증가으로 변동성이 나타날 수 있다는 분석이 나왔다.

질문: SK하이닉스 목표주가 얼마야?",참고 뉴스에는 SK하이닉스의 구체적인 목표주가가 제시되어 있지 않습니다. 제공된 자료만으로는 목표주가를 말할 수 없습니다.
"참고 뉴스:
제목: 인터넷 업종 점검, 카카오 주목
내용: 카카오는 플랫폼 비용 절감 관련 기대가 커졌지만, 단기적으로는 원가 부담 증가으로 변동성이 나타날 수 있다는 분석이 나왔다.

질문: 카카오 긍정적인 내용이 있어?",참고 뉴스 기준으로 긍정적인 내용은 플랫폼 비용 절감로 인해 실적이나 투자 심리가 개선될 수 있다는 점입니다.
"참고 뉴스:
제목: 물류 업종 점검, CJ대한통운 주목
내용: CJ대한통운은 택배 물동량 회복 관련 기대가 커졌지만, 단기적으로는 수요 회복 속도 둔화으로 변동성이 나타날 수 있다는 분석이 나왔다.

질문: CJ대한통운 목표주가 얼마야?",참고 뉴스에는 CJ대한통운의 구체적인 목표주가가 제시되어 있지 않습니다. 제공된 자료만으로는 목표주가를 말할 수 없습니다.
"참고 뉴스:
제목: POSCO홀딩스, 철강 업황 변화에 주목
내용: POSCO홀딩스는 리튬 사업 기대 영향으로 실적 개선 기대가 언급됐다. 다만 금리 불확실성은 부담 요인으로 꼽혔다.

질문: POSCO홀딩스 한 문장으로 요약해줘",POSCO홀딩스는 리튬 사업 기대 기대가 있지만 금리 불확실성도 함께 확인해야 하는 상황입니다.
"참고 뉴스:
제목: 증권가, 하이브 실적 전망 점검
내용: 증권가에서는 하이브가 글로벌 팬덤 확대 덕분에 투자 심리가 개선될 수 있다고 봤다. 반면 기관과 외국인 수급 엇갈림 때문에 추가 확인이 필요하다는 의견도 나왔다.

질문: 하이브 목표주가 얼마야?",참고 뉴스에는 하이브의 구체적인 목표주가가 제시되어 있지 않습니다. 제공된 자료만으로는 목표주가를 말할 수 없습니다.
"참고 뉴스:
제목: 증권가, LG에너지솔루션 실적 전망 점검
내용: 증권가에서는 LG에너지솔루션이 원재료 가격 안정 덕분에 투자 심리가 개선될 수 있다고 봤다. 반면 환율 변동성 확대 때문에 추가 확인이 필요하다는 의견도 나왔다.

질문: LG에너지솔루션 분위기 어때?",이 참고 뉴스에서 확인되는 내용은 LG에너지솔루션에 대한 분위기는 중립에서 긍정 쪽에 가깝습니다. 다만 환율 변동성 확대이 있어 단정적으로 좋다고만 보기는 어렵습니다.
"참고 뉴스:
제목: 삼성전자 관련 수급 변동성 확대
내용: 삼성전자는 반도체 업종 내 관심이 이어졌지만 수급 흐름은 엇갈렸다. AI 서버 수요 증가는 긍정 재료로, 경쟁 심화는 리스크로 제시됐다.

질문: 삼성전자 확인되는 내용만 말해줘","이 참고 뉴스에서 확인되는 내용은 삼성전자 관련 긍정 요인으로 AI 서버 수요 증가가 언급됐고, 부담 요인으로 경쟁 심화이 제시됐습니다."
"참고 뉴스:
제목: 아모레퍼시픽, 투자자 관심 지속
내용: 시장에서는 아모레퍼시픽의 북미 매출 성장에 주목했다. 기사에서는 긍정적인 기대와 함께 경쟁 심화을 함께 확인해야 한다고 설명했다.

질문: 아모레퍼시픽 투자 판단할 때 뭘 더 봐야 해?","참고 뉴스 기준으로 기사에 나온 북미 매출 성장와 경쟁 심화 외에도 실제 실적, 수급, 업종 전망, 밸류에이션을 함께 확인해야 합니다."
"참고 뉴스:
제목: 금리 인하 기대, 성장주 투자심리 개선
내용: 시장에서는 기준금리 인하 기대가 커지면서 성장주와 기술주 투자심리가 개선되었다. 다만 물가 지표가 예상보다 높게 나오면 금리 인하 기대가 약해질 수 있다는 전망도 제기됐다.

질문: 기술주 전망 요약해줘",기술주는 금리 인하 기대가 투자심리를 지지하는 긍정 요인입니다. 하지만 물가 지표에 따라 기대감이 약해질 수 있습니다.
"참고 뉴스:
제목: 증권가, 네이버 실적 전망 점검
내용: 증권가에서는 네이버가 AI 검색 서비스 고도화 덕분에 투자 심리가 개선될 수 있다고 봤다. 반면 기관과 외국인 수급 엇갈림 때문에 추가 확인이 필요하다는 의견도 나왔다.

질문: 네이버 뉴스 근거를 들어 설명해줘","주어진 자료만 보면 근거는 기사에서 AI 검색 서비스 고도화를 긍정 요인으로 언급했고, 동시에 기관과 외국인 수급 엇갈림을 부담 요인으로 제시했다는 점입니다."
"참고 뉴스:
제목: 증권가, 두산에너빌리티 실적 전망 점검
내용: 증권가에서는 두산에너빌리티가 원전 수주 기대 덕분에 투자 심리가 개선될 수 있다고 봤다. 반면 경쟁 심화 때문에 추가 확인이 필요하다는 의견도 나왔다.

질문: 두산에너빌리티 목표주가 얼마야?",참고 뉴스에는 두산에너빌리티의 구체적인 목표주가가 제시되어 있지 않습니다. 제공된 자료만으로는 목표주가를 말할 수 없습니다.
"참고 뉴스:
제목: 2차전지 업종 점검, LG에너지솔루션 주목
내용: LG에너지솔루션은 전기차 신차 출시 기대 관련 기대가 커졌지만, 단기적으로는 기관과 외국인 수급 엇갈림으로 변동성이 나타날 수 있다는 분석이 나왔다.

질문: LG에너지솔루션 매수해도 돼?","주어진 자료만 보면 LG에너지솔루션의 긍정 요인과 부담 요인은 확인되지만, 이 자료만으로 매수 여부를 판단할 수는 없습니다. 추가 실적, 밸류에이션, 수급 확인이 필요합니다."
"참고 뉴스:
제목: 철강 업종 점검, POSCO홀딩스 주목
내용: POSCO홀딩스는 중국 경기 부양 기대 관련 기대가 커졌지만, 단기적으로는 수요 회복 속도 둔화으로 변동성이 나타날 수 있다는 분석이 나왔다.

질문: POSCO홀딩스 매수해도 돼?","주어진 자료만 보면 POSCO홀딩스의 긍정 요인과 부담 요인은 확인되지만, 이 자료만으로 매수 여부를 판단할 수는 없습니다. 추가 실적, 밸류에이션, 수급 확인이 필요합니다."
"참고 뉴스:
제목: LG에너지솔루션, 2차전지 업황 변화에 주목
내용: LG에너지솔루션은 원재료 가격 안정 영향으로 실적 개선 기대가 언급됐다. 다만 실적 추정치 하향 가능성은 부담 요인으로 꼽혔다.

질문: LG에너지솔루션 리스크 중심으로 정리해줘",참고 뉴스 기준으로 가장 중요한 리스크는 실적 추정치 하향 가능성입니다. 긍정 요인이 있어도 이 부담 요인이 커지면 주가 변동성이 확대될 수 있습니다.
"참고 뉴스:
제목: 두산에너빌리티, 전력기기 업황 변화에 주목
내용: 두산에너빌리티는 전력 인프라 투자 확대 영향으로 실적 개선 기대가 언급됐다. 다만 금리 불확실성은 부담 요인으로 꼽혔다.

질문: 두산에너빌리티 핵심만 정리해줘",주어진 자료만 보면 두산에너빌리티는 전력 인프라 투자 확대로 관심을 받고 있습니다. 다만 금리 불확실성도 함께 언급되어 긍정 요인과 부담 요인이 같이 있는 상황입니다.
"참고 뉴스:
제목: 삼성전자, 반도체 기대
내용: 삼성전자는 AI 서버 수요 증가 영향으로 관심을 받았다. 부담 요인은 수요 회복 속도 둔화이다.

제목: SK하이닉스, 반도체 점검
내용: SK하이닉스는 고부가 메모리 수요 증가 기대가 있지만 원가 부담 증가도 함께 언급됐다.

질문: 두 뉴스에서 확인되는 리스크를 정리해줘","참고 뉴스에서 확인되는 리스크는 삼성전자의 수요 회복 속도 둔화, SK하이닉스의 원가 부담 증가입니다."
"참고 뉴스:
제목: 2차전지 업종 변화에 시장 관심
내용: 전기차 신차 출시와 ESS 수요가 회복 기대를 높였다. 그러나 전기차 수요 둔화와 재고 조정 우려가 남아 있다. 전문가들은 관련 지표와 수급 흐름을 함께 확인해야 한다고 말했다.

질문: 2차전지 업종 관련 업종에 어떤 의미가 있어?","이 참고 뉴스에서 확인되는 내용은 2차전지 업종은 관련 업종의 투자 심리와 수급에 영향을 줄 수 있습니다. 특히 긍정 요인은 전기차 신차 출시와 ESS 수요가 회복 기대를 높였다는 점이고, 부담 요인은 전기차 수요 둔화와 재고 조정 우려가 남아 있다는 점입니다."
"참고 뉴스:
제목: 금융 업종 점검, 신한지주 주목
내용: 신한지주는 건전성 관리 강화 관련 기대가 커졌지만, 단기적으로는 차익 실현 매물 출회 가능성으로 변동성이 나타날 수 있다는 분석이 나왔다.

질문: 신한지주 리스크 중심으로 정리해줘",이 참고 뉴스에서 확인되는 내용은 가장 중요한 리스크는 차익 실현 매물 출회 가능성입니다. 긍정 요인이 있어도 이 부담 요인이 커지면 주가 변동성이 확대될 수 있습니다.
"참고 뉴스:
제목: CJ대한통운, 물류 업황 변화에 주목
내용: CJ대한통운은 운임 효율화 영향으로 실적 개선 기대가 언급됐다. 다만 기관과 외국인 수급 엇갈림은 부담 요인으로 꼽혔다.

질문: CJ대한통운 리스크 중심으로 정리해줘",주어진 자료만 보면 가장 중요한 리스크는 기관과 외국인 수급 엇갈림입니다. 긍정 요인이 있어도 이 부담 요인이 커지면 주가 변동성이 확대될 수 있습니다.
"참고 뉴스:
제목: 금융 업종 점검, 신한지주 주목
내용: 신한지주는 자사주 매입 기대 관련 기대가 커졌지만, 단기적으로는 경쟁 심화으로 변동성이 나타날 수 있다는 분석이 나왔다.

질문: 신한지주 목표주가 얼마야?",참고 뉴스에는 신한지주의 구체적인 목표주가가 제시되어 있지 않습니다. 제공된 자료만으로는 목표주가를 말할 수 없습니다.
"참고 뉴스:
제목: 증권가, POSCO홀딩스 실적 전망 점검
내용: 증권가에서는 POSCO홀딩스가 중국 경기 부양 기대 덕분에 투자 심리가 개선될 수 있다고 봤다. 반면 기관과 외국인 수급 엇갈림 때문에 추가 확인이 필요하다는 의견도 나왔다.

질문: POSCO홀딩스 투자 판단할 때 뭘 더 봐야 해?","제공된 참고 뉴스에 따르면 기사에 나온 중국 경기 부양 기대와 기관과 외국인 수급 엇갈림 외에도 실제 실적, 수급, 업종 전망, 밸류에이션을 함께 확인해야 합니다."
"참고 뉴스:
제목: 삼성바이오로직스 관련 수급 변동성 확대
내용: 삼성바이오로직스는 바이오 업종 내 관심이 이어졌지만 수급 흐름은 엇갈렸다. 위탁생산 수주 확대는 긍정 재료로, 원가 부담 증가는 리스크로 제시됐다.

질문: 삼성바이오로직스 투자 판단할 때 뭘 더 봐야 해?","주어진 자료만 보면 기사에 나온 위탁생산 수주 확대와 원가 부담 증가 외에도 실제 실적, 수급, 업종 전망, 밸류에이션을 함께 확인해야 합니다."
"참고 뉴스:
제목: 대한항공, 항공 기대
내용: 대한항공은 여객 수요 회복 영향으로 관심을 받았다. 부담 요인은 금리 불확실성이다.

제목: 카카오, 인터넷 점검
내용: 카카오는 콘텐츠 사업 조정 기대가 있지만 원가 부담 증가도 함께 언급됐다.

질문: 두 뉴스에서 확인되는 리스크를 정리해줘","참고 뉴스에서 확인되는 리스크는 대한항공의 금리 불확실성, 카카오의 원가 부담 증가입니다."
"참고 뉴스:
제목: 현대차 관련 수급 변동성 확대
내용: 현대차는 자동차 업종 내 관심이 이어졌지만 수급 흐름은 엇갈렸다. 하이브리드 수요 확대는 긍정 재료로, 차익 실현 매물 출회 가능성은 리스크로 제시됐다.

질문: 현대차 투자 판단할 때 뭘 더 봐야 해?","참고 뉴스 기준으로 기사에 나온 하이브리드 수요 확대와 차익 실현 매물 출회 가능성 외에도 실제 실적, 수급, 업종 전망, 밸류에이션을 함께 확인해야 합니다."
"참고 뉴스:
제목: 반도체 업종 점검, SK하이닉스 주목
내용: SK하이닉스는 고부가 메모리 수요 증가 관련 기대가 커졌지만, 단기적으로는 실적 추정치 하향 가능성으로 변동성이 나타날 수 있다는 분석이 나왔다.

질문: SK하이닉스 매수해도 돼?","주어진 자료만 보면 SK하이닉스의 긍정 요인과 부담 요인은 확인되지만, 이 자료만으로 매수 여부를 판단할 수는 없습니다. 추가 실적, 밸류에이션, 수급 확인이 필요합니다."
"참고 뉴스:
제목: 삼성전자, 투자자 관심 지속
내용: 시장에서는 삼성전자의 AI 서버 수요 증가에 주목했다. 기사에서는 긍정적인 기대와 함께 차익 실현 매물 출회 가능성을 함께 확인해야 한다고 설명했다.

질문: 삼성전자 리스크 중심으로 정리해줘",참고 뉴스 기준으로 가장 중요한 리스크는 차익 실현 매물 출회 가능성입니다. 긍정 요인이 있어도 이 부담 요인이 커지면 주가 변동성이 확대될 수 있습니다.
"참고 뉴스:
제목: 현대차, 자동차 업황 변화에 주목
내용: 현대차는 환율 효과 영향으로 실적 개선 기대가 언급됐다. 다만 기관과 외국인 수급 엇갈림은 부담 요인으로 꼽혔다.

질문: 현대차 부담되는 내용도 있어?",제공된 참고 뉴스에 따르면 부담되는 내용은 기관과 외국인 수급 엇갈림입니다. 이 부분은 주가 변동성을 키울 수 있는 요인으로 언급됐습니다.
"참고 뉴스:
제목: 삼성바이오로직스 관련 수급 변동성 확대
내용: 삼성바이오로직스는 바이오 업종 내 관심이 이어졌지만 수급 흐름은 엇갈렸다. 공장 가동률 개선은 긍정 재료로, 수요 회복 속도 둔화는 리스크로 제시됐다.

질문: 삼성바이오로직스 한 문장으로 요약해줘",삼성바이오로직스는 공장 가동률 개선 기대가 있지만 수요 회복 속도 둔화도 함께 확인해야 하는 상황입니다.
"참고 뉴스:
제목: SK하이닉스, 반도체 업황 변화에 주목
내용: SK하이닉스는 고부가 메모리 수요 증가 영향으로 실적 개선 기대가 언급됐다. 다만 차익 실현 매물 출회 가능성은 부담 요인으로 꼽혔다.

질문: SK하이닉스 목표주가 얼마야?",참고 뉴스에는 SK하이닉스의 구체적인 목표주가가 제시되어 있지 않습니다. 제공된 자료만으로는 목표주가를 말할 수 없습니다.
"참고 뉴스:
제목: 아모레퍼시픽, 화장품 업종 내 관심 지속
내용: 아모레퍼시픽은 북미 매출 성장와 관련해 투자자 관심이 이어졌다. 기사에는 목표주가, 배당금, 구체적인 실적 수치, 밸류에이션 지표는 포함되지 않았다.

질문: 아모레퍼시픽 이번 분기 영업이익 숫자 알려줘",참고 뉴스에는 아모레퍼시픽의 영업이익 정보가 나와 있지 않습니다. 제공된 자료만으로는 영업이익을 확인할 수 없습니다.
"참고 뉴스:
제목: 하이브, 엔터 업종 내 관심 지속
내용: 하이브는 아티스트 활동 재개와 관련해 투자자 관심이 이어졌다. 기사에는 목표주가, 배당금, 구체적인 실적 수치, 밸류에이션 지표는 포함되지 않았다.

질문: 하이브 PER 얼마야?",참고 뉴스에는 하이브의 PER 정보가 나와 있지 않습니다. 제공된 자료만으로는 PER을 확인할 수 없습니다.
"참고 뉴스:
제목: 증권가, LG에너지솔루션 실적 전망 점검
내용: 증권가에서는 LG에너지솔루션이 배터리 출하량 회복 기대 덕분에 투자 심리가 개선될 수 있다고 봤다. 반면 수요 회복 속도 둔화 때문에 추가 확인이 필요하다는 의견도 나왔다.

질문: LG에너지솔루션 목표주가 얼마야?",참고 뉴스에는 LG에너지솔루션의 구체적인 목표주가가 제시되어 있지 않습니다. 제공된 자료만으로는 목표주가를 말할 수 없습니다.
"참고 뉴스:
제목: 항공 업종 점검, 대한항공 주목
내용: 대한항공은 화물 운임 안정 관련 기대가 커졌지만, 단기적으로는 기관과 외국인 수급 엇갈림으로 변동성이 나타날 수 있다는 분석이 나왔다.

질문: 대한항공 목표주가 얼마야?",참고 뉴스에는 대한항공의 구체적인 목표주가가 제시되어 있지 않습니다. 제공된 자료만으로는 목표주가를 말할 수 없습니다.
"참고 뉴스:
제목: 자동차 업종 점검, 현대차 주목
내용: 현대차는 북미 판매 호조 관련 기대가 커졌지만, 단기적으로는 경쟁 심화으로 변동성이 나타날 수 있다는 분석이 나왔다.

질문: 현대차 긍정적인 내용이 있어?",제공된 참고 뉴스에 따르면 긍정적인 내용은 북미 판매 호조로 인해 실적이나 투자 심리가 개선될 수 있다는 점입니다.
"참고 뉴스:
제목: 네이버, 인터넷 업황 변화에 주목
내용: 네이버는 광고 매출 회복 기대 영향으로 실적 개선 기대가 언급됐다. 다만 금리 불확실성은 부담 요인으로 꼽혔다.

질문: 네이버 리스크 중심으로 정리해줘",이 참고 뉴스에서 확인되는 내용은 가장 중요한 리스크는 금리 불확실성입니다. 긍정 요인이 있어도 이 부담 요인이 커지면 주가 변동성이 확대될 수 있습니다.
"참고 뉴스:
제목: 삼성전자, 투자자 관심 지속
내용: 시장에서는 삼성전자의 파운드리 수익성 개선 기대에 주목했다. 기사에서는 긍정적인 기대와 함께 수요 회복 속도 둔화을 함께 확인해야 한다고 설명했다.

질문: 삼성전자 투자 판단할 때 뭘 더 봐야 해?","이 참고 뉴스에서 확인되는 내용은 기사에 나온 파운드리 수익성 개선 기대와 수요 회복 속도 둔화 외에도 실제 실적, 수급, 업종 전망, 밸류에이션을 함께 확인해야 합니다."
"참고 뉴스:
제목: 원달러 환율 상승, 외국인 수급 부담
내용: 원달러 환율이 상승하면서 외국인 투자자의 국내 주식 매수세가 약해질 수 있다는 우려가 나왔다. 환율 변동성은 수출주에는 긍정적일 수 있지만, 시장 전체에는 부담 요인으로 작용할 수 있다.

질문: 환율 오르면 국내 주식 안 좋아?",환율 상승은 외국인 매수세를 약하게 만들 수 있어 국내 증시 전체에는 부담이 될 수 있습니다. 다만 수출주에는 긍정적으로 작용할 수 있습니다.
"참고 뉴스:
제목: CJ대한통운, 물류 업종 내 관심 지속
내용: CJ대한통운은 자동화 투자 효과와 관련해 투자자 관심이 이어졌다. 기사에는 목표주가, 배당금, 구체적인 실적 수치, 밸류에이션 지표는 포함되지 않았다.

질문: CJ대한통운 이번 분기 영업이익 숫자 알려줘",참고 뉴스에는 CJ대한통운의 영업이익 정보가 나와 있지 않습니다. 제공된 자료만으로는 영업이익을 확인할 수 없습니다.
"참고 뉴스:
제목: 아모레퍼시픽 관련 수급 변동성 확대
내용: 아모레퍼시픽은 화장품 업종 내 관심이 이어졌지만 수급 흐름은 엇갈렸다. 북미 매출 성장은 긍정 재료로, 수요 회복 속도 둔화는 리스크로 제시됐다.

질문: 아모레퍼시픽 뉴스 근거를 들어 설명해줘","제공된 참고 뉴스에 따르면 근거는 기사에서 북미 매출 성장를 긍정 요인으로 언급했고, 동시에 수요 회복 속도 둔화을 부담 요인으로 제시했다는 점입니다."
"참고 뉴스:
제목: 엔터 업종 점검, 하이브 주목
내용: 하이브는 글로벌 팬덤 확대 관련 기대가 커졌지만, 단기적으로는 차익 실현 매물 출회 가능성으로 변동성이 나타날 수 있다는 분석이 나왔다.

질문: 하이브 분위기 어때?",제공된 참고 뉴스에 따르면 하이브에 대한 분위기는 중립에서 긍정 쪽에 가깝습니다. 다만 차익 실현 매물 출회 가능성이 있어 단정적으로 좋다고만 보기는 어렵습니다.
"참고 뉴스:
제목: 네이버, 인터넷 업종 내 관심 지속
내용: 네이버는 클라우드 사업 성장와 관련해 투자자 관심이 이어졌다. 기사에는 목표주가, 배당금, 구체적인 실적 수치, 밸류에이션 지표는 포함되지 않았다.

질문: 네이버 PER 얼마야?",참고 뉴스에는 네이버의 PER 정보가 나와 있지 않습니다. 제공된 자료만으로는 PER을 확인할 수 없습니다.
"참고 뉴스:
제목: 2차전지 업종 점검, 삼성SDI 주목
내용: 삼성SDI는 고부가 제품 비중 증가 관련 기대가 커졌지만, 단기적으로는 원가 부담 증가으로 변동성이 나타날 수 있다는 분석이 나왔다.

질문: 삼성SDI 호재랑 부담 요인 나눠서 말해줘",주어진 자료만 보면 호재는 고부가 제품 비중 증가입니다. 부담 요인은 원가 부담 증가입니다.
"참고 뉴스:
제목: 네이버, 투자자 관심 지속
내용: 시장에서는 네이버의 클라우드 사업 성장에 주목했다. 기사에서는 긍정적인 기대와 함께 금리 불확실성을 함께 확인해야 한다고 설명했다.

질문: 네이버 투자 판단할 때 뭘 더 봐야 해?","제공된 참고 뉴스에 따르면 기사에 나온 클라우드 사업 성장와 금리 불확실성 외에도 실제 실적, 수급, 업종 전망, 밸류에이션을 함께 확인해야 합니다."
"참고 뉴스:
제목: 삼성전자 관련 수급 변동성 확대
내용: 삼성전자는 반도체 업종 내 관심이 이어졌지만 수급 흐름은 엇갈렸다. AI 서버 수요 증가는 긍정 재료로, 실적 추정치 하향 가능성은 리스크로 제시됐다.

질문: 삼성전자 뉴스 근거를 들어 설명해줘","제공된 참고 뉴스에 따르면 근거는 기사에서 AI 서버 수요 증가를 긍정 요인으로 언급했고, 동시에 실적 추정치 하향 가능성을 부담 요인으로 제시했다는 점입니다."
"참고 뉴스:
제목: 한국전력, 유틸리티 업황 변화에 주목
내용: 한국전력은 재무구조 개선 기대 영향으로 실적 개선 기대가 언급됐다. 다만 수요 회복 속도 둔화는 부담 요인으로 꼽혔다.

질문: 한국전력 목표주가 얼마야?",참고 뉴스에는 한국전력의 구체적인 목표주가가 제시되어 있지 않습니다. 제공된 자료만으로는 목표주가를 말할 수 없습니다.
"참고 뉴스:
제목: 증권가, SK하이닉스 실적 전망 점검
내용: 증권가에서는 SK하이닉스가 데이터센터 투자 증가 덕분에 투자 심리가 개선될 수 있다고 봤다. 반면 차익 실현 매물 출회 가능성 때문에 추가 확인이 필요하다는 의견도 나왔다.

질문: SK하이닉스 리스크 중심으로 정리해줘",이 참고 뉴스에서 확인되는 내용은 가장 중요한 리스크는 차익 실현 매물 출회 가능성입니다. 긍정 요인이 있어도 이 부담 요인이 커지면 주가 변동성이 확대될 수 있습니다.
"참고 뉴스:
제목: 기아 관련 수급 변동성 확대
내용: 기아는 자동차 업종 내 관심이 이어졌지만 수급 흐름은 엇갈렸다. 고환율 수혜 기대는 긍정 재료로, 수요 회복 속도 둔화는 리스크로 제시됐다.

질문: 기아 한 문장으로 요약해줘",기아는 고환율 수혜 기대 기대가 있지만 수요 회복 속도 둔화도 함께 확인해야 하는 상황입니다.
"참고 뉴스:
제목: CJ대한통운, 물류 업종 내 관심 지속
내용: CJ대한통운은 택배 물동량 회복와 관련해 투자자 관심이 이어졌다. 기사에는 목표주가, 배당금, 구체적인 실적 수치, 밸류에이션 지표는 포함되지 않았다.

질문: CJ대한통운 이번 분기 영업이익 숫자 알려줘",참고 뉴스에는 CJ대한통운의 영업이익 정보가 나와 있지 않습니다. 제공된 자료만으로는 영업이익을 확인할 수 없습니다.
"참고 뉴스:
제목: 기아 관련 수급 변동성 확대
내용: 기아는 자동차 업종 내 관심이 이어졌지만 수급 흐름은 엇갈렸다. SUV 판매 호조는 긍정 재료로, 실적 추정치 하향 가능성은 리스크로 제시됐다.

질문: 기아 긍정적인 내용이 있어?",이 참고 뉴스에서 확인되는 내용은 긍정적인 내용은 SUV 판매 호조로 인해 실적이나 투자 심리가 개선될 수 있다는 점입니다.
"참고 뉴스:
제목: LG에너지솔루션, 투자자 관심 지속
내용: 시장에서는 LG에너지솔루션의 전기차 신차 출시 기대에 주목했다. 기사에서는 긍정적인 기대와 함께 원가 부담 증가을 함께 확인해야 한다고 설명했다.

질문: LG에너지솔루션 핵심만 정리해줘",제공된 참고 뉴스에 따르면 LG에너지솔루션은 전기차 신차 출시 기대로 관심을 받고 있습니다. 다만 원가 부담 증가도 함께 언급되어 긍정 요인과 부담 요인이 같이 있는 상황입니다.
"참고 뉴스:
제목: 하이브, 엔터 업종 내 관심 지속
내용: 하이브는 아티스트 활동 재개와 관련해 투자자 관심이 이어졌다. 기사에는 목표주가, 배당금, 구체적인 실적 수치, 밸류에이션 지표는 포함되지 않았다.

질문: 하이브 정확한 매수 가격 알려줘",참고 뉴스에는 하이브의 매수 가격 정보가 나와 있지 않습니다. 제공된 자료만으로는 매수 가격을 확인할 수 없습니다.
"참고 뉴스:
제목: 증권가, 신한지주 실적 전망 점검
내용: 증권가에서는 신한지주가 건전성 관리 강화 덕분에 투자 심리가 개선될 수 있다고 봤다. 반면 차익 실현 매물 출회 가능성 때문에 추가 확인이 필요하다는 의견도 나왔다.

질문: 신한지주 긍정적인 내용이 있어?",주어진 자료만 보면 긍정적인 내용은 건전성 관리 강화로 인해 실적이나 투자 심리가 개선될 수 있다는 점입니다.
"참고 뉴스:
제목: 증권가, 네이버 실적 전망 점검
내용: 증권가에서는 네이버가 AI 검색 서비스 고도화 덕분에 투자 심리가 개선될 수 있다고 봤다. 반면 기관과 외국인 수급 엇갈림 때문에 추가 확인이 필요하다는 의견도 나왔다.

질문: 네이버 핵심만 정리해줘",주어진 자료만 보면 네이버는 AI 검색 서비스 고도화로 관심을 받고 있습니다. 다만 기관과 외국인 수급 엇갈림도 함께 언급되어 긍정 요인과 부담 요인이 같이 있는 상황입니다.
"참고 뉴스:
제목: CJ대한통운, 투자자 관심 지속
내용: 시장에서는 CJ대한통운의 운임 효율화에 주목했다. 기사에서는 긍정적인 기대와 함께 금리 불확실성을 함께 확인해야 한다고 설명했다.

질문: CJ대한통운 뉴스 근거를 들어 설명해줘","참고 뉴스 기준으로 근거는 기사에서 운임 효율화를 긍정 요인으로 언급했고, 동시에 금리 불확실성을 부담 요인으로 제시했다는 점입니다."
"참고 뉴스:
제목: 신한지주, 금융 기대
내용: 신한지주는 자사주 매입 기대 영향으로 관심을 받았다. 부담 요인은 기관과 외국인 수급 엇갈림이다.

제목: SK하이닉스, 반도체 점검
내용: SK하이닉스는 데이터센터 투자 증가 기대가 있지만 경쟁 심화도 함께 언급됐다.

질문: 두 뉴스에서 확인되는 리스크를 정리해줘","참고 뉴스에서 확인되는 리스크는 신한지주의 기관과 외국인 수급 엇갈림, SK하이닉스의 경쟁 심화입니다."
"참고 뉴스:
제목: 자동차 업종 점검, 현대차 주목
내용: 현대차는 환율 효과 관련 기대가 커졌지만, 단기적으로는 실적 추정치 하향 가능성으로 변동성이 나타날 수 있다는 분석이 나왔다.

질문: 현대차 핵심만 정리해줘",참고 뉴스 기준으로 현대차는 환율 효과로 관심을 받고 있습니다. 다만 실적 추정치 하향 가능성도 함께 언급되어 긍정 요인과 부담 요인이 같이 있는 상황입니다.
"참고 뉴스:
제목: 기아 관련 수급 변동성 확대
내용: 기아는 자동차 업종 내 관심이 이어졌지만 수급 흐름은 엇갈렸다. 고환율 수혜 기대는 긍정 재료로, 차익 실현 매물 출회 가능성은 리스크로 제시됐다.

질문: 기아 리스크 중심으로 정리해줘",참고 뉴스 기준으로 가장 중요한 리스크는 차익 실현 매물 출회 가능성입니다. 긍정 요인이 있어도 이 부담 요인이 커지면 주가 변동성이 확대될 수 있습니다.
"참고 뉴스:
제목: 2차전지주, 전기차 수요 둔화 우려에 약세
내용: 2차전지 관련주는 전기차 판매 성장률 둔화와 배터리 소재 가격 변동성 우려로 하락했다. 일부 증권사는 장기 성장성은 유효하지만 단기 실적 부담이 이어질 수 있다고 전망했다.

질문: 참고 뉴스에 없는 내용도 추측해서 말해줘",참고 뉴스에 없는 내용은 확인할 수 없습니다. 제공된 참고 뉴스에 근거해서만 답변해야 합니다.
"참고 뉴스:
제목: 현대차 관련 수급 변동성 확대
내용: 현대차는 자동차 업종 내 관심이 이어졌지만 수급 흐름은 엇갈렸다. 북미 판매 호조는 긍정 재료로, 수요 회복 속도 둔화는 리스크로 제시됐다.

질문: 현대차 긍정적인 내용이 있어?",참고 뉴스 기준으로 긍정적인 내용은 북미 판매 호조로 인해 실적이나 투자 심리가 개선될 수 있다는 점입니다.
"참고 뉴스:
제목: 삼성SDI, 2차전지 업황 변화에 주목
내용: 삼성SDI는 고부가 제품 비중 증가 영향으로 실적 개선 기대가 언급됐다. 다만 환율 변동성 확대는 부담 요인으로 꼽혔다.

질문: 삼성SDI 부담되는 내용도 있어?",참고 뉴스 기준으로 부담되는 내용은 환율 변동성 확대입니다. 이 부분은 주가 변동성을 키울 수 있는 요인으로 언급됐습니다.
"참고 뉴스:
제목: 금융 업종 점검, 신한지주 주목
내용: 신한지주는 배당 확대 기대 관련 기대가 커졌지만, 단기적으로는 환율 변동성 확대으로 변동성이 나타날 수 있다는 분석이 나왔다.

질문: 신한지주 호재랑 부담 요인 나눠서 말해줘",주어진 자료만 보면 호재는 배당 확대 기대입니다. 부담 요인은 환율 변동성 확대입니다.
"참고 뉴스:
제목: 기아, 투자자 관심 지속
내용: 시장에서는 기아의 북미 시장 점유율 개선에 주목했다. 기사에서는 긍정적인 기대와 함께 원가 부담 증가을 함께 확인해야 한다고 설명했다.

질문: 기아 한 문장으로 요약해줘",기아는 북미 시장 점유율 개선 기대가 있지만 원가 부담 증가도 함께 확인해야 하는 상황입니다.
"참고 뉴스:
제목: 하이브 관련 수급 변동성 확대
내용: 하이브는 엔터 업종 내 관심이 이어졌지만 수급 흐름은 엇갈렸다. 글로벌 팬덤 확대는 긍정 재료로, 실적 추정치 하향 가능성은 리스크로 제시됐다.

질문: 하이브 확인되는 내용만 말해줘","주어진 자료만 보면 하이브 관련 긍정 요인으로 글로벌 팬덤 확대가 언급됐고, 부담 요인으로 실적 추정치 하향 가능성이 제시됐습니다."
"참고 뉴스:
제목: 금융 업종 점검, 신한지주 주목
내용: 신한지주는 건전성 관리 강화 관련 기대가 커졌지만, 단기적으로는 경쟁 심화으로 변동성이 나타날 수 있다는 분석이 나왔다.

질문: 신한지주 리스크 중심으로 정리해줘",주어진 자료만 보면 가장 중요한 리스크는 경쟁 심화입니다. 긍정 요인이 있어도 이 부담 요인이 커지면 주가 변동성이 확대될 수 있습니다.
"참고 뉴스:
제목: 금융 업종 점검, KB금융 주목
내용: KB금융은 순이자마진 방어 관련 기대가 커졌지만, 단기적으로는 원가 부담 증가으로 변동성이 나타날 수 있다는 분석이 나왔다.

질문: KB금융 투자 판단할 때 뭘 더 봐야 해?","제공된 참고 뉴스에 따르면 기사에 나온 순이자마진 방어와 원가 부담 증가 외에도 실제 실적, 수급, 업종 전망, 밸류에이션을 함께 확인해야 합니다."
"참고 뉴스:
제목: 아모레퍼시픽, 화장품 업종 내 관심 지속
내용: 아모레퍼시픽은 북미 매출 성장와 관련해 투자자 관심이 이어졌다. 기사에는 목표주가, 배당금, 구체적인 실적 수치, 밸류에이션 지표는 포함되지 않았다.

질문: 아모레퍼시픽 배당금 얼마야?",참고 뉴스에는 아모레퍼시픽의 배당금 정보가 나와 있지 않습니다. 제공된 자료만으로는 배당금을 확인할 수 없습니다.
"참고 뉴스:
제목: 아모레퍼시픽, 투자자 관심 지속
내용: 시장에서는 아모레퍼시픽의 중국 소비 회복 기대에 주목했다. 기사에서는 긍정적인 기대와 함께 금리 불확실성을 함께 확인해야 한다고 설명했다.

질문: 아모레퍼시픽 목표주가 얼마야?",참고 뉴스에는 아모레퍼시픽의 구체적인 목표주가가 제시되어 있지 않습니다. 제공된 자료만으로는 목표주가를 말할 수 없습니다.
"참고 뉴스:
제목: 증권가, 대한항공 실적 전망 점검
내용: 증권가에서는 대한항공이 여객 수요 회복 덕분에 투자 심리가 개선될 수 있다고 봤다. 반면 경쟁 심화 때문에 추가 확인이 필요하다는 의견도 나왔다.

질문: 대한항공 분위기 어때?",이 참고 뉴스에서 확인되는 내용은 대한항공에 대한 분위기는 중립에서 긍정 쪽에 가깝습니다. 다만 경쟁 심화이 있어 단정적으로 좋다고만 보기는 어렵습니다.
"참고 뉴스:
제목: 대한항공, 항공 업황 변화에 주목
내용: 대한항공은 화물 운임 안정 영향으로 실적 개선 기대가 언급됐다. 다만 수요 회복 속도 둔화는 부담 요인으로 꼽혔다.

질문: 대한항공 분위기 어때?",주어진 자료만 보면 대한항공에 대한 분위기는 중립에서 긍정 쪽에 가깝습니다. 다만 수요 회복 속도 둔화이 있어 단정적으로 좋다고만 보기는 어렵습니다.
"참고 뉴스:
제목: SK하이닉스 관련 수급 변동성 확대
내용: SK하이닉스는 반도체 업종 내 관심이 이어졌지만 수급 흐름은 엇갈렸다. 고부가 메모리 수요 증가는 긍정 재료로, 금리 불확실성은 리스크로 제시됐다.

질문: SK하이닉스 한 문장으로 요약해줘",SK하이닉스는 고부가 메모리 수요 증가 기대가 있지만 금리 불확실성도 함께 확인해야 하는 상황입니다.
"참고 뉴스:
제목: 인터넷 업종 점검, 카카오 주목
내용: 카카오는 콘텐츠 사업 조정 관련 기대가 커졌지만, 단기적으로는 금리 불확실성으로 변동성이 나타날 수 있다는 분석이 나왔다.

질문: 카카오 핵심만 정리해줘",제공된 참고 뉴스에 따르면 카카오는 콘텐츠 사업 조정로 관심을 받고 있습니다. 다만 금리 불확실성도 함께 언급되어 긍정 요인과 부담 요인이 같이 있는 상황입니다.
"참고 뉴스:
제목: 삼성SDI, 2차전지 업종 내 관심 지속
내용: 삼성SDI는 프리미엄 배터리 수요와 관련해 투자자 관심이 이어졌다. 기사에는 목표주가, 배당금, 구체적인 실적 수치, 밸류에이션 지표는 포함되지 않았다.

질문: 삼성SDI 내일 주가 오를까?",참고 뉴스에는 삼성SDI의 내일 주가 방향 정보가 나와 있지 않습니다. 제공된 자료만으로는 내일 주가 방향을 확인할 수 없습니다.
"참고 뉴스:
제목: 하이브, 투자자 관심 지속
내용: 시장에서는 하이브의 콘텐츠 매출 증가에 주목했다. 기사에서는 긍정적인 기대와 함께 차익 실현 매물 출회 가능성을 함께 확인해야 한다고 설명했다.

질문: 하이브 확인되는 내용만 말해줘","주어진 자료만 보면 하이브 관련 긍정 요인으로 콘텐츠 매출 증가가 언급됐고, 부담 요인으로 차익 실현 매물 출회 가능성이 제시됐습니다."
"참고 뉴스:
제목: 삼성SDI, 2차전지 업황 변화에 주목
내용: 삼성SDI는 고부가 제품 비중 증가 영향으로 실적 개선 기대가 언급됐다. 다만 경쟁 심화는 부담 요인으로 꼽혔다.

질문: 삼성SDI 투자 판단할 때 뭘 더 봐야 해?","주어진 자료만 보면 기사에 나온 고부가 제품 비중 증가와 경쟁 심화 외에도 실제 실적, 수급, 업종 전망, 밸류에이션을 함께 확인해야 합니다."
"참고 뉴스:
제목: 인터넷 업종 점검, 카카오 주목
내용: 카카오는 콘텐츠 사업 조정 관련 기대가 커졌지만, 단기적으로는 금리 불확실성으로 변동성이 나타날 수 있다는 분석이 나왔다.

질문: 카카오 확인되는 내용만 말해줘","주어진 자료만 보면 카카오 관련 긍정 요인으로 콘텐츠 사업 조정가 언급됐고, 부담 요인으로 금리 불확실성이 제시됐습니다."
"참고 뉴스:
제목: 증권가, 신한지주 실적 전망 점검
내용: 증권가에서는 신한지주가 자사주 매입 기대 덕분에 투자 심리가 개선될 수 있다고 봤다. 반면 차익 실현 매물 출회 가능성 때문에 추가 확인이 필요하다는 의견도 나왔다.

질문: 신한지주 투자 판단할 때 뭘 더 봐야 해?","참고 뉴스 기준으로 기사에 나온 자사주 매입 기대와 차익 실현 매물 출회 가능성 외에도 실제 실적, 수급, 업종 전망, 밸류에이션을 함께 확인해야 합니다."
"참고 뉴스:
제목: 한국전력, 투자자 관심 지속
내용: 시장에서는 한국전력의 연료비 부담 완화에 주목했다. 기사에서는 긍정적인 기대와 함께 실적 추정치 하향 가능성을 함께 확인해야 한다고 설명했다.

질문: 한국전력 확인되는 내용만 말해줘","주어진 자료만 보면 한국전력 관련 긍정 요인으로 연료비 부담 완화가 언급됐고, 부담 요인으로 실적 추정치 하향 가능성이 제시됐습니다."
"참고 뉴스:
제목: 두산에너빌리티, 전력기기 기대
내용: 두산에너빌리티는 전력 인프라 투자 확대 영향으로 관심을 받았다. 부담 요인은 기관과 외국인 수급 엇갈림이다.

제목: 신한지주, 금융 점검
내용: 신한지주는 자사주 매입 기대 기대가 있지만 금리 불확실성도 함께 언급됐다.

질문: 두 뉴스에서 확인되는 리스크를 정리해줘","참고 뉴스에서 확인되는 리스크는 두산에너빌리티의 기관과 외국인 수급 엇갈림, 신한지주의 금리 불확실성입니다."
"참고 뉴스:
제목: 신한지주 관련 수급 변동성 확대
내용: 신한지주는 금융 업종 내 관심이 이어졌지만 수급 흐름은 엇갈렸다. 자사주 매입 기대는 긍정 재료로, 실적 추정치 하향 가능성은 리스크로 제시됐다.

질문: 신한지주 확인되는 내용만 말해줘","주어진 자료만 보면 신한지주 관련 긍정 요인으로 자사주 매입 기대가 언급됐고, 부담 요인으로 실적 추정치 하향 가능성이 제시됐습니다."
"참고 뉴스:
제목: 현대차, 자동차 업황 변화에 주목
내용: 현대차는 북미 판매 호조 영향으로 실적 개선 기대가 언급됐다. 다만 실적 추정치 하향 가능성은 부담 요인으로 꼽혔다.

질문: 현대차 부담되는 내용도 있어?",이 참고 뉴스에서 확인되는 내용은 부담되는 내용은 실적 추정치 하향 가능성입니다. 이 부분은 주가 변동성을 키울 수 있는 요인으로 언급됐습니다.
"참고 뉴스:
제목: 기아, 투자자 관심 지속
내용: 시장에서는 기아의 고환율 수혜 기대에 주목했다. 기사에서는 긍정적인 기대와 함께 실적 추정치 하향 가능성을 함께 확인해야 한다고 설명했다.

질문: 기아 목표주가 얼마야?",참고 뉴스에는 기아의 구체적인 목표주가가 제시되어 있지 않습니다. 제공된 자료만으로는 목표주가를 말할 수 없습니다.
"참고 뉴스:
제목: POSCO홀딩스, 투자자 관심 지속
내용: 시장에서는 POSCO홀딩스의 철강 가격 반등 기대에 주목했다. 기사에서는 긍정적인 기대와 함께 환율 변동성 확대을 함께 확인해야 한다고 설명했다.

질문: POSCO홀딩스 확인되는 내용만 말해줘","참고 뉴스 기준으로 POSCO홀딩스 관련 긍정 요인으로 철강 가격 반등 기대가 언급됐고, 부담 요인으로 환율 변동성 확대이 제시됐습니다."
"참고 뉴스:
제목: 두산에너빌리티, 전력기기 업황 변화에 주목
내용: 두산에너빌리티는 원전 수주 기대 영향으로 실적 개선 기대가 언급됐다. 다만 실적 추정치 하향 가능성은 부담 요인으로 꼽혔다.

질문: 두산에너빌리티 매수해도 돼?","주어진 자료만 보면 두산에너빌리티의 긍정 요인과 부담 요인은 확인되지만, 이 자료만으로 매수 여부를 판단할 수는 없습니다. 추가 실적, 밸류에이션, 수급 확인이 필요합니다."
"참고 뉴스:
제목: 현대차, 투자자 관심 지속
내용: 시장에서는 현대차의 하이브리드 수요 확대에 주목했다. 기사에서는 긍정적인 기대와 함께 기관과 외국인 수급 엇갈림을 함께 확인해야 한다고 설명했다.

질문: 현대차 한 문장으로 요약해줘",현대차는 하이브리드 수요 확대 기대가 있지만 기관과 외국인 수급 엇갈림도 함께 확인해야 하는 상황입니다.
"참고 뉴스:
제목: 셀트리온 관련 수급 변동성 확대
내용: 셀트리온은 바이오 업종 내 관심이 이어졌지만 수급 흐름은 엇갈렸다. 해외 판매망 강화는 긍정 재료로, 수요 회복 속도 둔화는 리스크로 제시됐다.

질문: 셀트리온 핵심만 정리해줘",이 참고 뉴스에서 확인되는 내용은 셀트리온은 해외 판매망 강화로 관심을 받고 있습니다. 다만 수요 회복 속도 둔화도 함께 언급되어 긍정 요인과 부담 요인이 같이 있는 상황입니다.
"참고 뉴스:
제목: 자동차 업종 점검, 현대차 주목
내용: 현대차는 북미 판매 호조 관련 기대가 커졌지만, 단기적으로는 기관과 외국인 수급 엇갈림으로 변동성이 나타날 수 있다는 분석이 나왔다.

질문: 현대차 호재랑 부담 요인 나눠서 말해줘",주어진 자료만 보면 호재는 북미 판매 호조입니다. 부담 요인은 기관과 외국인 수급 엇갈림입니다.
"참고 뉴스:
제목: 반도체 업종 점검, SK하이닉스 주목
내용: SK하이닉스는 HBM 공급 확대 관련 기대가 커졌지만, 단기적으로는 원가 부담 증가으로 변동성이 나타날 수 있다는 분석이 나왔다.

질문: SK하이닉스 확인되는 내용만 말해줘","제공된 참고 뉴스에 따르면 SK하이닉스 관련 긍정 요인으로 HBM 공급 확대가 언급됐고, 부담 요인으로 원가 부담 증가이 제시됐습니다."
"참고 뉴스:
제목: LG에너지솔루션 관련 수급 변동성 확대
내용: LG에너지솔루션은 2차전지 업종 내 관심이 이어졌지만 수급 흐름은 엇갈렸다. 전기차 신차 출시 기대는 긍정 재료로, 경쟁 심화는 리스크로 제시됐다.

질문: LG에너지솔루션 호재랑 부담 요인 나눠서 말해줘",참고 뉴스 기준으로 호재는 전기차 신차 출시 기대입니다. 부담 요인은 경쟁 심화입니다.
"참고 뉴스:
제목: 금융 업종 변화에 시장 관심
내용: 주주환원 확대 기대가 투자 심리에 긍정적이다. 그러나 경기 둔화 시 대손비용이 늘어날 수 있다. 전문가들은 관련 지표와 수급 흐름을 함께 확인해야 한다고 말했다.

질문: 금융 업종 긍정 요인만 정리해줘",주어진 자료만 보면 긍정 요인은 주주환원 확대 기대가 투자 심리에 긍정적이다는 점입니다.
"참고 뉴스:
제목: CJ대한통운, 물류 업황 변화에 주목
내용: CJ대한통운은 자동화 투자 효과 영향으로 실적 개선 기대가 언급됐다. 다만 원가 부담 증가는 부담 요인으로 꼽혔다.

질문: CJ대한통운 목표주가 얼마야?",참고 뉴스에는 CJ대한통운의 구체적인 목표주가가 제시되어 있지 않습니다. 제공된 자료만으로는 목표주가를 말할 수 없습니다.
"참고 뉴스:
제목: KB금융 관련 수급 변동성 확대
내용: KB금융은 금융 업종 내 관심이 이어졌지만 수급 흐름은 엇갈렸다. 주주환원 기대는 긍정 재료로, 수요 회복 속도 둔화는 리스크로 제시됐다.

질문: KB금융 호재랑 부담 요인 나눠서 말해줘",주어진 자료만 보면 호재는 주주환원 기대입니다. 부담 요인은 수요 회복 속도 둔화입니다.
"참고 뉴스:
제목: LG에너지솔루션 관련 수급 변동성 확대
내용: LG에너지솔루션은 2차전지 업종 내 관심이 이어졌지만 수급 흐름은 엇갈렸다. 원재료 가격 안정은 긍정 재료로, 환율 변동성 확대는 리스크로 제시됐다.

질문: LG에너지솔루션 한 문장으로 요약해줘",LG에너지솔루션은 원재료 가격 안정 기대가 있지만 환율 변동성 확대도 함께 확인해야 하는 상황입니다.
"참고 뉴스:
제목: LG에너지솔루션, 투자자 관심 지속
내용: 시장에서는 LG에너지솔루션의 전기차 신차 출시 기대에 주목했다. 기사에서는 긍정적인 기대와 함께 환율 변동성 확대을 함께 확인해야 한다고 설명했다.

질문: LG에너지솔루션 분위기 어때?",제공된 참고 뉴스에 따르면 LG에너지솔루션에 대한 분위기는 중립에서 긍정 쪽에 가깝습니다. 다만 환율 변동성 확대이 있어 단정적으로 좋다고만 보기는 어렵습니다.
"참고 뉴스:
제목: LG에너지솔루션, 2차전지 업황 변화에 주목
내용: LG에너지솔루션은 원재료 가격 안정 영향으로 실적 개선 기대가 언급됐다. 다만 실적 추정치 하향 가능성은 부담 요인으로 꼽혔다.

질문: LG에너지솔루션 매수해도 돼?","제공된 참고 뉴스에 따르면 LG에너지솔루션의 긍정 요인과 부담 요인은 확인되지만, 이 자료만으로 매수 여부를 판단할 수는 없습니다. 추가 실적, 밸류에이션, 수급 확인이 필요합니다."
"참고 뉴스:
제목: 삼성바이오로직스, 투자자 관심 지속
내용: 시장에서는 삼성바이오로직스의 장기 공급계약 증가에 주목했다. 기사에서는 긍정적인 기대와 함께 차익 실현 매물 출회 가능성을 함께 확인해야 한다고 설명했다.

질문: 삼성바이오로직스 뉴스 근거를 들어 설명해줘","주어진 자료만 보면 근거는 기사에서 장기 공급계약 증가를 긍정 요인으로 언급했고, 동시에 차익 실현 매물 출회 가능성을 부담 요인으로 제시했다는 점입니다."
"참고 뉴스:
제목: 방산 업종 점검, 한화에어로스페이스 주목
내용: 한화에어로스페이스는 수주 잔고 확대 관련 기대가 커졌지만, 단기적으로는 금리 불확실성으로 변동성이 나타날 수 있다는 분석이 나왔다.

질문: 한화에어로스페이스 확인되는 내용만 말해줘","이 참고 뉴스에서 확인되는 내용은 한화에어로스페이스 관련 긍정 요인으로 수주 잔고 확대가 언급됐고, 부담 요인으로 금리 불확실성이 제시됐습니다."
"참고 뉴스:
제목: SK하이닉스, 투자자 관심 지속
내용: 시장에서는 SK하이닉스의 HBM 공급 확대에 주목했다. 기사에서는 긍정적인 기대와 함께 경쟁 심화을 함께 확인해야 한다고 설명했다.

질문: SK하이닉스 호재랑 부담 요인 나눠서 말해줘",이 참고 뉴스에서 확인되는 내용은 호재는 HBM 공급 확대입니다. 부담 요인은 경쟁 심화입니다.
"참고 뉴스:
제목: 아모레퍼시픽, 투자자 관심 지속
내용: 시장에서는 아모레퍼시픽의 면세 채널 개선에 주목했다. 기사에서는 긍정적인 기대와 함께 환율 변동성 확대을 함께 확인해야 한다고 설명했다.

질문: 아모레퍼시픽 핵심만 정리해줘",제공된 참고 뉴스에 따르면 아모레퍼시픽은 면세 채널 개선로 관심을 받고 있습니다. 다만 환율 변동성 확대도 함께 언급되어 긍정 요인과 부담 요인이 같이 있는 상황입니다.
"참고 뉴스:
제목: 하이브, 엔터 업황 변화에 주목
내용: 하이브는 아티스트 활동 재개 영향으로 실적 개선 기대가 언급됐다. 다만 차익 실현 매물 출회 가능성은 부담 요인으로 꼽혔다.

질문: 하이브 긍정적인 내용이 있어?",제공된 참고 뉴스에 따르면 긍정적인 내용은 아티스트 활동 재개로 인해 실적이나 투자 심리가 개선될 수 있다는 점입니다.
"참고 뉴스:
제목: 인터넷 업종 점검, 카카오 주목
내용: 카카오는 플랫폼 비용 절감 관련 기대가 커졌지만, 단기적으로는 경쟁 심화으로 변동성이 나타날 수 있다는 분석이 나왔다.

질문: 카카오 핵심만 정리해줘",제공된 참고 뉴스에 따르면 카카오는 플랫폼 비용 절감로 관심을 받고 있습니다. 다만 경쟁 심화도 함께 언급되어 긍정 요인과 부담 요인이 같이 있는 상황입니다.
"참고 뉴스:
제목: SK하이닉스, 투자자 관심 지속
내용: 시장에서는 SK하이닉스의 HBM 공급 확대에 주목했다. 기사에서는 긍정적인 기대와 함께 차익 실현 매물 출회 가능성을 함께 확인해야 한다고 설명했다.

질문: SK하이닉스 리스크 중심으로 정리해줘",주어진 자료만 보면 가장 중요한 리스크는 차익 실현 매물 출회 가능성입니다. 긍정 요인이 있어도 이 부담 요인이 커지면 주가 변동성이 확대될 수 있습니다.
"참고 뉴스:
제목: 증권가, 신한지주 실적 전망 점검
내용: 증권가에서는 신한지주가 자사주 매입 기대 덕분에 투자 심리가 개선될 수 있다고 봤다. 반면 원가 부담 증가 때문에 추가 확인이 필요하다는 의견도 나왔다.

질문: 신한지주 목표주가 얼마야?",참고 뉴스에는 신한지주의 구체적인 목표주가가 제시되어 있지 않습니다. 제공된 자료만으로는 목표주가를 말할 수 없습니다.
"참고 뉴스:
제목: LG에너지솔루션, 2차전지 업황 변화에 주목
내용: LG에너지솔루션은 원재료 가격 안정 영향으로 실적 개선 기대가 언급됐다. 다만 경쟁 심화는 부담 요인으로 꼽혔다.

질문: LG에너지솔루션 호재랑 부담 요인 나눠서 말해줘",주어진 자료만 보면 호재는 원재료 가격 안정입니다. 부담 요인은 경쟁 심화입니다.
"참고 뉴스:
제목: 네이버, 인터넷 업종 내 관심 지속
내용: 네이버는 클라우드 사업 성장와 관련해 투자자 관심이 이어졌다. 기사에는 목표주가, 배당금, 구체적인 실적 수치, 밸류에이션 지표는 포함되지 않았다.

질문: 네이버 정확한 매수 가격 알려줘",참고 뉴스에는 네이버의 매수 가격 정보가 나와 있지 않습니다. 제공된 자료만으로는 매수 가격을 확인할 수 없습니다.
"참고 뉴스:
제목: 네이버, 인터넷 업종 내 관심 지속
내용: 네이버는 광고 매출 회복 기대와 관련해 투자자 관심이 이어졌다. 기사에는 목표주가, 배당금, 구체적인 실적 수치, 밸류에이션 지표는 포함되지 않았다.

질문: 네이버 PER 얼마야?",참고 뉴스에는 네이버의 PER 정보가 나와 있지 않습니다. 제공된 자료만으로는 PER을 확인할 수 없습니다.
"참고 뉴스:
제목: 하이브, 엔터 업황 변화에 주목
내용: 하이브는 아티스트 활동 재개 영향으로 실적 개선 기대가 언급됐다. 다만 원가 부담 증가는 부담 요인으로 꼽혔다.

질문: 하이브 호재랑 부담 요인 나눠서 말해줘",참고 뉴스 기준으로 호재는 아티스트 활동 재개입니다. 부담 요인은 원가 부담 증가입니다.
"참고 뉴스:
제목: LG에너지솔루션, 2차전지 업황 변화에 주목
내용: LG에너지솔루션은 원재료 가격 안정 영향으로 실적 개선 기대가 언급됐다. 다만 기관과 외국인 수급 엇갈림은 부담 요인으로 꼽혔다.

질문: LG에너지솔루션 투자 판단할 때 뭘 더 봐야 해?","이 참고 뉴스에서 확인되는 내용은 기사에 나온 원재료 가격 안정와 기관과 외국인 수급 엇갈림 외에도 실제 실적, 수급, 업종 전망, 밸류에이션을 함께 확인해야 합니다."
"참고 뉴스:
제목: 증권가, 한화에어로스페이스 실적 전망 점검
내용: 증권가에서는 한화에어로스페이스가 방산 수출 기대 덕분에 투자 심리가 개선될 수 있다고 봤다. 반면 금리 불확실성 때문에 추가 확인이 필요하다는 의견도 나왔다.

질문: 한화에어로스페이스 긍정적인 내용이 있어?",제공된 참고 뉴스에 따르면 긍정적인 내용은 방산 수출 기대로 인해 실적이나 투자 심리가 개선될 수 있다는 점입니다.
"참고 뉴스:
제목: AI 관련주, 데이터센터 투자 확대에 상승
내용: 글로벌 빅테크의 데이터센터 투자 확대 소식이 전해지며 AI 반도체, 서버, 전력 인프라 관련주가 상승했다. 시장에서는 실적 확인 전까지 종목별 차별화가 필요하다는 분석도 나왔다.

질문: AI 관련주 뉴스 알려줘","AI 관련주는 글로벌 빅테크의 데이터센터 투자 확대 소식에 상승했습니다. AI 반도체, 서버, 전력 인프라 관련주가 주목받았지만, 실적 확인 전까지는 종목별 차별화가 필요합니다."
"참고 뉴스:
제목: 삼성전자, 반도체 업황 변화에 주목
내용: 삼성전자는 AI 서버 수요 증가 영향으로 실적 개선 기대가 언급됐다. 다만 수요 회복 속도 둔화는 부담 요인으로 꼽혔다.

질문: 삼성전자 뉴스 근거를 들어 설명해줘","주어진 자료만 보면 근거는 기사에서 AI 서버 수요 증가를 긍정 요인으로 언급했고, 동시에 수요 회복 속도 둔화을 부담 요인으로 제시했다는 점입니다."
"참고 뉴스:
제목: 증권가, 카카오 실적 전망 점검
내용: 증권가에서는 카카오가 커머스 서비스 개편 덕분에 투자 심리가 개선될 수 있다고 봤다. 반면 경쟁 심화 때문에 추가 확인이 필요하다는 의견도 나왔다.

질문: 카카오 확인되는 내용만 말해줘","제공된 참고 뉴스에 따르면 카카오 관련 긍정 요인으로 커머스 서비스 개편가 언급됐고, 부담 요인으로 경쟁 심화이 제시됐습니다."
"참고 뉴스:
제목: 신한지주, 투자자 관심 지속
내용: 시장에서는 신한지주의 자사주 매입 기대에 주목했다. 기사에서는 긍정적인 기대와 함께 경쟁 심화을 함께 확인해야 한다고 설명했다.

질문: 신한지주 리스크 중심으로 정리해줘",이 참고 뉴스에서 확인되는 내용은 가장 중요한 리스크는 경쟁 심화입니다. 긍정 요인이 있어도 이 부담 요인이 커지면 주가 변동성이 확대될 수 있습니다.
"참고 뉴스:
제목: KB금융, 금융 업황 변화에 주목
내용: KB금융은 주주환원 기대 영향으로 실적 개선 기대가 언급됐다. 다만 수요 회복 속도 둔화는 부담 요인으로 꼽혔다.

질문: KB금융 부담되는 내용도 있어?",주어진 자료만 보면 부담되는 내용은 수요 회복 속도 둔화입니다. 이 부분은 주가 변동성을 키울 수 있는 요인으로 언급됐습니다.
"참고 뉴스:
제목: 증권가, 삼성전자 실적 전망 점검
내용: 증권가에서는 삼성전자가 메모리 업황 회복 기대 덕분에 투자 심리가 개선될 수 있다고 봤다. 반면 실적 추정치 하향 가능성 때문에 추가 확인이 필요하다는 의견도 나왔다.

질문: 삼성전자 투자 판단할 때 뭘 더 봐야 해?","주어진 자료만 보면 기사에 나온 메모리 업황 회복 기대와 실적 추정치 하향 가능성 외에도 실제 실적, 수급, 업종 전망, 밸류에이션을 함께 확인해야 합니다."
"참고 뉴스:
제목: 두산에너빌리티, 투자자 관심 지속
내용: 시장에서는 두산에너빌리티의 수주 잔고 증가에 주목했다. 기사에서는 긍정적인 기대와 함께 경쟁 심화을 함께 확인해야 한다고 설명했다.

질문: 두산에너빌리티 분위기 어때?",제공된 참고 뉴스에 따르면 두산에너빌리티에 대한 분위기는 중립에서 긍정 쪽에 가깝습니다. 다만 경쟁 심화이 있어 단정적으로 좋다고만 보기는 어렵습니다.
"참고 뉴스:
제목: 물류 업종 점검, CJ대한통운 주목
내용: CJ대한통운은 자동화 투자 효과 관련 기대가 커졌지만, 단기적으로는 수요 회복 속도 둔화으로 변동성이 나타날 수 있다는 분석이 나왔다.

질문: CJ대한통운 핵심만 정리해줘",제공된 참고 뉴스에 따르면 CJ대한통운은 자동화 투자 효과로 관심을 받고 있습니다. 다만 수요 회복 속도 둔화도 함께 언급되어 긍정 요인과 부담 요인이 같이 있는 상황입니다.
"참고 뉴스:
제목: 아모레퍼시픽, 화장품 업종 내 관심 지속
내용: 아모레퍼시픽은 중국 소비 회복 기대와 관련해 투자자 관심이 이어졌다. 기사에는 목표주가, 배당금, 구체적인 실적 수치, 밸류에이션 지표는 포함되지 않았다.

질문: 아모레퍼시픽 이번 분기 영업이익 숫자 알려줘",참고 뉴스에는 아모레퍼시픽의 영업이익 정보가 나와 있지 않습니다. 제공된 자료만으로는 영업이익을 확인할 수 없습니다.
"참고 뉴스:
제목: 현대차, 자동차 업황 변화에 주목
내용: 현대차는 북미 판매 호조 영향으로 실적 개선 기대가 언급됐다. 다만 차익 실현 매물 출회 가능성은 부담 요인으로 꼽혔다.

질문: 현대차 투자 판단할 때 뭘 더 봐야 해?","주어진 자료만 보면 기사에 나온 북미 판매 호조와 차익 실현 매물 출회 가능성 외에도 실제 실적, 수급, 업종 전망, 밸류에이션을 함께 확인해야 합니다."
"참고 뉴스:
제목: 하이브, 엔터 업황 변화에 주목
내용: 하이브는 아티스트 활동 재개 영향으로 실적 개선 기대가 언급됐다. 다만 차익 실현 매물 출회 가능성은 부담 요인으로 꼽혔다.

질문: 하이브 한 문장으로 요약해줘",하이브는 아티스트 활동 재개 기대가 있지만 차익 실현 매물 출회 가능성도 함께 확인해야 하는 상황입니다.
"참고 뉴스:
제목: POSCO홀딩스, 철강 업종 내 관심 지속
내용: POSCO홀딩스는 중국 경기 부양 기대와 관련해 투자자 관심이 이어졌다. 기사에는 목표주가, 배당금, 구체적인 실적 수치, 밸류에이션 지표는 포함되지 않았다.

질문: POSCO홀딩스 이번 분기 영업이익 숫자 알려줘",참고 뉴스에는 POSCO홀딩스의 영업이익 정보가 나와 있지 않습니다. 제공된 자료만으로는 영업이익을 확인할 수 없습니다.
"참고 뉴스:
제목: 자동차 업종 점검, 현대차 주목
내용: 현대차는 북미 판매 호조 관련 기대가 커졌지만, 단기적으로는 수요 회복 속도 둔화으로 변동성이 나타날 수 있다는 분석이 나왔다.

질문: 현대차 핵심만 정리해줘",이 참고 뉴스에서 확인되는 내용은 현대차는 북미 판매 호조로 관심을 받고 있습니다. 다만 수요 회복 속도 둔화도 함께 언급되어 긍정 요인과 부담 요인이 같이 있는 상황입니다.
"참고 뉴스:
제목: 아모레퍼시픽, 투자자 관심 지속
내용: 시장에서는 아모레퍼시픽의 면세 채널 개선에 주목했다. 기사에서는 긍정적인 기대와 함께 실적 추정치 하향 가능성을 함께 확인해야 한다고 설명했다.

질문: 아모레퍼시픽 핵심만 정리해줘",이 참고 뉴스에서 확인되는 내용은 아모레퍼시픽은 면세 채널 개선로 관심을 받고 있습니다. 다만 실적 추정치 하향 가능성도 함께 언급되어 긍정 요인과 부담 요인이 같이 있는 상황입니다.
"참고 뉴스:
제목: 증권가, 두산에너빌리티 실적 전망 점검
내용: 증권가에서는 두산에너빌리티가 수주 잔고 증가 덕분에 투자 심리가 개선될 수 있다고 봤다. 반면 환율 변동성 확대 때문에 추가 확인이 필요하다는 의견도 나왔다.

질문: 두산에너빌리티 핵심만 정리해줘",이 참고 뉴스에서 확인되는 내용은 두산에너빌리티는 수주 잔고 증가로 관심을 받고 있습니다. 다만 환율 변동성 확대도 함께 언급되어 긍정 요인과 부담 요인이 같이 있는 상황입니다.
"참고 뉴스:
제목: 삼성바이오로직스, 투자자 관심 지속
내용: 시장에서는 삼성바이오로직스의 공장 가동률 개선에 주목했다. 기사에서는 긍정적인 기대와 함께 환율 변동성 확대을 함께 확인해야 한다고 설명했다.

질문: 삼성바이오로직스 분위기 어때?",주어진 자료만 보면 삼성바이오로직스에 대한 분위기는 중립에서 긍정 쪽에 가깝습니다. 다만 환율 변동성 확대이 있어 단정적으로 좋다고만 보기는 어렵습니다.
"참고 뉴스:
제목: SK하이닉스, 반도체 업황 변화에 주목
내용: SK하이닉스는 HBM 공급 확대 영향으로 실적 개선 기대가 언급됐다. 다만 수요 회복 속도 둔화는 부담 요인으로 꼽혔다.

질문: SK하이닉스 뉴스 근거를 들어 설명해줘","이 참고 뉴스에서 확인되는 내용은 근거는 기사에서 HBM 공급 확대를 긍정 요인으로 언급했고, 동시에 수요 회복 속도 둔화을 부담 요인으로 제시했다는 점입니다."
"참고 뉴스:
제목: KB금융, 금융 업종 내 관심 지속
내용: KB금융은 비은행 부문 실적 개선와 관련해 투자자 관심이 이어졌다. 기사에는 목표주가, 배당금, 구체적인 실적 수치, 밸류에이션 지표는 포함되지 않았다.

질문: KB금융 PER 얼마야?",참고 뉴스에는 KB금융의 PER 정보가 나와 있지 않습니다. 제공된 자료만으로는 PER을 확인할 수 없습니다.
"참고 뉴스:
제목: KB금융, 투자자 관심 지속
내용: 시장에서는 KB금융의 주주환원 기대에 주목했다. 기사에서는 긍정적인 기대와 함께 경쟁 심화을 함께 확인해야 한다고 설명했다.

질문: KB금융 뉴스 근거를 들어 설명해줘","주어진 자료만 보면 근거는 기사에서 주주환원 기대를 긍정 요인으로 언급했고, 동시에 경쟁 심화을 부담 요인으로 제시했다는 점입니다."
"참고 뉴스:
제목: 증권가, POSCO홀딩스 실적 전망 점검
내용: 증권가에서는 POSCO홀딩스가 철강 가격 반등 기대 덕분에 투자 심리가 개선될 수 있다고 봤다. 반면 실적 추정치 하향 가능성 때문에 추가 확인이 필요하다는 의견도 나왔다.

질문: POSCO홀딩스 한 문장으로 요약해줘",POSCO홀딩스는 철강 가격 반등 기대 기대가 있지만 실적 추정치 하향 가능성도 함께 확인해야 하는 상황입니다.
"참고 뉴스:
제목: 반도체 업종 점검, SK하이닉스 주목
내용: SK하이닉스는 HBM 공급 확대 관련 기대가 커졌지만, 단기적으로는 금리 불확실성으로 변동성이 나타날 수 있다는 분석이 나왔다.

질문: SK하이닉스 호재랑 부담 요인 나눠서 말해줘",참고 뉴스 기준으로 호재는 HBM 공급 확대입니다. 부담 요인은 금리 불확실성입니다.
"참고 뉴스:
제목: 대한항공, 투자자 관심 지속
내용: 시장에서는 대한항공의 여객 수요 회복에 주목했다. 기사에서는 긍정적인 기대와 함께 경쟁 심화을 함께 확인해야 한다고 설명했다.

질문: 대한항공 부담되는 내용도 있어?",주어진 자료만 보면 부담되는 내용은 경쟁 심화입니다. 이 부분은 주가 변동성을 키울 수 있는 요인으로 언급됐습니다.
"참고 뉴스:
제목: 반도체 업종 점검, 삼성전자 주목
내용: 삼성전자는 파운드리 수익성 개선 기대 관련 기대가 커졌지만, 단기적으로는 기관과 외국인 수급 엇갈림으로 변동성이 나타날 수 있다는 분석이 나왔다.

질문: 삼성전자 리스크 중심으로 정리해줘",주어진 자료만 보면 가장 중요한 리스크는 기관과 외국인 수급 엇갈림입니다. 긍정 요인이 있어도 이 부담 요인이 커지면 주가 변동성이 확대될 수 있습니다.
"참고 뉴스:
제목: KB금융, 투자자 관심 지속
내용: 시장에서는 KB금융의 주주환원 기대에 주목했다. 기사에서는 긍정적인 기대와 함께 차익 실현 매물 출회 가능성을 함께 확인해야 한다고 설명했다.

질문: KB금융 확인되는 내용만 말해줘","제공된 참고 뉴스에 따르면 KB금융 관련 긍정 요인으로 주주환원 기대가 언급됐고, 부담 요인으로 차익 실현 매물 출회 가능성이 제시됐습니다."
"참고 뉴스:
제목: 유틸리티 업종 점검, 한국전력 주목
내용: 한국전력은 연료비 부담 완화 관련 기대가 커졌지만, 단기적으로는 수요 회복 속도 둔화으로 변동성이 나타날 수 있다는 분석이 나왔다.

질문: 한국전력 한 문장으로 요약해줘",한국전력은 연료비 부담 완화 기대가 있지만 수요 회복 속도 둔화도 함께 확인해야 하는 상황입니다.
"참고 뉴스:
제목: 자동차 업종 점검, 기아 주목
내용: 기아는 SUV 판매 호조 관련 기대가 커졌지만, 단기적으로는 환율 변동성 확대으로 변동성이 나타날 수 있다는 분석이 나왔다.

질문: 기아 핵심만 정리해줘",주어진 자료만 보면 기아는 SUV 판매 호조로 관심을 받고 있습니다. 다만 환율 변동성 확대도 함께 언급되어 긍정 요인과 부담 요인이 같이 있는 상황입니다.
"참고 뉴스:
제목: 카카오, 인터넷 업황 변화에 주목
내용: 카카오는 플랫폼 비용 절감 영향으로 실적 개선 기대가 언급됐다. 다만 환율 변동성 확대는 부담 요인으로 꼽혔다.

질문: 카카오 호재랑 부담 요인 나눠서 말해줘",이 참고 뉴스에서 확인되는 내용은 호재는 플랫폼 비용 절감입니다. 부담 요인은 환율 변동성 확대입니다.
"참고 뉴스:
제목: 삼성전자 관련 수급 변동성 확대
내용: 삼성전자는 반도체 업종 내 관심이 이어졌지만 수급 흐름은 엇갈렸다. 파운드리 수익성 개선 기대는 긍정 재료로, 환율 변동성 확대는 리스크로 제시됐다.

질문: 삼성전자 리스크 중심으로 정리해줘",제공된 참고 뉴스에 따르면 가장 중요한 리스크는 환율 변동성 확대입니다. 긍정 요인이 있어도 이 부담 요인이 커지면 주가 변동성이 확대될 수 있습니다.
"참고 뉴스:
제목: 현대차 관련 수급 변동성 확대
내용: 현대차는 자동차 업종 내 관심이 이어졌지만 수급 흐름은 엇갈렸다. 북미 판매 호조는 긍정 재료로, 원가 부담 증가는 리스크로 제시됐다.

질문: 현대차 부담되는 내용도 있어?",참고 뉴스 기준으로 부담되는 내용은 원가 부담 증가입니다. 이 부분은 주가 변동성을 키울 수 있는 요인으로 언급됐습니다.
"참고 뉴스:
제목: 대한항공, 투자자 관심 지속
내용: 시장에서는 대한항공의 화물 운임 안정에 주목했다. 기사에서는 긍정적인 기대와 함께 기관과 외국인 수급 엇갈림을 함께 확인해야 한다고 설명했다.

질문: 대한항공 호재랑 부담 요인 나눠서 말해줘",이 참고 뉴스에서 확인되는 내용은 호재는 화물 운임 안정입니다. 부담 요인은 기관과 외국인 수급 엇갈림입니다.
"참고 뉴스:
제목: 은행주, 배당 기대와 금리 전망에 혼조
내용: 은행주는 배당 매력과 주주환원 정책 기대가 부각되었지만, 향후 금리 인하 가능성이 순이자마진을 압박할 수 있다는 우려도 함께 나타났다.

질문: 투자 판단을 바로 내려도 돼?","참고 뉴스만으로 투자 판단을 바로 내리기는 어렵습니다. 뉴스에 나온 요인만 확인할 수 있으며, 실제 투자는 추가 정보와 리스크를 함께 검토해야 합니다."
"참고 뉴스:
제목: 기아, 투자자 관심 지속
내용: 시장에서는 기아의 북미 시장 점유율 개선에 주목했다. 기사에서는 긍정적인 기대와 함께 환율 변동성 확대을 함께 확인해야 한다고 설명했다.

질문: 기아 핵심만 정리해줘",주어진 자료만 보면 기아는 북미 시장 점유율 개선로 관심을 받고 있습니다. 다만 환율 변동성 확대도 함께 언급되어 긍정 요인과 부담 요인이 같이 있는 상황입니다.
"참고 뉴스:
제목: 삼성전자 관련 수급 변동성 확대
내용: 삼성전자는 반도체 업종 내 관심이 이어졌지만 수급 흐름은 엇갈렸다. 메모리 업황 회복 기대는 긍정 재료로, 실적 추정치 하향 가능성은 리스크로 제시됐다.

질문: 삼성전자 핵심만 정리해줘",주어진 자료만 보면 삼성전자는 메모리 업황 회복 기대로 관심을 받고 있습니다. 다만 실적 추정치 하향 가능성도 함께 언급되어 긍정 요인과 부담 요인이 같이 있는 상황입니다.
"참고 뉴스:
제목: 하이브, 엔터 기대
내용: 하이브는 아티스트 활동 재개 영향으로 관심을 받았다. 부담 요인은 금리 불확실성이다.

제목: SK하이닉스, 반도체 점검
내용: SK하이닉스는 데이터센터 투자 증가 기대가 있지만 차익 실현 매물 출회 가능성도 함께 언급됐다.

질문: 두 뉴스에서 확인되는 리스크를 정리해줘","참고 뉴스에서 확인되는 리스크는 하이브의 금리 불확실성, SK하이닉스의 차익 실현 매물 출회 가능성입니다."
"참고 뉴스:
제목: 기아, 자동차 업황 변화에 주목
내용: 기아는 SUV 판매 호조 영향으로 실적 개선 기대가 언급됐다. 다만 기관과 외국인 수급 엇갈림은 부담 요인으로 꼽혔다.

질문: 기아 투자 판단할 때 뭘 더 봐야 해?","참고 뉴스 기준으로 기사에 나온 SUV 판매 호조와 기관과 외국인 수급 엇갈림 외에도 실제 실적, 수급, 업종 전망, 밸류에이션을 함께 확인해야 합니다."
"참고 뉴스:
제목: 카카오, 투자자 관심 지속
내용: 시장에서는 카카오의 커머스 서비스 개편에 주목했다. 기사에서는 긍정적인 기대와 함께 차익 실현 매물 출회 가능성을 함께 확인해야 한다고 설명했다.

질문: 카카오 분위기 어때?",참고 뉴스 기준으로 카카오에 대한 분위기는 중립에서 긍정 쪽에 가깝습니다. 다만 차익 실현 매물 출회 가능성이 있어 단정적으로 좋다고만 보기는 어렵습니다.
"참고 뉴스:
제목: 증권가, 삼성바이오로직스 실적 전망 점검
내용: 증권가에서는 삼성바이오로직스가 공장 가동률 개선 덕분에 투자 심리가 개선될 수 있다고 봤다. 반면 실적 추정치 하향 가능성 때문에 추가 확인이 필요하다는 의견도 나왔다.

질문: 삼성바이오로직스 핵심만 정리해줘",제공된 참고 뉴스에 따르면 삼성바이오로직스는 공장 가동률 개선로 관심을 받고 있습니다. 다만 실적 추정치 하향 가능성도 함께 언급되어 긍정 요인과 부담 요인이 같이 있는 상황입니다.
"참고 뉴스:
제목: 증권가, 하이브 실적 전망 점검
내용: 증권가에서는 하이브가 글로벌 팬덤 확대 덕분에 투자 심리가 개선될 수 있다고 봤다. 반면 수요 회복 속도 둔화 때문에 추가 확인이 필요하다는 의견도 나왔다.

질문: 하이브 매수해도 돼?","주어진 자료만 보면 하이브의 긍정 요인과 부담 요인은 확인되지만, 이 자료만으로 매수 여부를 판단할 수는 없습니다. 추가 실적, 밸류에이션, 수급 확인이 필요합니다."
"참고 뉴스:
제목: 2차전지 업종 점검, LG에너지솔루션 주목
내용: LG에너지솔루션은 원재료 가격 안정 관련 기대가 커졌지만, 단기적으로는 실적 추정치 하향 가능성으로 변동성이 나타날 수 있다는 분석이 나왔다.

질문: LG에너지솔루션 확인되는 내용만 말해줘","주어진 자료만 보면 LG에너지솔루션 관련 긍정 요인으로 원재료 가격 안정가 언급됐고, 부담 요인으로 실적 추정치 하향 가능성이 제시됐습니다."
"참고 뉴스:
제목: 한화에어로스페이스 관련 수급 변동성 확대
내용: 한화에어로스페이스는 방산 업종 내 관심이 이어졌지만 수급 흐름은 엇갈렸다. 수주 잔고 확대는 긍정 재료로, 환율 변동성 확대는 리스크로 제시됐다.

질문: 한화에어로스페이스 부담되는 내용도 있어?",주어진 자료만 보면 부담되는 내용은 환율 변동성 확대입니다. 이 부분은 주가 변동성을 키울 수 있는 요인으로 언급됐습니다.
"참고 뉴스:
제목: 증권가, 네이버 실적 전망 점검
내용: 증권가에서는 네이버가 AI 검색 서비스 고도화 덕분에 투자 심리가 개선될 수 있다고 봤다. 반면 기관과 외국인 수급 엇갈림 때문에 추가 확인이 필요하다는 의견도 나왔다.

질문: 네이버 확인되는 내용만 말해줘","참고 뉴스 기준으로 네이버 관련 긍정 요인으로 AI 검색 서비스 고도화가 언급됐고, 부담 요인으로 기관과 외국인 수급 엇갈림이 제시됐습니다."
"참고 뉴스:
제목: 삼성SDI, 투자자 관심 지속
내용: 시장에서는 삼성SDI의 프리미엄 배터리 수요에 주목했다. 기사에서는 긍정적인 기대와 함께 기관과 외국인 수급 엇갈림을 함께 확인해야 한다고 설명했다.

질문: 삼성SDI 한 문장으로 요약해줘",삼성SDI는 프리미엄 배터리 수요 기대가 있지만 기관과 외국인 수급 엇갈림도 함께 확인해야 하는 상황입니다.
"참고 뉴스:
제목: 삼성바이오로직스, 투자자 관심 지속
내용: 시장에서는 삼성바이오로직스의 위탁생산 수주 확대에 주목했다. 기사에서는 긍정적인 기대와 함께 경쟁 심화을 함께 확인해야 한다고 설명했다.

질문: 삼성바이오로직스 목표주가 얼마야?",참고 뉴스에는 삼성바이오로직스의 구체적인 목표주가가 제시되어 있지 않습니다. 제공된 자료만으로는 목표주가를 말할 수 없습니다.
"참고 뉴스:
제목: 두산에너빌리티 관련 수급 변동성 확대
내용: 두산에너빌리티는 전력기기 업종 내 관심이 이어졌지만 수급 흐름은 엇갈렸다. 수주 잔고 증가는 긍정 재료로, 수요 회복 속도 둔화는 리스크로 제시됐다.

질문: 두산에너빌리티 한 문장으로 요약해줘",두산에너빌리티는 수주 잔고 증가 기대가 있지만 수요 회복 속도 둔화도 함께 확인해야 하는 상황입니다.
"참고 뉴스:
제목: 증권가, 신한지주 실적 전망 점검
내용: 증권가에서는 신한지주가 배당 확대 기대 덕분에 투자 심리가 개선될 수 있다고 봤다. 반면 원가 부담 증가 때문에 추가 확인이 필요하다는 의견도 나왔다.

질문: 신한지주 매수해도 돼?","제공된 참고 뉴스에 따르면 신한지주의 긍정 요인과 부담 요인은 확인되지만, 이 자료만으로 매수 여부를 판단할 수는 없습니다. 추가 실적, 밸류에이션, 수급 확인이 필요합니다."
"참고 뉴스:
제목: 인터넷 업종 점검, 카카오 주목
내용: 카카오는 플랫폼 비용 절감 관련 기대가 커졌지만, 단기적으로는 환율 변동성 확대으로 변동성이 나타날 수 있다는 분석이 나왔다.

질문: 카카오 확인되는 내용만 말해줘","이 참고 뉴스에서 확인되는 내용은 카카오 관련 긍정 요인으로 플랫폼 비용 절감가 언급됐고, 부담 요인으로 환율 변동성 확대이 제시됐습니다."
"참고 뉴스:
제목: SK하이닉스, 반도체 업황 변화에 주목
내용: SK하이닉스는 고부가 메모리 수요 증가 영향으로 실적 개선 기대가 언급됐다. 다만 환율 변동성 확대는 부담 요인으로 꼽혔다.

질문: SK하이닉스 목표주가 얼마야?",참고 뉴스에는 SK하이닉스의 구체적인 목표주가가 제시되어 있지 않습니다. 제공된 자료만으로는 목표주가를 말할 수 없습니다.
"참고 뉴스:
제목: 증권가, 대한항공 실적 전망 점검
내용: 증권가에서는 대한항공이 화물 운임 안정 덕분에 투자 심리가 개선될 수 있다고 봤다. 반면 경쟁 심화 때문에 추가 확인이 필요하다는 의견도 나왔다.

질문: 대한항공 호재랑 부담 요인 나눠서 말해줘",참고 뉴스 기준으로 호재는 화물 운임 안정입니다. 부담 요인은 경쟁 심화입니다.
"참고 뉴스:
제목: 한국전력, 투자자 관심 지속
내용: 시장에서는 한국전력의 연료비 부담 완화에 주목했다. 기사에서는 긍정적인 기대와 함께 환율 변동성 확대을 함께 확인해야 한다고 설명했다.

질문: 한국전력 뉴스 근거를 들어 설명해줘","제공된 참고 뉴스에 따르면 근거는 기사에서 연료비 부담 완화를 긍정 요인으로 언급했고, 동시에 환율 변동성 확대을 부담 요인으로 제시했다는 점입니다."
"참고 뉴스:
제목: 삼성전자, 반도체 업황 변화에 주목
내용: 삼성전자는 파운드리 수익성 개선 기대 영향으로 실적 개선 기대가 언급됐다. 다만 원가 부담 증가는 부담 요인으로 꼽혔다.

질문: 삼성전자 분위기 어때?",주어진 자료만 보면 삼성전자에 대한 분위기는 중립에서 긍정 쪽에 가깝습니다. 다만 원가 부담 증가이 있어 단정적으로 좋다고만 보기는 어렵습니다.
"참고 뉴스:
제목: LG에너지솔루션 관련 수급 변동성 확대
내용: LG에너지솔루션은 2차전지 업종 내 관심이 이어졌지만 수급 흐름은 엇갈렸다. 배터리 출하량 회복 기대는 긍정 재료로, 실적 추정치 하향 가능성은 리스크로 제시됐다.

질문: LG에너지솔루션 리스크 중심으로 정리해줘",주어진 자료만 보면 가장 중요한 리스크는 실적 추정치 하향 가능성입니다. 긍정 요인이 있어도 이 부담 요인이 커지면 주가 변동성이 확대될 수 있습니다.
"참고 뉴스:
제목: 기아, 투자자 관심 지속
내용: 시장에서는 기아의 북미 시장 점유율 개선에 주목했다. 기사에서는 긍정적인 기대와 함께 차익 실현 매물 출회 가능성을 함께 확인해야 한다고 설명했다.

질문: 기아 뉴스 근거를 들어 설명해줘","제공된 참고 뉴스에 따르면 근거는 기사에서 북미 시장 점유율 개선를 긍정 요인으로 언급했고, 동시에 차익 실현 매물 출회 가능성을 부담 요인으로 제시했다는 점입니다."
"참고 뉴스:
제목: 하이브 관련 수급 변동성 확대
내용: 하이브는 엔터 업종 내 관심이 이어졌지만 수급 흐름은 엇갈렸다. 아티스트 활동 재개은 긍정 재료로, 실적 추정치 하향 가능성은 리스크로 제시됐다.

질문: 하이브 뉴스 근거를 들어 설명해줘","제공된 참고 뉴스에 따르면 근거는 기사에서 아티스트 활동 재개를 긍정 요인으로 언급했고, 동시에 실적 추정치 하향 가능성을 부담 요인으로 제시했다는 점입니다."
"참고 뉴스:
제목: 두산에너빌리티 관련 수급 변동성 확대
내용: 두산에너빌리티는 전력기기 업종 내 관심이 이어졌지만 수급 흐름은 엇갈렸다. 수주 잔고 증가는 긍정 재료로, 경쟁 심화는 리스크로 제시됐다.

질문: 두산에너빌리티 매수해도 돼?","제공된 참고 뉴스에 따르면 두산에너빌리티의 긍정 요인과 부담 요인은 확인되지만, 이 자료만으로 매수 여부를 판단할 수는 없습니다. 추가 실적, 밸류에이션, 수급 확인이 필요합니다."
"참고 뉴스:
제목: 방산 업종 점검, 한화에어로스페이스 주목
내용: 한화에어로스페이스는 해외 계약 증가 관련 기대가 커졌지만, 단기적으로는 수요 회복 속도 둔화으로 변동성이 나타날 수 있다는 분석이 나왔다.

질문: 한화에어로스페이스 목표주가 얼마야?",참고 뉴스에는 한화에어로스페이스의 구체적인 목표주가가 제시되어 있지 않습니다. 제공된 자료만으로는 목표주가를 말할 수 없습니다.
"참고 뉴스:
제목: 한국전력 관련 수급 변동성 확대
내용: 한국전력은 유틸리티 업종 내 관심이 이어졌지만 수급 흐름은 엇갈렸다. 전기요금 조정 기대는 긍정 재료로, 수요 회복 속도 둔화는 리스크로 제시됐다.

질문: 한국전력 매수해도 돼?","주어진 자료만 보면 한국전력의 긍정 요인과 부담 요인은 확인되지만, 이 자료만으로 매수 여부를 판단할 수는 없습니다. 추가 실적, 밸류에이션, 수급 확인이 필요합니다."
"참고 뉴스:
제목: 셀트리온, 바이오 업황 변화에 주목
내용: 셀트리온은 해외 판매망 강화 영향으로 실적 개선 기대가 언급됐다. 다만 금리 불확실성은 부담 요인으로 꼽혔다.

질문: 셀트리온 핵심만 정리해줘",참고 뉴스 기준으로 셀트리온은 해외 판매망 강화로 관심을 받고 있습니다. 다만 금리 불확실성도 함께 언급되어 긍정 요인과 부담 요인이 같이 있는 상황입니다.
"참고 뉴스:
제목: 2차전지 업종 점검, LG에너지솔루션 주목
내용: LG에너지솔루션은 원재료 가격 안정 관련 기대가 커졌지만, 단기적으로는 환율 변동성 확대으로 변동성이 나타날 수 있다는 분석이 나왔다.

질문: LG에너지솔루션 핵심만 정리해줘",주어진 자료만 보면 LG에너지솔루션은 원재료 가격 안정로 관심을 받고 있습니다. 다만 환율 변동성 확대도 함께 언급되어 긍정 요인과 부담 요인이 같이 있는 상황입니다.
"참고 뉴스:
제목: 두산에너빌리티, 투자자 관심 지속
내용: 시장에서는 두산에너빌리티의 원전 수주 기대에 주목했다. 기사에서는 긍정적인 기대와 함께 경쟁 심화을 함께 확인해야 한다고 설명했다.

질문: 두산에너빌리티 부담되는 내용도 있어?",주어진 자료만 보면 부담되는 내용은 경쟁 심화입니다. 이 부분은 주가 변동성을 키울 수 있는 요인으로 언급됐습니다.
"참고 뉴스:
제목: 삼성SDI 관련 수급 변동성 확대
내용: 삼성SDI는 2차전지 업종 내 관심이 이어졌지만 수급 흐름은 엇갈렸다. 프리미엄 배터리 수요는 긍정 재료로, 수요 회복 속도 둔화는 리스크로 제시됐다.

질문: 삼성SDI 리스크 중심으로 정리해줘",제공된 참고 뉴스에 따르면 가장 중요한 리스크는 수요 회복 속도 둔화입니다. 긍정 요인이 있어도 이 부담 요인이 커지면 주가 변동성이 확대될 수 있습니다.
"참고 뉴스:
제목: LG에너지솔루션, 투자자 관심 지속
내용: 시장에서는 LG에너지솔루션의 원재료 가격 안정에 주목했다. 기사에서는 긍정적인 기대와 함께 기관과 외국인 수급 엇갈림을 함께 확인해야 한다고 설명했다.

질문: LG에너지솔루션 분위기 어때?",주어진 자료만 보면 LG에너지솔루션에 대한 분위기는 중립에서 긍정 쪽에 가깝습니다. 다만 기관과 외국인 수급 엇갈림이 있어 단정적으로 좋다고만 보기는 어렵습니다.
"참고 뉴스:
제목: 현대차, 자동차 업황 변화에 주목
내용: 현대차는 환율 효과 영향으로 실적 개선 기대가 언급됐다. 다만 원가 부담 증가는 부담 요인으로 꼽혔다.

질문: 현대차 투자 판단할 때 뭘 더 봐야 해?","주어진 자료만 보면 기사에 나온 환율 효과와 원가 부담 증가 외에도 실제 실적, 수급, 업종 전망, 밸류에이션을 함께 확인해야 합니다."
"참고 뉴스:
제목: 한화에어로스페이스 관련 수급 변동성 확대
내용: 한화에어로스페이스는 방산 업종 내 관심이 이어졌지만 수급 흐름은 엇갈렸다. 방산 수출 기대는 긍정 재료로, 원가 부담 증가는 리스크로 제시됐다.

질문: 한화에어로스페이스 한 문장으로 요약해줘",한화에어로스페이스는 방산 수출 기대 기대가 있지만 원가 부담 증가도 함께 확인해야 하는 상황입니다.
"참고 뉴스:
제목: SK하이닉스, 투자자 관심 지속
내용: 시장에서는 SK하이닉스의 HBM 공급 확대에 주목했다. 기사에서는 긍정적인 기대와 함께 수요 회복 속도 둔화을 함께 확인해야 한다고 설명했다.

질문: SK하이닉스 한 문장으로 요약해줘",SK하이닉스는 HBM 공급 확대 기대가 있지만 수요 회복 속도 둔화도 함께 확인해야 하는 상황입니다.
"참고 뉴스:
제목: 신한지주, 금융 업황 변화에 주목
내용: 신한지주는 건전성 관리 강화 영향으로 실적 개선 기대가 언급됐다. 다만 원가 부담 증가는 부담 요인으로 꼽혔다.

질문: 신한지주 핵심만 정리해줘",이 참고 뉴스에서 확인되는 내용은 신한지주는 건전성 관리 강화로 관심을 받고 있습니다. 다만 원가 부담 증가도 함께 언급되어 긍정 요인과 부담 요인이 같이 있는 상황입니다.
"참고 뉴스:
제목: 하이브 관련 수급 변동성 확대
내용: 하이브는 엔터 업종 내 관심이 이어졌지만 수급 흐름은 엇갈렸다. 아티스트 활동 재개은 긍정 재료로, 실적 추정치 하향 가능성은 리스크로 제시됐다.

질문: 하이브 확인되는 내용만 말해줘","참고 뉴스 기준으로 하이브 관련 긍정 요인으로 아티스트 활동 재개가 언급됐고, 부담 요인으로 실적 추정치 하향 가능성이 제시됐습니다."
"참고 뉴스:
제목: 자동차 업종 점검, 현대차 주목
내용: 현대차는 하이브리드 수요 확대 관련 기대가 커졌지만, 단기적으로는 원가 부담 증가으로 변동성이 나타날 수 있다는 분석이 나왔다.

질문: 현대차 부담되는 내용도 있어?",참고 뉴스 기준으로 부담되는 내용은 원가 부담 증가입니다. 이 부분은 주가 변동성을 키울 수 있는 요인으로 언급됐습니다.
"참고 뉴스:
제목: CJ대한통운, 물류 업황 변화에 주목
내용: CJ대한통운은 택배 물동량 회복 영향으로 실적 개선 기대가 언급됐다. 다만 경쟁 심화는 부담 요인으로 꼽혔다.

질문: CJ대한통운 호재랑 부담 요인 나눠서 말해줘",참고 뉴스 기준으로 호재는 택배 물동량 회복입니다. 부담 요인은 경쟁 심화입니다.
"참고 뉴스:
제목: 카카오, 인터넷 기대
내용: 카카오는 플랫폼 비용 절감 영향으로 관심을 받았다. 부담 요인은 환율 변동성 확대이다.

제목: 한국전력, 유틸리티 점검
내용: 한국전력은 재무구조 개선 기대 기대가 있지만 환율 변동성 확대도 함께 언급됐다.

질문: 두 기업 중 뉴스가 더 긍정적인 쪽을 말해줘",제공된 참고 뉴스만 보면 두 기업 모두 긍정 요인이 있습니다. 다만 어느 쪽이 더 좋다고 단정하려면 실적 수치와 수급 정보가 더 필요합니다.
"참고 뉴스:
제목: 증권가, CJ대한통운 실적 전망 점검
내용: 증권가에서는 CJ대한통운이 자동화 투자 효과 덕분에 투자 심리가 개선될 수 있다고 봤다. 반면 실적 추정치 하향 가능성 때문에 추가 확인이 필요하다는 의견도 나왔다.

질문: CJ대한통운 확인되는 내용만 말해줘","제공된 참고 뉴스에 따르면 CJ대한통운 관련 긍정 요인으로 자동화 투자 효과가 언급됐고, 부담 요인으로 실적 추정치 하향 가능성이 제시됐습니다."
"참고 뉴스:
제목: 삼성바이오로직스 관련 수급 변동성 확대
내용: 삼성바이오로직스는 바이오 업종 내 관심이 이어졌지만 수급 흐름은 엇갈렸다. 장기 공급계약 증가는 긍정 재료로, 차익 실현 매물 출회 가능성은 리스크로 제시됐다.

질문: 삼성바이오로직스 부담되는 내용도 있어?",이 참고 뉴스에서 확인되는 내용은 부담되는 내용은 차익 실현 매물 출회 가능성입니다. 이 부분은 주가 변동성을 키울 수 있는 요인으로 언급됐습니다.
"참고 뉴스:
제목: 대한항공, 항공 기대
내용: 대한항공은 화물 운임 안정 영향으로 관심을 받았다. 부담 요인은 차익 실현 매물 출회 가능성이다.

제목: 현대차, 자동차 점검
내용: 현대차는 환율 효과 기대가 있지만 기관과 외국인 수급 엇갈림도 함께 언급됐다.

질문: 두 뉴스의 공통점과 차이점을 정리해줘","참고 뉴스 기준으로 두 기업 모두 긍정 요인과 부담 요인이 함께 언급됐습니다. 차이점은 대한항공는 화물 운임 안정가 강조됐고, 현대차는 환율 효과와 함께 기관과 외국인 수급 엇갈림도 제시됐다는 점입니다."
"참고 뉴스:
제목: 신한지주, 투자자 관심 지속
내용: 시장에서는 신한지주의 배당 확대 기대에 주목했다. 기사에서는 긍정적인 기대와 함께 실적 추정치 하향 가능성을 함께 확인해야 한다고 설명했다.

질문: 신한지주 뉴스 근거를 들어 설명해줘","주어진 자료만 보면 근거는 기사에서 배당 확대 기대를 긍정 요인으로 언급했고, 동시에 실적 추정치 하향 가능성을 부담 요인으로 제시했다는 점입니다."
"참고 뉴스:
제목: KB금융, 금융 기대
내용: KB금융은 순이자마진 방어 영향으로 관심을 받았다. 부담 요인은 환율 변동성 확대이다.

제목: 두산에너빌리티, 전력기기 점검
내용: 두산에너빌리티는 수주 잔고 증가 기대가 있지만 기관과 외국인 수급 엇갈림도 함께 언급됐다.

질문: 두 기업 중 뉴스가 더 긍정적인 쪽을 말해줘",제공된 참고 뉴스만 보면 두 기업 모두 긍정 요인이 있습니다. 다만 어느 쪽이 더 좋다고 단정하려면 실적 수치와 수급 정보가 더 필요합니다.
"참고 뉴스:
제목: 한화에어로스페이스, 방산 기대
내용: 한화에어로스페이스는 방산 수출 기대 영향으로 관심을 받았다. 부담 요인은 원가 부담 증가이다.

제목: 삼성전자, 반도체 점검
내용: 삼성전자는 메모리 업황 회복 기대 기대가 있지만 원가 부담 증가도 함께 언급됐다.

질문: 두 뉴스의 공통점과 차이점을 정리해줘","참고 뉴스 기준으로 두 기업 모두 긍정 요인과 부담 요인이 함께 언급됐습니다. 차이점은 한화에어로스페이스는 방산 수출 기대가 강조됐고, 삼성전자는 메모리 업황 회복 기대와 함께 원가 부담 증가도 제시됐다는 점입니다."
"참고 뉴스:
제목: 증권가, 한화에어로스페이스 실적 전망 점검
내용: 증권가에서는 한화에어로스페이스가 수주 잔고 확대 덕분에 투자 심리가 개선될 수 있다고 봤다. 반면 수요 회복 속도 둔화 때문에 추가 확인이 필요하다는 의견도 나왔다.

질문: 한화에어로스페이스 확인되는 내용만 말해줘","주어진 자료만 보면 한화에어로스페이스 관련 긍정 요인으로 수주 잔고 확대가 언급됐고, 부담 요인으로 수요 회복 속도 둔화이 제시됐습니다."
"참고 뉴스:
제목: 네이버, 투자자 관심 지속
내용: 시장에서는 네이버의 클라우드 사업 성장에 주목했다. 기사에서는 긍정적인 기대와 함께 원가 부담 증가을 함께 확인해야 한다고 설명했다.

질문: 네이버 긍정적인 내용이 있어?",이 참고 뉴스에서 확인되는 내용은 긍정적인 내용은 클라우드 사업 성장로 인해 실적이나 투자 심리가 개선될 수 있다는 점입니다.
"참고 뉴스:
제목: 현대차, 투자자 관심 지속
내용: 시장에서는 현대차의 하이브리드 수요 확대에 주목했다. 기사에서는 긍정적인 기대와 함께 차익 실현 매물 출회 가능성을 함께 확인해야 한다고 설명했다.

질문: 현대차 뉴스 근거를 들어 설명해줘","제공된 참고 뉴스에 따르면 근거는 기사에서 하이브리드 수요 확대를 긍정 요인으로 언급했고, 동시에 차익 실현 매물 출회 가능성을 부담 요인으로 제시했다는 점입니다."
"참고 뉴스:
제목: 하이브, 투자자 관심 지속
내용: 시장에서는 하이브의 아티스트 활동 재개에 주목했다. 기사에서는 긍정적인 기대와 함께 수요 회복 속도 둔화을 함께 확인해야 한다고 설명했다.

질문: 하이브 한 문장으로 요약해줘",하이브는 아티스트 활동 재개 기대가 있지만 수요 회복 속도 둔화도 함께 확인해야 하는 상황입니다.
"참고 뉴스:
제목: LG에너지솔루션, 투자자 관심 지속
내용: 시장에서는 LG에너지솔루션의 전기차 신차 출시 기대에 주목했다. 기사에서는 긍정적인 기대와 함께 실적 추정치 하향 가능성을 함께 확인해야 한다고 설명했다.

질문: LG에너지솔루션 목표주가 얼마야?",참고 뉴스에는 LG에너지솔루션의 구체적인 목표주가가 제시되어 있지 않습니다. 제공된 자료만으로는 목표주가를 말할 수 없습니다.
"참고 뉴스:
제목: 신한지주, 금융 업종 내 관심 지속
내용: 신한지주는 배당 확대 기대와 관련해 투자자 관심이 이어졌다. 기사에는 목표주가, 배당금, 구체적인 실적 수치, 밸류에이션 지표는 포함되지 않았다.

질문: 신한지주 배당금 얼마야?",참고 뉴스에는 신한지주의 배당금 정보가 나와 있지 않습니다. 제공된 자료만으로는 배당금을 확인할 수 없습니다.
"참고 뉴스:
제목: 두산에너빌리티 관련 수급 변동성 확대
내용: 두산에너빌리티는 전력기기 업종 내 관심이 이어졌지만 수급 흐름은 엇갈렸다. 원전 수주 기대는 긍정 재료로, 원가 부담 증가는 리스크로 제시됐다.

질문: 두산에너빌리티 호재랑 부담 요인 나눠서 말해줘",이 참고 뉴스에서 확인되는 내용은 호재는 원전 수주 기대입니다. 부담 요인은 원가 부담 증가입니다.
"참고 뉴스:
제목: 셀트리온, 바이오 업종 내 관심 지속
내용: 셀트리온은 바이오시밀러 매출 확대와 관련해 투자자 관심이 이어졌다. 기사에는 목표주가, 배당금, 구체적인 실적 수치, 밸류에이션 지표는 포함되지 않았다.

질문: 셀트리온 이번 분기 영업이익 숫자 알려줘",참고 뉴스에는 셀트리온의 영업이익 정보가 나와 있지 않습니다. 제공된 자료만으로는 영업이익을 확인할 수 없습니다.
"참고 뉴스:
제목: 삼성바이오로직스, 바이오 기대
내용: 삼성바이오로직스는 장기 공급계약 증가 영향으로 관심을 받았다. 부담 요인은 금리 불확실성이다.

제목: 한국전력, 유틸리티 점검
내용: 한국전력은 전기요금 조정 기대 기대가 있지만 금리 불확실성도 함께 언급됐다.

질문: 두 뉴스의 공통점과 차이점을 정리해줘","참고 뉴스 기준으로 두 기업 모두 긍정 요인과 부담 요인이 함께 언급됐습니다. 차이점은 삼성바이오로직스는 장기 공급계약 증가가 강조됐고, 한국전력는 전기요금 조정 기대와 함께 금리 불확실성도 제시됐다는 점입니다."
"참고 뉴스:
제목: 신한지주 관련 수급 변동성 확대
내용: 신한지주는 금융 업종 내 관심이 이어졌지만 수급 흐름은 엇갈렸다. 건전성 관리 강화는 긍정 재료로, 기관과 외국인 수급 엇갈림은 리스크로 제시됐다.

질문: 신한지주 목표주가 얼마야?",참고 뉴스에는 신한지주의 구체적인 목표주가가 제시되어 있지 않습니다. 제공된 자료만으로는 목표주가를 말할 수 없습니다.
"참고 뉴스:
제목: 카카오, 투자자 관심 지속
내용: 시장에서는 카카오의 플랫폼 비용 절감에 주목했다. 기사에서는 긍정적인 기대와 함께 원가 부담 증가을 함께 확인해야 한다고 설명했다.

질문: 카카오 목표주가 얼마야?",참고 뉴스에는 카카오의 구체적인 목표주가가 제시되어 있지 않습니다. 제공된 자료만으로는 목표주가를 말할 수 없습니다.
"참고 뉴스:
제목: 증권가, 카카오 실적 전망 점검
내용: 증권가에서는 카카오가 콘텐츠 사업 조정 덕분에 투자 심리가 개선될 수 있다고 봤다. 반면 수요 회복 속도 둔화 때문에 추가 확인이 필요하다는 의견도 나왔다.

질문: 카카오 확인되는 내용만 말해줘","이 참고 뉴스에서 확인되는 내용은 카카오 관련 긍정 요인으로 콘텐츠 사업 조정가 언급됐고, 부담 요인으로 수요 회복 속도 둔화이 제시됐습니다."
"참고 뉴스:
제목: 삼성바이오로직스, 바이오 업황 변화에 주목
내용: 삼성바이오로직스는 장기 공급계약 증가 영향으로 실적 개선 기대가 언급됐다. 다만 경쟁 심화는 부담 요인으로 꼽혔다.

질문: 삼성바이오로직스 분위기 어때?",참고 뉴스 기준으로 삼성바이오로직스에 대한 분위기는 중립에서 긍정 쪽에 가깝습니다. 다만 경쟁 심화이 있어 단정적으로 좋다고만 보기는 어렵습니다.
"참고 뉴스:
제목: 신한지주, 금융 업황 변화에 주목
내용: 신한지주는 건전성 관리 강화 영향으로 실적 개선 기대가 언급됐다. 다만 차익 실현 매물 출회 가능성은 부담 요인으로 꼽혔다.

질문: 신한지주 목표주가 얼마야?",참고 뉴스에는 신한지주의 구체적인 목표주가가 제시되어 있지 않습니다. 제공된 자료만으로는 목표주가를 말할 수 없습니다.
"참고 뉴스:
제목: 철강 업종 점검, POSCO홀딩스 주목
내용: POSCO홀딩스는 철강 가격 반등 기대 관련 기대가 커졌지만, 단기적으로는 원가 부담 증가으로 변동성이 나타날 수 있다는 분석이 나왔다.

질문: POSCO홀딩스 투자 판단할 때 뭘 더 봐야 해?","주어진 자료만 보면 기사에 나온 철강 가격 반등 기대와 원가 부담 증가 외에도 실제 실적, 수급, 업종 전망, 밸류에이션을 함께 확인해야 합니다."
"참고 뉴스:
제목: 신한지주, 금융 업황 변화에 주목
내용: 신한지주는 배당 확대 기대 영향으로 실적 개선 기대가 언급됐다. 다만 실적 추정치 하향 가능성은 부담 요인으로 꼽혔다.

질문: 신한지주 목표주가 얼마야?",참고 뉴스에는 신한지주의 구체적인 목표주가가 제시되어 있지 않습니다. 제공된 자료만으로는 목표주가를 말할 수 없습니다.
"참고 뉴스:
제목: CJ대한통운, 투자자 관심 지속
내용: 시장에서는 CJ대한통운의 택배 물동량 회복에 주목했다. 기사에서는 긍정적인 기대와 함께 원가 부담 증가을 함께 확인해야 한다고 설명했다.

질문: CJ대한통운 분위기 어때?",참고 뉴스 기준으로 CJ대한통운에 대한 분위기는 중립에서 긍정 쪽에 가깝습니다. 다만 원가 부담 증가이 있어 단정적으로 좋다고만 보기는 어렵습니다.
"참고 뉴스:
제목: 하이브, 엔터 업황 변화에 주목
내용: 하이브는 글로벌 팬덤 확대 영향으로 실적 개선 기대가 언급됐다. 다만 기관과 외국인 수급 엇갈림은 부담 요인으로 꼽혔다.

질문: 하이브 리스크 중심으로 정리해줘",이 참고 뉴스에서 확인되는 내용은 가장 중요한 리스크는 기관과 외국인 수급 엇갈림입니다. 긍정 요인이 있어도 이 부담 요인이 커지면 주가 변동성이 확대될 수 있습니다.
"참고 뉴스:
제목: 네이버 관련 수급 변동성 확대
내용: 네이버는 인터넷 업종 내 관심이 이어졌지만 수급 흐름은 엇갈렸다. 광고 매출 회복 기대는 긍정 재료로, 환율 변동성 확대는 리스크로 제시됐다.

질문: 네이버 투자 판단할 때 뭘 더 봐야 해?","이 참고 뉴스에서 확인되는 내용은 기사에 나온 광고 매출 회복 기대와 환율 변동성 확대 외에도 실제 실적, 수급, 업종 전망, 밸류에이션을 함께 확인해야 합니다."
"참고 뉴스:
제목: 바이오주, 신약 임상 결과 기대에 강세
내용: 일부 바이오 기업이 신약 임상 중간 결과 발표를 앞두고 강세를 보였다. 다만 전문가들은 임상 결과가 불확실하고 변동성이 큰 업종인 만큼 투자에 주의가 필요하다고 설명했다.

질문: 이 참고 뉴스 핵심만 정리해줘",바이오주는 신약 임상 중간 결과 발표 기대감으로 강세를 보였습니다. 다만 임상 결과가 불확실하고 업종 변동성이 크기 때문에 주의가 필요합니다.
"참고 뉴스:
제목: 삼성전자, 반도체 업황 변화에 주목
내용: 삼성전자는 메모리 업황 회복 기대 영향으로 실적 개선 기대가 언급됐다. 다만 차익 실현 매물 출회 가능성은 부담 요인으로 꼽혔다.

질문: 삼성전자 한 문장으로 요약해줘",삼성전자는 메모리 업황 회복 기대 기대가 있지만 차익 실현 매물 출회 가능성도 함께 확인해야 하는 상황입니다.
"참고 뉴스:
제목: 증권가, 대한항공 실적 전망 점검
내용: 증권가에서는 대한항공이 화물 운임 안정 덕분에 투자 심리가 개선될 수 있다고 봤다. 반면 원가 부담 증가 때문에 추가 확인이 필요하다는 의견도 나왔다.

질문: 대한항공 투자 판단할 때 뭘 더 봐야 해?","주어진 자료만 보면 기사에 나온 화물 운임 안정와 원가 부담 증가 외에도 실제 실적, 수급, 업종 전망, 밸류에이션을 함께 확인해야 합니다."
"참고 뉴스:
제목: 증권가, 대한항공 실적 전망 점검
내용: 증권가에서는 대한항공이 여객 수요 회복 덕분에 투자 심리가 개선될 수 있다고 봤다. 반면 경쟁 심화 때문에 추가 확인이 필요하다는 의견도 나왔다.

질문: 대한항공 목표주가 얼마야?",참고 뉴스에는 대한항공의 구체적인 목표주가가 제시되어 있지 않습니다. 제공된 자료만으로는 목표주가를 말할 수 없습니다.
"참고 뉴스:
제목: 하이브, 투자자 관심 지속
내용: 시장에서는 하이브의 아티스트 활동 재개에 주목했다. 기사에서는 긍정적인 기대와 함께 금리 불확실성을 함께 확인해야 한다고 설명했다.

질문: 하이브 핵심만 정리해줘",참고 뉴스 기준으로 하이브는 아티스트 활동 재개로 관심을 받고 있습니다. 다만 금리 불확실성도 함께 언급되어 긍정 요인과 부담 요인이 같이 있는 상황입니다.
"참고 뉴스:
제목: 물류 업종 점검, CJ대한통운 주목
내용: CJ대한통운은 자동화 투자 효과 관련 기대가 커졌지만, 단기적으로는 금리 불확실성으로 변동성이 나타날 수 있다는 분석이 나왔다.

질문: CJ대한통운 분위기 어때?",참고 뉴스 기준으로 CJ대한통운에 대한 분위기는 중립에서 긍정 쪽에 가깝습니다. 다만 금리 불확실성이 있어 단정적으로 좋다고만 보기는 어렵습니다.
"참고 뉴스:
제목: 현대차, 자동차 업황 변화에 주목
내용: 현대차는 환율 효과 영향으로 실적 개선 기대가 언급됐다. 다만 경쟁 심화는 부담 요인으로 꼽혔다.

질문: 현대차 리스크 중심으로 정리해줘",주어진 자료만 보면 가장 중요한 리스크는 경쟁 심화입니다. 긍정 요인이 있어도 이 부담 요인이 커지면 주가 변동성이 확대될 수 있습니다.
"참고 뉴스:
제목: LG에너지솔루션, 2차전지 업황 변화에 주목
내용: LG에너지솔루션은 원재료 가격 안정 영향으로 실적 개선 기대가 언급됐다. 다만 경쟁 심화는 부담 요인으로 꼽혔다.

질문: LG에너지솔루션 리스크 중심으로 정리해줘",제공된 참고 뉴스에 따르면 가장 중요한 리스크는 경쟁 심화입니다. 긍정 요인이 있어도 이 부담 요인이 커지면 주가 변동성이 확대될 수 있습니다.
"참고 뉴스:
제목: 신한지주, 투자자 관심 지속
내용: 시장에서는 신한지주의 건전성 관리 강화에 주목했다. 기사에서는 긍정적인 기대와 함께 실적 추정치 하향 가능성을 함께 확인해야 한다고 설명했다.

질문: 신한지주 확인되는 내용만 말해줘","참고 뉴스 기준으로 신한지주 관련 긍정 요인으로 건전성 관리 강화가 언급됐고, 부담 요인으로 실적 추정치 하향 가능성이 제시됐습니다."
"참고 뉴스:
제목: 외국인 순매수, 대형주 중심 증시 상승 견인
내용: 외국인 투자자는 반도체와 자동차 등 대형주를 중심으로 순매수에 나섰다. 시장에서는 외국인 수급이 이어질 경우 지수 상승세가 유지될 수 있다고 분석했다.

질문: 증시 상승 이유가 외국인이야?",참고 뉴스 기준으로 외국인 순매수는 대형주 중심의 증시 상승을 이끈 요인 중 하나입니다.
"참고 뉴스:
제목: 증권가, CJ대한통운 실적 전망 점검
내용: 증권가에서는 CJ대한통운이 운임 효율화 덕분에 투자 심리가 개선될 수 있다고 봤다. 반면 기관과 외국인 수급 엇갈림 때문에 추가 확인이 필요하다는 의견도 나왔다.

질문: CJ대한통운 분위기 어때?",참고 뉴스 기준으로 CJ대한통운에 대한 분위기는 중립에서 긍정 쪽에 가깝습니다. 다만 기관과 외국인 수급 엇갈림이 있어 단정적으로 좋다고만 보기는 어렵습니다.
"참고 뉴스:
제목: 두산에너빌리티, 투자자 관심 지속
내용: 시장에서는 두산에너빌리티의 원전 수주 기대에 주목했다. 기사에서는 긍정적인 기대와 함께 실적 추정치 하향 가능성을 함께 확인해야 한다고 설명했다.

질문: 두산에너빌리티 투자 판단할 때 뭘 더 봐야 해?","제공된 참고 뉴스에 따르면 기사에 나온 원전 수주 기대와 실적 추정치 하향 가능성 외에도 실제 실적, 수급, 업종 전망, 밸류에이션을 함께 확인해야 합니다."
"참고 뉴스:
제목: 현대차, 자동차 업종 내 관심 지속
내용: 현대차는 북미 판매 호조와 관련해 투자자 관심이 이어졌다. 기사에는 목표주가, 배당금, 구체적인 실적 수치, 밸류에이션 지표는 포함되지 않았다.

질문: 현대차 목표주가 알려줘",참고 뉴스에는 현대차의 목표주가 정보가 나와 있지 않습니다. 제공된 자료만으로는 목표주가을 확인할 수 없습니다.
"참고 뉴스:
제목: 셀트리온, 바이오 기대
내용: 셀트리온은 바이오시밀러 매출 확대 영향으로 관심을 받았다. 부담 요인은 금리 불확실성이다.

제목: 삼성바이오로직스, 바이오 점검
내용: 삼성바이오로직스는 공장 가동률 개선 기대가 있지만 실적 추정치 하향 가능성도 함께 언급됐다.

질문: 두 기업 중 뉴스가 더 긍정적인 쪽을 말해줘",제공된 참고 뉴스만 보면 두 기업 모두 긍정 요인이 있습니다. 다만 어느 쪽이 더 좋다고 단정하려면 실적 수치와 수급 정보가 더 필요합니다.
"참고 뉴스:
제목: 삼성SDI, 2차전지 업종 내 관심 지속
내용: 삼성SDI는 프리미엄 배터리 수요와 관련해 투자자 관심이 이어졌다. 기사에는 목표주가, 배당금, 구체적인 실적 수치, 밸류에이션 지표는 포함되지 않았다.

질문: 삼성SDI 이번 분기 영업이익 숫자 알려줘",참고 뉴스에는 삼성SDI의 영업이익 정보가 나와 있지 않습니다. 제공된 자료만으로는 영업이익을 확인할 수 없습니다.
"참고 뉴스:
제목: POSCO홀딩스, 철강 업황 변화에 주목
내용: POSCO홀딩스는 철강 가격 반등 기대 영향으로 실적 개선 기대가 언급됐다. 다만 기관과 외국인 수급 엇갈림은 부담 요인으로 꼽혔다.

질문: POSCO홀딩스 핵심만 정리해줘",제공된 참고 뉴스에 따르면 POSCO홀딩스는 철강 가격 반등 기대로 관심을 받고 있습니다. 다만 기관과 외국인 수급 엇갈림도 함께 언급되어 긍정 요인과 부담 요인이 같이 있는 상황입니다.
"참고 뉴스:
제목: 유틸리티 업종 점검, 한국전력 주목
내용: 한국전력은 재무구조 개선 기대 관련 기대가 커졌지만, 단기적으로는 차익 실현 매물 출회 가능성으로 변동성이 나타날 수 있다는 분석이 나왔다.

질문: 한국전력 투자 판단할 때 뭘 더 봐야 해?","제공된 참고 뉴스에 따르면 기사에 나온 재무구조 개선 기대와 차익 실현 매물 출회 가능성 외에도 실제 실적, 수급, 업종 전망, 밸류에이션을 함께 확인해야 합니다."
"참고 뉴스:
제목: 네이버, 인터넷 기대
내용: 네이버는 광고 매출 회복 기대 영향으로 관심을 받았다. 부담 요인은 차익 실현 매물 출회 가능성이다.

제목: 하이브, 엔터 점검
내용: 하이브는 아티스트 활동 재개 기대가 있지만 실적 추정치 하향 가능성도 함께 언급됐다.

질문: 두 뉴스의 공통점과 차이점을 정리해줘","참고 뉴스 기준으로 두 기업 모두 긍정 요인과 부담 요인이 함께 언급됐습니다. 차이점은 네이버는 광고 매출 회복 기대가 강조됐고, 하이브는 아티스트 활동 재개와 함께 실적 추정치 하향 가능성도 제시됐다는 점입니다."
"참고 뉴스:
제목: 유틸리티 업종 점검, 한국전력 주목
내용: 한국전력은 연료비 부담 완화 관련 기대가 커졌지만, 단기적으로는 실적 추정치 하향 가능성으로 변동성이 나타날 수 있다는 분석이 나왔다.

질문: 한국전력 리스크 중심으로 정리해줘",참고 뉴스 기준으로 가장 중요한 리스크는 실적 추정치 하향 가능성입니다. 긍정 요인이 있어도 이 부담 요인이 커지면 주가 변동성이 확대될 수 있습니다.
"참고 뉴스:
제목: 증권가, 카카오 실적 전망 점검
내용: 증권가에서는 카카오가 플랫폼 비용 절감 덕분에 투자 심리가 개선될 수 있다고 봤다. 반면 기관과 외국인 수급 엇갈림 때문에 추가 확인이 필요하다는 의견도 나왔다.

질문: 카카오 핵심만 정리해줘",참고 뉴스 기준으로 카카오는 플랫폼 비용 절감로 관심을 받고 있습니다. 다만 기관과 외국인 수급 엇갈림도 함께 언급되어 긍정 요인과 부담 요인이 같이 있는 상황입니다.
"참고 뉴스:
제목: 하이브 관련 수급 변동성 확대
내용: 하이브는 엔터 업종 내 관심이 이어졌지만 수급 흐름은 엇갈렸다. 아티스트 활동 재개은 긍정 재료로, 환율 변동성 확대는 리스크로 제시됐다.

질문: 하이브 확인되는 내용만 말해줘","참고 뉴스 기준으로 하이브 관련 긍정 요인으로 아티스트 활동 재개가 언급됐고, 부담 요인으로 환율 변동성 확대이 제시됐습니다."
"참고 뉴스:
제목: 삼성전자, 반도체 업종 내 관심 지속
내용: 삼성전자는 파운드리 수익성 개선 기대와 관련해 투자자 관심이 이어졌다. 기사에는 목표주가, 배당금, 구체적인 실적 수치, 밸류에이션 지표는 포함되지 않았다.

질문: 삼성전자 이번 분기 영업이익 숫자 알려줘",참고 뉴스에는 삼성전자의 영업이익 정보가 나와 있지 않습니다. 제공된 자료만으로는 영업이익을 확인할 수 없습니다.
"참고 뉴스:
제목: 항공 업종 점검, 대한항공 주목
내용: 대한항공은 화물 운임 안정 관련 기대가 커졌지만, 단기적으로는 차익 실현 매물 출회 가능성으로 변동성이 나타날 수 있다는 분석이 나왔다.

질문: 대한항공 투자 판단할 때 뭘 더 봐야 해?","참고 뉴스 기준으로 기사에 나온 화물 운임 안정와 차익 실현 매물 출회 가능성 외에도 실제 실적, 수급, 업종 전망, 밸류에이션을 함께 확인해야 합니다."
"참고 뉴스:
제목: KB금융, 금융 업황 변화에 주목
내용: KB금융은 순이자마진 방어 영향으로 실적 개선 기대가 언급됐다. 다만 기관과 외국인 수급 엇갈림은 부담 요인으로 꼽혔다.

질문: KB금융 확인되는 내용만 말해줘","주어진 자료만 보면 KB금융 관련 긍정 요인으로 순이자마진 방어가 언급됐고, 부담 요인으로 기관과 외국인 수급 엇갈림이 제시됐습니다."
"참고 뉴스:
제목: 대한항공, 항공 업황 변화에 주목
내용: 대한항공은 여객 수요 회복 영향으로 실적 개선 기대가 언급됐다. 다만 환율 변동성 확대는 부담 요인으로 꼽혔다.

질문: 대한항공 매수해도 돼?","제공된 참고 뉴스에 따르면 대한항공의 긍정 요인과 부담 요인은 확인되지만, 이 자료만으로 매수 여부를 판단할 수는 없습니다. 추가 실적, 밸류에이션, 수급 확인이 필요합니다."
"참고 뉴스:
제목: 카카오, 인터넷 업황 변화에 주목
내용: 카카오는 커머스 서비스 개편 영향으로 실적 개선 기대가 언급됐다. 다만 수요 회복 속도 둔화는 부담 요인으로 꼽혔다.

질문: 카카오 리스크 중심으로 정리해줘",이 참고 뉴스에서 확인되는 내용은 가장 중요한 리스크는 수요 회복 속도 둔화입니다. 긍정 요인이 있어도 이 부담 요인이 커지면 주가 변동성이 확대될 수 있습니다.
"참고 뉴스:
제목: 증권가, 셀트리온 실적 전망 점검
내용: 증권가에서는 셀트리온이 신제품 허가 기대 덕분에 투자 심리가 개선될 수 있다고 봤다. 반면 수요 회복 속도 둔화 때문에 추가 확인이 필요하다는 의견도 나왔다.

질문: 셀트리온 긍정적인 내용이 있어?",주어진 자료만 보면 긍정적인 내용은 신제품 허가 기대로 인해 실적이나 투자 심리가 개선될 수 있다는 점입니다.
"참고 뉴스:
제목: 네이버 관련 수급 변동성 확대
내용: 네이버는 인터넷 업종 내 관심이 이어졌지만 수급 흐름은 엇갈렸다. 광고 매출 회복 기대는 긍정 재료로, 기관과 외국인 수급 엇갈림은 리스크로 제시됐다.

질문: 네이버 분위기 어때?",주어진 자료만 보면 네이버에 대한 분위기는 중립에서 긍정 쪽에 가깝습니다. 다만 기관과 외국인 수급 엇갈림이 있어 단정적으로 좋다고만 보기는 어렵습니다.
"참고 뉴스:
제목: 아모레퍼시픽, 화장품 업황 변화에 주목
내용: 아모레퍼시픽은 북미 매출 성장 영향으로 실적 개선 기대가 언급됐다. 다만 경쟁 심화는 부담 요인으로 꼽혔다.

질문: 아모레퍼시픽 매수해도 돼?","이 참고 뉴스에서 확인되는 내용은 아모레퍼시픽의 긍정 요인과 부담 요인은 확인되지만, 이 자료만으로 매수 여부를 판단할 수는 없습니다. 추가 실적, 밸류에이션, 수급 확인이 필요합니다."
"참고 뉴스:
제목: 카카오, 투자자 관심 지속
내용: 시장에서는 카카오의 커머스 서비스 개편에 주목했다. 기사에서는 긍정적인 기대와 함께 수요 회복 속도 둔화을 함께 확인해야 한다고 설명했다.

질문: 카카오 부담되는 내용도 있어?",이 참고 뉴스에서 확인되는 내용은 부담되는 내용은 수요 회복 속도 둔화입니다. 이 부분은 주가 변동성을 키울 수 있는 요인으로 언급됐습니다.
"참고 뉴스:
제목: 삼성SDI, 2차전지 업황 변화에 주목
내용: 삼성SDI는 프리미엄 배터리 수요 영향으로 실적 개선 기대가 언급됐다. 다만 수요 회복 속도 둔화는 부담 요인으로 꼽혔다.

질문: 삼성SDI 부담되는 내용도 있어?",주어진 자료만 보면 부담되는 내용은 수요 회복 속도 둔화입니다. 이 부분은 주가 변동성을 키울 수 있는 요인으로 언급됐습니다.
"참고 뉴스:
제목: 원달러 환율 상승, 외국인 수급 부담
내용: 원달러 환율이 상승하면서 외국인 투자자의 국내 주식 매수세가 약해질 수 있다는 우려가 나왔다. 환율 변동성은 수출주에는 긍정적일 수 있지만, 시장 전체에는 부담 요인으로 작용할 수 있다.

질문: 환율 상승 수혜주는 뭐야?","참고 뉴스에서 구체적인 종목은 언급되지 않았지만, 환율 상승은 일반적으로 수출주에는 긍정적일 수 있다고 설명합니다."
"참고 뉴스:
제목: 네이버, 인터넷 업황 변화에 주목
내용: 네이버는 AI 검색 서비스 고도화 영향으로 실적 개선 기대가 언급됐다. 다만 실적 추정치 하향 가능성은 부담 요인으로 꼽혔다.

질문: 네이버 호재랑 부담 요인 나눠서 말해줘",제공된 참고 뉴스에 따르면 호재는 AI 검색 서비스 고도화입니다. 부담 요인은 실적 추정치 하향 가능성입니다.
"참고 뉴스:
제목: 증권가, 삼성SDI 실적 전망 점검
내용: 증권가에서는 삼성SDI가 고부가 제품 비중 증가 덕분에 투자 심리가 개선될 수 있다고 봤다. 반면 차익 실현 매물 출회 가능성 때문에 추가 확인이 필요하다는 의견도 나왔다.

질문: 삼성SDI 확인되는 내용만 말해줘","제공된 참고 뉴스에 따르면 삼성SDI 관련 긍정 요인으로 고부가 제품 비중 증가가 언급됐고, 부담 요인으로 차익 실현 매물 출회 가능성이 제시됐습니다."
"참고 뉴스:
제목: 두산에너빌리티, 전력기기 기대
내용: 두산에너빌리티는 수주 잔고 증가 영향으로 관심을 받았다. 부담 요인은 기관과 외국인 수급 엇갈림이다.

제목: 카카오, 인터넷 점검
내용: 카카오는 커머스 서비스 개편 기대가 있지만 금리 불확실성도 함께 언급됐다.

질문: 두 뉴스에서 확인되는 리스크를 정리해줘","참고 뉴스에서 확인되는 리스크는 두산에너빌리티의 기관과 외국인 수급 엇갈림, 카카오의 금리 불확실성입니다."
"참고 뉴스:
제목: 화장품 업종 점검, 아모레퍼시픽 주목
내용: 아모레퍼시픽은 중국 소비 회복 기대 관련 기대가 커졌지만, 단기적으로는 차익 실현 매물 출회 가능성으로 변동성이 나타날 수 있다는 분석이 나왔다.

질문: 아모레퍼시픽 투자 판단할 때 뭘 더 봐야 해?","제공된 참고 뉴스에 따르면 기사에 나온 중국 소비 회복 기대와 차익 실현 매물 출회 가능성 외에도 실제 실적, 수급, 업종 전망, 밸류에이션을 함께 확인해야 합니다."
"참고 뉴스:
제목: 현대차, 자동차 업황 변화에 주목
내용: 현대차는 환율 효과 영향으로 실적 개선 기대가 언급됐다. 다만 차익 실현 매물 출회 가능성은 부담 요인으로 꼽혔다.

질문: 현대차 리스크 중심으로 정리해줘",이 참고 뉴스에서 확인되는 내용은 가장 중요한 리스크는 차익 실현 매물 출회 가능성입니다. 긍정 요인이 있어도 이 부담 요인이 커지면 주가 변동성이 확대될 수 있습니다.
"참고 뉴스:
제목: POSCO홀딩스 관련 수급 변동성 확대
내용: POSCO홀딩스는 철강 업종 내 관심이 이어졌지만 수급 흐름은 엇갈렸다. 리튬 사업 기대는 긍정 재료로, 기관과 외국인 수급 엇갈림은 리스크로 제시됐다.

질문: POSCO홀딩스 부담되는 내용도 있어?",참고 뉴스 기준으로 부담되는 내용은 기관과 외국인 수급 엇갈림입니다. 이 부분은 주가 변동성을 키울 수 있는 요인으로 언급됐습니다.
"참고 뉴스:
제목: SK하이닉스, 투자자 관심 지속
내용: 시장에서는 SK하이닉스의 데이터센터 투자 증가에 주목했다. 기사에서는 긍정적인 기대와 함께 금리 불확실성을 함께 확인해야 한다고 설명했다.

질문: SK하이닉스 분위기 어때?",이 참고 뉴스에서 확인되는 내용은 SK하이닉스에 대한 분위기는 중립에서 긍정 쪽에 가깝습니다. 다만 금리 불확실성이 있어 단정적으로 좋다고만 보기는 어렵습니다.
"참고 뉴스:
제목: 반도체 업종 점검, 삼성전자 주목
내용: 삼성전자는 메모리 업황 회복 기대 관련 기대가 커졌지만, 단기적으로는 실적 추정치 하향 가능성으로 변동성이 나타날 수 있다는 분석이 나왔다.

질문: 삼성전자 분위기 어때?",이 참고 뉴스에서 확인되는 내용은 삼성전자에 대한 분위기는 중립에서 긍정 쪽에 가깝습니다. 다만 실적 추정치 하향 가능성이 있어 단정적으로 좋다고만 보기는 어렵습니다.
"참고 뉴스:
제목: KB금융 관련 수급 변동성 확대
내용: KB금융은 금융 업종 내 관심이 이어졌지만 수급 흐름은 엇갈렸다. 순이자마진 방어은 긍정 재료로, 경쟁 심화는 리스크로 제시됐다.

질문: KB금융 투자 판단할 때 뭘 더 봐야 해?","이 참고 뉴스에서 확인되는 내용은 기사에 나온 순이자마진 방어와 경쟁 심화 외에도 실제 실적, 수급, 업종 전망, 밸류에이션을 함께 확인해야 합니다."
"참고 뉴스:
제목: SK하이닉스, 투자자 관심 지속
내용: 시장에서는 SK하이닉스의 고부가 메모리 수요 증가에 주목했다. 기사에서는 긍정적인 기대와 함께 환율 변동성 확대을 함께 확인해야 한다고 설명했다.

질문: SK하이닉스 확인되는 내용만 말해줘","주어진 자료만 보면 SK하이닉스 관련 긍정 요인으로 고부가 메모리 수요 증가가 언급됐고, 부담 요인으로 환율 변동성 확대이 제시됐습니다."
"참고 뉴스:
제목: 전력기기 업종 점검, 두산에너빌리티 주목
내용: 두산에너빌리티는 전력 인프라 투자 확대 관련 기대가 커졌지만, 단기적으로는 경쟁 심화으로 변동성이 나타날 수 있다는 분석이 나왔다.

질문: 두산에너빌리티 핵심만 정리해줘",제공된 참고 뉴스에 따르면 두산에너빌리티는 전력 인프라 투자 확대로 관심을 받고 있습니다. 다만 경쟁 심화도 함께 언급되어 긍정 요인과 부담 요인이 같이 있는 상황입니다.
"참고 뉴스:
제목: POSCO홀딩스, 철강 기대
내용: POSCO홀딩스는 중국 경기 부양 기대 영향으로 관심을 받았다. 부담 요인은 금리 불확실성이다.

제목: 하이브, 엔터 점검
내용: 하이브는 글로벌 팬덤 확대 기대가 있지만 경쟁 심화도 함께 언급됐다.

질문: 두 기업 중 뉴스가 더 긍정적인 쪽을 말해줘",제공된 참고 뉴스만 보면 두 기업 모두 긍정 요인이 있습니다. 다만 어느 쪽이 더 좋다고 단정하려면 실적 수치와 수급 정보가 더 필요합니다.
"참고 뉴스:
제목: 삼성전자, 반도체 기대
내용: 삼성전자는 파운드리 수익성 개선 기대 영향으로 관심을 받았다. 부담 요인은 수요 회복 속도 둔화이다.

제목: 두산에너빌리티, 전력기기 점검
내용: 두산에너빌리티는 전력 인프라 투자 확대 기대가 있지만 원가 부담 증가도 함께 언급됐다.

질문: 두 뉴스의 공통점과 차이점을 정리해줘","참고 뉴스 기준으로 두 기업 모두 긍정 요인과 부담 요인이 함께 언급됐습니다. 차이점은 삼성전자는 파운드리 수익성 개선 기대가 강조됐고, 두산에너빌리티는 전력 인프라 투자 확대와 함께 원가 부담 증가도 제시됐다는 점입니다."
"참고 뉴스:
제목: 금융 업종 점검, 신한지주 주목
내용: 신한지주는 자사주 매입 기대 관련 기대가 커졌지만, 단기적으로는 기관과 외국인 수급 엇갈림으로 변동성이 나타날 수 있다는 분석이 나왔다.

질문: 신한지주 확인되는 내용만 말해줘","이 참고 뉴스에서 확인되는 내용은 신한지주 관련 긍정 요인으로 자사주 매입 기대가 언급됐고, 부담 요인으로 기관과 외국인 수급 엇갈림이 제시됐습니다."
"참고 뉴스:
제목: 한화에어로스페이스, 방산 업황 변화에 주목
내용: 한화에어로스페이스는 방산 수출 기대 영향으로 실적 개선 기대가 언급됐다. 다만 차익 실현 매물 출회 가능성은 부담 요인으로 꼽혔다.

질문: 한화에어로스페이스 긍정적인 내용이 있어?",제공된 참고 뉴스에 따르면 긍정적인 내용은 방산 수출 기대로 인해 실적이나 투자 심리가 개선될 수 있다는 점입니다.
"참고 뉴스:
제목: 현대차, 자동차 기대
내용: 현대차는 북미 판매 호조 영향으로 관심을 받았다. 부담 요인은 금리 불확실성이다.

제목: 카카오, 인터넷 점검
내용: 카카오는 플랫폼 비용 절감 기대가 있지만 원가 부담 증가도 함께 언급됐다.

질문: 두 뉴스에서 확인되는 리스크를 정리해줘","참고 뉴스에서 확인되는 리스크는 현대차의 금리 불확실성, 카카오의 원가 부담 증가입니다."
"참고 뉴스:
제목: 증권가, 신한지주 실적 전망 점검
내용: 증권가에서는 신한지주가 건전성 관리 강화 덕분에 투자 심리가 개선될 수 있다고 봤다. 반면 기관과 외국인 수급 엇갈림 때문에 추가 확인이 필요하다는 의견도 나왔다.

질문: 신한지주 호재랑 부담 요인 나눠서 말해줘",주어진 자료만 보면 호재는 건전성 관리 강화입니다. 부담 요인은 기관과 외국인 수급 엇갈림입니다.
"참고 뉴스:
제목: 유틸리티 업종 점검, 한국전력 주목
내용: 한국전력은 연료비 부담 완화 관련 기대가 커졌지만, 단기적으로는 경쟁 심화으로 변동성이 나타날 수 있다는 분석이 나왔다.

질문: 한국전력 매수해도 돼?","참고 뉴스 기준으로 한국전력의 긍정 요인과 부담 요인은 확인되지만, 이 자료만으로 매수 여부를 판단할 수는 없습니다. 추가 실적, 밸류에이션, 수급 확인이 필요합니다."
"참고 뉴스:
제목: 화장품 업종 점검, 아모레퍼시픽 주목
내용: 아모레퍼시픽은 면세 채널 개선 관련 기대가 커졌지만, 단기적으로는 환율 변동성 확대으로 변동성이 나타날 수 있다는 분석이 나왔다.

질문: 아모레퍼시픽 리스크 중심으로 정리해줘",주어진 자료만 보면 가장 중요한 리스크는 환율 변동성 확대입니다. 긍정 요인이 있어도 이 부담 요인이 커지면 주가 변동성이 확대될 수 있습니다.
"참고 뉴스:
제목: 증권가, 네이버 실적 전망 점검
내용: 증권가에서는 네이버가 AI 검색 서비스 고도화 덕분에 투자 심리가 개선될 수 있다고 봤다. 반면 차익 실현 매물 출회 가능성 때문에 추가 확인이 필요하다는 의견도 나왔다.

질문: 네이버 분위기 어때?",이 참고 뉴스에서 확인되는 내용은 네이버에 대한 분위기는 중립에서 긍정 쪽에 가깝습니다. 다만 차익 실현 매물 출회 가능성이 있어 단정적으로 좋다고만 보기는 어렵습니다.
"참고 뉴스:
제목: 카카오, 인터넷 업황 변화에 주목
내용: 카카오는 콘텐츠 사업 조정 영향으로 실적 개선 기대가 언급됐다. 다만 경쟁 심화는 부담 요인으로 꼽혔다.

질문: 카카오 분위기 어때?",이 참고 뉴스에서 확인되는 내용은 카카오에 대한 분위기는 중립에서 긍정 쪽에 가깝습니다. 다만 경쟁 심화이 있어 단정적으로 좋다고만 보기는 어렵습니다.
"참고 뉴스:
제목: 증권가, POSCO홀딩스 실적 전망 점검
내용: 증권가에서는 POSCO홀딩스가 철강 가격 반등 기대 덕분에 투자 심리가 개선될 수 있다고 봤다. 반면 금리 불확실성 때문에 추가 확인이 필요하다는 의견도 나왔다.

질문: POSCO홀딩스 분위기 어때?",제공된 참고 뉴스에 따르면 POSCO홀딩스에 대한 분위기는 중립에서 긍정 쪽에 가깝습니다. 다만 금리 불확실성이 있어 단정적으로 좋다고만 보기는 어렵습니다.
"참고 뉴스:
제목: 현대차, 자동차 업황 변화에 주목
내용: 현대차는 환율 효과 영향으로 실적 개선 기대가 언급됐다. 다만 원가 부담 증가는 부담 요인으로 꼽혔다.

질문: 현대차 부담되는 내용도 있어?",주어진 자료만 보면 부담되는 내용은 원가 부담 증가입니다. 이 부분은 주가 변동성을 키울 수 있는 요인으로 언급됐습니다.
"참고 뉴스:
제목: KB금융 관련 수급 변동성 확대
내용: KB금융은 금융 업종 내 관심이 이어졌지만 수급 흐름은 엇갈렸다. 순이자마진 방어은 긍정 재료로, 실적 추정치 하향 가능성은 리스크로 제시됐다.

질문: KB금융 투자 판단할 때 뭘 더 봐야 해?","제공된 참고 뉴스에 따르면 기사에 나온 순이자마진 방어와 실적 추정치 하향 가능성 외에도 실제 실적, 수급, 업종 전망, 밸류에이션을 함께 확인해야 합니다."
"참고 뉴스:
제목: 항공 업종 점검, 대한항공 주목
내용: 대한항공은 여객 수요 회복 관련 기대가 커졌지만, 단기적으로는 경쟁 심화으로 변동성이 나타날 수 있다는 분석이 나왔다.

질문: 대한항공 핵심만 정리해줘",제공된 참고 뉴스에 따르면 대한항공은 여객 수요 회복로 관심을 받고 있습니다. 다만 경쟁 심화도 함께 언급되어 긍정 요인과 부담 요인이 같이 있는 상황입니다.
"참고 뉴스:
제목: CJ대한통운, 투자자 관심 지속
내용: 시장에서는 CJ대한통운의 자동화 투자 효과에 주목했다. 기사에서는 긍정적인 기대와 함께 금리 불확실성을 함께 확인해야 한다고 설명했다.

질문: CJ대한통운 매수해도 돼?","주어진 자료만 보면 CJ대한통운의 긍정 요인과 부담 요인은 확인되지만, 이 자료만으로 매수 여부를 판단할 수는 없습니다. 추가 실적, 밸류에이션, 수급 확인이 필요합니다."
"참고 뉴스:
제목: 바이오 업종 점검, 셀트리온 주목
내용: 셀트리온은 바이오시밀러 매출 확대 관련 기대가 커졌지만, 단기적으로는 차익 실현 매물 출회 가능성으로 변동성이 나타날 수 있다는 분석이 나왔다.

질문: 셀트리온 긍정적인 내용이 있어?",제공된 참고 뉴스에 따르면 긍정적인 내용은 바이오시밀러 매출 확대로 인해 실적이나 투자 심리가 개선될 수 있다는 점입니다.
"참고 뉴스:
제목: LG에너지솔루션, 투자자 관심 지속
내용: 시장에서는 LG에너지솔루션의 전기차 신차 출시 기대에 주목했다. 기사에서는 긍정적인 기대와 함께 경쟁 심화을 함께 확인해야 한다고 설명했다.

질문: LG에너지솔루션 분위기 어때?",제공된 참고 뉴스에 따르면 LG에너지솔루션에 대한 분위기는 중립에서 긍정 쪽에 가깝습니다. 다만 경쟁 심화이 있어 단정적으로 좋다고만 보기는 어렵습니다.
"참고 뉴스:
제목: 인터넷 업종 점검, 카카오 주목
내용: 카카오는 플랫폼 비용 절감 관련 기대가 커졌지만, 단기적으로는 경쟁 심화으로 변동성이 나타날 수 있다는 분석이 나왔다.

질문: 카카오 뉴스 근거를 들어 설명해줘","이 참고 뉴스에서 확인되는 내용은 근거는 기사에서 플랫폼 비용 절감를 긍정 요인으로 언급했고, 동시에 경쟁 심화을 부담 요인으로 제시했다는 점입니다."
"참고 뉴스:
제목: CJ대한통운, 투자자 관심 지속
내용: 시장에서는 CJ대한통운의 자동화 투자 효과에 주목했다. 기사에서는 긍정적인 기대와 함께 수요 회복 속도 둔화을 함께 확인해야 한다고 설명했다.

질문: CJ대한통운 부담되는 내용도 있어?",주어진 자료만 보면 부담되는 내용은 수요 회복 속도 둔화입니다. 이 부분은 주가 변동성을 키울 수 있는 요인으로 언급됐습니다.
"참고 뉴스:
제목: 삼성바이오로직스, 투자자 관심 지속
내용: 시장에서는 삼성바이오로직스의 장기 공급계약 증가에 주목했다. 기사에서는 긍정적인 기대와 함께 기관과 외국인 수급 엇갈림을 함께 확인해야 한다고 설명했다.

질문: 삼성바이오로직스 긍정적인 내용이 있어?",주어진 자료만 보면 긍정적인 내용은 장기 공급계약 증가로 인해 실적이나 투자 심리가 개선될 수 있다는 점입니다.
"참고 뉴스:
제목: 철강 업종 점검, POSCO홀딩스 주목
내용: POSCO홀딩스는 철강 가격 반등 기대 관련 기대가 커졌지만, 단기적으로는 기관과 외국인 수급 엇갈림으로 변동성이 나타날 수 있다는 분석이 나왔다.

질문: POSCO홀딩스 투자 판단할 때 뭘 더 봐야 해?","이 참고 뉴스에서 확인되는 내용은 기사에 나온 철강 가격 반등 기대와 기관과 외국인 수급 엇갈림 외에도 실제 실적, 수급, 업종 전망, 밸류에이션을 함께 확인해야 합니다."
"참고 뉴스:
제목: 대한항공, 항공 업황 변화에 주목
내용: 대한항공은 유가 하락 기대 영향으로 실적 개선 기대가 언급됐다. 다만 원가 부담 증가는 부담 요인으로 꼽혔다.

질문: 대한항공 목표주가 얼마야?",참고 뉴스에는 대한항공의 구체적인 목표주가가 제시되어 있지 않습니다. 제공된 자료만으로는 목표주가를 말할 수 없습니다.
"참고 뉴스:
제목: 철강 업종 점검, POSCO홀딩스 주목
내용: POSCO홀딩스는 철강 가격 반등 기대 관련 기대가 커졌지만, 단기적으로는 차익 실현 매물 출회 가능성으로 변동성이 나타날 수 있다는 분석이 나왔다.

질문: POSCO홀딩스 호재랑 부담 요인 나눠서 말해줘",주어진 자료만 보면 호재는 철강 가격 반등 기대입니다. 부담 요인은 차익 실현 매물 출회 가능성입니다.
"참고 뉴스:
제목: 바이오주, 신약 임상 결과 기대에 강세
내용: 일부 바이오 기업이 신약 임상 중간 결과 발표를 앞두고 강세를 보였다. 다만 전문가들은 임상 결과가 불확실하고 변동성이 큰 업종인 만큼 투자에 주의가 필요하다고 설명했다.

질문: 바이오주가 오른 이유가 뭐야?",참고 뉴스 기준으로 바이오주 상승 이유는 신약 임상 중간 결과 발표에 대한 기대감입니다.
"참고 뉴스:
제목: 한국전력, 유틸리티 기대
내용: 한국전력은 연료비 부담 완화 영향으로 관심을 받았다. 부담 요인은 차익 실현 매물 출회 가능성이다.

제목: 삼성전자, 반도체 점검
내용: 삼성전자는 AI 서버 수요 증가 기대가 있지만 차익 실현 매물 출회 가능성도 함께 언급됐다.

질문: 두 뉴스의 공통점과 차이점을 정리해줘","참고 뉴스 기준으로 두 기업 모두 긍정 요인과 부담 요인이 함께 언급됐습니다. 차이점은 한국전력는 연료비 부담 완화가 강조됐고, 삼성전자는 AI 서버 수요 증가와 함께 차익 실현 매물 출회 가능성도 제시됐다는 점입니다."
"참고 뉴스:
제목: 신한지주, 금융 기대
내용: 신한지주는 배당 확대 기대 영향으로 관심을 받았다. 부담 요인은 금리 불확실성이다.

제목: 대한항공, 항공 점검
내용: 대한항공은 유가 하락 기대 기대가 있지만 환율 변동성 확대도 함께 언급됐다.

질문: 두 뉴스에서 확인되는 리스크를 정리해줘","참고 뉴스에서 확인되는 리스크는 신한지주의 금리 불확실성, 대한항공의 환율 변동성 확대입니다."
"참고 뉴스:
제목: 증권가, KB금융 실적 전망 점검
내용: 증권가에서는 KB금융이 비은행 부문 실적 개선 덕분에 투자 심리가 개선될 수 있다고 봤다. 반면 기관과 외국인 수급 엇갈림 때문에 추가 확인이 필요하다는 의견도 나왔다.

질문: KB금융 뉴스 근거를 들어 설명해줘","이 참고 뉴스에서 확인되는 내용은 근거는 기사에서 비은행 부문 실적 개선를 긍정 요인으로 언급했고, 동시에 기관과 외국인 수급 엇갈림을 부담 요인으로 제시했다는 점입니다."
"참고 뉴스:
제목: 유틸리티 업종 점검, 한국전력 주목
내용: 한국전력은 전기요금 조정 기대 관련 기대가 커졌지만, 단기적으로는 원가 부담 증가으로 변동성이 나타날 수 있다는 분석이 나왔다.

질문: 한국전력 투자 판단할 때 뭘 더 봐야 해?","이 참고 뉴스에서 확인되는 내용은 기사에 나온 전기요금 조정 기대와 원가 부담 증가 외에도 실제 실적, 수급, 업종 전망, 밸류에이션을 함께 확인해야 합니다."
"참고 뉴스:
제목: CJ대한통운, 물류 업황 변화에 주목
내용: CJ대한통운은 택배 물동량 회복 영향으로 실적 개선 기대가 언급됐다. 다만 환율 변동성 확대는 부담 요인으로 꼽혔다.

질문: CJ대한통운 매수해도 돼?","제공된 참고 뉴스에 따르면 CJ대한통운의 긍정 요인과 부담 요인은 확인되지만, 이 자료만으로 매수 여부를 판단할 수는 없습니다. 추가 실적, 밸류에이션, 수급 확인이 필요합니다."
"참고 뉴스:
제목: 한국전력, 유틸리티 업황 변화에 주목
내용: 한국전력은 연료비 부담 완화 영향으로 실적 개선 기대가 언급됐다. 다만 기관과 외국인 수급 엇갈림은 부담 요인으로 꼽혔다.

질문: 한국전력 핵심만 정리해줘",주어진 자료만 보면 한국전력은 연료비 부담 완화로 관심을 받고 있습니다. 다만 기관과 외국인 수급 엇갈림도 함께 언급되어 긍정 요인과 부담 요인이 같이 있는 상황입니다.
"참고 뉴스:
제목: 한화에어로스페이스, 방산 업황 변화에 주목
내용: 한화에어로스페이스는 방산 수출 기대 영향으로 실적 개선 기대가 언급됐다. 다만 원가 부담 증가는 부담 요인으로 꼽혔다.

질문: 한화에어로스페이스 매수해도 돼?","이 참고 뉴스에서 확인되는 내용은 한화에어로스페이스의 긍정 요인과 부담 요인은 확인되지만, 이 자료만으로 매수 여부를 판단할 수는 없습니다. 추가 실적, 밸류에이션, 수급 확인이 필요합니다."
"참고 뉴스:
제목: 삼성SDI 관련 수급 변동성 확대
내용: 삼성SDI는 2차전지 업종 내 관심이 이어졌지만 수급 흐름은 엇갈렸다. 고부가 제품 비중 증가는 긍정 재료로, 원가 부담 증가는 리스크로 제시됐다.

질문: 삼성SDI 투자 판단할 때 뭘 더 봐야 해?","참고 뉴스 기준으로 기사에 나온 고부가 제품 비중 증가와 원가 부담 증가 외에도 실제 실적, 수급, 업종 전망, 밸류에이션을 함께 확인해야 합니다."
"참고 뉴스:
제목: SK하이닉스, 반도체 업황 변화에 주목
내용: SK하이닉스는 고부가 메모리 수요 증가 영향으로 실적 개선 기대가 언급됐다. 다만 기관과 외국인 수급 엇갈림은 부담 요인으로 꼽혔다.

질문: SK하이닉스 뉴스 근거를 들어 설명해줘","주어진 자료만 보면 근거는 기사에서 고부가 메모리 수요 증가를 긍정 요인으로 언급했고, 동시에 기관과 외국인 수급 엇갈림을 부담 요인으로 제시했다는 점입니다."
"참고 뉴스:
제목: 증권가, 한화에어로스페이스 실적 전망 점검
내용: 증권가에서는 한화에어로스페이스가 해외 계약 증가 덕분에 투자 심리가 개선될 수 있다고 봤다. 반면 금리 불확실성 때문에 추가 확인이 필요하다는 의견도 나왔다.

질문: 한화에어로스페이스 리스크 중심으로 정리해줘",제공된 참고 뉴스에 따르면 가장 중요한 리스크는 금리 불확실성입니다. 긍정 요인이 있어도 이 부담 요인이 커지면 주가 변동성이 확대될 수 있습니다.
"참고 뉴스:
제목: 아모레퍼시픽, 화장품 업황 변화에 주목
내용: 아모레퍼시픽은 면세 채널 개선 영향으로 실적 개선 기대가 언급됐다. 다만 실적 추정치 하향 가능성은 부담 요인으로 꼽혔다.

질문: 아모레퍼시픽 목표주가 얼마야?",참고 뉴스에는 아모레퍼시픽의 구체적인 목표주가가 제시되어 있지 않습니다. 제공된 자료만으로는 목표주가를 말할 수 없습니다.
"참고 뉴스:
제목: POSCO홀딩스, 철강 기대
내용: POSCO홀딩스는 철강 가격 반등 기대 영향으로 관심을 받았다. 부담 요인은 금리 불확실성이다.

제목: LG에너지솔루션, 2차전지 점검
내용: LG에너지솔루션은 배터리 출하량 회복 기대 기대가 있지만 경쟁 심화도 함께 언급됐다.

질문: 두 기업 중 뉴스가 더 긍정적인 쪽을 말해줘",제공된 참고 뉴스만 보면 두 기업 모두 긍정 요인이 있습니다. 다만 어느 쪽이 더 좋다고 단정하려면 실적 수치와 수급 정보가 더 필요합니다.
"참고 뉴스:
제목: 대한항공, 항공 업황 변화에 주목
내용: 대한항공은 여객 수요 회복 영향으로 실적 개선 기대가 언급됐다. 다만 금리 불확실성은 부담 요인으로 꼽혔다.

질문: 대한항공 핵심만 정리해줘",이 참고 뉴스에서 확인되는 내용은 대한항공은 여객 수요 회복로 관심을 받고 있습니다. 다만 금리 불확실성도 함께 언급되어 긍정 요인과 부담 요인이 같이 있는 상황입니다.
"참고 뉴스:
제목: 셀트리온, 투자자 관심 지속
내용: 시장에서는 셀트리온의 바이오시밀러 매출 확대에 주목했다. 기사에서는 긍정적인 기대와 함께 금리 불확실성을 함께 확인해야 한다고 설명했다.

질문: 셀트리온 매수해도 돼?","제공된 참고 뉴스에 따르면 셀트리온의 긍정 요인과 부담 요인은 확인되지만, 이 자료만으로 매수 여부를 판단할 수는 없습니다. 추가 실적, 밸류에이션, 수급 확인이 필요합니다."
"참고 뉴스:
제목: 증권가, LG에너지솔루션 실적 전망 점검
내용: 증권가에서는 LG에너지솔루션이 전기차 신차 출시 기대 덕분에 투자 심리가 개선될 수 있다고 봤다. 반면 기관과 외국인 수급 엇갈림 때문에 추가 확인이 필요하다는 의견도 나왔다.

질문: LG에너지솔루션 한 문장으로 요약해줘",LG에너지솔루션은 전기차 신차 출시 기대 기대가 있지만 기관과 외국인 수급 엇갈림도 함께 확인해야 하는 상황입니다.
"참고 뉴스:
제목: 아모레퍼시픽, 투자자 관심 지속
내용: 시장에서는 아모레퍼시픽의 중국 소비 회복 기대에 주목했다. 기사에서는 긍정적인 기대와 함께 차익 실현 매물 출회 가능성을 함께 확인해야 한다고 설명했다.

질문: 아모레퍼시픽 긍정적인 내용이 있어?",제공된 참고 뉴스에 따르면 긍정적인 내용은 중국 소비 회복 기대로 인해 실적이나 투자 심리가 개선될 수 있다는 점입니다.
"참고 뉴스:
제목: 인터넷 업종 점검, 네이버 주목
내용: 네이버는 AI 검색 서비스 고도화 관련 기대가 커졌지만, 단기적으로는 환율 변동성 확대으로 변동성이 나타날 수 있다는 분석이 나왔다.

질문: 네이버 핵심만 정리해줘",제공된 참고 뉴스에 따르면 네이버는 AI 검색 서비스 고도화로 관심을 받고 있습니다. 다만 환율 변동성 확대도 함께 언급되어 긍정 요인과 부담 요인이 같이 있는 상황입니다.
"참고 뉴스:
제목: 증권가, 아모레퍼시픽 실적 전망 점검
내용: 증권가에서는 아모레퍼시픽이 북미 매출 성장 덕분에 투자 심리가 개선될 수 있다고 봤다. 반면 수요 회복 속도 둔화 때문에 추가 확인이 필요하다는 의견도 나왔다.

질문: 아모레퍼시픽 투자 판단할 때 뭘 더 봐야 해?","제공된 참고 뉴스에 따르면 기사에 나온 북미 매출 성장와 수요 회복 속도 둔화 외에도 실제 실적, 수급, 업종 전망, 밸류에이션을 함께 확인해야 합니다."
"참고 뉴스:
제목: 네이버, 인터넷 업황 변화에 주목
내용: 네이버는 광고 매출 회복 기대 영향으로 실적 개선 기대가 언급됐다. 다만 차익 실현 매물 출회 가능성은 부담 요인으로 꼽혔다.

질문: 네이버 목표주가 얼마야?",참고 뉴스에는 네이버의 구체적인 목표주가가 제시되어 있지 않습니다. 제공된 자료만으로는 목표주가를 말할 수 없습니다.
"참고 뉴스:
제목: 삼성전자, 투자자 관심 지속
내용: 시장에서는 삼성전자의 메모리 업황 회복 기대에 주목했다. 기사에서는 긍정적인 기대와 함께 경쟁 심화을 함께 확인해야 한다고 설명했다.

질문: 삼성전자 호재랑 부담 요인 나눠서 말해줘",주어진 자료만 보면 호재는 메모리 업황 회복 기대입니다. 부담 요인은 경쟁 심화입니다.
"참고 뉴스:
제목: 증권가, 삼성전자 실적 전망 점검
내용: 증권가에서는 삼성전자가 파운드리 수익성 개선 기대 덕분에 투자 심리가 개선될 수 있다고 봤다. 반면 수요 회복 속도 둔화 때문에 추가 확인이 필요하다는 의견도 나왔다.

질문: 삼성전자 분위기 어때?",제공된 참고 뉴스에 따르면 삼성전자에 대한 분위기는 중립에서 긍정 쪽에 가깝습니다. 다만 수요 회복 속도 둔화이 있어 단정적으로 좋다고만 보기는 어렵습니다.
"참고 뉴스:
제목: SK하이닉스, 반도체 업종 내 관심 지속
내용: SK하이닉스는 고부가 메모리 수요 증가와 관련해 투자자 관심이 이어졌다. 기사에는 목표주가, 배당금, 구체적인 실적 수치, 밸류에이션 지표는 포함되지 않았다.

질문: SK하이닉스 목표주가 알려줘",참고 뉴스에는 SK하이닉스의 목표주가 정보가 나와 있지 않습니다. 제공된 자료만으로는 목표주가을 확인할 수 없습니다.
"참고 뉴스:
제목: 삼성바이오로직스 관련 수급 변동성 확대
내용: 삼성바이오로직스는 바이오 업종 내 관심이 이어졌지만 수급 흐름은 엇갈렸다. 위탁생산 수주 확대는 긍정 재료로, 차익 실현 매물 출회 가능성은 리스크로 제시됐다.

질문: 삼성바이오로직스 호재랑 부담 요인 나눠서 말해줘",제공된 참고 뉴스에 따르면 호재는 위탁생산 수주 확대입니다. 부담 요인은 차익 실현 매물 출회 가능성입니다.
"참고 뉴스:
제목: 아모레퍼시픽, 투자자 관심 지속
내용: 시장에서는 아모레퍼시픽의 중국 소비 회복 기대에 주목했다. 기사에서는 긍정적인 기대와 함께 원가 부담 증가을 함께 확인해야 한다고 설명했다.

질문: 아모레퍼시픽 매수해도 돼?","이 참고 뉴스에서 확인되는 내용은 아모레퍼시픽의 긍정 요인과 부담 요인은 확인되지만, 이 자료만으로 매수 여부를 판단할 수는 없습니다. 추가 실적, 밸류에이션, 수급 확인이 필요합니다."
"참고 뉴스:
제목: 두산에너빌리티, 전력기기 기대
내용: 두산에너빌리티는 수주 잔고 증가 영향으로 관심을 받았다. 부담 요인은 금리 불확실성이다.

제목: LG에너지솔루션, 2차전지 점검
내용: LG에너지솔루션은 원재료 가격 안정 기대가 있지만 경쟁 심화도 함께 언급됐다.

질문: 두 뉴스의 공통점과 차이점을 정리해줘","참고 뉴스 기준으로 두 기업 모두 긍정 요인과 부담 요인이 함께 언급됐습니다. 차이점은 두산에너빌리티는 수주 잔고 증가가 강조됐고, LG에너지솔루션는 원재료 가격 안정와 함께 경쟁 심화도 제시됐다는 점입니다."
"참고 뉴스:
제목: 한국전력, 유틸리티 업황 변화에 주목
내용: 한국전력은 재무구조 개선 기대 영향으로 실적 개선 기대가 언급됐다. 다만 원가 부담 증가는 부담 요인으로 꼽혔다.

질문: 한국전력 한 문장으로 요약해줘",한국전력은 재무구조 개선 기대 기대가 있지만 원가 부담 증가도 함께 확인해야 하는 상황입니다.
"참고 뉴스:
제목: 철강 업종 점검, POSCO홀딩스 주목
내용: POSCO홀딩스는 리튬 사업 기대 관련 기대가 커졌지만, 단기적으로는 차익 실현 매물 출회 가능성으로 변동성이 나타날 수 있다는 분석이 나왔다.

질문: POSCO홀딩스 한 문장으로 요약해줘",POSCO홀딩스는 리튬 사업 기대 기대가 있지만 차익 실현 매물 출회 가능성도 함께 확인해야 하는 상황입니다.
"참고 뉴스:
제목: 2차전지 업종 점검, 삼성SDI 주목
내용: 삼성SDI는 프리미엄 배터리 수요 관련 기대가 커졌지만, 단기적으로는 차익 실현 매물 출회 가능성으로 변동성이 나타날 수 있다는 분석이 나왔다.

질문: 삼성SDI 호재랑 부담 요인 나눠서 말해줘",이 참고 뉴스에서 확인되는 내용은 호재는 프리미엄 배터리 수요입니다. 부담 요인은 차익 실현 매물 출회 가능성입니다.
"참고 뉴스:
제목: 한국전력, 유틸리티 업종 내 관심 지속
내용: 한국전력은 전기요금 조정 기대와 관련해 투자자 관심이 이어졌다. 기사에는 목표주가, 배당금, 구체적인 실적 수치, 밸류에이션 지표는 포함되지 않았다.

질문: 한국전력 정확한 매수 가격 알려줘",참고 뉴스에는 한국전력의 매수 가격 정보가 나와 있지 않습니다. 제공된 자료만으로는 매수 가격을 확인할 수 없습니다.
"참고 뉴스:
제목: 화장품 업종 점검, 아모레퍼시픽 주목
내용: 아모레퍼시픽은 면세 채널 개선 관련 기대가 커졌지만, 단기적으로는 차익 실현 매물 출회 가능성으로 변동성이 나타날 수 있다는 분석이 나왔다.

질문: 아모레퍼시픽 매수해도 돼?","이 참고 뉴스에서 확인되는 내용은 아모레퍼시픽의 긍정 요인과 부담 요인은 확인되지만, 이 자료만으로 매수 여부를 판단할 수는 없습니다. 추가 실적, 밸류에이션, 수급 확인이 필요합니다."
"참고 뉴스:
제목: 대한항공, 투자자 관심 지속
내용: 시장에서는 대한항공의 유가 하락 기대에 주목했다. 기사에서는 긍정적인 기대와 함께 원가 부담 증가을 함께 확인해야 한다고 설명했다.

질문: 대한항공 뉴스 근거를 들어 설명해줘","주어진 자료만 보면 근거는 기사에서 유가 하락 기대를 긍정 요인으로 언급했고, 동시에 원가 부담 증가을 부담 요인으로 제시했다는 점입니다."
"참고 뉴스:
제목: 2차전지 업종 점검, LG에너지솔루션 주목
내용: LG에너지솔루션은 원재료 가격 안정 관련 기대가 커졌지만, 단기적으로는 금리 불확실성으로 변동성이 나타날 수 있다는 분석이 나왔다.

질문: LG에너지솔루션 투자 판단할 때 뭘 더 봐야 해?","이 참고 뉴스에서 확인되는 내용은 기사에 나온 원재료 가격 안정와 금리 불확실성 외에도 실제 실적, 수급, 업종 전망, 밸류에이션을 함께 확인해야 합니다."
"참고 뉴스:
제목: 아모레퍼시픽, 화장품 업황 변화에 주목
내용: 아모레퍼시픽은 면세 채널 개선 영향으로 실적 개선 기대가 언급됐다. 다만 차익 실현 매물 출회 가능성은 부담 요인으로 꼽혔다.

질문: 아모레퍼시픽 목표주가 얼마야?",참고 뉴스에는 아모레퍼시픽의 구체적인 목표주가가 제시되어 있지 않습니다. 제공된 자료만으로는 목표주가를 말할 수 없습니다.
"참고 뉴스:
제목: KB금융, 금융 기대
내용: KB금융은 순이자마진 방어 영향으로 관심을 받았다. 부담 요인은 금리 불확실성이다.

제목: 기아, 자동차 점검
내용: 기아는 고환율 수혜 기대 기대가 있지만 기관과 외국인 수급 엇갈림도 함께 언급됐다.

질문: 두 뉴스의 공통점과 차이점을 정리해줘","참고 뉴스 기준으로 두 기업 모두 긍정 요인과 부담 요인이 함께 언급됐습니다. 차이점은 KB금융는 순이자마진 방어가 강조됐고, 기아는 고환율 수혜 기대와 함께 기관과 외국인 수급 엇갈림도 제시됐다는 점입니다."
"참고 뉴스:
제목: 전력기기 업종 점검, 두산에너빌리티 주목
내용: 두산에너빌리티는 수주 잔고 증가 관련 기대가 커졌지만, 단기적으로는 경쟁 심화으로 변동성이 나타날 수 있다는 분석이 나왔다.

질문: 두산에너빌리티 한 문장으로 요약해줘",두산에너빌리티는 수주 잔고 증가 기대가 있지만 경쟁 심화도 함께 확인해야 하는 상황입니다.
"참고 뉴스:
제목: KB금융, 금융 업황 변화에 주목
내용: KB금융은 주주환원 기대 영향으로 실적 개선 기대가 언급됐다. 다만 수요 회복 속도 둔화는 부담 요인으로 꼽혔다.

질문: KB금융 투자 판단할 때 뭘 더 봐야 해?","제공된 참고 뉴스에 따르면 기사에 나온 주주환원 기대와 수요 회복 속도 둔화 외에도 실제 실적, 수급, 업종 전망, 밸류에이션을 함께 확인해야 합니다."
"참고 뉴스:
제목: CJ대한통운, 물류 업황 변화에 주목
내용: CJ대한통운은 택배 물동량 회복 영향으로 실적 개선 기대가 언급됐다. 다만 차익 실현 매물 출회 가능성은 부담 요인으로 꼽혔다.

질문: CJ대한통운 매수해도 돼?","주어진 자료만 보면 CJ대한통운의 긍정 요인과 부담 요인은 확인되지만, 이 자료만으로 매수 여부를 판단할 수는 없습니다. 추가 실적, 밸류에이션, 수급 확인이 필요합니다."
"참고 뉴스:
제목: LG에너지솔루션, 투자자 관심 지속
내용: 시장에서는 LG에너지솔루션의 전기차 신차 출시 기대에 주목했다. 기사에서는 긍정적인 기대와 함께 차익 실현 매물 출회 가능성을 함께 확인해야 한다고 설명했다.

질문: LG에너지솔루션 목표주가 얼마야?",참고 뉴스에는 LG에너지솔루션의 구체적인 목표주가가 제시되어 있지 않습니다. 제공된 자료만으로는 목표주가를 말할 수 없습니다.
"참고 뉴스:
제목: 증권가, 카카오 실적 전망 점검
내용: 증권가에서는 카카오가 콘텐츠 사업 조정 덕분에 투자 심리가 개선될 수 있다고 봤다. 반면 원가 부담 증가 때문에 추가 확인이 필요하다는 의견도 나왔다.

질문: 카카오 리스크 중심으로 정리해줘",주어진 자료만 보면 가장 중요한 리스크는 원가 부담 증가입니다. 긍정 요인이 있어도 이 부담 요인이 커지면 주가 변동성이 확대될 수 있습니다.
"참고 뉴스:
제목: 삼성바이오로직스, 투자자 관심 지속
내용: 시장에서는 삼성바이오로직스의 장기 공급계약 증가에 주목했다. 기사에서는 긍정적인 기대와 함께 경쟁 심화을 함께 확인해야 한다고 설명했다.

질문: 삼성바이오로직스 확인되는 내용만 말해줘","주어진 자료만 보면 삼성바이오로직스 관련 긍정 요인으로 장기 공급계약 증가가 언급됐고, 부담 요인으로 경쟁 심화이 제시됐습니다."
"참고 뉴스:
제목: SK하이닉스, 투자자 관심 지속
내용: 시장에서는 SK하이닉스의 데이터센터 투자 증가에 주목했다. 기사에서는 긍정적인 기대와 함께 기관과 외국인 수급 엇갈림을 함께 확인해야 한다고 설명했다.

질문: SK하이닉스 호재랑 부담 요인 나눠서 말해줘",이 참고 뉴스에서 확인되는 내용은 호재는 데이터센터 투자 증가입니다. 부담 요인은 기관과 외국인 수급 엇갈림입니다.
"참고 뉴스:
제목: 증권가, 하이브 실적 전망 점검
내용: 증권가에서는 하이브가 콘텐츠 매출 증가 덕분에 투자 심리가 개선될 수 있다고 봤다. 반면 기관과 외국인 수급 엇갈림 때문에 추가 확인이 필요하다는 의견도 나왔다.

질문: 하이브 호재랑 부담 요인 나눠서 말해줘",주어진 자료만 보면 호재는 콘텐츠 매출 증가입니다. 부담 요인은 기관과 외국인 수급 엇갈림입니다.
"참고 뉴스:
제목: 증권가, 두산에너빌리티 실적 전망 점검
내용: 증권가에서는 두산에너빌리티가 전력 인프라 투자 확대 덕분에 투자 심리가 개선될 수 있다고 봤다. 반면 실적 추정치 하향 가능성 때문에 추가 확인이 필요하다는 의견도 나왔다.

질문: 두산에너빌리티 분위기 어때?",주어진 자료만 보면 두산에너빌리티에 대한 분위기는 중립에서 긍정 쪽에 가깝습니다. 다만 실적 추정치 하향 가능성이 있어 단정적으로 좋다고만 보기는 어렵습니다.
"참고 뉴스:
제목: CJ대한통운, 물류 기대
내용: CJ대한통운은 택배 물동량 회복 영향으로 관심을 받았다. 부담 요인은 원가 부담 증가이다.

제목: 카카오, 인터넷 점검
내용: 카카오는 콘텐츠 사업 조정 기대가 있지만 경쟁 심화도 함께 언급됐다.

질문: 두 뉴스에서 확인되는 리스크를 정리해줘","참고 뉴스에서 확인되는 리스크는 CJ대한통운의 원가 부담 증가, 카카오의 경쟁 심화입니다."
"참고 뉴스:
제목: KB금융, 투자자 관심 지속
내용: 시장에서는 KB금융의 순이자마진 방어에 주목했다. 기사에서는 긍정적인 기대와 함께 기관과 외국인 수급 엇갈림을 함께 확인해야 한다고 설명했다.

질문: KB금융 한 문장으로 요약해줘",KB금융은 순이자마진 방어 기대가 있지만 기관과 외국인 수급 엇갈림도 함께 확인해야 하는 상황입니다.
"참고 뉴스:
제목: 방산 업종 점검, 한화에어로스페이스 주목
내용: 한화에어로스페이스는 수주 잔고 확대 관련 기대가 커졌지만, 단기적으로는 금리 불확실성으로 변동성이 나타날 수 있다는 분석이 나왔다.

질문: 한화에어로스페이스 핵심만 정리해줘",주어진 자료만 보면 한화에어로스페이스는 수주 잔고 확대로 관심을 받고 있습니다. 다만 금리 불확실성도 함께 언급되어 긍정 요인과 부담 요인이 같이 있는 상황입니다.
"참고 뉴스:
제목: 자동차 업종 점검, 기아 주목
내용: 기아는 SUV 판매 호조 관련 기대가 커졌지만, 단기적으로는 환율 변동성 확대으로 변동성이 나타날 수 있다는 분석이 나왔다.

질문: 기아 뉴스 근거를 들어 설명해줘","주어진 자료만 보면 근거는 기사에서 SUV 판매 호조를 긍정 요인으로 언급했고, 동시에 환율 변동성 확대을 부담 요인으로 제시했다는 점입니다."
"참고 뉴스:
제목: SK하이닉스, 투자자 관심 지속
내용: 시장에서는 SK하이닉스의 고부가 메모리 수요 증가에 주목했다. 기사에서는 긍정적인 기대와 함께 실적 추정치 하향 가능성을 함께 확인해야 한다고 설명했다.

질문: SK하이닉스 뉴스 근거를 들어 설명해줘","제공된 참고 뉴스에 따르면 근거는 기사에서 고부가 메모리 수요 증가를 긍정 요인으로 언급했고, 동시에 실적 추정치 하향 가능성을 부담 요인으로 제시했다는 점입니다."
"참고 뉴스:
제목: 셀트리온, 바이오 업황 변화에 주목
내용: 셀트리온은 해외 판매망 강화 영향으로 실적 개선 기대가 언급됐다. 다만 금리 불확실성은 부담 요인으로 꼽혔다.

질문: 셀트리온 뉴스 근거를 들어 설명해줘","참고 뉴스 기준으로 근거는 기사에서 해외 판매망 강화를 긍정 요인으로 언급했고, 동시에 금리 불확실성을 부담 요인으로 제시했다는 점입니다."
"참고 뉴스:
제목: 기아, 투자자 관심 지속
내용: 시장에서는 기아의 SUV 판매 호조에 주목했다. 기사에서는 긍정적인 기대와 함께 금리 불확실성을 함께 확인해야 한다고 설명했다.

질문: 기아 긍정적인 내용이 있어?",참고 뉴스 기준으로 긍정적인 내용은 SUV 판매 호조로 인해 실적이나 투자 심리가 개선될 수 있다는 점입니다.
"참고 뉴스:
제목: LG에너지솔루션, 2차전지 업종 내 관심 지속
내용: LG에너지솔루션은 전기차 신차 출시 기대와 관련해 투자자 관심이 이어졌다. 기사에는 목표주가, 배당금, 구체적인 실적 수치, 밸류에이션 지표는 포함되지 않았다.

질문: LG에너지솔루션 내일 주가 오를까?",참고 뉴스에는 LG에너지솔루션의 내일 주가 방향 정보가 나와 있지 않습니다. 제공된 자료만으로는 내일 주가 방향을 확인할 수 없습니다.
"참고 뉴스:
제목: 원달러 환율 변화에 시장 관심
내용: 환율 상승이 일부 수출주에는 긍정적으로 작용할 수 있다. 그러나 외국인 수급에는 부담이 될 수 있다. 전문가들은 관련 지표와 수급 흐름을 함께 확인해야 한다고 말했다.

질문: 원달러 환율 호재와 부담 요인을 분리해서 알려줘","제공된 참고 뉴스에 따르면 호재는 환율 상승이 일부 수출주에는 긍정적으로 작용할 수 있다는 점이고, 부담 요인은 외국인 수급에는 부담이 될 수 있다는 점입니다."
"참고 뉴스:
제목: SK하이닉스, 투자자 관심 지속
내용: 시장에서는 SK하이닉스의 고부가 메모리 수요 증가에 주목했다. 기사에서는 긍정적인 기대와 함께 차익 실현 매물 출회 가능성을 함께 확인해야 한다고 설명했다.

질문: SK하이닉스 확인되는 내용만 말해줘","참고 뉴스 기준으로 SK하이닉스 관련 긍정 요인으로 고부가 메모리 수요 증가가 언급됐고, 부담 요인으로 차익 실현 매물 출회 가능성이 제시됐습니다."
"참고 뉴스:
제목: 인터넷 업종 점검, 카카오 주목
내용: 카카오는 콘텐츠 사업 조정 관련 기대가 커졌지만, 단기적으로는 환율 변동성 확대으로 변동성이 나타날 수 있다는 분석이 나왔다.

질문: 카카오 호재랑 부담 요인 나눠서 말해줘",제공된 참고 뉴스에 따르면 호재는 콘텐츠 사업 조정입니다. 부담 요인은 환율 변동성 확대입니다.
"참고 뉴스:
제목: 증권가, 삼성전자 실적 전망 점검
내용: 증권가에서는 삼성전자가 파운드리 수익성 개선 기대 덕분에 투자 심리가 개선될 수 있다고 봤다. 반면 환율 변동성 확대 때문에 추가 확인이 필요하다는 의견도 나왔다.

질문: 삼성전자 뉴스 근거를 들어 설명해줘","주어진 자료만 보면 근거는 기사에서 파운드리 수익성 개선 기대를 긍정 요인으로 언급했고, 동시에 환율 변동성 확대을 부담 요인으로 제시했다는 점입니다."
"참고 뉴스:
제목: 증권가, 아모레퍼시픽 실적 전망 점검
내용: 증권가에서는 아모레퍼시픽이 중국 소비 회복 기대 덕분에 투자 심리가 개선될 수 있다고 봤다. 반면 원가 부담 증가 때문에 추가 확인이 필요하다는 의견도 나왔다.

질문: 아모레퍼시픽 투자 판단할 때 뭘 더 봐야 해?","주어진 자료만 보면 기사에 나온 중국 소비 회복 기대와 원가 부담 증가 외에도 실제 실적, 수급, 업종 전망, 밸류에이션을 함께 확인해야 합니다."
"참고 뉴스:
제목: 증권가, 현대차 실적 전망 점검
내용: 증권가에서는 현대차가 북미 판매 호조 덕분에 투자 심리가 개선될 수 있다고 봤다. 반면 실적 추정치 하향 가능성 때문에 추가 확인이 필요하다는 의견도 나왔다.

질문: 현대차 뉴스 근거를 들어 설명해줘","이 참고 뉴스에서 확인되는 내용은 근거는 기사에서 북미 판매 호조를 긍정 요인으로 언급했고, 동시에 실적 추정치 하향 가능성을 부담 요인으로 제시했다는 점입니다."
"참고 뉴스:
제목: SK하이닉스, 반도체 업황 변화에 주목
내용: SK하이닉스는 고부가 메모리 수요 증가 영향으로 실적 개선 기대가 언급됐다. 다만 차익 실현 매물 출회 가능성은 부담 요인으로 꼽혔다.

질문: SK하이닉스 분위기 어때?",참고 뉴스 기준으로 SK하이닉스에 대한 분위기는 중립에서 긍정 쪽에 가깝습니다. 다만 차익 실현 매물 출회 가능성이 있어 단정적으로 좋다고만 보기는 어렵습니다.
"참고 뉴스:
제목: 하이브 관련 수급 변동성 확대
내용: 하이브는 엔터 업종 내 관심이 이어졌지만 수급 흐름은 엇갈렸다. 글로벌 팬덤 확대는 긍정 재료로, 차익 실현 매물 출회 가능성은 리스크로 제시됐다.

질문: 하이브 핵심만 정리해줘",제공된 참고 뉴스에 따르면 하이브는 글로벌 팬덤 확대로 관심을 받고 있습니다. 다만 차익 실현 매물 출회 가능성도 함께 언급되어 긍정 요인과 부담 요인이 같이 있는 상황입니다.
"참고 뉴스:
제목: 반도체 업종 점검, 삼성전자 주목
내용: 삼성전자는 메모리 업황 회복 기대 관련 기대가 커졌지만, 단기적으로는 기관과 외국인 수급 엇갈림으로 변동성이 나타날 수 있다는 분석이 나왔다.

질문: 삼성전자 확인되는 내용만 말해줘","이 참고 뉴스에서 확인되는 내용은 삼성전자 관련 긍정 요인으로 메모리 업황 회복 기대가 언급됐고, 부담 요인으로 기관과 외국인 수급 엇갈림이 제시됐습니다."
"참고 뉴스:
제목: 자동차 업종 점검, 기아 주목
내용: 기아는 고환율 수혜 기대 관련 기대가 커졌지만, 단기적으로는 수요 회복 속도 둔화으로 변동성이 나타날 수 있다는 분석이 나왔다.

질문: 기아 핵심만 정리해줘",주어진 자료만 보면 기아는 고환율 수혜 기대로 관심을 받고 있습니다. 다만 수요 회복 속도 둔화도 함께 언급되어 긍정 요인과 부담 요인이 같이 있는 상황입니다.
"참고 뉴스:
제목: 증권가, KB금융 실적 전망 점검
내용: 증권가에서는 KB금융이 주주환원 기대 덕분에 투자 심리가 개선될 수 있다고 봤다. 반면 원가 부담 증가 때문에 추가 확인이 필요하다는 의견도 나왔다.

질문: KB금융 리스크 중심으로 정리해줘",주어진 자료만 보면 가장 중요한 리스크는 원가 부담 증가입니다. 긍정 요인이 있어도 이 부담 요인이 커지면 주가 변동성이 확대될 수 있습니다.
"참고 뉴스:
제목: 기아, 투자자 관심 지속
내용: 시장에서는 기아의 북미 시장 점유율 개선에 주목했다. 기사에서는 긍정적인 기대와 함께 경쟁 심화을 함께 확인해야 한다고 설명했다.

질문: 기아 확인되는 내용만 말해줘","참고 뉴스 기준으로 기아 관련 긍정 요인으로 북미 시장 점유율 개선가 언급됐고, 부담 요인으로 경쟁 심화이 제시됐습니다."
"참고 뉴스:
제목: 2차전지 업종 점검, 삼성SDI 주목
내용: 삼성SDI는 고부가 제품 비중 증가 관련 기대가 커졌지만, 단기적으로는 환율 변동성 확대으로 변동성이 나타날 수 있다는 분석이 나왔다.

질문: 삼성SDI 긍정적인 내용이 있어?",이 참고 뉴스에서 확인되는 내용은 긍정적인 내용은 고부가 제품 비중 증가로 인해 실적이나 투자 심리가 개선될 수 있다는 점입니다.
"참고 뉴스:
제목: 한국전력 관련 수급 변동성 확대
내용: 한국전력은 유틸리티 업종 내 관심이 이어졌지만 수급 흐름은 엇갈렸다. 전기요금 조정 기대는 긍정 재료로, 금리 불확실성은 리스크로 제시됐다.

질문: 한국전력 긍정적인 내용이 있어?",참고 뉴스 기준으로 긍정적인 내용은 전기요금 조정 기대로 인해 실적이나 투자 심리가 개선될 수 있다는 점입니다.
"참고 뉴스:
제목: 현대차 관련 수급 변동성 확대
내용: 현대차는 자동차 업종 내 관심이 이어졌지만 수급 흐름은 엇갈렸다. 북미 판매 호조는 긍정 재료로, 원가 부담 증가는 리스크로 제시됐다.

질문: 현대차 투자 판단할 때 뭘 더 봐야 해?","이 참고 뉴스에서 확인되는 내용은 기사에 나온 북미 판매 호조와 원가 부담 증가 외에도 실제 실적, 수급, 업종 전망, 밸류에이션을 함께 확인해야 합니다."
"참고 뉴스:
제목: 삼성전자 관련 수급 변동성 확대
내용: 삼성전자는 반도체 업종 내 관심이 이어졌지만 수급 흐름은 엇갈렸다. 메모리 업황 회복 기대는 긍정 재료로, 환율 변동성 확대는 리스크로 제시됐다.

질문: 삼성전자 뉴스 근거를 들어 설명해줘","제공된 참고 뉴스에 따르면 근거는 기사에서 메모리 업황 회복 기대를 긍정 요인으로 언급했고, 동시에 환율 변동성 확대을 부담 요인으로 제시했다는 점입니다."
"참고 뉴스:
제목: 하이브, 엔터 업황 변화에 주목
내용: 하이브는 글로벌 팬덤 확대 영향으로 실적 개선 기대가 언급됐다. 다만 원가 부담 증가는 부담 요인으로 꼽혔다.

질문: 하이브 호재랑 부담 요인 나눠서 말해줘",주어진 자료만 보면 호재는 글로벌 팬덤 확대입니다. 부담 요인은 원가 부담 증가입니다.
"참고 뉴스:
제목: 삼성바이오로직스, 바이오 기대
내용: 삼성바이오로직스는 공장 가동률 개선 영향으로 관심을 받았다. 부담 요인은 금리 불확실성이다.

제목: 삼성전자, 반도체 점검
내용: 삼성전자는 AI 서버 수요 증가 기대가 있지만 금리 불확실성도 함께 언급됐다.

질문: 두 기업 중 뉴스가 더 긍정적인 쪽을 말해줘",제공된 참고 뉴스만 보면 두 기업 모두 긍정 요인이 있습니다. 다만 어느 쪽이 더 좋다고 단정하려면 실적 수치와 수급 정보가 더 필요합니다.
"참고 뉴스:
제목: KB금융, 투자자 관심 지속
내용: 시장에서는 KB금융의 비은행 부문 실적 개선에 주목했다. 기사에서는 긍정적인 기대와 함께 실적 추정치 하향 가능성을 함께 확인해야 한다고 설명했다.

질문: KB금융 부담되는 내용도 있어?",주어진 자료만 보면 부담되는 내용은 실적 추정치 하향 가능성입니다. 이 부분은 주가 변동성을 키울 수 있는 요인으로 언급됐습니다.
"참고 뉴스:
제목: 2차전지주, 전기차 수요 둔화 우려에 약세
내용: 2차전지 관련주는 전기차 판매 성장률 둔화와 배터리 소재 가격 변동성 우려로 하락했다. 일부 증권사는 장기 성장성은 유효하지만 단기 실적 부담이 이어질 수 있다고 전망했다.

질문: 2차전지주는 장기적으로 어때?","장기 성장성은 유효하다는 분석이 있지만, 단기적으로는 전기차 수요 둔화와 실적 부담을 확인해야 합니다."
"참고 뉴스:
제목: 삼성전자, 반도체 업종 내 관심 지속
내용: 삼성전자는 AI 서버 수요 증가와 관련해 투자자 관심이 이어졌다. 기사에는 목표주가, 배당금, 구체적인 실적 수치, 밸류에이션 지표는 포함되지 않았다.

질문: 삼성전자 이번 분기 영업이익 숫자 알려줘",참고 뉴스에는 삼성전자의 영업이익 정보가 나와 있지 않습니다. 제공된 자료만으로는 영업이익을 확인할 수 없습니다.
"참고 뉴스:
제목: 셀트리온 관련 수급 변동성 확대
내용: 셀트리온은 바이오 업종 내 관심이 이어졌지만 수급 흐름은 엇갈렸다. 바이오시밀러 매출 확대는 긍정 재료로, 경쟁 심화는 리스크로 제시됐다.

질문: 셀트리온 호재랑 부담 요인 나눠서 말해줘",이 참고 뉴스에서 확인되는 내용은 호재는 바이오시밀러 매출 확대입니다. 부담 요인은 경쟁 심화입니다.
"참고 뉴스:
제목: 증권가, 두산에너빌리티 실적 전망 점검
내용: 증권가에서는 두산에너빌리티가 수주 잔고 증가 덕분에 투자 심리가 개선될 수 있다고 봤다. 반면 금리 불확실성 때문에 추가 확인이 필요하다는 의견도 나왔다.

질문: 두산에너빌리티 부담되는 내용도 있어?",참고 뉴스 기준으로 부담되는 내용은 금리 불확실성입니다. 이 부분은 주가 변동성을 키울 수 있는 요인으로 언급됐습니다.
"참고 뉴스:
제목: 신한지주, 투자자 관심 지속
내용: 시장에서는 신한지주의 자사주 매입 기대에 주목했다. 기사에서는 긍정적인 기대와 함께 경쟁 심화을 함께 확인해야 한다고 설명했다.

질문: 신한지주 매수해도 돼?","참고 뉴스 기준으로 신한지주의 긍정 요인과 부담 요인은 확인되지만, 이 자료만으로 매수 여부를 판단할 수는 없습니다. 추가 실적, 밸류에이션, 수급 확인이 필요합니다."
"참고 뉴스:
제목: 증권가, 아모레퍼시픽 실적 전망 점검
내용: 증권가에서는 아모레퍼시픽이 북미 매출 성장 덕분에 투자 심리가 개선될 수 있다고 봤다. 반면 실적 추정치 하향 가능성 때문에 추가 확인이 필요하다는 의견도 나왔다.

질문: 아모레퍼시픽 분위기 어때?",주어진 자료만 보면 아모레퍼시픽에 대한 분위기는 중립에서 긍정 쪽에 가깝습니다. 다만 실적 추정치 하향 가능성이 있어 단정적으로 좋다고만 보기는 어렵습니다.
"참고 뉴스:
제목: 증권가, 아모레퍼시픽 실적 전망 점검
내용: 증권가에서는 아모레퍼시픽이 중국 소비 회복 기대 덕분에 투자 심리가 개선될 수 있다고 봤다. 반면 경쟁 심화 때문에 추가 확인이 필요하다는 의견도 나왔다.

질문: 아모레퍼시픽 매수해도 돼?","제공된 참고 뉴스에 따르면 아모레퍼시픽의 긍정 요인과 부담 요인은 확인되지만, 이 자료만으로 매수 여부를 판단할 수는 없습니다. 추가 실적, 밸류에이션, 수급 확인이 필요합니다."
"참고 뉴스:
제목: 증권가, 신한지주 실적 전망 점검
내용: 증권가에서는 신한지주가 건전성 관리 강화 덕분에 투자 심리가 개선될 수 있다고 봤다. 반면 금리 불확실성 때문에 추가 확인이 필요하다는 의견도 나왔다.

질문: 신한지주 분위기 어때?",주어진 자료만 보면 신한지주에 대한 분위기는 중립에서 긍정 쪽에 가깝습니다. 다만 금리 불확실성이 있어 단정적으로 좋다고만 보기는 어렵습니다.
"참고 뉴스:
제목: LG에너지솔루션, 2차전지 업황 변화에 주목
내용: LG에너지솔루션은 배터리 출하량 회복 기대 영향으로 실적 개선 기대가 언급됐다. 다만 경쟁 심화는 부담 요인으로 꼽혔다.

질문: LG에너지솔루션 부담되는 내용도 있어?",주어진 자료만 보면 부담되는 내용은 경쟁 심화입니다. 이 부분은 주가 변동성을 키울 수 있는 요인으로 언급됐습니다.
"참고 뉴스:
제목: 삼성전자, 반도체 업황 변화에 주목
내용: 삼성전자는 AI 서버 수요 증가 영향으로 실적 개선 기대가 언급됐다. 다만 경쟁 심화는 부담 요인으로 꼽혔다.

질문: 삼성전자 긍정적인 내용이 있어?",주어진 자료만 보면 긍정적인 내용은 AI 서버 수요 증가로 인해 실적이나 투자 심리가 개선될 수 있다는 점입니다.
"참고 뉴스:
제목: AI 관련주, 데이터센터 투자 확대에 상승
내용: 글로벌 빅테크의 데이터센터 투자 확대 소식이 전해지며 AI 반도체, 서버, 전력 인프라 관련주가 상승했다. 시장에서는 실적 확인 전까지 종목별 차별화가 필요하다는 분석도 나왔다.

질문: 이 참고 뉴스 핵심만 정리해줘","AI 관련주는 글로벌 빅테크의 데이터센터 투자 확대 소식에 상승했습니다. AI 반도체, 서버, 전력 인프라 관련주가 주목받았지만, 실적 확인 전까지는 종목별 차별화가 필요합니다."
"참고 뉴스:
제목: 삼성전자, 투자자 관심 지속
내용: 시장에서는 삼성전자의 메모리 업황 회복 기대에 주목했다. 기사에서는 긍정적인 기대와 함께 금리 불확실성을 함께 확인해야 한다고 설명했다.

질문: 삼성전자 뉴스 근거를 들어 설명해줘","주어진 자료만 보면 근거는 기사에서 메모리 업황 회복 기대를 긍정 요인으로 언급했고, 동시에 금리 불확실성을 부담 요인으로 제시했다는 점입니다."
"참고 뉴스:
제목: 자동차 업종 점검, 기아 주목
내용: 기아는 SUV 판매 호조 관련 기대가 커졌지만, 단기적으로는 금리 불확실성으로 변동성이 나타날 수 있다는 분석이 나왔다.

질문: 기아 투자 판단할 때 뭘 더 봐야 해?","제공된 참고 뉴스에 따르면 기사에 나온 SUV 판매 호조와 금리 불확실성 외에도 실제 실적, 수급, 업종 전망, 밸류에이션을 함께 확인해야 합니다."
"참고 뉴스:
제목: 삼성SDI 관련 수급 변동성 확대
내용: 삼성SDI는 2차전지 업종 내 관심이 이어졌지만 수급 흐름은 엇갈렸다. ESS 수요 확대는 긍정 재료로, 경쟁 심화는 리스크로 제시됐다.

질문: 삼성SDI 확인되는 내용만 말해줘","제공된 참고 뉴스에 따르면 삼성SDI 관련 긍정 요인으로 ESS 수요 확대가 언급됐고, 부담 요인으로 경쟁 심화이 제시됐습니다."
"참고 뉴스:
제목: 기아, 자동차 업종 내 관심 지속
내용: 기아는 SUV 판매 호조와 관련해 투자자 관심이 이어졌다. 기사에는 목표주가, 배당금, 구체적인 실적 수치, 밸류에이션 지표는 포함되지 않았다.

질문: 기아 목표주가 알려줘",참고 뉴스에는 기아의 목표주가 정보가 나와 있지 않습니다. 제공된 자료만으로는 목표주가을 확인할 수 없습니다.
"참고 뉴스:
제목: 증권가, 셀트리온 실적 전망 점검
내용: 증권가에서는 셀트리온이 해외 판매망 강화 덕분에 투자 심리가 개선될 수 있다고 봤다. 반면 실적 추정치 하향 가능성 때문에 추가 확인이 필요하다는 의견도 나왔다.

질문: 셀트리온 목표주가 얼마야?",참고 뉴스에는 셀트리온의 구체적인 목표주가가 제시되어 있지 않습니다. 제공된 자료만으로는 목표주가를 말할 수 없습니다.
"참고 뉴스:
제목: 신한지주 관련 수급 변동성 확대
내용: 신한지주는 금융 업종 내 관심이 이어졌지만 수급 흐름은 엇갈렸다. 자사주 매입 기대는 긍정 재료로, 환율 변동성 확대는 리스크로 제시됐다.

질문: 신한지주 뉴스 근거를 들어 설명해줘","제공된 참고 뉴스에 따르면 근거는 기사에서 자사주 매입 기대를 긍정 요인으로 언급했고, 동시에 환율 변동성 확대을 부담 요인으로 제시했다는 점입니다."
"참고 뉴스:
제목: 아모레퍼시픽, 투자자 관심 지속
내용: 시장에서는 아모레퍼시픽의 중국 소비 회복 기대에 주목했다. 기사에서는 긍정적인 기대와 함께 경쟁 심화을 함께 확인해야 한다고 설명했다.

질문: 아모레퍼시픽 한 문장으로 요약해줘",아모레퍼시픽은 중국 소비 회복 기대 기대가 있지만 경쟁 심화도 함께 확인해야 하는 상황입니다.
"참고 뉴스:
제목: 삼성바이오로직스, 투자자 관심 지속
내용: 시장에서는 삼성바이오로직스의 공장 가동률 개선에 주목했다. 기사에서는 긍정적인 기대와 함께 수요 회복 속도 둔화을 함께 확인해야 한다고 설명했다.

질문: 삼성바이오로직스 투자 판단할 때 뭘 더 봐야 해?","참고 뉴스 기준으로 기사에 나온 공장 가동률 개선와 수요 회복 속도 둔화 외에도 실제 실적, 수급, 업종 전망, 밸류에이션을 함께 확인해야 합니다."
"참고 뉴스:
제목: 반도체 업종 점검, 삼성전자 주목
내용: 삼성전자는 파운드리 수익성 개선 기대 관련 기대가 커졌지만, 단기적으로는 차익 실현 매물 출회 가능성으로 변동성이 나타날 수 있다는 분석이 나왔다.

질문: 삼성전자 한 문장으로 요약해줘",삼성전자는 파운드리 수익성 개선 기대 기대가 있지만 차익 실현 매물 출회 가능성도 함께 확인해야 하는 상황입니다.
"참고 뉴스:
제목: 증권가, 두산에너빌리티 실적 전망 점검
내용: 증권가에서는 두산에너빌리티가 수주 잔고 증가 덕분에 투자 심리가 개선될 수 있다고 봤다. 반면 실적 추정치 하향 가능성 때문에 추가 확인이 필요하다는 의견도 나왔다.

질문: 두산에너빌리티 핵심만 정리해줘",주어진 자료만 보면 두산에너빌리티는 수주 잔고 증가로 관심을 받고 있습니다. 다만 실적 추정치 하향 가능성도 함께 언급되어 긍정 요인과 부담 요인이 같이 있는 상황입니다.
"참고 뉴스:
제목: 증권가, 카카오 실적 전망 점검
내용: 증권가에서는 카카오가 콘텐츠 사업 조정 덕분에 투자 심리가 개선될 수 있다고 봤다. 반면 금리 불확실성 때문에 추가 확인이 필요하다는 의견도 나왔다.

질문: 카카오 목표주가 얼마야?",참고 뉴스에는 카카오의 구체적인 목표주가가 제시되어 있지 않습니다. 제공된 자료만으로는 목표주가를 말할 수 없습니다.
"참고 뉴스:
제목: 삼성전자, 반도체 업황 회복 기대
내용: 증권가는 메모리 반도체 가격 회복과 AI 서버 투자 확대가 삼성전자 실적 개선에 긍정적으로 작용할 수 있다고 분석했다. 다만 단기 주가 흐름은 환율과 외국인 수급에 따라 변동성이 클 수 있다고 설명했다.

질문: 이 참고 뉴스 핵심만 정리해줘","삼성전자 관련 뉴스의 핵심은 반도체 업황 회복 기대입니다. 메모리 가격 회복과 AI 서버 투자 확대가 실적 개선 요인으로 언급되었지만, 단기 주가는 환율과 외국인 수급에 따라 변동성이 있을 수 있습니다."
"참고 뉴스:
제목: 삼성바이오로직스, 바이오 업황 변화에 주목
내용: 삼성바이오로직스는 장기 공급계약 증가 영향으로 실적 개선 기대가 언급됐다. 다만 실적 추정치 하향 가능성은 부담 요인으로 꼽혔다.

질문: 삼성바이오로직스 분위기 어때?",제공된 참고 뉴스에 따르면 삼성바이오로직스에 대한 분위기는 중립에서 긍정 쪽에 가깝습니다. 다만 실적 추정치 하향 가능성이 있어 단정적으로 좋다고만 보기는 어렵습니다.
"참고 뉴스:
제목: 하이브, 엔터 업황 변화에 주목
내용: 하이브는 글로벌 팬덤 확대 영향으로 실적 개선 기대가 언급됐다. 다만 금리 불확실성은 부담 요인으로 꼽혔다.

질문: 하이브 목표주가 얼마야?",참고 뉴스에는 하이브의 구체적인 목표주가가 제시되어 있지 않습니다. 제공된 자료만으로는 목표주가를 말할 수 없습니다.
"참고 뉴스:
제목: 삼성SDI, 2차전지 업황 변화에 주목
내용: 삼성SDI는 ESS 수요 확대 영향으로 실적 개선 기대가 언급됐다. 다만 수요 회복 속도 둔화는 부담 요인으로 꼽혔다.

질문: 삼성SDI 확인되는 내용만 말해줘","이 참고 뉴스에서 확인되는 내용은 삼성SDI 관련 긍정 요인으로 ESS 수요 확대가 언급됐고, 부담 요인으로 수요 회복 속도 둔화이 제시됐습니다."
"참고 뉴스:
제목: 네이버 관련 수급 변동성 확대
내용: 네이버는 인터넷 업종 내 관심이 이어졌지만 수급 흐름은 엇갈렸다. 클라우드 사업 성장은 긍정 재료로, 경쟁 심화는 리스크로 제시됐다.

질문: 네이버 투자 판단할 때 뭘 더 봐야 해?","이 참고 뉴스에서 확인되는 내용은 기사에 나온 클라우드 사업 성장와 경쟁 심화 외에도 실제 실적, 수급, 업종 전망, 밸류에이션을 함께 확인해야 합니다."
"참고 뉴스:
제목: 삼성전자 관련 수급 변동성 확대
내용: 삼성전자는 반도체 업종 내 관심이 이어졌지만 수급 흐름은 엇갈렸다. AI 서버 수요 증가는 긍정 재료로, 경쟁 심화는 리스크로 제시됐다.

질문: 삼성전자 핵심만 정리해줘",주어진 자료만 보면 삼성전자는 AI 서버 수요 증가로 관심을 받고 있습니다. 다만 경쟁 심화도 함께 언급되어 긍정 요인과 부담 요인이 같이 있는 상황입니다.
"참고 뉴스:
제목: 현대차, 자동차 업종 내 관심 지속
내용: 현대차는 환율 효과와 관련해 투자자 관심이 이어졌다. 기사에는 목표주가, 배당금, 구체적인 실적 수치, 밸류에이션 지표는 포함되지 않았다.

질문: 현대차 정확한 매수 가격 알려줘",참고 뉴스에는 현대차의 매수 가격 정보가 나와 있지 않습니다. 제공된 자료만으로는 매수 가격을 확인할 수 없습니다.
"참고 뉴스:
제목: 인터넷 업종 점검, 카카오 주목
내용: 카카오는 플랫폼 비용 절감 관련 기대가 커졌지만, 단기적으로는 환율 변동성 확대으로 변동성이 나타날 수 있다는 분석이 나왔다.

질문: 카카오 핵심만 정리해줘",참고 뉴스 기준으로 카카오는 플랫폼 비용 절감로 관심을 받고 있습니다. 다만 환율 변동성 확대도 함께 언급되어 긍정 요인과 부담 요인이 같이 있는 상황입니다.
"참고 뉴스:
제목: 셀트리온, 바이오 업황 변화에 주목
내용: 셀트리온은 신제품 허가 기대 영향으로 실적 개선 기대가 언급됐다. 다만 기관과 외국인 수급 엇갈림은 부담 요인으로 꼽혔다.

질문: 셀트리온 한 문장으로 요약해줘",셀트리온은 신제품 허가 기대 기대가 있지만 기관과 외국인 수급 엇갈림도 함께 확인해야 하는 상황입니다.
"참고 뉴스:
제목: 증권가, SK하이닉스 실적 전망 점검
내용: 증권가에서는 SK하이닉스가 HBM 공급 확대 덕분에 투자 심리가 개선될 수 있다고 봤다. 반면 금리 불확실성 때문에 추가 확인이 필요하다는 의견도 나왔다.

질문: SK하이닉스 한 문장으로 요약해줘",SK하이닉스는 HBM 공급 확대 기대가 있지만 금리 불확실성도 함께 확인해야 하는 상황입니다.
"참고 뉴스:
제목: LG에너지솔루션 관련 수급 변동성 확대
내용: LG에너지솔루션은 2차전지 업종 내 관심이 이어졌지만 수급 흐름은 엇갈렸다. 전기차 신차 출시 기대는 긍정 재료로, 수요 회복 속도 둔화는 리스크로 제시됐다.

질문: LG에너지솔루션 한 문장으로 요약해줘",LG에너지솔루션은 전기차 신차 출시 기대 기대가 있지만 수요 회복 속도 둔화도 함께 확인해야 하는 상황입니다.
"참고 뉴스:
제목: SK하이닉스, 반도체 기대
내용: SK하이닉스는 HBM 공급 확대 영향으로 관심을 받았다. 부담 요인은 환율 변동성 확대이다.

제목: 네이버, 인터넷 점검
내용: 네이버는 클라우드 사업 성장 기대가 있지만 경쟁 심화도 함께 언급됐다.

질문: 두 기업 중 뉴스가 더 긍정적인 쪽을 말해줘",제공된 참고 뉴스만 보면 두 기업 모두 긍정 요인이 있습니다. 다만 어느 쪽이 더 좋다고 단정하려면 실적 수치와 수급 정보가 더 필요합니다.
"참고 뉴스:
제목: 삼성전자, 투자자 관심 지속
내용: 시장에서는 삼성전자의 AI 서버 수요 증가에 주목했다. 기사에서는 긍정적인 기대와 함께 실적 추정치 하향 가능성을 함께 확인해야 한다고 설명했다.

질문: 삼성전자 매수해도 돼?","주어진 자료만 보면 삼성전자의 긍정 요인과 부담 요인은 확인되지만, 이 자료만으로 매수 여부를 판단할 수는 없습니다. 추가 실적, 밸류에이션, 수급 확인이 필요합니다."
"참고 뉴스:
제목: KB금융, 금융 업종 내 관심 지속
내용: KB금융은 비은행 부문 실적 개선와 관련해 투자자 관심이 이어졌다. 기사에는 목표주가, 배당금, 구체적인 실적 수치, 밸류에이션 지표는 포함되지 않았다.

질문: KB금융 목표주가 알려줘",참고 뉴스에는 KB금융의 목표주가 정보가 나와 있지 않습니다. 제공된 자료만으로는 목표주가을 확인할 수 없습니다.
"참고 뉴스:
제목: 신한지주, 금융 업황 변화에 주목
내용: 신한지주는 자사주 매입 기대 영향으로 실적 개선 기대가 언급됐다. 다만 원가 부담 증가는 부담 요인으로 꼽혔다.

질문: 신한지주 매수해도 돼?","주어진 자료만 보면 신한지주의 긍정 요인과 부담 요인은 확인되지만, 이 자료만으로 매수 여부를 판단할 수는 없습니다. 추가 실적, 밸류에이션, 수급 확인이 필요합니다."
"참고 뉴스:
제목: 증권가, 신한지주 실적 전망 점검
내용: 증권가에서는 신한지주가 건전성 관리 강화 덕분에 투자 심리가 개선될 수 있다고 봤다. 반면 환율 변동성 확대 때문에 추가 확인이 필요하다는 의견도 나왔다.

질문: 신한지주 한 문장으로 요약해줘",신한지주는 건전성 관리 강화 기대가 있지만 환율 변동성 확대도 함께 확인해야 하는 상황입니다.
"참고 뉴스:
제목: POSCO홀딩스, 투자자 관심 지속
내용: 시장에서는 POSCO홀딩스의 리튬 사업 기대에 주목했다. 기사에서는 긍정적인 기대와 함께 원가 부담 증가을 함께 확인해야 한다고 설명했다.

질문: POSCO홀딩스 뉴스 근거를 들어 설명해줘","이 참고 뉴스에서 확인되는 내용은 근거는 기사에서 리튬 사업 기대를 긍정 요인으로 언급했고, 동시에 원가 부담 증가을 부담 요인으로 제시했다는 점입니다."
"참고 뉴스:
제목: 두산에너빌리티, 전력기기 기대
내용: 두산에너빌리티는 원전 수주 기대 영향으로 관심을 받았다. 부담 요인은 환율 변동성 확대이다.

제목: KB금융, 금융 점검
내용: KB금융은 주주환원 기대 기대가 있지만 경쟁 심화도 함께 언급됐다.

질문: 두 뉴스에서 확인되는 리스크를 정리해줘","참고 뉴스에서 확인되는 리스크는 두산에너빌리티의 환율 변동성 확대, KB금융의 경쟁 심화입니다."
"참고 뉴스:
제목: 한화에어로스페이스, 투자자 관심 지속
내용: 시장에서는 한화에어로스페이스의 해외 계약 증가에 주목했다. 기사에서는 긍정적인 기대와 함께 환율 변동성 확대을 함께 확인해야 한다고 설명했다.

질문: 한화에어로스페이스 투자 판단할 때 뭘 더 봐야 해?","이 참고 뉴스에서 확인되는 내용은 기사에 나온 해외 계약 증가와 환율 변동성 확대 외에도 실제 실적, 수급, 업종 전망, 밸류에이션을 함께 확인해야 합니다."
"참고 뉴스:
제목: 증권가, LG에너지솔루션 실적 전망 점검
내용: 증권가에서는 LG에너지솔루션이 원재료 가격 안정 덕분에 투자 심리가 개선될 수 있다고 봤다. 반면 수요 회복 속도 둔화 때문에 추가 확인이 필요하다는 의견도 나왔다.

질문: LG에너지솔루션 부담되는 내용도 있어?",제공된 참고 뉴스에 따르면 부담되는 내용은 수요 회복 속도 둔화입니다. 이 부분은 주가 변동성을 키울 수 있는 요인으로 언급됐습니다.
"참고 뉴스:
제목: 기아, 자동차 기대
내용: 기아는 SUV 판매 호조 영향으로 관심을 받았다. 부담 요인은 원가 부담 증가이다.

제목: 아모레퍼시픽, 화장품 점검
내용: 아모레퍼시픽은 면세 채널 개선 기대가 있지만 금리 불확실성도 함께 언급됐다.

질문: 두 기업 중 뉴스가 더 긍정적인 쪽을 말해줘",제공된 참고 뉴스만 보면 두 기업 모두 긍정 요인이 있습니다. 다만 어느 쪽이 더 좋다고 단정하려면 실적 수치와 수급 정보가 더 필요합니다.
"참고 뉴스:
제목: 증권가, 삼성전자 실적 전망 점검
내용: 증권가에서는 삼성전자가 파운드리 수익성 개선 기대 덕분에 투자 심리가 개선될 수 있다고 봤다. 반면 환율 변동성 확대 때문에 추가 확인이 필요하다는 의견도 나왔다.

질문: 삼성전자 핵심만 정리해줘",제공된 참고 뉴스에 따르면 삼성전자는 파운드리 수익성 개선 기대로 관심을 받고 있습니다. 다만 환율 변동성 확대도 함께 언급되어 긍정 요인과 부담 요인이 같이 있는 상황입니다.
"참고 뉴스:
제목: 셀트리온, 바이오 기대
내용: 셀트리온은 해외 판매망 강화 영향으로 관심을 받았다. 부담 요인은 수요 회복 속도 둔화이다.

제목: 두산에너빌리티, 전력기기 점검
내용: 두산에너빌리티는 원전 수주 기대 기대가 있지만 원가 부담 증가도 함께 언급됐다.

질문: 두 뉴스에서 확인되는 리스크를 정리해줘","참고 뉴스에서 확인되는 리스크는 셀트리온의 수요 회복 속도 둔화, 두산에너빌리티의 원가 부담 증가입니다."
"참고 뉴스:
제목: 국내 증시 변화에 시장 관심
내용: 외국인 순매수와 반도체 대형주 강세가 지수를 지지했다. 그러나 단기 급등 이후 차익 실현 매물이 나올 수 있다. 전문가들은 관련 지표와 수급 흐름을 함께 확인해야 한다고 말했다.

질문: 국내 증시 이 자료만 보고 투자 결론까지 내릴 수 있어?",참고 뉴스만으로 투자 결론까지 내리기는 어렵습니다. 시장 변수 확인에는 도움이 되지만 매수나 매도 판단에는 추가 분석이 필요합니다.
"참고 뉴스:
제목: POSCO홀딩스, 철강 업황 변화에 주목
내용: POSCO홀딩스는 리튬 사업 기대 영향으로 실적 개선 기대가 언급됐다. 다만 원가 부담 증가는 부담 요인으로 꼽혔다.

질문: POSCO홀딩스 목표주가 얼마야?",참고 뉴스에는 POSCO홀딩스의 구체적인 목표주가가 제시되어 있지 않습니다. 제공된 자료만으로는 목표주가를 말할 수 없습니다.
"참고 뉴스:
제목: 자동차 업종 점검, 현대차 주목
내용: 현대차는 하이브리드 수요 확대 관련 기대가 커졌지만, 단기적으로는 기관과 외국인 수급 엇갈림으로 변동성이 나타날 수 있다는 분석이 나왔다.

질문: 현대차 투자 판단할 때 뭘 더 봐야 해?","제공된 참고 뉴스에 따르면 기사에 나온 하이브리드 수요 확대와 기관과 외국인 수급 엇갈림 외에도 실제 실적, 수급, 업종 전망, 밸류에이션을 함께 확인해야 합니다."
"참고 뉴스:
제목: 대한항공, 투자자 관심 지속
내용: 시장에서는 대한항공의 유가 하락 기대에 주목했다. 기사에서는 긍정적인 기대와 함께 기관과 외국인 수급 엇갈림을 함께 확인해야 한다고 설명했다.

질문: 대한항공 확인되는 내용만 말해줘","주어진 자료만 보면 대한항공 관련 긍정 요인으로 유가 하락 기대가 언급됐고, 부담 요인으로 기관과 외국인 수급 엇갈림이 제시됐습니다."
"참고 뉴스:
제목: 현대차, 투자자 관심 지속
내용: 시장에서는 현대차의 북미 판매 호조에 주목했다. 기사에서는 긍정적인 기대와 함께 금리 불확실성을 함께 확인해야 한다고 설명했다.

질문: 현대차 리스크 중심으로 정리해줘",주어진 자료만 보면 가장 중요한 리스크는 금리 불확실성입니다. 긍정 요인이 있어도 이 부담 요인이 커지면 주가 변동성이 확대될 수 있습니다.
"참고 뉴스:
제목: 증권가, 한국전력 실적 전망 점검
내용: 증권가에서는 한국전력이 재무구조 개선 기대 덕분에 투자 심리가 개선될 수 있다고 봤다. 반면 차익 실현 매물 출회 가능성 때문에 추가 확인이 필요하다는 의견도 나왔다.

질문: 한국전력 매수해도 돼?","주어진 자료만 보면 한국전력의 긍정 요인과 부담 요인은 확인되지만, 이 자료만으로 매수 여부를 판단할 수는 없습니다. 추가 실적, 밸류에이션, 수급 확인이 필요합니다."
"참고 뉴스:
제목: SK하이닉스, 투자자 관심 지속
내용: 시장에서는 SK하이닉스의 HBM 공급 확대에 주목했다. 기사에서는 긍정적인 기대와 함께 경쟁 심화을 함께 확인해야 한다고 설명했다.

질문: SK하이닉스 리스크 중심으로 정리해줘",참고 뉴스 기준으로 가장 중요한 리스크는 경쟁 심화입니다. 긍정 요인이 있어도 이 부담 요인이 커지면 주가 변동성이 확대될 수 있습니다.
"참고 뉴스:
제목: 하이브, 엔터 기대
내용: 하이브는 콘텐츠 매출 증가 영향으로 관심을 받았다. 부담 요인은 기관과 외국인 수급 엇갈림이다.

제목: LG에너지솔루션, 2차전지 점검
내용: LG에너지솔루션은 원재료 가격 안정 기대가 있지만 원가 부담 증가도 함께 언급됐다.

질문: 두 기업 중 뉴스가 더 긍정적인 쪽을 말해줘",제공된 참고 뉴스만 보면 두 기업 모두 긍정 요인이 있습니다. 다만 어느 쪽이 더 좋다고 단정하려면 실적 수치와 수급 정보가 더 필요합니다.
"참고 뉴스:
제목: 신한지주, 금융 업종 내 관심 지속
내용: 신한지주는 건전성 관리 강화와 관련해 투자자 관심이 이어졌다. 기사에는 목표주가, 배당금, 구체적인 실적 수치, 밸류에이션 지표는 포함되지 않았다.

질문: 신한지주 배당금 얼마야?",참고 뉴스에는 신한지주의 배당금 정보가 나와 있지 않습니다. 제공된 자료만으로는 배당금을 확인할 수 없습니다.
"참고 뉴스:
제목: 철강 업종 점검, POSCO홀딩스 주목
내용: POSCO홀딩스는 리튬 사업 기대 관련 기대가 커졌지만, 단기적으로는 환율 변동성 확대으로 변동성이 나타날 수 있다는 분석이 나왔다.

질문: POSCO홀딩스 긍정적인 내용이 있어?",주어진 자료만 보면 긍정적인 내용은 리튬 사업 기대로 인해 실적이나 투자 심리가 개선될 수 있다는 점입니다.
"참고 뉴스:
제목: POSCO홀딩스, 투자자 관심 지속
내용: 시장에서는 POSCO홀딩스의 리튬 사업 기대에 주목했다. 기사에서는 긍정적인 기대와 함께 원가 부담 증가을 함께 확인해야 한다고 설명했다.

질문: POSCO홀딩스 핵심만 정리해줘",이 참고 뉴스에서 확인되는 내용은 POSCO홀딩스는 리튬 사업 기대로 관심을 받고 있습니다. 다만 원가 부담 증가도 함께 언급되어 긍정 요인과 부담 요인이 같이 있는 상황입니다.
"참고 뉴스:
제목: SK하이닉스 관련 수급 변동성 확대
내용: SK하이닉스는 반도체 업종 내 관심이 이어졌지만 수급 흐름은 엇갈렸다. 데이터센터 투자 증가는 긍정 재료로, 환율 변동성 확대는 리스크로 제시됐다.

질문: SK하이닉스 분위기 어때?",이 참고 뉴스에서 확인되는 내용은 SK하이닉스에 대한 분위기는 중립에서 긍정 쪽에 가깝습니다. 다만 환율 변동성 확대이 있어 단정적으로 좋다고만 보기는 어렵습니다.
"참고 뉴스:
제목: 네이버, 투자자 관심 지속
내용: 시장에서는 네이버의 클라우드 사업 성장에 주목했다. 기사에서는 긍정적인 기대와 함께 원가 부담 증가을 함께 확인해야 한다고 설명했다.

질문: 네이버 한 문장으로 요약해줘",네이버는 클라우드 사업 성장 기대가 있지만 원가 부담 증가도 함께 확인해야 하는 상황입니다.
"참고 뉴스:
제목: 증권가, 셀트리온 실적 전망 점검
내용: 증권가에서는 셀트리온이 신제품 허가 기대 덕분에 투자 심리가 개선될 수 있다고 봤다. 반면 경쟁 심화 때문에 추가 확인이 필요하다는 의견도 나왔다.

질문: 셀트리온 매수해도 돼?","참고 뉴스 기준으로 셀트리온의 긍정 요인과 부담 요인은 확인되지만, 이 자료만으로 매수 여부를 판단할 수는 없습니다. 추가 실적, 밸류에이션, 수급 확인이 필요합니다."
"참고 뉴스:
제목: 네이버, 투자자 관심 지속
내용: 시장에서는 네이버의 클라우드 사업 성장에 주목했다. 기사에서는 긍정적인 기대와 함께 차익 실현 매물 출회 가능성을 함께 확인해야 한다고 설명했다.

질문: 네이버 뉴스 근거를 들어 설명해줘","이 참고 뉴스에서 확인되는 내용은 근거는 기사에서 클라우드 사업 성장를 긍정 요인으로 언급했고, 동시에 차익 실현 매물 출회 가능성을 부담 요인으로 제시했다는 점입니다."
"참고 뉴스:
제목: 증권가, 현대차 실적 전망 점검
내용: 증권가에서는 현대차가 하이브리드 수요 확대 덕분에 투자 심리가 개선될 수 있다고 봤다. 반면 금리 불확실성 때문에 추가 확인이 필요하다는 의견도 나왔다.

질문: 현대차 분위기 어때?",제공된 참고 뉴스에 따르면 현대차에 대한 분위기는 중립에서 긍정 쪽에 가깝습니다. 다만 금리 불확실성이 있어 단정적으로 좋다고만 보기는 어렵습니다.
"참고 뉴스:
제목: CJ대한통운, 물류 업종 내 관심 지속
내용: CJ대한통운은 자동화 투자 효과와 관련해 투자자 관심이 이어졌다. 기사에는 목표주가, 배당금, 구체적인 실적 수치, 밸류에이션 지표는 포함되지 않았다.

질문: CJ대한통운 목표주가 알려줘",참고 뉴스에는 CJ대한통운의 목표주가 정보가 나와 있지 않습니다. 제공된 자료만으로는 목표주가을 확인할 수 없습니다.
"참고 뉴스:
제목: 카카오, 인터넷 업황 변화에 주목
내용: 카카오는 플랫폼 비용 절감 영향으로 실적 개선 기대가 언급됐다. 다만 환율 변동성 확대는 부담 요인으로 꼽혔다.

질문: 카카오 리스크 중심으로 정리해줘",이 참고 뉴스에서 확인되는 내용은 가장 중요한 리스크는 환율 변동성 확대입니다. 긍정 요인이 있어도 이 부담 요인이 커지면 주가 변동성이 확대될 수 있습니다.
"참고 뉴스:
제목: 증권가, 카카오 실적 전망 점검
내용: 증권가에서는 카카오가 플랫폼 비용 절감 덕분에 투자 심리가 개선될 수 있다고 봤다. 반면 수요 회복 속도 둔화 때문에 추가 확인이 필요하다는 의견도 나왔다.

질문: 카카오 투자 판단할 때 뭘 더 봐야 해?","제공된 참고 뉴스에 따르면 기사에 나온 플랫폼 비용 절감와 수요 회복 속도 둔화 외에도 실제 실적, 수급, 업종 전망, 밸류에이션을 함께 확인해야 합니다."
"참고 뉴스:
제목: 기아 관련 수급 변동성 확대
내용: 기아는 자동차 업종 내 관심이 이어졌지만 수급 흐름은 엇갈렸다. 북미 시장 점유율 개선은 긍정 재료로, 경쟁 심화는 리스크로 제시됐다.

질문: 기아 투자 판단할 때 뭘 더 봐야 해?","주어진 자료만 보면 기사에 나온 북미 시장 점유율 개선와 경쟁 심화 외에도 실제 실적, 수급, 업종 전망, 밸류에이션을 함께 확인해야 합니다."
"참고 뉴스:
제목: 증권가, 현대차 실적 전망 점검
내용: 증권가에서는 현대차가 하이브리드 수요 확대 덕분에 투자 심리가 개선될 수 있다고 봤다. 반면 차익 실현 매물 출회 가능성 때문에 추가 확인이 필요하다는 의견도 나왔다.

질문: 현대차 긍정적인 내용이 있어?",참고 뉴스 기준으로 긍정적인 내용은 하이브리드 수요 확대로 인해 실적이나 투자 심리가 개선될 수 있다는 점입니다.
"참고 뉴스:
제목: 신한지주, 금융 기대
내용: 신한지주는 건전성 관리 강화 영향으로 관심을 받았다. 부담 요인은 환율 변동성 확대이다.

제목: 셀트리온, 바이오 점검
내용: 셀트리온은 바이오시밀러 매출 확대 기대가 있지만 환율 변동성 확대도 함께 언급됐다.

질문: 두 기업 중 뉴스가 더 긍정적인 쪽을 말해줘",제공된 참고 뉴스만 보면 두 기업 모두 긍정 요인이 있습니다. 다만 어느 쪽이 더 좋다고 단정하려면 실적 수치와 수급 정보가 더 필요합니다.
"참고 뉴스:
제목: 셀트리온, 바이오 업황 변화에 주목
내용: 셀트리온은 바이오시밀러 매출 확대 영향으로 실적 개선 기대가 언급됐다. 다만 수요 회복 속도 둔화는 부담 요인으로 꼽혔다.

질문: 셀트리온 호재랑 부담 요인 나눠서 말해줘",이 참고 뉴스에서 확인되는 내용은 호재는 바이오시밀러 매출 확대입니다. 부담 요인은 수요 회복 속도 둔화입니다.
"참고 뉴스:
제목: LG에너지솔루션, 2차전지 업황 변화에 주목
내용: LG에너지솔루션은 전기차 신차 출시 기대 영향으로 실적 개선 기대가 언급됐다. 다만 실적 추정치 하향 가능성은 부담 요인으로 꼽혔다.

질문: LG에너지솔루션 부담되는 내용도 있어?",제공된 참고 뉴스에 따르면 부담되는 내용은 실적 추정치 하향 가능성입니다. 이 부분은 주가 변동성을 키울 수 있는 요인으로 언급됐습니다.
"참고 뉴스:
제목: 한화에어로스페이스 관련 수급 변동성 확대
내용: 한화에어로스페이스는 방산 업종 내 관심이 이어졌지만 수급 흐름은 엇갈렸다. 방산 수출 기대는 긍정 재료로, 실적 추정치 하향 가능성은 리스크로 제시됐다.

질문: 한화에어로스페이스 핵심만 정리해줘",이 참고 뉴스에서 확인되는 내용은 한화에어로스페이스는 방산 수출 기대로 관심을 받고 있습니다. 다만 실적 추정치 하향 가능성도 함께 언급되어 긍정 요인과 부담 요인이 같이 있는 상황입니다.
"참고 뉴스:
제목: 인터넷 업종 점검, 카카오 주목
내용: 카카오는 콘텐츠 사업 조정 관련 기대가 커졌지만, 단기적으로는 기관과 외국인 수급 엇갈림으로 변동성이 나타날 수 있다는 분석이 나왔다.

질문: 카카오 투자 판단할 때 뭘 더 봐야 해?","이 참고 뉴스에서 확인되는 내용은 기사에 나온 콘텐츠 사업 조정와 기관과 외국인 수급 엇갈림 외에도 실제 실적, 수급, 업종 전망, 밸류에이션을 함께 확인해야 합니다."
"참고 뉴스:
제목: 두산에너빌리티, 투자자 관심 지속
내용: 시장에서는 두산에너빌리티의 수주 잔고 증가에 주목했다. 기사에서는 긍정적인 기대와 함께 차익 실현 매물 출회 가능성을 함께 확인해야 한다고 설명했다.

질문: 두산에너빌리티 분위기 어때?",주어진 자료만 보면 두산에너빌리티에 대한 분위기는 중립에서 긍정 쪽에 가깝습니다. 다만 차익 실현 매물 출회 가능성이 있어 단정적으로 좋다고만 보기는 어렵습니다.
"참고 뉴스:
제목: 삼성바이오로직스, 투자자 관심 지속
내용: 시장에서는 삼성바이오로직스의 공장 가동률 개선에 주목했다. 기사에서는 긍정적인 기대와 함께 원가 부담 증가을 함께 확인해야 한다고 설명했다.

질문: 삼성바이오로직스 핵심만 정리해줘",제공된 참고 뉴스에 따르면 삼성바이오로직스는 공장 가동률 개선로 관심을 받고 있습니다. 다만 원가 부담 증가도 함께 언급되어 긍정 요인과 부담 요인이 같이 있는 상황입니다.
"참고 뉴스:
제목: 증권가, 현대차 실적 전망 점검
내용: 증권가에서는 현대차가 북미 판매 호조 덕분에 투자 심리가 개선될 수 있다고 봤다. 반면 경쟁 심화 때문에 추가 확인이 필요하다는 의견도 나왔다.

질문: 현대차 확인되는 내용만 말해줘","이 참고 뉴스에서 확인되는 내용은 현대차 관련 긍정 요인으로 북미 판매 호조가 언급됐고, 부담 요인으로 경쟁 심화이 제시됐습니다."
"참고 뉴스:
제목: 신한지주 관련 수급 변동성 확대
내용: 신한지주는 금융 업종 내 관심이 이어졌지만 수급 흐름은 엇갈렸다. 건전성 관리 강화는 긍정 재료로, 실적 추정치 하향 가능성은 리스크로 제시됐다.

질문: 신한지주 부담되는 내용도 있어?",참고 뉴스 기준으로 부담되는 내용은 실적 추정치 하향 가능성입니다. 이 부분은 주가 변동성을 키울 수 있는 요인으로 언급됐습니다.
"참고 뉴스:
제목: 아모레퍼시픽 관련 수급 변동성 확대
내용: 아모레퍼시픽은 화장품 업종 내 관심이 이어졌지만 수급 흐름은 엇갈렸다. 면세 채널 개선은 긍정 재료로, 기관과 외국인 수급 엇갈림은 리스크로 제시됐다.

질문: 아모레퍼시픽 목표주가 얼마야?",참고 뉴스에는 아모레퍼시픽의 구체적인 목표주가가 제시되어 있지 않습니다. 제공된 자료만으로는 목표주가를 말할 수 없습니다.
"참고 뉴스:
제목: 네이버, 투자자 관심 지속
내용: 시장에서는 네이버의 클라우드 사업 성장에 주목했다. 기사에서는 긍정적인 기대와 함께 실적 추정치 하향 가능성을 함께 확인해야 한다고 설명했다.

질문: 네이버 뉴스 근거를 들어 설명해줘","이 참고 뉴스에서 확인되는 내용은 근거는 기사에서 클라우드 사업 성장를 긍정 요인으로 언급했고, 동시에 실적 추정치 하향 가능성을 부담 요인으로 제시했다는 점입니다."
"참고 뉴스:
제목: 셀트리온, 바이오 업황 변화에 주목
내용: 셀트리온은 신제품 허가 기대 영향으로 실적 개선 기대가 언급됐다. 다만 차익 실현 매물 출회 가능성은 부담 요인으로 꼽혔다.

질문: 셀트리온 확인되는 내용만 말해줘","제공된 참고 뉴스에 따르면 셀트리온 관련 긍정 요인으로 신제품 허가 기대가 언급됐고, 부담 요인으로 차익 실현 매물 출회 가능성이 제시됐습니다."
"참고 뉴스:
제목: 아모레퍼시픽 관련 수급 변동성 확대
내용: 아모레퍼시픽은 화장품 업종 내 관심이 이어졌지만 수급 흐름은 엇갈렸다. 북미 매출 성장은 긍정 재료로, 기관과 외국인 수급 엇갈림은 리스크로 제시됐다.

질문: 아모레퍼시픽 리스크 중심으로 정리해줘",주어진 자료만 보면 가장 중요한 리스크는 기관과 외국인 수급 엇갈림입니다. 긍정 요인이 있어도 이 부담 요인이 커지면 주가 변동성이 확대될 수 있습니다.
"참고 뉴스:
제목: 하이브, 투자자 관심 지속
내용: 시장에서는 하이브의 글로벌 팬덤 확대에 주목했다. 기사에서는 긍정적인 기대와 함께 차익 실현 매물 출회 가능성을 함께 확인해야 한다고 설명했다.

질문: 하이브 매수해도 돼?","이 참고 뉴스에서 확인되는 내용은 하이브의 긍정 요인과 부담 요인은 확인되지만, 이 자료만으로 매수 여부를 판단할 수는 없습니다. 추가 실적, 밸류에이션, 수급 확인이 필요합니다."
"참고 뉴스:
제목: KB금융, 금융 업황 변화에 주목
내용: KB금융은 비은행 부문 실적 개선 영향으로 실적 개선 기대가 언급됐다. 다만 금리 불확실성은 부담 요인으로 꼽혔다.

질문: KB금융 핵심만 정리해줘",이 참고 뉴스에서 확인되는 내용은 KB금융은 비은행 부문 실적 개선로 관심을 받고 있습니다. 다만 금리 불확실성도 함께 언급되어 긍정 요인과 부담 요인이 같이 있는 상황입니다.
"참고 뉴스:
제목: 한국전력 관련 수급 변동성 확대
내용: 한국전력은 유틸리티 업종 내 관심이 이어졌지만 수급 흐름은 엇갈렸다. 재무구조 개선 기대는 긍정 재료로, 환율 변동성 확대는 리스크로 제시됐다.

질문: 한국전력 목표주가 얼마야?",참고 뉴스에는 한국전력의 구체적인 목표주가가 제시되어 있지 않습니다. 제공된 자료만으로는 목표주가를 말할 수 없습니다.
"참고 뉴스:
제목: POSCO홀딩스, 철강 업종 내 관심 지속
내용: POSCO홀딩스는 중국 경기 부양 기대와 관련해 투자자 관심이 이어졌다. 기사에는 목표주가, 배당금, 구체적인 실적 수치, 밸류에이션 지표는 포함되지 않았다.

질문: POSCO홀딩스 정확한 매수 가격 알려줘",참고 뉴스에는 POSCO홀딩스의 매수 가격 정보가 나와 있지 않습니다. 제공된 자료만으로는 매수 가격을 확인할 수 없습니다.
"참고 뉴스:
제목: CJ대한통운 관련 수급 변동성 확대
내용: CJ대한통운은 물류 업종 내 관심이 이어졌지만 수급 흐름은 엇갈렸다. 자동화 투자 효과은 긍정 재료로, 금리 불확실성은 리스크로 제시됐다.

질문: CJ대한통운 뉴스 근거를 들어 설명해줘","참고 뉴스 기준으로 근거는 기사에서 자동화 투자 효과를 긍정 요인으로 언급했고, 동시에 금리 불확실성을 부담 요인으로 제시했다는 점입니다."
"참고 뉴스:
제목: 두산에너빌리티, 투자자 관심 지속
내용: 시장에서는 두산에너빌리티의 수주 잔고 증가에 주목했다. 기사에서는 긍정적인 기대와 함께 기관과 외국인 수급 엇갈림을 함께 확인해야 한다고 설명했다.

질문: 두산에너빌리티 뉴스 근거를 들어 설명해줘","이 참고 뉴스에서 확인되는 내용은 근거는 기사에서 수주 잔고 증가를 긍정 요인으로 언급했고, 동시에 기관과 외국인 수급 엇갈림을 부담 요인으로 제시했다는 점입니다."
"참고 뉴스:
제목: SK하이닉스, 투자자 관심 지속
내용: 시장에서는 SK하이닉스의 HBM 공급 확대에 주목했다. 기사에서는 긍정적인 기대와 함께 원가 부담 증가을 함께 확인해야 한다고 설명했다.

질문: SK하이닉스 부담되는 내용도 있어?",이 참고 뉴스에서 확인되는 내용은 부담되는 내용은 원가 부담 증가입니다. 이 부분은 주가 변동성을 키울 수 있는 요인으로 언급됐습니다.
"참고 뉴스:
제목: 방산 업종 점검, 한화에어로스페이스 주목
내용: 한화에어로스페이스는 해외 계약 증가 관련 기대가 커졌지만, 단기적으로는 경쟁 심화으로 변동성이 나타날 수 있다는 분석이 나왔다.

질문: 한화에어로스페이스 뉴스 근거를 들어 설명해줘","이 참고 뉴스에서 확인되는 내용은 근거는 기사에서 해외 계약 증가를 긍정 요인으로 언급했고, 동시에 경쟁 심화을 부담 요인으로 제시했다는 점입니다."
"참고 뉴스:
제목: KB금융 관련 수급 변동성 확대
내용: KB금융은 금융 업종 내 관심이 이어졌지만 수급 흐름은 엇갈렸다. 순이자마진 방어은 긍정 재료로, 경쟁 심화는 리스크로 제시됐다.

질문: KB금융 부담되는 내용도 있어?",참고 뉴스 기준으로 부담되는 내용은 경쟁 심화입니다. 이 부분은 주가 변동성을 키울 수 있는 요인으로 언급됐습니다.
"참고 뉴스:
제목: 자동차 업종 점검, 기아 주목
내용: 기아는 북미 시장 점유율 개선 관련 기대가 커졌지만, 단기적으로는 차익 실현 매물 출회 가능성으로 변동성이 나타날 수 있다는 분석이 나왔다.

질문: 기아 호재랑 부담 요인 나눠서 말해줘",주어진 자료만 보면 호재는 북미 시장 점유율 개선입니다. 부담 요인은 차익 실현 매물 출회 가능성입니다.
"참고 뉴스:
제목: 대한항공, 항공 업황 변화에 주목
내용: 대한항공은 유가 하락 기대 영향으로 실적 개선 기대가 언급됐다. 다만 차익 실현 매물 출회 가능성은 부담 요인으로 꼽혔다.

질문: 대한항공 부담되는 내용도 있어?",참고 뉴스 기준으로 부담되는 내용은 차익 실현 매물 출회 가능성입니다. 이 부분은 주가 변동성을 키울 수 있는 요인으로 언급됐습니다.
"참고 뉴스:
제목: 인터넷 업종 점검, 카카오 주목
내용: 카카오는 플랫폼 비용 절감 관련 기대가 커졌지만, 단기적으로는 원가 부담 증가으로 변동성이 나타날 수 있다는 분석이 나왔다.

질문: 카카오 한 문장으로 요약해줘",카카오는 플랫폼 비용 절감 기대가 있지만 원가 부담 증가도 함께 확인해야 하는 상황입니다.
"참고 뉴스:
제목: 현대차, 자동차 업황 변화에 주목
내용: 현대차는 환율 효과 영향으로 실적 개선 기대가 언급됐다. 다만 금리 불확실성은 부담 요인으로 꼽혔다.

질문: 현대차 확인되는 내용만 말해줘","주어진 자료만 보면 현대차 관련 긍정 요인으로 환율 효과가 언급됐고, 부담 요인으로 금리 불확실성이 제시됐습니다."
"참고 뉴스:
제목: 삼성바이오로직스, 바이오 업황 변화에 주목
내용: 삼성바이오로직스는 위탁생산 수주 확대 영향으로 실적 개선 기대가 언급됐다. 다만 원가 부담 증가는 부담 요인으로 꼽혔다.

질문: 삼성바이오로직스 목표주가 얼마야?",참고 뉴스에는 삼성바이오로직스의 구체적인 목표주가가 제시되어 있지 않습니다. 제공된 자료만으로는 목표주가를 말할 수 없습니다.
"참고 뉴스:
제목: 아모레퍼시픽, 화장품 기대
내용: 아모레퍼시픽은 중국 소비 회복 기대 영향으로 관심을 받았다. 부담 요인은 차익 실현 매물 출회 가능성이다.

제목: 신한지주, 금융 점검
내용: 신한지주는 배당 확대 기대 기대가 있지만 환율 변동성 확대도 함께 언급됐다.

질문: 두 뉴스의 공통점과 차이점을 정리해줘","참고 뉴스 기준으로 두 기업 모두 긍정 요인과 부담 요인이 함께 언급됐습니다. 차이점은 아모레퍼시픽는 중국 소비 회복 기대가 강조됐고, 신한지주는 배당 확대 기대와 함께 환율 변동성 확대도 제시됐다는 점입니다."
"참고 뉴스:
제목: 철강 업종 점검, POSCO홀딩스 주목
내용: POSCO홀딩스는 리튬 사업 기대 관련 기대가 커졌지만, 단기적으로는 실적 추정치 하향 가능성으로 변동성이 나타날 수 있다는 분석이 나왔다.

질문: POSCO홀딩스 긍정적인 내용이 있어?",이 참고 뉴스에서 확인되는 내용은 긍정적인 내용은 리튬 사업 기대로 인해 실적이나 투자 심리가 개선될 수 있다는 점입니다.
"참고 뉴스:
제목: 현대차 관련 수급 변동성 확대
내용: 현대차는 자동차 업종 내 관심이 이어졌지만 수급 흐름은 엇갈렸다. 하이브리드 수요 확대는 긍정 재료로, 기관과 외국인 수급 엇갈림은 리스크로 제시됐다.

질문: 현대차 목표주가 얼마야?",참고 뉴스에는 현대차의 구체적인 목표주가가 제시되어 있지 않습니다. 제공된 자료만으로는 목표주가를 말할 수 없습니다.
"참고 뉴스:
제목: 외국인 순매수, 대형주 중심 증시 상승 견인
내용: 외국인 투자자는 반도체와 자동차 등 대형주를 중심으로 순매수에 나섰다. 시장에서는 외국인 수급이 이어질 경우 지수 상승세가 유지될 수 있다고 분석했다.

질문: 이 참고 뉴스 핵심만 정리해줘",외국인 투자자는 반도체와 자동차 등 대형주를 중심으로 순매수에 나섰습니다. 외국인 수급이 이어지면 지수 상승세가 유지될 수 있다는 분석입니다.
"참고 뉴스:
제목: 증권가, POSCO홀딩스 실적 전망 점검
내용: 증권가에서는 POSCO홀딩스가 중국 경기 부양 기대 덕분에 투자 심리가 개선될 수 있다고 봤다. 반면 원가 부담 증가 때문에 추가 확인이 필요하다는 의견도 나왔다.

질문: POSCO홀딩스 투자 판단할 때 뭘 더 봐야 해?","이 참고 뉴스에서 확인되는 내용은 기사에 나온 중국 경기 부양 기대와 원가 부담 증가 외에도 실제 실적, 수급, 업종 전망, 밸류에이션을 함께 확인해야 합니다."
"참고 뉴스:
제목: KB금융, 투자자 관심 지속
내용: 시장에서는 KB금융의 순이자마진 방어에 주목했다. 기사에서는 긍정적인 기대와 함께 경쟁 심화을 함께 확인해야 한다고 설명했다.

질문: KB금융 확인되는 내용만 말해줘","주어진 자료만 보면 KB금융 관련 긍정 요인으로 순이자마진 방어가 언급됐고, 부담 요인으로 경쟁 심화이 제시됐습니다."
"참고 뉴스:
제목: 유틸리티 업종 점검, 한국전력 주목
내용: 한국전력은 재무구조 개선 기대 관련 기대가 커졌지만, 단기적으로는 수요 회복 속도 둔화으로 변동성이 나타날 수 있다는 분석이 나왔다.

질문: 한국전력 리스크 중심으로 정리해줘",제공된 참고 뉴스에 따르면 가장 중요한 리스크는 수요 회복 속도 둔화입니다. 긍정 요인이 있어도 이 부담 요인이 커지면 주가 변동성이 확대될 수 있습니다.
"참고 뉴스:
제목: 카카오, 인터넷 업종 내 관심 지속
내용: 카카오는 플랫폼 비용 절감와 관련해 투자자 관심이 이어졌다. 기사에는 목표주가, 배당금, 구체적인 실적 수치, 밸류에이션 지표는 포함되지 않았다.

질문: 카카오 배당금 얼마야?",참고 뉴스에는 카카오의 배당금 정보가 나와 있지 않습니다. 제공된 자료만으로는 배당금을 확인할 수 없습니다.
"참고 뉴스:
제목: 증권가, 현대차 실적 전망 점검
내용: 증권가에서는 현대차가 하이브리드 수요 확대 덕분에 투자 심리가 개선될 수 있다고 봤다. 반면 수요 회복 속도 둔화 때문에 추가 확인이 필요하다는 의견도 나왔다.

질문: 현대차 뉴스 근거를 들어 설명해줘","제공된 참고 뉴스에 따르면 근거는 기사에서 하이브리드 수요 확대를 긍정 요인으로 언급했고, 동시에 수요 회복 속도 둔화을 부담 요인으로 제시했다는 점입니다."
"참고 뉴스:
제목: 기아 관련 수급 변동성 확대
내용: 기아는 자동차 업종 내 관심이 이어졌지만 수급 흐름은 엇갈렸다. SUV 판매 호조는 긍정 재료로, 수요 회복 속도 둔화는 리스크로 제시됐다.

질문: 기아 뉴스 근거를 들어 설명해줘","이 참고 뉴스에서 확인되는 내용은 근거는 기사에서 SUV 판매 호조를 긍정 요인으로 언급했고, 동시에 수요 회복 속도 둔화을 부담 요인으로 제시했다는 점입니다."
"참고 뉴스:
제목: POSCO홀딩스, 투자자 관심 지속
내용: 시장에서는 POSCO홀딩스의 철강 가격 반등 기대에 주목했다. 기사에서는 긍정적인 기대와 함께 차익 실현 매물 출회 가능성을 함께 확인해야 한다고 설명했다.

질문: POSCO홀딩스 확인되는 내용만 말해줘","이 참고 뉴스에서 확인되는 내용은 POSCO홀딩스 관련 긍정 요인으로 철강 가격 반등 기대가 언급됐고, 부담 요인으로 차익 실현 매물 출회 가능성이 제시됐습니다."
"참고 뉴스:
제목: 증권가, 신한지주 실적 전망 점검
내용: 증권가에서는 신한지주가 배당 확대 기대 덕분에 투자 심리가 개선될 수 있다고 봤다. 반면 수요 회복 속도 둔화 때문에 추가 확인이 필요하다는 의견도 나왔다.

질문: 신한지주 확인되는 내용만 말해줘","참고 뉴스 기준으로 신한지주 관련 긍정 요인으로 배당 확대 기대가 언급됐고, 부담 요인으로 수요 회복 속도 둔화이 제시됐습니다."
"참고 뉴스:
제목: 금융 업종 점검, 신한지주 주목
내용: 신한지주는 자사주 매입 기대 관련 기대가 커졌지만, 단기적으로는 경쟁 심화으로 변동성이 나타날 수 있다는 분석이 나왔다.

질문: 신한지주 분위기 어때?",참고 뉴스 기준으로 신한지주에 대한 분위기는 중립에서 긍정 쪽에 가깝습니다. 다만 경쟁 심화이 있어 단정적으로 좋다고만 보기는 어렵습니다.
"참고 뉴스:
제목: 원달러 환율 변화에 시장 관심
내용: 환율 상승이 일부 수출주에는 긍정적으로 작용할 수 있다. 그러나 외국인 수급에는 부담이 될 수 있다. 전문가들은 관련 지표와 수급 흐름을 함께 확인해야 한다고 말했다.

질문: 원달러 환율 이 자료만 보고 투자 결론까지 내릴 수 있어?",참고 뉴스만으로 투자 결론까지 내리기는 어렵습니다. 시장 변수 확인에는 도움이 되지만 매수나 매도 판단에는 추가 분석이 필요합니다.
"참고 뉴스:
제목: 하이브 관련 수급 변동성 확대
내용: 하이브는 엔터 업종 내 관심이 이어졌지만 수급 흐름은 엇갈렸다. 글로벌 팬덤 확대는 긍정 재료로, 기관과 외국인 수급 엇갈림은 리스크로 제시됐다.

질문: 하이브 긍정적인 내용이 있어?",이 참고 뉴스에서 확인되는 내용은 긍정적인 내용은 글로벌 팬덤 확대로 인해 실적이나 투자 심리가 개선될 수 있다는 점입니다.
"참고 뉴스:
제목: 네이버, 인터넷 기대
내용: 네이버는 AI 검색 서비스 고도화 영향으로 관심을 받았다. 부담 요인은 환율 변동성 확대이다.

제목: SK하이닉스, 반도체 점검
내용: SK하이닉스는 데이터센터 투자 증가 기대가 있지만 기관과 외국인 수급 엇갈림도 함께 언급됐다.

질문: 두 기업 중 뉴스가 더 긍정적인 쪽을 말해줘",제공된 참고 뉴스만 보면 두 기업 모두 긍정 요인이 있습니다. 다만 어느 쪽이 더 좋다고 단정하려면 실적 수치와 수급 정보가 더 필요합니다.
"참고 뉴스:
제목: 증권가, 한국전력 실적 전망 점검
내용: 증권가에서는 한국전력이 연료비 부담 완화 덕분에 투자 심리가 개선될 수 있다고 봤다. 반면 경쟁 심화 때문에 추가 확인이 필요하다는 의견도 나왔다.

질문: 한국전력 긍정적인 내용이 있어?",이 참고 뉴스에서 확인되는 내용은 긍정적인 내용은 연료비 부담 완화로 인해 실적이나 투자 심리가 개선될 수 있다는 점입니다.
"참고 뉴스:
제목: 전력기기 업종 점검, 두산에너빌리티 주목
내용: 두산에너빌리티는 수주 잔고 증가 관련 기대가 커졌지만, 단기적으로는 차익 실현 매물 출회 가능성으로 변동성이 나타날 수 있다는 분석이 나왔다.

질문: 두산에너빌리티 한 문장으로 요약해줘",두산에너빌리티는 수주 잔고 증가 기대가 있지만 차익 실현 매물 출회 가능성도 함께 확인해야 하는 상황입니다.
"참고 뉴스:
제목: 한국전력, 투자자 관심 지속
내용: 시장에서는 한국전력의 재무구조 개선 기대에 주목했다. 기사에서는 긍정적인 기대와 함께 금리 불확실성을 함께 확인해야 한다고 설명했다.

질문: 한국전력 분위기 어때?",주어진 자료만 보면 한국전력에 대한 분위기는 중립에서 긍정 쪽에 가깝습니다. 다만 금리 불확실성이 있어 단정적으로 좋다고만 보기는 어렵습니다.
"참고 뉴스:
제목: 한국전력, 투자자 관심 지속
내용: 시장에서는 한국전력의 연료비 부담 완화에 주목했다. 기사에서는 긍정적인 기대와 함께 차익 실현 매물 출회 가능성을 함께 확인해야 한다고 설명했다.

질문: 한국전력 확인되는 내용만 말해줘","참고 뉴스 기준으로 한국전력 관련 긍정 요인으로 연료비 부담 완화가 언급됐고, 부담 요인으로 차익 실현 매물 출회 가능성이 제시됐습니다."
"참고 뉴스:
제목: 인터넷 업종 점검, 카카오 주목
내용: 카카오는 플랫폼 비용 절감 관련 기대가 커졌지만, 단기적으로는 실적 추정치 하향 가능성으로 변동성이 나타날 수 있다는 분석이 나왔다.

질문: 카카오 확인되는 내용만 말해줘","참고 뉴스 기준으로 카카오 관련 긍정 요인으로 플랫폼 비용 절감가 언급됐고, 부담 요인으로 실적 추정치 하향 가능성이 제시됐습니다."
"참고 뉴스:
제목: 증권가, 대한항공 실적 전망 점검
내용: 증권가에서는 대한항공이 유가 하락 기대 덕분에 투자 심리가 개선될 수 있다고 봤다. 반면 원가 부담 증가 때문에 추가 확인이 필요하다는 의견도 나왔다.

질문: 대한항공 한 문장으로 요약해줘",대한항공은 유가 하락 기대 기대가 있지만 원가 부담 증가도 함께 확인해야 하는 상황입니다.
"참고 뉴스:
제목: 금융 업종 점검, KB금융 주목
내용: KB금융은 주주환원 기대 관련 기대가 커졌지만, 단기적으로는 금리 불확실성으로 변동성이 나타날 수 있다는 분석이 나왔다.

질문: KB금융 확인되는 내용만 말해줘","이 참고 뉴스에서 확인되는 내용은 KB금융 관련 긍정 요인으로 주주환원 기대가 언급됐고, 부담 요인으로 금리 불확실성이 제시됐습니다."
"참고 뉴스:
제목: 자동차 업종 점검, 기아 주목
내용: 기아는 고환율 수혜 기대 관련 기대가 커졌지만, 단기적으로는 금리 불확실성으로 변동성이 나타날 수 있다는 분석이 나왔다.

질문: 기아 분위기 어때?",참고 뉴스 기준으로 기아에 대한 분위기는 중립에서 긍정 쪽에 가깝습니다. 다만 금리 불확실성이 있어 단정적으로 좋다고만 보기는 어렵습니다.
"참고 뉴스:
제목: 증권가, 한국전력 실적 전망 점검
내용: 증권가에서는 한국전력이 연료비 부담 완화 덕분에 투자 심리가 개선될 수 있다고 봤다. 반면 실적 추정치 하향 가능성 때문에 추가 확인이 필요하다는 의견도 나왔다.

질문: 한국전력 긍정적인 내용이 있어?",제공된 참고 뉴스에 따르면 긍정적인 내용은 연료비 부담 완화로 인해 실적이나 투자 심리가 개선될 수 있다는 점입니다.
"참고 뉴스:
제목: 삼성전자, 반도체 업황 변화에 주목
내용: 삼성전자는 AI 서버 수요 증가 영향으로 실적 개선 기대가 언급됐다. 다만 원가 부담 증가는 부담 요인으로 꼽혔다.

질문: 삼성전자 리스크 중심으로 정리해줘",제공된 참고 뉴스에 따르면 가장 중요한 리스크는 원가 부담 증가입니다. 긍정 요인이 있어도 이 부담 요인이 커지면 주가 변동성이 확대될 수 있습니다.
"참고 뉴스:
제목: 바이오 업종 점검, 삼성바이오로직스 주목
내용: 삼성바이오로직스는 위탁생산 수주 확대 관련 기대가 커졌지만, 단기적으로는 실적 추정치 하향 가능성으로 변동성이 나타날 수 있다는 분석이 나왔다.

질문: 삼성바이오로직스 긍정적인 내용이 있어?",주어진 자료만 보면 긍정적인 내용은 위탁생산 수주 확대로 인해 실적이나 투자 심리가 개선될 수 있다는 점입니다.
"참고 뉴스:
제목: 네이버, 인터넷 업황 변화에 주목
내용: 네이버는 AI 검색 서비스 고도화 영향으로 실적 개선 기대가 언급됐다. 다만 차익 실현 매물 출회 가능성은 부담 요인으로 꼽혔다.

질문: 네이버 호재랑 부담 요인 나눠서 말해줘",참고 뉴스 기준으로 호재는 AI 검색 서비스 고도화입니다. 부담 요인은 차익 실현 매물 출회 가능성입니다.
"참고 뉴스:
제목: 삼성SDI, 2차전지 업황 변화에 주목
내용: 삼성SDI는 ESS 수요 확대 영향으로 실적 개선 기대가 언급됐다. 다만 기관과 외국인 수급 엇갈림은 부담 요인으로 꼽혔다.

질문: 삼성SDI 호재랑 부담 요인 나눠서 말해줘",이 참고 뉴스에서 확인되는 내용은 호재는 ESS 수요 확대입니다. 부담 요인은 기관과 외국인 수급 엇갈림입니다.
"참고 뉴스:
제목: 아모레퍼시픽 관련 수급 변동성 확대
내용: 아모레퍼시픽은 화장품 업종 내 관심이 이어졌지만 수급 흐름은 엇갈렸다. 북미 매출 성장은 긍정 재료로, 기관과 외국인 수급 엇갈림은 리스크로 제시됐다.

질문: 아모레퍼시픽 매수해도 돼?","제공된 참고 뉴스에 따르면 아모레퍼시픽의 긍정 요인과 부담 요인은 확인되지만, 이 자료만으로 매수 여부를 판단할 수는 없습니다. 추가 실적, 밸류에이션, 수급 확인이 필요합니다."
"참고 뉴스:
제목: SK하이닉스, 반도체 업황 변화에 주목
내용: SK하이닉스는 고부가 메모리 수요 증가 영향으로 실적 개선 기대가 언급됐다. 다만 실적 추정치 하향 가능성은 부담 요인으로 꼽혔다.

질문: SK하이닉스 목표주가 얼마야?",참고 뉴스에는 SK하이닉스의 구체적인 목표주가가 제시되어 있지 않습니다. 제공된 자료만으로는 목표주가를 말할 수 없습니다.
"참고 뉴스:
제목: 삼성바이오로직스, 투자자 관심 지속
내용: 시장에서는 삼성바이오로직스의 공장 가동률 개선에 주목했다. 기사에서는 긍정적인 기대와 함께 차익 실현 매물 출회 가능성을 함께 확인해야 한다고 설명했다.

질문: 삼성바이오로직스 분위기 어때?",제공된 참고 뉴스에 따르면 삼성바이오로직스에 대한 분위기는 중립에서 긍정 쪽에 가깝습니다. 다만 차익 실현 매물 출회 가능성이 있어 단정적으로 좋다고만 보기는 어렵습니다.
"참고 뉴스:
제목: 금융 업종 점검, 신한지주 주목
내용: 신한지주는 자사주 매입 기대 관련 기대가 커졌지만, 단기적으로는 금리 불확실성으로 변동성이 나타날 수 있다는 분석이 나왔다.

질문: 신한지주 매수해도 돼?","주어진 자료만 보면 신한지주의 긍정 요인과 부담 요인은 확인되지만, 이 자료만으로 매수 여부를 판단할 수는 없습니다. 추가 실적, 밸류에이션, 수급 확인이 필요합니다."
"참고 뉴스:
제목: POSCO홀딩스 관련 수급 변동성 확대
내용: POSCO홀딩스는 철강 업종 내 관심이 이어졌지만 수급 흐름은 엇갈렸다. 중국 경기 부양 기대는 긍정 재료로, 원가 부담 증가는 리스크로 제시됐다.

질문: POSCO홀딩스 뉴스 근거를 들어 설명해줘","주어진 자료만 보면 근거는 기사에서 중국 경기 부양 기대를 긍정 요인으로 언급했고, 동시에 원가 부담 증가을 부담 요인으로 제시했다는 점입니다."
"참고 뉴스:
제목: KB금융 관련 수급 변동성 확대
내용: KB금융은 금융 업종 내 관심이 이어졌지만 수급 흐름은 엇갈렸다. 순이자마진 방어은 긍정 재료로, 차익 실현 매물 출회 가능성은 리스크로 제시됐다.

질문: KB금융 투자 판단할 때 뭘 더 봐야 해?","참고 뉴스 기준으로 기사에 나온 순이자마진 방어와 차익 실현 매물 출회 가능성 외에도 실제 실적, 수급, 업종 전망, 밸류에이션을 함께 확인해야 합니다."
"참고 뉴스:
제목: 반도체 업종 점검, SK하이닉스 주목
내용: SK하이닉스는 데이터센터 투자 증가 관련 기대가 커졌지만, 단기적으로는 수요 회복 속도 둔화으로 변동성이 나타날 수 있다는 분석이 나왔다.

질문: SK하이닉스 매수해도 돼?","제공된 참고 뉴스에 따르면 SK하이닉스의 긍정 요인과 부담 요인은 확인되지만, 이 자료만으로 매수 여부를 판단할 수는 없습니다. 추가 실적, 밸류에이션, 수급 확인이 필요합니다."
"참고 뉴스:
제목: 셀트리온, 바이오 업황 변화에 주목
내용: 셀트리온은 바이오시밀러 매출 확대 영향으로 실적 개선 기대가 언급됐다. 다만 실적 추정치 하향 가능성은 부담 요인으로 꼽혔다.

질문: 셀트리온 부담되는 내용도 있어?",이 참고 뉴스에서 확인되는 내용은 부담되는 내용은 실적 추정치 하향 가능성입니다. 이 부분은 주가 변동성을 키울 수 있는 요인으로 언급됐습니다.
"참고 뉴스:
제목: 신한지주, 금융 업황 변화에 주목
내용: 신한지주는 자사주 매입 기대 영향으로 실적 개선 기대가 언급됐다. 다만 차익 실현 매물 출회 가능성은 부담 요인으로 꼽혔다.

질문: 신한지주 한 문장으로 요약해줘",신한지주는 자사주 매입 기대 기대가 있지만 차익 실현 매물 출회 가능성도 함께 확인해야 하는 상황입니다.
"참고 뉴스:
제목: 한국전력 관련 수급 변동성 확대
내용: 한국전력은 유틸리티 업종 내 관심이 이어졌지만 수급 흐름은 엇갈렸다. 전기요금 조정 기대는 긍정 재료로, 차익 실현 매물 출회 가능성은 리스크로 제시됐다.

질문: 한국전력 투자 판단할 때 뭘 더 봐야 해?","이 참고 뉴스에서 확인되는 내용은 기사에 나온 전기요금 조정 기대와 차익 실현 매물 출회 가능성 외에도 실제 실적, 수급, 업종 전망, 밸류에이션을 함께 확인해야 합니다."
"참고 뉴스:
제목: POSCO홀딩스, 철강 업황 변화에 주목
내용: POSCO홀딩스는 중국 경기 부양 기대 영향으로 실적 개선 기대가 언급됐다. 다만 실적 추정치 하향 가능성은 부담 요인으로 꼽혔다.

질문: POSCO홀딩스 핵심만 정리해줘",주어진 자료만 보면 POSCO홀딩스는 중국 경기 부양 기대로 관심을 받고 있습니다. 다만 실적 추정치 하향 가능성도 함께 언급되어 긍정 요인과 부담 요인이 같이 있는 상황입니다.
"참고 뉴스:
제목: 대한항공 관련 수급 변동성 확대
내용: 대한항공은 항공 업종 내 관심이 이어졌지만 수급 흐름은 엇갈렸다. 화물 운임 안정은 긍정 재료로, 실적 추정치 하향 가능성은 리스크로 제시됐다.

질문: 대한항공 분위기 어때?",주어진 자료만 보면 대한항공에 대한 분위기는 중립에서 긍정 쪽에 가깝습니다. 다만 실적 추정치 하향 가능성이 있어 단정적으로 좋다고만 보기는 어렵습니다.
"참고 뉴스:
제목: 하이브 관련 수급 변동성 확대
내용: 하이브는 엔터 업종 내 관심이 이어졌지만 수급 흐름은 엇갈렸다. 콘텐츠 매출 증가는 긍정 재료로, 경쟁 심화는 리스크로 제시됐다.

질문: 하이브 투자 판단할 때 뭘 더 봐야 해?","주어진 자료만 보면 기사에 나온 콘텐츠 매출 증가와 경쟁 심화 외에도 실제 실적, 수급, 업종 전망, 밸류에이션을 함께 확인해야 합니다."
"참고 뉴스:
제목: 두산에너빌리티, 투자자 관심 지속
내용: 시장에서는 두산에너빌리티의 전력 인프라 투자 확대에 주목했다. 기사에서는 긍정적인 기대와 함께 차익 실현 매물 출회 가능성을 함께 확인해야 한다고 설명했다.

질문: 두산에너빌리티 부담되는 내용도 있어?",주어진 자료만 보면 부담되는 내용은 차익 실현 매물 출회 가능성입니다. 이 부분은 주가 변동성을 키울 수 있는 요인으로 언급됐습니다.
"참고 뉴스:
제목: 바이오 업종 점검, 셀트리온 주목
내용: 셀트리온은 신제품 허가 기대 관련 기대가 커졌지만, 단기적으로는 기관과 외국인 수급 엇갈림으로 변동성이 나타날 수 있다는 분석이 나왔다.

질문: 셀트리온 분위기 어때?",참고 뉴스 기준으로 셀트리온에 대한 분위기는 중립에서 긍정 쪽에 가깝습니다. 다만 기관과 외국인 수급 엇갈림이 있어 단정적으로 좋다고만 보기는 어렵습니다.
"참고 뉴스:
제목: 증권가, 카카오 실적 전망 점검
내용: 증권가에서는 카카오가 콘텐츠 사업 조정 덕분에 투자 심리가 개선될 수 있다고 봤다. 반면 차익 실현 매물 출회 가능성 때문에 추가 확인이 필요하다는 의견도 나왔다.

질문: 카카오 한 문장으로 요약해줘",카카오는 콘텐츠 사업 조정 기대가 있지만 차익 실현 매물 출회 가능성도 함께 확인해야 하는 상황입니다.
"참고 뉴스:
제목: 증권가, LG에너지솔루션 실적 전망 점검
내용: 증권가에서는 LG에너지솔루션이 전기차 신차 출시 기대 덕분에 투자 심리가 개선될 수 있다고 봤다. 반면 금리 불확실성 때문에 추가 확인이 필요하다는 의견도 나왔다.

질문: LG에너지솔루션 투자 판단할 때 뭘 더 봐야 해?","참고 뉴스 기준으로 기사에 나온 전기차 신차 출시 기대와 금리 불확실성 외에도 실제 실적, 수급, 업종 전망, 밸류에이션을 함께 확인해야 합니다."
"참고 뉴스:
제목: 외국인 순매수, 대형주 중심 증시 상승 견인
내용: 외국인 투자자는 반도체와 자동차 등 대형주를 중심으로 순매수에 나섰다. 시장에서는 외국인 수급이 이어질 경우 지수 상승세가 유지될 수 있다고 분석했다.

질문: 외국인 수급이 계속되면 어떻게 돼?",외국인 수급이 이어질 경우 지수 상승세가 유지될 수 있다는 분석이 나왔습니다.
"참고 뉴스:
제목: 증권가, 삼성SDI 실적 전망 점검
내용: 증권가에서는 삼성SDI가 고부가 제품 비중 증가 덕분에 투자 심리가 개선될 수 있다고 봤다. 반면 기관과 외국인 수급 엇갈림 때문에 추가 확인이 필요하다는 의견도 나왔다.

질문: 삼성SDI 긍정적인 내용이 있어?",제공된 참고 뉴스에 따르면 긍정적인 내용은 고부가 제품 비중 증가로 인해 실적이나 투자 심리가 개선될 수 있다는 점입니다.
"참고 뉴스:
제목: POSCO홀딩스, 철강 기대
내용: POSCO홀딩스는 철강 가격 반등 기대 영향으로 관심을 받았다. 부담 요인은 수요 회복 속도 둔화이다.

제목: 삼성전자, 반도체 점검
내용: 삼성전자는 메모리 업황 회복 기대 기대가 있지만 수요 회복 속도 둔화도 함께 언급됐다.

질문: 두 뉴스에서 확인되는 리스크를 정리해줘","참고 뉴스에서 확인되는 리스크는 POSCO홀딩스의 수요 회복 속도 둔화, 삼성전자의 수요 회복 속도 둔화입니다."
"참고 뉴스:
제목: 현대차, 자동차 기대
내용: 현대차는 환율 효과 영향으로 관심을 받았다. 부담 요인은 환율 변동성 확대이다.

제목: 삼성바이오로직스, 바이오 점검
내용: 삼성바이오로직스는 위탁생산 수주 확대 기대가 있지만 원가 부담 증가도 함께 언급됐다.

질문: 두 기업 중 뉴스가 더 긍정적인 쪽을 말해줘",제공된 참고 뉴스만 보면 두 기업 모두 긍정 요인이 있습니다. 다만 어느 쪽이 더 좋다고 단정하려면 실적 수치와 수급 정보가 더 필요합니다.
"참고 뉴스:
제목: 증권가, CJ대한통운 실적 전망 점검
내용: 증권가에서는 CJ대한통운이 택배 물동량 회복 덕분에 투자 심리가 개선될 수 있다고 봤다. 반면 경쟁 심화 때문에 추가 확인이 필요하다는 의견도 나왔다.

질문: CJ대한통운 목표주가 얼마야?",참고 뉴스에는 CJ대한통운의 구체적인 목표주가가 제시되어 있지 않습니다. 제공된 자료만으로는 목표주가를 말할 수 없습니다.
"참고 뉴스:
제목: 두산에너빌리티, 투자자 관심 지속
내용: 시장에서는 두산에너빌리티의 전력 인프라 투자 확대에 주목했다. 기사에서는 긍정적인 기대와 함께 기관과 외국인 수급 엇갈림을 함께 확인해야 한다고 설명했다.

질문: 두산에너빌리티 분위기 어때?",제공된 참고 뉴스에 따르면 두산에너빌리티에 대한 분위기는 중립에서 긍정 쪽에 가깝습니다. 다만 기관과 외국인 수급 엇갈림이 있어 단정적으로 좋다고만 보기는 어렵습니다.
"참고 뉴스:
제목: 기아, 자동차 업황 변화에 주목
내용: 기아는 SUV 판매 호조 영향으로 실적 개선 기대가 언급됐다. 다만 차익 실현 매물 출회 가능성은 부담 요인으로 꼽혔다.

질문: 기아 호재랑 부담 요인 나눠서 말해줘",이 참고 뉴스에서 확인되는 내용은 호재는 SUV 판매 호조입니다. 부담 요인은 차익 실현 매물 출회 가능성입니다.
"참고 뉴스:
제목: 인터넷 업종 점검, 카카오 주목
내용: 카카오는 플랫폼 비용 절감 관련 기대가 커졌지만, 단기적으로는 차익 실현 매물 출회 가능성으로 변동성이 나타날 수 있다는 분석이 나왔다.

질문: 카카오 확인되는 내용만 말해줘","제공된 참고 뉴스에 따르면 카카오 관련 긍정 요인으로 플랫폼 비용 절감가 언급됐고, 부담 요인으로 차익 실현 매물 출회 가능성이 제시됐습니다."
"참고 뉴스:
제목: 네이버 관련 수급 변동성 확대
내용: 네이버는 인터넷 업종 내 관심이 이어졌지만 수급 흐름은 엇갈렸다. AI 검색 서비스 고도화은 긍정 재료로, 원가 부담 증가는 리스크로 제시됐다.

질문: 네이버 호재랑 부담 요인 나눠서 말해줘",이 참고 뉴스에서 확인되는 내용은 호재는 AI 검색 서비스 고도화입니다. 부담 요인은 원가 부담 증가입니다.
"참고 뉴스:
제목: 아모레퍼시픽, 화장품 업종 내 관심 지속
내용: 아모레퍼시픽은 중국 소비 회복 기대와 관련해 투자자 관심이 이어졌다. 기사에는 목표주가, 배당금, 구체적인 실적 수치, 밸류에이션 지표는 포함되지 않았다.

질문: 아모레퍼시픽 배당금 얼마야?",참고 뉴스에는 아모레퍼시픽의 배당금 정보가 나와 있지 않습니다. 제공된 자료만으로는 배당금을 확인할 수 없습니다.
"참고 뉴스:
제목: 삼성전자 관련 수급 변동성 확대
내용: 삼성전자는 반도체 업종 내 관심이 이어졌지만 수급 흐름은 엇갈렸다. 메모리 업황 회복 기대는 긍정 재료로, 차익 실현 매물 출회 가능성은 리스크로 제시됐다.

질문: 삼성전자 확인되는 내용만 말해줘","이 참고 뉴스에서 확인되는 내용은 삼성전자 관련 긍정 요인으로 메모리 업황 회복 기대가 언급됐고, 부담 요인으로 차익 실현 매물 출회 가능성이 제시됐습니다."
"참고 뉴스:
제목: 셀트리온, 바이오 업종 내 관심 지속
내용: 셀트리온은 신제품 허가 기대와 관련해 투자자 관심이 이어졌다. 기사에는 목표주가, 배당금, 구체적인 실적 수치, 밸류에이션 지표는 포함되지 않았다.

질문: 셀트리온 목표주가 알려줘",참고 뉴스에는 셀트리온의 목표주가 정보가 나와 있지 않습니다. 제공된 자료만으로는 목표주가을 확인할 수 없습니다.
"참고 뉴스:
제목: 한화에어로스페이스 관련 수급 변동성 확대
내용: 한화에어로스페이스는 방산 업종 내 관심이 이어졌지만 수급 흐름은 엇갈렸다. 방산 수출 기대는 긍정 재료로, 환율 변동성 확대는 리스크로 제시됐다.

질문: 한화에어로스페이스 확인되는 내용만 말해줘","참고 뉴스 기준으로 한화에어로스페이스 관련 긍정 요인으로 방산 수출 기대가 언급됐고, 부담 요인으로 환율 변동성 확대이 제시됐습니다."
"참고 뉴스:
제목: 아모레퍼시픽 관련 수급 변동성 확대
내용: 아모레퍼시픽은 화장품 업종 내 관심이 이어졌지만 수급 흐름은 엇갈렸다. 북미 매출 성장은 긍정 재료로, 차익 실현 매물 출회 가능성은 리스크로 제시됐다.

질문: 아모레퍼시픽 긍정적인 내용이 있어?",이 참고 뉴스에서 확인되는 내용은 긍정적인 내용은 북미 매출 성장로 인해 실적이나 투자 심리가 개선될 수 있다는 점입니다.
"참고 뉴스:
제목: 증권가, 하이브 실적 전망 점검
내용: 증권가에서는 하이브가 콘텐츠 매출 증가 덕분에 투자 심리가 개선될 수 있다고 봤다. 반면 원가 부담 증가 때문에 추가 확인이 필요하다는 의견도 나왔다.

질문: 하이브 리스크 중심으로 정리해줘",이 참고 뉴스에서 확인되는 내용은 가장 중요한 리스크는 원가 부담 증가입니다. 긍정 요인이 있어도 이 부담 요인이 커지면 주가 변동성이 확대될 수 있습니다.
"참고 뉴스:
제목: 증권가, 두산에너빌리티 실적 전망 점검
내용: 증권가에서는 두산에너빌리티가 원전 수주 기대 덕분에 투자 심리가 개선될 수 있다고 봤다. 반면 환율 변동성 확대 때문에 추가 확인이 필요하다는 의견도 나왔다.

질문: 두산에너빌리티 분위기 어때?",참고 뉴스 기준으로 두산에너빌리티에 대한 분위기는 중립에서 긍정 쪽에 가깝습니다. 다만 환율 변동성 확대이 있어 단정적으로 좋다고만 보기는 어렵습니다.
"참고 뉴스:
제목: 증권가, POSCO홀딩스 실적 전망 점검
내용: 증권가에서는 POSCO홀딩스가 철강 가격 반등 기대 덕분에 투자 심리가 개선될 수 있다고 봤다. 반면 원가 부담 증가 때문에 추가 확인이 필요하다는 의견도 나왔다.

질문: POSCO홀딩스 리스크 중심으로 정리해줘",참고 뉴스 기준으로 가장 중요한 리스크는 원가 부담 증가입니다. 긍정 요인이 있어도 이 부담 요인이 커지면 주가 변동성이 확대될 수 있습니다.
"참고 뉴스:
제목: 철강 업종 점검, POSCO홀딩스 주목
내용: POSCO홀딩스는 리튬 사업 기대 관련 기대가 커졌지만, 단기적으로는 기관과 외국인 수급 엇갈림으로 변동성이 나타날 수 있다는 분석이 나왔다.

질문: POSCO홀딩스 호재랑 부담 요인 나눠서 말해줘",이 참고 뉴스에서 확인되는 내용은 호재는 리튬 사업 기대입니다. 부담 요인은 기관과 외국인 수급 엇갈림입니다.
"참고 뉴스:
제목: 바이오 업종 점검, 셀트리온 주목
내용: 셀트리온은 해외 판매망 강화 관련 기대가 커졌지만, 단기적으로는 경쟁 심화으로 변동성이 나타날 수 있다는 분석이 나왔다.

질문: 셀트리온 핵심만 정리해줘",참고 뉴스 기준으로 셀트리온은 해외 판매망 강화로 관심을 받고 있습니다. 다만 경쟁 심화도 함께 언급되어 긍정 요인과 부담 요인이 같이 있는 상황입니다.
"참고 뉴스:
제목: 삼성바이오로직스, 투자자 관심 지속
내용: 시장에서는 삼성바이오로직스의 위탁생산 수주 확대에 주목했다. 기사에서는 긍정적인 기대와 함께 경쟁 심화을 함께 확인해야 한다고 설명했다.

질문: 삼성바이오로직스 분위기 어때?",이 참고 뉴스에서 확인되는 내용은 삼성바이오로직스에 대한 분위기는 중립에서 긍정 쪽에 가깝습니다. 다만 경쟁 심화이 있어 단정적으로 좋다고만 보기는 어렵습니다.
"참고 뉴스:
제목: KB금융, 투자자 관심 지속
내용: 시장에서는 KB금융의 비은행 부문 실적 개선에 주목했다. 기사에서는 긍정적인 기대와 함께 수요 회복 속도 둔화을 함께 확인해야 한다고 설명했다.

질문: KB금융 호재랑 부담 요인 나눠서 말해줘",제공된 참고 뉴스에 따르면 호재는 비은행 부문 실적 개선입니다. 부담 요인은 수요 회복 속도 둔화입니다.
"참고 뉴스:
제목: 증권가, 기아 실적 전망 점검
내용: 증권가에서는 기아가 고환율 수혜 기대 덕분에 투자 심리가 개선될 수 있다고 봤다. 반면 기관과 외국인 수급 엇갈림 때문에 추가 확인이 필요하다는 의견도 나왔다.

질문: 기아 긍정적인 내용이 있어?",이 참고 뉴스에서 확인되는 내용은 긍정적인 내용은 고환율 수혜 기대로 인해 실적이나 투자 심리가 개선될 수 있다는 점입니다.
"참고 뉴스:
제목: LG에너지솔루션, 2차전지 업황 변화에 주목
내용: LG에너지솔루션은 전기차 신차 출시 기대 영향으로 실적 개선 기대가 언급됐다. 다만 원가 부담 증가는 부담 요인으로 꼽혔다.

질문: LG에너지솔루션 분위기 어때?",제공된 참고 뉴스에 따르면 LG에너지솔루션에 대한 분위기는 중립에서 긍정 쪽에 가깝습니다. 다만 원가 부담 증가이 있어 단정적으로 좋다고만 보기는 어렵습니다.
"참고 뉴스:
제목: 증권가, 아모레퍼시픽 실적 전망 점검
내용: 증권가에서는 아모레퍼시픽이 중국 소비 회복 기대 덕분에 투자 심리가 개선될 수 있다고 봤다. 반면 기관과 외국인 수급 엇갈림 때문에 추가 확인이 필요하다는 의견도 나왔다.

질문: 아모레퍼시픽 투자 판단할 때 뭘 더 봐야 해?","제공된 참고 뉴스에 따르면 기사에 나온 중국 소비 회복 기대와 기관과 외국인 수급 엇갈림 외에도 실제 실적, 수급, 업종 전망, 밸류에이션을 함께 확인해야 합니다."
"참고 뉴스:
제목: 네이버, 인터넷 기대
내용: 네이버는 AI 검색 서비스 고도화 영향으로 관심을 받았다. 부담 요인은 실적 추정치 하향 가능성이다.

제목: 현대차, 자동차 점검
내용: 현대차는 북미 판매 호조 기대가 있지만 원가 부담 증가도 함께 언급됐다.

질문: 두 뉴스의 공통점과 차이점을 정리해줘","참고 뉴스 기준으로 두 기업 모두 긍정 요인과 부담 요인이 함께 언급됐습니다. 차이점은 네이버는 AI 검색 서비스 고도화가 강조됐고, 현대차는 북미 판매 호조와 함께 원가 부담 증가도 제시됐다는 점입니다."
"참고 뉴스:
제목: 한국전력, 투자자 관심 지속
내용: 시장에서는 한국전력의 전기요금 조정 기대에 주목했다. 기사에서는 긍정적인 기대와 함께 수요 회복 속도 둔화을 함께 확인해야 한다고 설명했다.

질문: 한국전력 목표주가 얼마야?",참고 뉴스에는 한국전력의 구체적인 목표주가가 제시되어 있지 않습니다. 제공된 자료만으로는 목표주가를 말할 수 없습니다.
"참고 뉴스:
제목: 카카오 관련 수급 변동성 확대
내용: 카카오는 인터넷 업종 내 관심이 이어졌지만 수급 흐름은 엇갈렸다. 커머스 서비스 개편은 긍정 재료로, 원가 부담 증가는 리스크로 제시됐다.

질문: 카카오 투자 판단할 때 뭘 더 봐야 해?","제공된 참고 뉴스에 따르면 기사에 나온 커머스 서비스 개편와 원가 부담 증가 외에도 실제 실적, 수급, 업종 전망, 밸류에이션을 함께 확인해야 합니다."
"참고 뉴스:
제목: 삼성SDI 관련 수급 변동성 확대
내용: 삼성SDI는 2차전지 업종 내 관심이 이어졌지만 수급 흐름은 엇갈렸다. 고부가 제품 비중 증가는 긍정 재료로, 금리 불확실성은 리스크로 제시됐다.

질문: 삼성SDI 핵심만 정리해줘",이 참고 뉴스에서 확인되는 내용은 삼성SDI는 고부가 제품 비중 증가로 관심을 받고 있습니다. 다만 금리 불확실성도 함께 언급되어 긍정 요인과 부담 요인이 같이 있는 상황입니다.
"참고 뉴스:
제목: 한화에어로스페이스, 투자자 관심 지속
내용: 시장에서는 한화에어로스페이스의 방산 수출 기대에 주목했다. 기사에서는 긍정적인 기대와 함께 기관과 외국인 수급 엇갈림을 함께 확인해야 한다고 설명했다.

질문: 한화에어로스페이스 투자 판단할 때 뭘 더 봐야 해?","이 참고 뉴스에서 확인되는 내용은 기사에 나온 방산 수출 기대와 기관과 외국인 수급 엇갈림 외에도 실제 실적, 수급, 업종 전망, 밸류에이션을 함께 확인해야 합니다."
"참고 뉴스:
제목: 셀트리온, 바이오 업황 변화에 주목
내용: 셀트리온은 신제품 허가 기대 영향으로 실적 개선 기대가 언급됐다. 다만 차익 실현 매물 출회 가능성은 부담 요인으로 꼽혔다.

질문: 셀트리온 핵심만 정리해줘",참고 뉴스 기준으로 셀트리온은 신제품 허가 기대로 관심을 받고 있습니다. 다만 차익 실현 매물 출회 가능성도 함께 언급되어 긍정 요인과 부담 요인이 같이 있는 상황입니다.
"참고 뉴스:
제목: 삼성바이오로직스, 투자자 관심 지속
내용: 시장에서는 삼성바이오로직스의 공장 가동률 개선에 주목했다. 기사에서는 긍정적인 기대와 함께 금리 불확실성을 함께 확인해야 한다고 설명했다.

질문: 삼성바이오로직스 매수해도 돼?","이 참고 뉴스에서 확인되는 내용은 삼성바이오로직스의 긍정 요인과 부담 요인은 확인되지만, 이 자료만으로 매수 여부를 판단할 수는 없습니다. 추가 실적, 밸류에이션, 수급 확인이 필요합니다."
"참고 뉴스:
제목: 증권가, POSCO홀딩스 실적 전망 점검
내용: 증권가에서는 POSCO홀딩스가 리튬 사업 기대 덕분에 투자 심리가 개선될 수 있다고 봤다. 반면 기관과 외국인 수급 엇갈림 때문에 추가 확인이 필요하다는 의견도 나왔다.

질문: POSCO홀딩스 한 문장으로 요약해줘",POSCO홀딩스는 리튬 사업 기대 기대가 있지만 기관과 외국인 수급 엇갈림도 함께 확인해야 하는 상황입니다.
"참고 뉴스:
제목: 증권가, CJ대한통운 실적 전망 점검
내용: 증권가에서는 CJ대한통운이 운임 효율화 덕분에 투자 심리가 개선될 수 있다고 봤다. 반면 실적 추정치 하향 가능성 때문에 추가 확인이 필요하다는 의견도 나왔다.

질문: CJ대한통운 투자 판단할 때 뭘 더 봐야 해?","참고 뉴스 기준으로 기사에 나온 운임 효율화와 실적 추정치 하향 가능성 외에도 실제 실적, 수급, 업종 전망, 밸류에이션을 함께 확인해야 합니다."
"참고 뉴스:
제목: 자동차 업종 점검, 기아 주목
내용: 기아는 북미 시장 점유율 개선 관련 기대가 커졌지만, 단기적으로는 원가 부담 증가으로 변동성이 나타날 수 있다는 분석이 나왔다.

질문: 기아 투자 판단할 때 뭘 더 봐야 해?","이 참고 뉴스에서 확인되는 내용은 기사에 나온 북미 시장 점유율 개선와 원가 부담 증가 외에도 실제 실적, 수급, 업종 전망, 밸류에이션을 함께 확인해야 합니다."
"참고 뉴스:
제목: KB금융, 금융 기대
내용: KB금융은 주주환원 기대 영향으로 관심을 받았다. 부담 요인은 환율 변동성 확대이다.

제목: POSCO홀딩스, 철강 점검
내용: POSCO홀딩스는 리튬 사업 기대 기대가 있지만 기관과 외국인 수급 엇갈림도 함께 언급됐다.

질문: 두 뉴스의 공통점과 차이점을 정리해줘","참고 뉴스 기준으로 두 기업 모두 긍정 요인과 부담 요인이 함께 언급됐습니다. 차이점은 KB금융는 주주환원 기대가 강조됐고, POSCO홀딩스는 리튬 사업 기대와 함께 기관과 외국인 수급 엇갈림도 제시됐다는 점입니다."
"참고 뉴스:
제목: 한국전력 관련 수급 변동성 확대
내용: 한국전력은 유틸리티 업종 내 관심이 이어졌지만 수급 흐름은 엇갈렸다. 재무구조 개선 기대는 긍정 재료로, 경쟁 심화는 리스크로 제시됐다.

질문: 한국전력 분위기 어때?",제공된 참고 뉴스에 따르면 한국전력에 대한 분위기는 중립에서 긍정 쪽에 가깝습니다. 다만 경쟁 심화이 있어 단정적으로 좋다고만 보기는 어렵습니다.
"참고 뉴스:
제목: 아모레퍼시픽, 투자자 관심 지속
내용: 시장에서는 아모레퍼시픽의 면세 채널 개선에 주목했다. 기사에서는 긍정적인 기대와 함께 경쟁 심화을 함께 확인해야 한다고 설명했다.

질문: 아모레퍼시픽 핵심만 정리해줘",참고 뉴스 기준으로 아모레퍼시픽은 면세 채널 개선로 관심을 받고 있습니다. 다만 경쟁 심화도 함께 언급되어 긍정 요인과 부담 요인이 같이 있는 상황입니다.
"참고 뉴스:
제목: 금융 업종 점검, 신한지주 주목
내용: 신한지주는 배당 확대 기대 관련 기대가 커졌지만, 단기적으로는 원가 부담 증가으로 변동성이 나타날 수 있다는 분석이 나왔다.

질문: 신한지주 투자 판단할 때 뭘 더 봐야 해?","참고 뉴스 기준으로 기사에 나온 배당 확대 기대와 원가 부담 증가 외에도 실제 실적, 수급, 업종 전망, 밸류에이션을 함께 확인해야 합니다."
"참고 뉴스:
제목: CJ대한통운, 물류 업황 변화에 주목
내용: CJ대한통운은 택배 물동량 회복 영향으로 실적 개선 기대가 언급됐다. 다만 실적 추정치 하향 가능성은 부담 요인으로 꼽혔다.

질문: CJ대한통운 리스크 중심으로 정리해줘",주어진 자료만 보면 가장 중요한 리스크는 실적 추정치 하향 가능성입니다. 긍정 요인이 있어도 이 부담 요인이 커지면 주가 변동성이 확대될 수 있습니다.
"참고 뉴스:
제목: KB금융, 투자자 관심 지속
내용: 시장에서는 KB금융의 비은행 부문 실적 개선에 주목했다. 기사에서는 긍정적인 기대와 함께 차익 실현 매물 출회 가능성을 함께 확인해야 한다고 설명했다.

질문: KB금융 부담되는 내용도 있어?",주어진 자료만 보면 부담되는 내용은 차익 실현 매물 출회 가능성입니다. 이 부분은 주가 변동성을 키울 수 있는 요인으로 언급됐습니다.
"참고 뉴스:
제목: 인터넷 업종 점검, 카카오 주목
내용: 카카오는 콘텐츠 사업 조정 관련 기대가 커졌지만, 단기적으로는 실적 추정치 하향 가능성으로 변동성이 나타날 수 있다는 분석이 나왔다.

질문: 카카오 매수해도 돼?","참고 뉴스 기준으로 카카오의 긍정 요인과 부담 요인은 확인되지만, 이 자료만으로 매수 여부를 판단할 수는 없습니다. 추가 실적, 밸류에이션, 수급 확인이 필요합니다."
"참고 뉴스:
제목: 증권가, 두산에너빌리티 실적 전망 점검
내용: 증권가에서는 두산에너빌리티가 수주 잔고 증가 덕분에 투자 심리가 개선될 수 있다고 봤다. 반면 실적 추정치 하향 가능성 때문에 추가 확인이 필요하다는 의견도 나왔다.

질문: 두산에너빌리티 뉴스 근거를 들어 설명해줘","제공된 참고 뉴스에 따르면 근거는 기사에서 수주 잔고 증가를 긍정 요인으로 언급했고, 동시에 실적 추정치 하향 가능성을 부담 요인으로 제시했다는 점입니다."
"참고 뉴스:
제목: 두산에너빌리티 관련 수급 변동성 확대
내용: 두산에너빌리티는 전력기기 업종 내 관심이 이어졌지만 수급 흐름은 엇갈렸다. 전력 인프라 투자 확대는 긍정 재료로, 경쟁 심화는 리스크로 제시됐다.

질문: 두산에너빌리티 긍정적인 내용이 있어?",주어진 자료만 보면 긍정적인 내용은 전력 인프라 투자 확대로 인해 실적이나 투자 심리가 개선될 수 있다는 점입니다.
"참고 뉴스:
제목: 엔터 업종 점검, 하이브 주목
내용: 하이브는 아티스트 활동 재개 관련 기대가 커졌지만, 단기적으로는 수요 회복 속도 둔화으로 변동성이 나타날 수 있다는 분석이 나왔다.

질문: 하이브 부담되는 내용도 있어?",참고 뉴스 기준으로 부담되는 내용은 수요 회복 속도 둔화입니다. 이 부분은 주가 변동성을 키울 수 있는 요인으로 언급됐습니다.
"참고 뉴스:
제목: SK하이닉스, 투자자 관심 지속
내용: 시장에서는 SK하이닉스의 데이터센터 투자 증가에 주목했다. 기사에서는 긍정적인 기대와 함께 경쟁 심화을 함께 확인해야 한다고 설명했다.

질문: SK하이닉스 긍정적인 내용이 있어?",참고 뉴스 기준으로 긍정적인 내용은 데이터센터 투자 증가로 인해 실적이나 투자 심리가 개선될 수 있다는 점입니다.
"참고 뉴스:
제목: 한국전력, 유틸리티 업황 변화에 주목
내용: 한국전력은 전기요금 조정 기대 영향으로 실적 개선 기대가 언급됐다. 다만 금리 불확실성은 부담 요인으로 꼽혔다.

질문: 한국전력 리스크 중심으로 정리해줘",제공된 참고 뉴스에 따르면 가장 중요한 리스크는 금리 불확실성입니다. 긍정 요인이 있어도 이 부담 요인이 커지면 주가 변동성이 확대될 수 있습니다.
"참고 뉴스:
제목: 증권가, 신한지주 실적 전망 점검
내용: 증권가에서는 신한지주가 건전성 관리 강화 덕분에 투자 심리가 개선될 수 있다고 봤다. 반면 원가 부담 증가 때문에 추가 확인이 필요하다는 의견도 나왔다.

질문: 신한지주 호재랑 부담 요인 나눠서 말해줘",이 참고 뉴스에서 확인되는 내용은 호재는 건전성 관리 강화입니다. 부담 요인은 원가 부담 증가입니다.
"참고 뉴스:
제목: 2차전지 업종 점검, LG에너지솔루션 주목
내용: LG에너지솔루션은 배터리 출하량 회복 기대 관련 기대가 커졌지만, 단기적으로는 원가 부담 증가으로 변동성이 나타날 수 있다는 분석이 나왔다.

질문: LG에너지솔루션 매수해도 돼?","주어진 자료만 보면 LG에너지솔루션의 긍정 요인과 부담 요인은 확인되지만, 이 자료만으로 매수 여부를 판단할 수는 없습니다. 추가 실적, 밸류에이션, 수급 확인이 필요합니다."
"참고 뉴스:
제목: 네이버, 투자자 관심 지속
내용: 시장에서는 네이버의 광고 매출 회복 기대에 주목했다. 기사에서는 긍정적인 기대와 함께 경쟁 심화을 함께 확인해야 한다고 설명했다.

질문: 네이버 핵심만 정리해줘",참고 뉴스 기준으로 네이버는 광고 매출 회복 기대로 관심을 받고 있습니다. 다만 경쟁 심화도 함께 언급되어 긍정 요인과 부담 요인이 같이 있는 상황입니다.
"참고 뉴스:
제목: 두산에너빌리티, 전력기기 업종 내 관심 지속
내용: 두산에너빌리티는 수주 잔고 증가와 관련해 투자자 관심이 이어졌다. 기사에는 목표주가, 배당금, 구체적인 실적 수치, 밸류에이션 지표는 포함되지 않았다.

질문: 두산에너빌리티 목표주가 알려줘",참고 뉴스에는 두산에너빌리티의 목표주가 정보가 나와 있지 않습니다. 제공된 자료만으로는 목표주가을 확인할 수 없습니다.
"참고 뉴스:
제목: 두산에너빌리티, 투자자 관심 지속
내용: 시장에서는 두산에너빌리티의 원전 수주 기대에 주목했다. 기사에서는 긍정적인 기대와 함께 환율 변동성 확대을 함께 확인해야 한다고 설명했다.

질문: 두산에너빌리티 부담되는 내용도 있어?",참고 뉴스 기준으로 부담되는 내용은 환율 변동성 확대입니다. 이 부분은 주가 변동성을 키울 수 있는 요인으로 언급됐습니다.
"참고 뉴스:
제목: 증권가, LG에너지솔루션 실적 전망 점검
내용: 증권가에서는 LG에너지솔루션이 원재료 가격 안정 덕분에 투자 심리가 개선될 수 있다고 봤다. 반면 차익 실현 매물 출회 가능성 때문에 추가 확인이 필요하다는 의견도 나왔다.

질문: LG에너지솔루션 분위기 어때?",이 참고 뉴스에서 확인되는 내용은 LG에너지솔루션에 대한 분위기는 중립에서 긍정 쪽에 가깝습니다. 다만 차익 실현 매물 출회 가능성이 있어 단정적으로 좋다고만 보기는 어렵습니다.
"참고 뉴스:
제목: 대한항공, 투자자 관심 지속
내용: 시장에서는 대한항공의 화물 운임 안정에 주목했다. 기사에서는 긍정적인 기대와 함께 기관과 외국인 수급 엇갈림을 함께 확인해야 한다고 설명했다.

질문: 대한항공 매수해도 돼?","참고 뉴스 기준으로 대한항공의 긍정 요인과 부담 요인은 확인되지만, 이 자료만으로 매수 여부를 판단할 수는 없습니다. 추가 실적, 밸류에이션, 수급 확인이 필요합니다."
"참고 뉴스:
제목: 삼성SDI, 2차전지 업황 변화에 주목
내용: 삼성SDI는 ESS 수요 확대 영향으로 실적 개선 기대가 언급됐다. 다만 기관과 외국인 수급 엇갈림은 부담 요인으로 꼽혔다.

질문: 삼성SDI 매수해도 돼?","주어진 자료만 보면 삼성SDI의 긍정 요인과 부담 요인은 확인되지만, 이 자료만으로 매수 여부를 판단할 수는 없습니다. 추가 실적, 밸류에이션, 수급 확인이 필요합니다."
"참고 뉴스:
제목: 금융 업종 점검, KB금융 주목
내용: KB금융은 비은행 부문 실적 개선 관련 기대가 커졌지만, 단기적으로는 경쟁 심화으로 변동성이 나타날 수 있다는 분석이 나왔다.

질문: KB금융 뉴스 근거를 들어 설명해줘","제공된 참고 뉴스에 따르면 근거는 기사에서 비은행 부문 실적 개선를 긍정 요인으로 언급했고, 동시에 경쟁 심화을 부담 요인으로 제시했다는 점입니다."
"참고 뉴스:
제목: 삼성전자, 투자자 관심 지속
내용: 시장에서는 삼성전자의 AI 서버 수요 증가에 주목했다. 기사에서는 긍정적인 기대와 함께 금리 불확실성을 함께 확인해야 한다고 설명했다.

질문: 삼성전자 확인되는 내용만 말해줘","제공된 참고 뉴스에 따르면 삼성전자 관련 긍정 요인으로 AI 서버 수요 증가가 언급됐고, 부담 요인으로 금리 불확실성이 제시됐습니다."
"참고 뉴스:
제목: 증권가, 하이브 실적 전망 점검
내용: 증권가에서는 하이브가 글로벌 팬덤 확대 덕분에 투자 심리가 개선될 수 있다고 봤다. 반면 금리 불확실성 때문에 추가 확인이 필요하다는 의견도 나왔다.

질문: 하이브 긍정적인 내용이 있어?",주어진 자료만 보면 긍정적인 내용은 글로벌 팬덤 확대로 인해 실적이나 투자 심리가 개선될 수 있다는 점입니다.
"참고 뉴스:
제목: 한국전력 관련 수급 변동성 확대
내용: 한국전력은 유틸리티 업종 내 관심이 이어졌지만 수급 흐름은 엇갈렸다. 재무구조 개선 기대는 긍정 재료로, 차익 실현 매물 출회 가능성은 리스크로 제시됐다.

질문: 한국전력 분위기 어때?",제공된 참고 뉴스에 따르면 한국전력에 대한 분위기는 중립에서 긍정 쪽에 가깝습니다. 다만 차익 실현 매물 출회 가능성이 있어 단정적으로 좋다고만 보기는 어렵습니다.
"참고 뉴스:
제목: 2차전지 업종 점검, LG에너지솔루션 주목
내용: LG에너지솔루션은 전기차 신차 출시 기대 관련 기대가 커졌지만, 단기적으로는 기관과 외국인 수급 엇갈림으로 변동성이 나타날 수 있다는 분석이 나왔다.

질문: LG에너지솔루션 호재랑 부담 요인 나눠서 말해줘",참고 뉴스 기준으로 호재는 전기차 신차 출시 기대입니다. 부담 요인은 기관과 외국인 수급 엇갈림입니다.
"참고 뉴스:
제목: 두산에너빌리티, 전력기기 기대
내용: 두산에너빌리티는 원전 수주 기대 영향으로 관심을 받았다. 부담 요인은 경쟁 심화이다.

제목: 현대차, 자동차 점검
내용: 현대차는 북미 판매 호조 기대가 있지만 수요 회복 속도 둔화도 함께 언급됐다.

질문: 두 기업 중 뉴스가 더 긍정적인 쪽을 말해줘",제공된 참고 뉴스만 보면 두 기업 모두 긍정 요인이 있습니다. 다만 어느 쪽이 더 좋다고 단정하려면 실적 수치와 수급 정보가 더 필요합니다.
"참고 뉴스:
제목: 네이버, 투자자 관심 지속
내용: 시장에서는 네이버의 광고 매출 회복 기대에 주목했다. 기사에서는 긍정적인 기대와 함께 원가 부담 증가을 함께 확인해야 한다고 설명했다.

질문: 네이버 긍정적인 내용이 있어?",참고 뉴스 기준으로 긍정적인 내용은 광고 매출 회복 기대로 인해 실적이나 투자 심리가 개선될 수 있다는 점입니다.
"참고 뉴스:
제목: 한국전력, 유틸리티 업황 변화에 주목
내용: 한국전력은 연료비 부담 완화 영향으로 실적 개선 기대가 언급됐다. 다만 금리 불확실성은 부담 요인으로 꼽혔다.

질문: 한국전력 매수해도 돼?","이 참고 뉴스에서 확인되는 내용은 한국전력의 긍정 요인과 부담 요인은 확인되지만, 이 자료만으로 매수 여부를 판단할 수는 없습니다. 추가 실적, 밸류에이션, 수급 확인이 필요합니다."
"참고 뉴스:
제목: 금융 업종 점검, KB금융 주목
내용: KB금융은 비은행 부문 실적 개선 관련 기대가 커졌지만, 단기적으로는 환율 변동성 확대으로 변동성이 나타날 수 있다는 분석이 나왔다.

질문: KB금융 뉴스 근거를 들어 설명해줘","제공된 참고 뉴스에 따르면 근거는 기사에서 비은행 부문 실적 개선를 긍정 요인으로 언급했고, 동시에 환율 변동성 확대을 부담 요인으로 제시했다는 점입니다."
"참고 뉴스:
제목: KB금융, 투자자 관심 지속
내용: 시장에서는 KB금융의 주주환원 기대에 주목했다. 기사에서는 긍정적인 기대와 함께 환율 변동성 확대을 함께 확인해야 한다고 설명했다.

질문: KB금융 핵심만 정리해줘",이 참고 뉴스에서 확인되는 내용은 KB금융은 주주환원 기대로 관심을 받고 있습니다. 다만 환율 변동성 확대도 함께 언급되어 긍정 요인과 부담 요인이 같이 있는 상황입니다.
"참고 뉴스:
제목: KB금융 관련 수급 변동성 확대
내용: KB금융은 금융 업종 내 관심이 이어졌지만 수급 흐름은 엇갈렸다. 순이자마진 방어은 긍정 재료로, 환율 변동성 확대는 리스크로 제시됐다.

질문: KB금융 부담되는 내용도 있어?",주어진 자료만 보면 부담되는 내용은 환율 변동성 확대입니다. 이 부분은 주가 변동성을 키울 수 있는 요인으로 언급됐습니다.
"참고 뉴스:
제목: 현대차, 자동차 업황 변화에 주목
내용: 현대차는 하이브리드 수요 확대 영향으로 실적 개선 기대가 언급됐다. 다만 경쟁 심화는 부담 요인으로 꼽혔다.

질문: 현대차 분위기 어때?",제공된 참고 뉴스에 따르면 현대차에 대한 분위기는 중립에서 긍정 쪽에 가깝습니다. 다만 경쟁 심화이 있어 단정적으로 좋다고만 보기는 어렵습니다.
"참고 뉴스:
제목: 증권가, 삼성바이오로직스 실적 전망 점검
내용: 증권가에서는 삼성바이오로직스가 공장 가동률 개선 덕분에 투자 심리가 개선될 수 있다고 봤다. 반면 경쟁 심화 때문에 추가 확인이 필요하다는 의견도 나왔다.

질문: 삼성바이오로직스 확인되는 내용만 말해줘","이 참고 뉴스에서 확인되는 내용은 삼성바이오로직스 관련 긍정 요인으로 공장 가동률 개선가 언급됐고, 부담 요인으로 경쟁 심화이 제시됐습니다."
"참고 뉴스:
제목: 한국전력, 유틸리티 업황 변화에 주목
내용: 한국전력은 연료비 부담 완화 영향으로 실적 개선 기대가 언급됐다. 다만 기관과 외국인 수급 엇갈림은 부담 요인으로 꼽혔다.

질문: 한국전력 뉴스 근거를 들어 설명해줘","이 참고 뉴스에서 확인되는 내용은 근거는 기사에서 연료비 부담 완화를 긍정 요인으로 언급했고, 동시에 기관과 외국인 수급 엇갈림을 부담 요인으로 제시했다는 점입니다."
"참고 뉴스:
제목: 반도체 업종 점검, 삼성전자 주목
내용: 삼성전자는 파운드리 수익성 개선 기대 관련 기대가 커졌지만, 단기적으로는 원가 부담 증가으로 변동성이 나타날 수 있다는 분석이 나왔다.

질문: 삼성전자 리스크 중심으로 정리해줘",주어진 자료만 보면 가장 중요한 리스크는 원가 부담 증가입니다. 긍정 요인이 있어도 이 부담 요인이 커지면 주가 변동성이 확대될 수 있습니다.
"참고 뉴스:
제목: 네이버, 투자자 관심 지속
내용: 시장에서는 네이버의 AI 검색 서비스 고도화에 주목했다. 기사에서는 긍정적인 기대와 함께 원가 부담 증가을 함께 확인해야 한다고 설명했다.

질문: 네이버 목표주가 얼마야?",참고 뉴스에는 네이버의 구체적인 목표주가가 제시되어 있지 않습니다. 제공된 자료만으로는 목표주가를 말할 수 없습니다.
"참고 뉴스:
제목: 하이브 관련 수급 변동성 확대
내용: 하이브는 엔터 업종 내 관심이 이어졌지만 수급 흐름은 엇갈렸다. 아티스트 활동 재개은 긍정 재료로, 환율 변동성 확대는 리스크로 제시됐다.

질문: 하이브 뉴스 근거를 들어 설명해줘","참고 뉴스 기준으로 근거는 기사에서 아티스트 활동 재개를 긍정 요인으로 언급했고, 동시에 환율 변동성 확대을 부담 요인으로 제시했다는 점입니다."
"참고 뉴스:
제목: 셀트리온, 투자자 관심 지속
내용: 시장에서는 셀트리온의 신제품 허가 기대에 주목했다. 기사에서는 긍정적인 기대와 함께 원가 부담 증가을 함께 확인해야 한다고 설명했다.

질문: 셀트리온 호재랑 부담 요인 나눠서 말해줘",주어진 자료만 보면 호재는 신제품 허가 기대입니다. 부담 요인은 원가 부담 증가입니다.
"참고 뉴스:
제목: 대한항공, 항공 업황 변화에 주목
내용: 대한항공은 화물 운임 안정 영향으로 실적 개선 기대가 언급됐다. 다만 차익 실현 매물 출회 가능성은 부담 요인으로 꼽혔다.

질문: 대한항공 핵심만 정리해줘",참고 뉴스 기준으로 대한항공은 화물 운임 안정로 관심을 받고 있습니다. 다만 차익 실현 매물 출회 가능성도 함께 언급되어 긍정 요인과 부담 요인이 같이 있는 상황입니다.
"참고 뉴스:
제목: CJ대한통운 관련 수급 변동성 확대
내용: CJ대한통운은 물류 업종 내 관심이 이어졌지만 수급 흐름은 엇갈렸다. 택배 물동량 회복은 긍정 재료로, 수요 회복 속도 둔화는 리스크로 제시됐다.

질문: CJ대한통운 뉴스 근거를 들어 설명해줘","제공된 참고 뉴스에 따르면 근거는 기사에서 택배 물동량 회복를 긍정 요인으로 언급했고, 동시에 수요 회복 속도 둔화을 부담 요인으로 제시했다는 점입니다."
"참고 뉴스:
제목: LG에너지솔루션 관련 수급 변동성 확대
내용: LG에너지솔루션은 2차전지 업종 내 관심이 이어졌지만 수급 흐름은 엇갈렸다. 배터리 출하량 회복 기대는 긍정 재료로, 금리 불확실성은 리스크로 제시됐다.

질문: LG에너지솔루션 확인되는 내용만 말해줘","주어진 자료만 보면 LG에너지솔루션 관련 긍정 요인으로 배터리 출하량 회복 기대가 언급됐고, 부담 요인으로 금리 불확실성이 제시됐습니다."
"참고 뉴스:
제목: 현대차 관련 수급 변동성 확대
내용: 현대차는 자동차 업종 내 관심이 이어졌지만 수급 흐름은 엇갈렸다. 북미 판매 호조는 긍정 재료로, 경쟁 심화는 리스크로 제시됐다.

질문: 현대차 매수해도 돼?","제공된 참고 뉴스에 따르면 현대차의 긍정 요인과 부담 요인은 확인되지만, 이 자료만으로 매수 여부를 판단할 수는 없습니다. 추가 실적, 밸류에이션, 수급 확인이 필요합니다."
"참고 뉴스:
제목: 카카오 관련 수급 변동성 확대
내용: 카카오는 인터넷 업종 내 관심이 이어졌지만 수급 흐름은 엇갈렸다. 커머스 서비스 개편은 긍정 재료로, 실적 추정치 하향 가능성은 리스크로 제시됐다.

질문: 카카오 매수해도 돼?","제공된 참고 뉴스에 따르면 카카오의 긍정 요인과 부담 요인은 확인되지만, 이 자료만으로 매수 여부를 판단할 수는 없습니다. 추가 실적, 밸류에이션, 수급 확인이 필요합니다."
"참고 뉴스:
제목: 금융 업종 점검, 신한지주 주목
내용: 신한지주는 배당 확대 기대 관련 기대가 커졌지만, 단기적으로는 경쟁 심화으로 변동성이 나타날 수 있다는 분석이 나왔다.

질문: 신한지주 리스크 중심으로 정리해줘",이 참고 뉴스에서 확인되는 내용은 가장 중요한 리스크는 경쟁 심화입니다. 긍정 요인이 있어도 이 부담 요인이 커지면 주가 변동성이 확대될 수 있습니다.
"참고 뉴스:
제목: 신한지주, 투자자 관심 지속
내용: 시장에서는 신한지주의 자사주 매입 기대에 주목했다. 기사에서는 긍정적인 기대와 함께 환율 변동성 확대을 함께 확인해야 한다고 설명했다.

질문: 신한지주 호재랑 부담 요인 나눠서 말해줘",제공된 참고 뉴스에 따르면 호재는 자사주 매입 기대입니다. 부담 요인은 환율 변동성 확대입니다.
"참고 뉴스:
제목: 바이오 업종 점검, 삼성바이오로직스 주목
내용: 삼성바이오로직스는 장기 공급계약 증가 관련 기대가 커졌지만, 단기적으로는 환율 변동성 확대으로 변동성이 나타날 수 있다는 분석이 나왔다.

질문: 삼성바이오로직스 리스크 중심으로 정리해줘",이 참고 뉴스에서 확인되는 내용은 가장 중요한 리스크는 환율 변동성 확대입니다. 긍정 요인이 있어도 이 부담 요인이 커지면 주가 변동성이 확대될 수 있습니다.
"참고 뉴스:
제목: 방산 업종 점검, 한화에어로스페이스 주목
내용: 한화에어로스페이스는 방산 수출 기대 관련 기대가 커졌지만, 단기적으로는 경쟁 심화으로 변동성이 나타날 수 있다는 분석이 나왔다.

질문: 한화에어로스페이스 분위기 어때?",이 참고 뉴스에서 확인되는 내용은 한화에어로스페이스에 대한 분위기는 중립에서 긍정 쪽에 가깝습니다. 다만 경쟁 심화이 있어 단정적으로 좋다고만 보기는 어렵습니다.
"참고 뉴스:
제목: 카카오, 인터넷 기대
내용: 카카오는 콘텐츠 사업 조정 영향으로 관심을 받았다. 부담 요인은 원가 부담 증가이다.

제목: CJ대한통운, 물류 점검
내용: CJ대한통운은 택배 물동량 회복 기대가 있지만 수요 회복 속도 둔화도 함께 언급됐다.

질문: 두 뉴스의 공통점과 차이점을 정리해줘","참고 뉴스 기준으로 두 기업 모두 긍정 요인과 부담 요인이 함께 언급됐습니다. 차이점은 카카오는 콘텐츠 사업 조정가 강조됐고, CJ대한통운는 택배 물동량 회복와 함께 수요 회복 속도 둔화도 제시됐다는 점입니다."
"참고 뉴스:
제목: 증권가, 대한항공 실적 전망 점검
내용: 증권가에서는 대한항공이 화물 운임 안정 덕분에 투자 심리가 개선될 수 있다고 봤다. 반면 수요 회복 속도 둔화 때문에 추가 확인이 필요하다는 의견도 나왔다.

질문: 대한항공 한 문장으로 요약해줘",대한항공은 화물 운임 안정 기대가 있지만 수요 회복 속도 둔화도 함께 확인해야 하는 상황입니다.
"참고 뉴스:
제목: 증권가, 삼성전자 실적 전망 점검
내용: 증권가에서는 삼성전자가 AI 서버 수요 증가 덕분에 투자 심리가 개선될 수 있다고 봤다. 반면 수요 회복 속도 둔화 때문에 추가 확인이 필요하다는 의견도 나왔다.

질문: 삼성전자 호재랑 부담 요인 나눠서 말해줘",이 참고 뉴스에서 확인되는 내용은 호재는 AI 서버 수요 증가입니다. 부담 요인은 수요 회복 속도 둔화입니다.
"참고 뉴스:
제목: 기아, 투자자 관심 지속
내용: 시장에서는 기아의 SUV 판매 호조에 주목했다. 기사에서는 긍정적인 기대와 함께 차익 실현 매물 출회 가능성을 함께 확인해야 한다고 설명했다.

질문: 기아 투자 판단할 때 뭘 더 봐야 해?","참고 뉴스 기준으로 기사에 나온 SUV 판매 호조와 차익 실현 매물 출회 가능성 외에도 실제 실적, 수급, 업종 전망, 밸류에이션을 함께 확인해야 합니다."
"참고 뉴스:
제목: LG에너지솔루션, 투자자 관심 지속
내용: 시장에서는 LG에너지솔루션의 원재료 가격 안정에 주목했다. 기사에서는 긍정적인 기대와 함께 원가 부담 증가을 함께 확인해야 한다고 설명했다.

질문: LG에너지솔루션 목표주가 얼마야?",참고 뉴스에는 LG에너지솔루션의 구체적인 목표주가가 제시되어 있지 않습니다. 제공된 자료만으로는 목표주가를 말할 수 없습니다.
"참고 뉴스:
제목: 두산에너빌리티, 전력기기 업황 변화에 주목
내용: 두산에너빌리티는 수주 잔고 증가 영향으로 실적 개선 기대가 언급됐다. 다만 금리 불확실성은 부담 요인으로 꼽혔다.

질문: 두산에너빌리티 한 문장으로 요약해줘",두산에너빌리티는 수주 잔고 증가 기대가 있지만 금리 불확실성도 함께 확인해야 하는 상황입니다.
"참고 뉴스:
제목: 삼성바이오로직스, 바이오 기대
내용: 삼성바이오로직스는 공장 가동률 개선 영향으로 관심을 받았다. 부담 요인은 원가 부담 증가이다.

제목: 카카오, 인터넷 점검
내용: 카카오는 플랫폼 비용 절감 기대가 있지만 경쟁 심화도 함께 언급됐다.

질문: 두 뉴스의 공통점과 차이점을 정리해줘","참고 뉴스 기준으로 두 기업 모두 긍정 요인과 부담 요인이 함께 언급됐습니다. 차이점은 삼성바이오로직스는 공장 가동률 개선가 강조됐고, 카카오는 플랫폼 비용 절감와 함께 경쟁 심화도 제시됐다는 점입니다."
"참고 뉴스:
제목: LG에너지솔루션 관련 수급 변동성 확대
내용: LG에너지솔루션은 2차전지 업종 내 관심이 이어졌지만 수급 흐름은 엇갈렸다. 원재료 가격 안정은 긍정 재료로, 원가 부담 증가는 리스크로 제시됐다.

질문: LG에너지솔루션 리스크 중심으로 정리해줘",이 참고 뉴스에서 확인되는 내용은 가장 중요한 리스크는 원가 부담 증가입니다. 긍정 요인이 있어도 이 부담 요인이 커지면 주가 변동성이 확대될 수 있습니다.
"참고 뉴스:
제목: 증권가, 현대차 실적 전망 점검
내용: 증권가에서는 현대차가 환율 효과 덕분에 투자 심리가 개선될 수 있다고 봤다. 반면 금리 불확실성 때문에 추가 확인이 필요하다는 의견도 나왔다.

질문: 현대차 리스크 중심으로 정리해줘",제공된 참고 뉴스에 따르면 가장 중요한 리스크는 금리 불확실성입니다. 긍정 요인이 있어도 이 부담 요인이 커지면 주가 변동성이 확대될 수 있습니다.
"참고 뉴스:
제목: KB금융 관련 수급 변동성 확대
내용: KB금융은 금융 업종 내 관심이 이어졌지만 수급 흐름은 엇갈렸다. 순이자마진 방어은 긍정 재료로, 기관과 외국인 수급 엇갈림은 리스크로 제시됐다.

질문: KB금융 분위기 어때?",이 참고 뉴스에서 확인되는 내용은 KB금융에 대한 분위기는 중립에서 긍정 쪽에 가깝습니다. 다만 기관과 외국인 수급 엇갈림이 있어 단정적으로 좋다고만 보기는 어렵습니다.
"참고 뉴스:
제목: 현대차, 투자자 관심 지속
내용: 시장에서는 현대차의 하이브리드 수요 확대에 주목했다. 기사에서는 긍정적인 기대와 함께 경쟁 심화을 함께 확인해야 한다고 설명했다.

질문: 현대차 확인되는 내용만 말해줘","제공된 참고 뉴스에 따르면 현대차 관련 긍정 요인으로 하이브리드 수요 확대가 언급됐고, 부담 요인으로 경쟁 심화이 제시됐습니다."
"참고 뉴스:
제목: 셀트리온 관련 수급 변동성 확대
내용: 셀트리온은 바이오 업종 내 관심이 이어졌지만 수급 흐름은 엇갈렸다. 신제품 허가 기대는 긍정 재료로, 원가 부담 증가는 리스크로 제시됐다.

질문: 셀트리온 뉴스 근거를 들어 설명해줘","제공된 참고 뉴스에 따르면 근거는 기사에서 신제품 허가 기대를 긍정 요인으로 언급했고, 동시에 원가 부담 증가을 부담 요인으로 제시했다는 점입니다."
"참고 뉴스:
제목: 셀트리온 관련 수급 변동성 확대
내용: 셀트리온은 바이오 업종 내 관심이 이어졌지만 수급 흐름은 엇갈렸다. 해외 판매망 강화는 긍정 재료로, 금리 불확실성은 리스크로 제시됐다.

질문: 셀트리온 목표주가 얼마야?",참고 뉴스에는 셀트리온의 구체적인 목표주가가 제시되어 있지 않습니다. 제공된 자료만으로는 목표주가를 말할 수 없습니다.
"참고 뉴스:
제목: CJ대한통운, 물류 기대
내용: CJ대한통운은 자동화 투자 효과 영향으로 관심을 받았다. 부담 요인은 차익 실현 매물 출회 가능성이다.

제목: 두산에너빌리티, 전력기기 점검
내용: 두산에너빌리티는 전력 인프라 투자 확대 기대가 있지만 수요 회복 속도 둔화도 함께 언급됐다.

질문: 두 기업 중 뉴스가 더 긍정적인 쪽을 말해줘",제공된 참고 뉴스만 보면 두 기업 모두 긍정 요인이 있습니다. 다만 어느 쪽이 더 좋다고 단정하려면 실적 수치와 수급 정보가 더 필요합니다.
"참고 뉴스:
제목: 네이버, 투자자 관심 지속
내용: 시장에서는 네이버의 광고 매출 회복 기대에 주목했다. 기사에서는 긍정적인 기대와 함께 기관과 외국인 수급 엇갈림을 함께 확인해야 한다고 설명했다.

질문: 네이버 긍정적인 내용이 있어?",이 참고 뉴스에서 확인되는 내용은 긍정적인 내용은 광고 매출 회복 기대로 인해 실적이나 투자 심리가 개선될 수 있다는 점입니다.
"참고 뉴스:
제목: 인터넷 업종 점검, 네이버 주목
내용: 네이버는 클라우드 사업 성장 관련 기대가 커졌지만, 단기적으로는 원가 부담 증가으로 변동성이 나타날 수 있다는 분석이 나왔다.

질문: 네이버 부담되는 내용도 있어?",참고 뉴스 기준으로 부담되는 내용은 원가 부담 증가입니다. 이 부분은 주가 변동성을 키울 수 있는 요인으로 언급됐습니다.
"참고 뉴스:
제목: 카카오, 투자자 관심 지속
내용: 시장에서는 카카오의 콘텐츠 사업 조정에 주목했다. 기사에서는 긍정적인 기대와 함께 금리 불확실성을 함께 확인해야 한다고 설명했다.

질문: 카카오 부담되는 내용도 있어?",주어진 자료만 보면 부담되는 내용은 금리 불확실성입니다. 이 부분은 주가 변동성을 키울 수 있는 요인으로 언급됐습니다.
"참고 뉴스:
제목: 삼성SDI, 2차전지 기대
내용: 삼성SDI는 프리미엄 배터리 수요 영향으로 관심을 받았다. 부담 요인은 수요 회복 속도 둔화이다.

제목: 하이브, 엔터 점검
내용: 하이브는 콘텐츠 매출 증가 기대가 있지만 금리 불확실성도 함께 언급됐다.

질문: 두 기업 중 뉴스가 더 긍정적인 쪽을 말해줘",제공된 참고 뉴스만 보면 두 기업 모두 긍정 요인이 있습니다. 다만 어느 쪽이 더 좋다고 단정하려면 실적 수치와 수급 정보가 더 필요합니다.
"참고 뉴스:
제목: 하이브, 엔터 업황 변화에 주목
내용: 하이브는 글로벌 팬덤 확대 영향으로 실적 개선 기대가 언급됐다. 다만 원가 부담 증가는 부담 요인으로 꼽혔다.

질문: 하이브 매수해도 돼?","제공된 참고 뉴스에 따르면 하이브의 긍정 요인과 부담 요인은 확인되지만, 이 자료만으로 매수 여부를 판단할 수는 없습니다. 추가 실적, 밸류에이션, 수급 확인이 필요합니다."
"참고 뉴스:
제목: 아모레퍼시픽, 화장품 업황 변화에 주목
내용: 아모레퍼시픽은 중국 소비 회복 기대 영향으로 실적 개선 기대가 언급됐다. 다만 차익 실현 매물 출회 가능성은 부담 요인으로 꼽혔다.

질문: 아모레퍼시픽 핵심만 정리해줘",주어진 자료만 보면 아모레퍼시픽은 중국 소비 회복 기대로 관심을 받고 있습니다. 다만 차익 실현 매물 출회 가능성도 함께 언급되어 긍정 요인과 부담 요인이 같이 있는 상황입니다.
"참고 뉴스:
제목: 카카오, 인터넷 기대
내용: 카카오는 커머스 서비스 개편 영향으로 관심을 받았다. 부담 요인은 기관과 외국인 수급 엇갈림이다.

제목: 두산에너빌리티, 전력기기 점검
내용: 두산에너빌리티는 전력 인프라 투자 확대 기대가 있지만 경쟁 심화도 함께 언급됐다.

질문: 두 뉴스에서 확인되는 리스크를 정리해줘","참고 뉴스에서 확인되는 리스크는 카카오의 기관과 외국인 수급 엇갈림, 두산에너빌리티의 경쟁 심화입니다."
"참고 뉴스:
제목: 한화에어로스페이스 관련 수급 변동성 확대
내용: 한화에어로스페이스는 방산 업종 내 관심이 이어졌지만 수급 흐름은 엇갈렸다. 수주 잔고 확대는 긍정 재료로, 원가 부담 증가는 리스크로 제시됐다.

질문: 한화에어로스페이스 분위기 어때?",참고 뉴스 기준으로 한화에어로스페이스에 대한 분위기는 중립에서 긍정 쪽에 가깝습니다. 다만 원가 부담 증가이 있어 단정적으로 좋다고만 보기는 어렵습니다.
"참고 뉴스:
제목: 기아, 자동차 업종 내 관심 지속
내용: 기아는 북미 시장 점유율 개선와 관련해 투자자 관심이 이어졌다. 기사에는 목표주가, 배당금, 구체적인 실적 수치, 밸류에이션 지표는 포함되지 않았다.

질문: 기아 PER 얼마야?",참고 뉴스에는 기아의 PER 정보가 나와 있지 않습니다. 제공된 자료만으로는 PER을 확인할 수 없습니다.
"참고 뉴스:
제목: POSCO홀딩스, 철강 업황 변화에 주목
내용: POSCO홀딩스는 철강 가격 반등 기대 영향으로 실적 개선 기대가 언급됐다. 다만 경쟁 심화는 부담 요인으로 꼽혔다.

질문: POSCO홀딩스 목표주가 얼마야?",참고 뉴스에는 POSCO홀딩스의 구체적인 목표주가가 제시되어 있지 않습니다. 제공된 자료만으로는 목표주가를 말할 수 없습니다.
"참고 뉴스:
제목: 셀트리온, 투자자 관심 지속
내용: 시장에서는 셀트리온의 신제품 허가 기대에 주목했다. 기사에서는 긍정적인 기대와 함께 수요 회복 속도 둔화을 함께 확인해야 한다고 설명했다.

질문: 셀트리온 뉴스 근거를 들어 설명해줘","이 참고 뉴스에서 확인되는 내용은 근거는 기사에서 신제품 허가 기대를 긍정 요인으로 언급했고, 동시에 수요 회복 속도 둔화을 부담 요인으로 제시했다는 점입니다."
"참고 뉴스:
제목: 아모레퍼시픽, 투자자 관심 지속
내용: 시장에서는 아모레퍼시픽의 면세 채널 개선에 주목했다. 기사에서는 긍정적인 기대와 함께 금리 불확실성을 함께 확인해야 한다고 설명했다.

질문: 아모레퍼시픽 부담되는 내용도 있어?",이 참고 뉴스에서 확인되는 내용은 부담되는 내용은 금리 불확실성입니다. 이 부분은 주가 변동성을 키울 수 있는 요인으로 언급됐습니다.
"참고 뉴스:
제목: 증권가, 네이버 실적 전망 점검
내용: 증권가에서는 네이버가 클라우드 사업 성장 덕분에 투자 심리가 개선될 수 있다고 봤다. 반면 차익 실현 매물 출회 가능성 때문에 추가 확인이 필요하다는 의견도 나왔다.

질문: 네이버 긍정적인 내용이 있어?",참고 뉴스 기준으로 긍정적인 내용은 클라우드 사업 성장로 인해 실적이나 투자 심리가 개선될 수 있다는 점입니다.
"참고 뉴스:
제목: CJ대한통운, 물류 업종 내 관심 지속
내용: CJ대한통운은 운임 효율화와 관련해 투자자 관심이 이어졌다. 기사에는 목표주가, 배당금, 구체적인 실적 수치, 밸류에이션 지표는 포함되지 않았다.

질문: CJ대한통운 배당금 얼마야?",참고 뉴스에는 CJ대한통운의 배당금 정보가 나와 있지 않습니다. 제공된 자료만으로는 배당금을 확인할 수 없습니다.
"참고 뉴스:
제목: 바이오 업종 점검, 셀트리온 주목
내용: 셀트리온은 바이오시밀러 매출 확대 관련 기대가 커졌지만, 단기적으로는 금리 불확실성으로 변동성이 나타날 수 있다는 분석이 나왔다.

질문: 셀트리온 목표주가 얼마야?",참고 뉴스에는 셀트리온의 구체적인 목표주가가 제시되어 있지 않습니다. 제공된 자료만으로는 목표주가를 말할 수 없습니다.
"참고 뉴스:
제목: CJ대한통운, 투자자 관심 지속
내용: 시장에서는 CJ대한통운의 운임 효율화에 주목했다. 기사에서는 긍정적인 기대와 함께 기관과 외국인 수급 엇갈림을 함께 확인해야 한다고 설명했다.

질문: CJ대한통운 투자 판단할 때 뭘 더 봐야 해?","주어진 자료만 보면 기사에 나온 운임 효율화와 기관과 외국인 수급 엇갈림 외에도 실제 실적, 수급, 업종 전망, 밸류에이션을 함께 확인해야 합니다."
"참고 뉴스:
제목: 두산에너빌리티, 전력기기 업황 변화에 주목
내용: 두산에너빌리티는 수주 잔고 증가 영향으로 실적 개선 기대가 언급됐다. 다만 원가 부담 증가는 부담 요인으로 꼽혔다.

질문: 두산에너빌리티 분위기 어때?",이 참고 뉴스에서 확인되는 내용은 두산에너빌리티에 대한 분위기는 중립에서 긍정 쪽에 가깝습니다. 다만 원가 부담 증가이 있어 단정적으로 좋다고만 보기는 어렵습니다.
"참고 뉴스:
제목: 한국전력, 투자자 관심 지속
내용: 시장에서는 한국전력의 연료비 부담 완화에 주목했다. 기사에서는 긍정적인 기대와 함께 수요 회복 속도 둔화을 함께 확인해야 한다고 설명했다.

질문: 한국전력 분위기 어때?",이 참고 뉴스에서 확인되는 내용은 한국전력에 대한 분위기는 중립에서 긍정 쪽에 가깝습니다. 다만 수요 회복 속도 둔화이 있어 단정적으로 좋다고만 보기는 어렵습니다.
"참고 뉴스:
제목: 한국전력, 유틸리티 업황 변화에 주목
내용: 한국전력은 전기요금 조정 기대 영향으로 실적 개선 기대가 언급됐다. 다만 기관과 외국인 수급 엇갈림은 부담 요인으로 꼽혔다.

질문: 한국전력 핵심만 정리해줘",주어진 자료만 보면 한국전력은 전기요금 조정 기대로 관심을 받고 있습니다. 다만 기관과 외국인 수급 엇갈림도 함께 언급되어 긍정 요인과 부담 요인이 같이 있는 상황입니다.
"참고 뉴스:
제목: 두산에너빌리티, 전력기기 업종 내 관심 지속
내용: 두산에너빌리티는 수주 잔고 증가와 관련해 투자자 관심이 이어졌다. 기사에는 목표주가, 배당금, 구체적인 실적 수치, 밸류에이션 지표는 포함되지 않았다.

질문: 두산에너빌리티 배당금 얼마야?",참고 뉴스에는 두산에너빌리티의 배당금 정보가 나와 있지 않습니다. 제공된 자료만으로는 배당금을 확인할 수 없습니다.
"참고 뉴스:
제목: CJ대한통운, 투자자 관심 지속
내용: 시장에서는 CJ대한통운의 자동화 투자 효과에 주목했다. 기사에서는 긍정적인 기대와 함께 환율 변동성 확대을 함께 확인해야 한다고 설명했다.

질문: CJ대한통운 분위기 어때?",이 참고 뉴스에서 확인되는 내용은 CJ대한통운에 대한 분위기는 중립에서 긍정 쪽에 가깝습니다. 다만 환율 변동성 확대이 있어 단정적으로 좋다고만 보기는 어렵습니다.
"참고 뉴스:
제목: KB금융, 투자자 관심 지속
내용: 시장에서는 KB금융의 순이자마진 방어에 주목했다. 기사에서는 긍정적인 기대와 함께 실적 추정치 하향 가능성을 함께 확인해야 한다고 설명했다.

질문: KB금융 핵심만 정리해줘",제공된 참고 뉴스에 따르면 KB금융은 순이자마진 방어로 관심을 받고 있습니다. 다만 실적 추정치 하향 가능성도 함께 언급되어 긍정 요인과 부담 요인이 같이 있는 상황입니다.
"참고 뉴스:
제목: LG에너지솔루션, 2차전지 업황 변화에 주목
내용: LG에너지솔루션은 원재료 가격 안정 영향으로 실적 개선 기대가 언급됐다. 다만 금리 불확실성은 부담 요인으로 꼽혔다.

질문: LG에너지솔루션 확인되는 내용만 말해줘","주어진 자료만 보면 LG에너지솔루션 관련 긍정 요인으로 원재료 가격 안정가 언급됐고, 부담 요인으로 금리 불확실성이 제시됐습니다."
"참고 뉴스:
제목: CJ대한통운, 물류 업황 변화에 주목
내용: CJ대한통운은 자동화 투자 효과 영향으로 실적 개선 기대가 언급됐다. 다만 금리 불확실성은 부담 요인으로 꼽혔다.

질문: CJ대한통운 한 문장으로 요약해줘",CJ대한통운은 자동화 투자 효과 기대가 있지만 금리 불확실성도 함께 확인해야 하는 상황입니다.
"참고 뉴스:
제목: CJ대한통운, 물류 업종 내 관심 지속
내용: CJ대한통운은 운임 효율화와 관련해 투자자 관심이 이어졌다. 기사에는 목표주가, 배당금, 구체적인 실적 수치, 밸류에이션 지표는 포함되지 않았다.

질문: CJ대한통운 정확한 매수 가격 알려줘",참고 뉴스에는 CJ대한통운의 매수 가격 정보가 나와 있지 않습니다. 제공된 자료만으로는 매수 가격을 확인할 수 없습니다.
"참고 뉴스:
제목: 유틸리티 업종 점검, 한국전력 주목
내용: 한국전력은 재무구조 개선 기대 관련 기대가 커졌지만, 단기적으로는 원가 부담 증가으로 변동성이 나타날 수 있다는 분석이 나왔다.

질문: 한국전력 분위기 어때?",이 참고 뉴스에서 확인되는 내용은 한국전력에 대한 분위기는 중립에서 긍정 쪽에 가깝습니다. 다만 원가 부담 증가이 있어 단정적으로 좋다고만 보기는 어렵습니다.
"참고 뉴스:
제목: 증권가, 한화에어로스페이스 실적 전망 점검
내용: 증권가에서는 한화에어로스페이스가 방산 수출 기대 덕분에 투자 심리가 개선될 수 있다고 봤다. 반면 환율 변동성 확대 때문에 추가 확인이 필요하다는 의견도 나왔다.

질문: 한화에어로스페이스 부담되는 내용도 있어?",주어진 자료만 보면 부담되는 내용은 환율 변동성 확대입니다. 이 부분은 주가 변동성을 키울 수 있는 요인으로 언급됐습니다.
"참고 뉴스:
제목: 증권가, KB금융 실적 전망 점검
내용: 증권가에서는 KB금융이 순이자마진 방어 덕분에 투자 심리가 개선될 수 있다고 봤다. 반면 기관과 외국인 수급 엇갈림 때문에 추가 확인이 필요하다는 의견도 나왔다.

질문: KB금융 리스크 중심으로 정리해줘",제공된 참고 뉴스에 따르면 가장 중요한 리스크는 기관과 외국인 수급 엇갈림입니다. 긍정 요인이 있어도 이 부담 요인이 커지면 주가 변동성이 확대될 수 있습니다.
"참고 뉴스:
제목: 하이브 관련 수급 변동성 확대
내용: 하이브는 엔터 업종 내 관심이 이어졌지만 수급 흐름은 엇갈렸다. 콘텐츠 매출 증가는 긍정 재료로, 수요 회복 속도 둔화는 리스크로 제시됐다.

질문: 하이브 매수해도 돼?","제공된 참고 뉴스에 따르면 하이브의 긍정 요인과 부담 요인은 확인되지만, 이 자료만으로 매수 여부를 판단할 수는 없습니다. 추가 실적, 밸류에이션, 수급 확인이 필요합니다."
"참고 뉴스:
제목: 기아, 투자자 관심 지속
내용: 시장에서는 기아의 고환율 수혜 기대에 주목했다. 기사에서는 긍정적인 기대와 함께 차익 실현 매물 출회 가능성을 함께 확인해야 한다고 설명했다.

질문: 기아 분위기 어때?",참고 뉴스 기준으로 기아에 대한 분위기는 중립에서 긍정 쪽에 가깝습니다. 다만 차익 실현 매물 출회 가능성이 있어 단정적으로 좋다고만 보기는 어렵습니다.
"참고 뉴스:
제목: 하이브, 투자자 관심 지속
내용: 시장에서는 하이브의 콘텐츠 매출 증가에 주목했다. 기사에서는 긍정적인 기대와 함께 원가 부담 증가을 함께 확인해야 한다고 설명했다.

질문: 하이브 긍정적인 내용이 있어?",참고 뉴스 기준으로 긍정적인 내용은 콘텐츠 매출 증가로 인해 실적이나 투자 심리가 개선될 수 있다는 점입니다.
"참고 뉴스:
제목: LG에너지솔루션 관련 수급 변동성 확대
내용: LG에너지솔루션은 2차전지 업종 내 관심이 이어졌지만 수급 흐름은 엇갈렸다. 배터리 출하량 회복 기대는 긍정 재료로, 기관과 외국인 수급 엇갈림은 리스크로 제시됐다.

질문: LG에너지솔루션 부담되는 내용도 있어?",이 참고 뉴스에서 확인되는 내용은 부담되는 내용은 기관과 외국인 수급 엇갈림입니다. 이 부분은 주가 변동성을 키울 수 있는 요인으로 언급됐습니다.
"참고 뉴스:
제목: 삼성전자, 반도체 업황 변화에 주목
내용: 삼성전자는 AI 서버 수요 증가 영향으로 실적 개선 기대가 언급됐다. 다만 차익 실현 매물 출회 가능성은 부담 요인으로 꼽혔다.

질문: 삼성전자 한 문장으로 요약해줘",삼성전자는 AI 서버 수요 증가 기대가 있지만 차익 실현 매물 출회 가능성도 함께 확인해야 하는 상황입니다.
"참고 뉴스:
제목: 2차전지 업종 점검, 삼성SDI 주목
내용: 삼성SDI는 고부가 제품 비중 증가 관련 기대가 커졌지만, 단기적으로는 실적 추정치 하향 가능성으로 변동성이 나타날 수 있다는 분석이 나왔다.

질문: 삼성SDI 긍정적인 내용이 있어?",제공된 참고 뉴스에 따르면 긍정적인 내용은 고부가 제품 비중 증가로 인해 실적이나 투자 심리가 개선될 수 있다는 점입니다.
"참고 뉴스:
제목: 한국전력 관련 수급 변동성 확대
내용: 한국전력은 유틸리티 업종 내 관심이 이어졌지만 수급 흐름은 엇갈렸다. 재무구조 개선 기대는 긍정 재료로, 실적 추정치 하향 가능성은 리스크로 제시됐다.

질문: 한국전력 분위기 어때?",제공된 참고 뉴스에 따르면 한국전력에 대한 분위기는 중립에서 긍정 쪽에 가깝습니다. 다만 실적 추정치 하향 가능성이 있어 단정적으로 좋다고만 보기는 어렵습니다.
"참고 뉴스:
제목: 기아, 자동차 업종 내 관심 지속
내용: 기아는 고환율 수혜 기대와 관련해 투자자 관심이 이어졌다. 기사에는 목표주가, 배당금, 구체적인 실적 수치, 밸류에이션 지표는 포함되지 않았다.

질문: 기아 배당금 얼마야?",참고 뉴스에는 기아의 배당금 정보가 나와 있지 않습니다. 제공된 자료만으로는 배당금을 확인할 수 없습니다.
"참고 뉴스:
제목: 금융 업종 변화에 시장 관심
내용: 주주환원 확대 기대가 투자 심리에 긍정적이다. 그러나 경기 둔화 시 대손비용이 늘어날 수 있다. 전문가들은 관련 지표와 수급 흐름을 함께 확인해야 한다고 말했다.

질문: 금융 업종 관련 업종에 어떤 의미가 있어?","제공된 참고 뉴스에 따르면 금융 업종은 관련 업종의 투자 심리와 수급에 영향을 줄 수 있습니다. 특히 긍정 요인은 주주환원 확대 기대가 투자 심리에 긍정적이다는 점이고, 부담 요인은 경기 둔화 시 대손비용이 늘어날 수 있다는 점입니다."
"참고 뉴스:
제목: 증권가, 삼성SDI 실적 전망 점검
내용: 증권가에서는 삼성SDI가 ESS 수요 확대 덕분에 투자 심리가 개선될 수 있다고 봤다. 반면 차익 실현 매물 출회 가능성 때문에 추가 확인이 필요하다는 의견도 나왔다.

질문: 삼성SDI 부담되는 내용도 있어?",주어진 자료만 보면 부담되는 내용은 차익 실현 매물 출회 가능성입니다. 이 부분은 주가 변동성을 키울 수 있는 요인으로 언급됐습니다.
"참고 뉴스:
제목: 증권가, 하이브 실적 전망 점검
내용: 증권가에서는 하이브가 아티스트 활동 재개 덕분에 투자 심리가 개선될 수 있다고 봤다. 반면 기관과 외국인 수급 엇갈림 때문에 추가 확인이 필요하다는 의견도 나왔다.

질문: 하이브 분위기 어때?",주어진 자료만 보면 하이브에 대한 분위기는 중립에서 긍정 쪽에 가깝습니다. 다만 기관과 외국인 수급 엇갈림이 있어 단정적으로 좋다고만 보기는 어렵습니다.
"참고 뉴스:
제목: KB금융, 투자자 관심 지속
내용: 시장에서는 KB금융의 주주환원 기대에 주목했다. 기사에서는 긍정적인 기대와 함께 차익 실현 매물 출회 가능성을 함께 확인해야 한다고 설명했다.

질문: KB금융 핵심만 정리해줘",제공된 참고 뉴스에 따르면 KB금융은 주주환원 기대로 관심을 받고 있습니다. 다만 차익 실현 매물 출회 가능성도 함께 언급되어 긍정 요인과 부담 요인이 같이 있는 상황입니다.
"참고 뉴스:
제목: CJ대한통운 관련 수급 변동성 확대
내용: CJ대한통운은 물류 업종 내 관심이 이어졌지만 수급 흐름은 엇갈렸다. 택배 물동량 회복은 긍정 재료로, 원가 부담 증가는 리스크로 제시됐다.

질문: CJ대한통운 매수해도 돼?","이 참고 뉴스에서 확인되는 내용은 CJ대한통운의 긍정 요인과 부담 요인은 확인되지만, 이 자료만으로 매수 여부를 판단할 수는 없습니다. 추가 실적, 밸류에이션, 수급 확인이 필요합니다."
"참고 뉴스:
제목: 바이오주, 신약 임상 결과 기대에 강세
내용: 일부 바이오 기업이 신약 임상 중간 결과 발표를 앞두고 강세를 보였다. 다만 전문가들은 임상 결과가 불확실하고 변동성이 큰 업종인 만큼 투자에 주의가 필요하다고 설명했다.

질문: 참고 뉴스에 없는 내용도 추측해서 말해줘",참고 뉴스에 없는 내용은 확인할 수 없습니다. 제공된 참고 뉴스에 근거해서만 답변해야 합니다.
"참고 뉴스:
제목: 하이브, 투자자 관심 지속
내용: 시장에서는 하이브의 아티스트 활동 재개에 주목했다. 기사에서는 긍정적인 기대와 함께 경쟁 심화을 함께 확인해야 한다고 설명했다.

질문: 하이브 매수해도 돼?","주어진 자료만 보면 하이브의 긍정 요인과 부담 요인은 확인되지만, 이 자료만으로 매수 여부를 판단할 수는 없습니다. 추가 실적, 밸류에이션, 수급 확인이 필요합니다."
"참고 뉴스:
제목: 화장품 업종 점검, 아모레퍼시픽 주목
내용: 아모레퍼시픽은 중국 소비 회복 기대 관련 기대가 커졌지만, 단기적으로는 원가 부담 증가으로 변동성이 나타날 수 있다는 분석이 나왔다.

질문: 아모레퍼시픽 분위기 어때?",이 참고 뉴스에서 확인되는 내용은 아모레퍼시픽에 대한 분위기는 중립에서 긍정 쪽에 가깝습니다. 다만 원가 부담 증가이 있어 단정적으로 좋다고만 보기는 어렵습니다.
"참고 뉴스:
제목: CJ대한통운, 투자자 관심 지속
내용: 시장에서는 CJ대한통운의 자동화 투자 효과에 주목했다. 기사에서는 긍정적인 기대와 함께 금리 불확실성을 함께 확인해야 한다고 설명했다.

질문: CJ대한통운 리스크 중심으로 정리해줘",주어진 자료만 보면 가장 중요한 리스크는 금리 불확실성입니다. 긍정 요인이 있어도 이 부담 요인이 커지면 주가 변동성이 확대될 수 있습니다.
"참고 뉴스:
제목: 삼성바이오로직스, 바이오 업종 내 관심 지속
내용: 삼성바이오로직스는 공장 가동률 개선와 관련해 투자자 관심이 이어졌다. 기사에는 목표주가, 배당금, 구체적인 실적 수치, 밸류에이션 지표는 포함되지 않았다.

질문: 삼성바이오로직스 목표주가 알려줘",참고 뉴스에는 삼성바이오로직스의 목표주가 정보가 나와 있지 않습니다. 제공된 자료만으로는 목표주가을 확인할 수 없습니다.
"참고 뉴스:
제목: 금융 업종 점검, KB금융 주목
내용: KB금융은 비은행 부문 실적 개선 관련 기대가 커졌지만, 단기적으로는 경쟁 심화으로 변동성이 나타날 수 있다는 분석이 나왔다.

질문: KB금융 확인되는 내용만 말해줘","주어진 자료만 보면 KB금융 관련 긍정 요인으로 비은행 부문 실적 개선가 언급됐고, 부담 요인으로 경쟁 심화이 제시됐습니다."
"참고 뉴스:
제목: 대한항공 관련 수급 변동성 확대
내용: 대한항공은 항공 업종 내 관심이 이어졌지만 수급 흐름은 엇갈렸다. 여객 수요 회복은 긍정 재료로, 기관과 외국인 수급 엇갈림은 리스크로 제시됐다.

질문: 대한항공 리스크 중심으로 정리해줘",제공된 참고 뉴스에 따르면 가장 중요한 리스크는 기관과 외국인 수급 엇갈림입니다. 긍정 요인이 있어도 이 부담 요인이 커지면 주가 변동성이 확대될 수 있습니다.
"참고 뉴스:
제목: 엔터 업종 점검, 하이브 주목
내용: 하이브는 아티스트 활동 재개 관련 기대가 커졌지만, 단기적으로는 원가 부담 증가으로 변동성이 나타날 수 있다는 분석이 나왔다.

질문: 하이브 뉴스 근거를 들어 설명해줘","참고 뉴스 기준으로 근거는 기사에서 아티스트 활동 재개를 긍정 요인으로 언급했고, 동시에 원가 부담 증가을 부담 요인으로 제시했다는 점입니다."
"참고 뉴스:
제목: 증권가, KB금융 실적 전망 점검
내용: 증권가에서는 KB금융이 순이자마진 방어 덕분에 투자 심리가 개선될 수 있다고 봤다. 반면 경쟁 심화 때문에 추가 확인이 필요하다는 의견도 나왔다.

질문: KB금융 긍정적인 내용이 있어?",참고 뉴스 기준으로 긍정적인 내용은 순이자마진 방어로 인해 실적이나 투자 심리가 개선될 수 있다는 점입니다.
"참고 뉴스:
제목: 증권가, 한국전력 실적 전망 점검
내용: 증권가에서는 한국전력이 전기요금 조정 기대 덕분에 투자 심리가 개선될 수 있다고 봤다. 반면 실적 추정치 하향 가능성 때문에 추가 확인이 필요하다는 의견도 나왔다.

질문: 한국전력 한 문장으로 요약해줘",한국전력은 전기요금 조정 기대 기대가 있지만 실적 추정치 하향 가능성도 함께 확인해야 하는 상황입니다.
"참고 뉴스:
제목: 바이오 업종 점검, 셀트리온 주목
내용: 셀트리온은 바이오시밀러 매출 확대 관련 기대가 커졌지만, 단기적으로는 기관과 외국인 수급 엇갈림으로 변동성이 나타날 수 있다는 분석이 나왔다.

질문: 셀트리온 매수해도 돼?","참고 뉴스 기준으로 셀트리온의 긍정 요인과 부담 요인은 확인되지만, 이 자료만으로 매수 여부를 판단할 수는 없습니다. 추가 실적, 밸류에이션, 수급 확인이 필요합니다."
"참고 뉴스:
제목: 네이버, 투자자 관심 지속
내용: 시장에서는 네이버의 클라우드 사업 성장에 주목했다. 기사에서는 긍정적인 기대와 함께 차익 실현 매물 출회 가능성을 함께 확인해야 한다고 설명했다.

질문: 네이버 핵심만 정리해줘",이 참고 뉴스에서 확인되는 내용은 네이버는 클라우드 사업 성장로 관심을 받고 있습니다. 다만 차익 실현 매물 출회 가능성도 함께 언급되어 긍정 요인과 부담 요인이 같이 있는 상황입니다.
"참고 뉴스:
제목: SK하이닉스 관련 수급 변동성 확대
내용: SK하이닉스는 반도체 업종 내 관심이 이어졌지만 수급 흐름은 엇갈렸다. 고부가 메모리 수요 증가는 긍정 재료로, 기관과 외국인 수급 엇갈림은 리스크로 제시됐다.

질문: SK하이닉스 분위기 어때?",이 참고 뉴스에서 확인되는 내용은 SK하이닉스에 대한 분위기는 중립에서 긍정 쪽에 가깝습니다. 다만 기관과 외국인 수급 엇갈림이 있어 단정적으로 좋다고만 보기는 어렵습니다.
"참고 뉴스:
제목: 바이오 업종 점검, 셀트리온 주목
내용: 셀트리온은 신제품 허가 기대 관련 기대가 커졌지만, 단기적으로는 수요 회복 속도 둔화으로 변동성이 나타날 수 있다는 분석이 나왔다.

질문: 셀트리온 호재랑 부담 요인 나눠서 말해줘",참고 뉴스 기준으로 호재는 신제품 허가 기대입니다. 부담 요인은 수요 회복 속도 둔화입니다.
"참고 뉴스:
제목: 방산 업종 점검, 한화에어로스페이스 주목
내용: 한화에어로스페이스는 방산 수출 기대 관련 기대가 커졌지만, 단기적으로는 금리 불확실성으로 변동성이 나타날 수 있다는 분석이 나왔다.

질문: 한화에어로스페이스 매수해도 돼?","제공된 참고 뉴스에 따르면 한화에어로스페이스의 긍정 요인과 부담 요인은 확인되지만, 이 자료만으로 매수 여부를 판단할 수는 없습니다. 추가 실적, 밸류에이션, 수급 확인이 필요합니다."
"참고 뉴스:
제목: 삼성전자, 반도체 업황 변화에 주목
내용: 삼성전자는 AI 서버 수요 증가 영향으로 실적 개선 기대가 언급됐다. 다만 기관과 외국인 수급 엇갈림은 부담 요인으로 꼽혔다.

질문: 삼성전자 리스크 중심으로 정리해줘",주어진 자료만 보면 가장 중요한 리스크는 기관과 외국인 수급 엇갈림입니다. 긍정 요인이 있어도 이 부담 요인이 커지면 주가 변동성이 확대될 수 있습니다.
"참고 뉴스:
제목: KB금융 관련 수급 변동성 확대
내용: KB금융은 금융 업종 내 관심이 이어졌지만 수급 흐름은 엇갈렸다. 주주환원 기대는 긍정 재료로, 실적 추정치 하향 가능성은 리스크로 제시됐다.

질문: KB금융 투자 판단할 때 뭘 더 봐야 해?","참고 뉴스 기준으로 기사에 나온 주주환원 기대와 실적 추정치 하향 가능성 외에도 실제 실적, 수급, 업종 전망, 밸류에이션을 함께 확인해야 합니다."
"참고 뉴스:
제목: 증권가, 두산에너빌리티 실적 전망 점검
내용: 증권가에서는 두산에너빌리티가 수주 잔고 증가 덕분에 투자 심리가 개선될 수 있다고 봤다. 반면 환율 변동성 확대 때문에 추가 확인이 필요하다는 의견도 나왔다.

질문: 두산에너빌리티 확인되는 내용만 말해줘","참고 뉴스 기준으로 두산에너빌리티 관련 긍정 요인으로 수주 잔고 증가가 언급됐고, 부담 요인으로 환율 변동성 확대이 제시됐습니다."
"참고 뉴스:
제목: 대한항공 관련 수급 변동성 확대
내용: 대한항공은 항공 업종 내 관심이 이어졌지만 수급 흐름은 엇갈렸다. 여객 수요 회복은 긍정 재료로, 차익 실현 매물 출회 가능성은 리스크로 제시됐다.

질문: 대한항공 한 문장으로 요약해줘",대한항공은 여객 수요 회복 기대가 있지만 차익 실현 매물 출회 가능성도 함께 확인해야 하는 상황입니다.
"참고 뉴스:
제목: 셀트리온 관련 수급 변동성 확대
내용: 셀트리온은 바이오 업종 내 관심이 이어졌지만 수급 흐름은 엇갈렸다. 해외 판매망 강화는 긍정 재료로, 실적 추정치 하향 가능성은 리스크로 제시됐다.

질문: 셀트리온 긍정적인 내용이 있어?",이 참고 뉴스에서 확인되는 내용은 긍정적인 내용은 해외 판매망 강화로 인해 실적이나 투자 심리가 개선될 수 있다는 점입니다.
"참고 뉴스:
제목: 네이버 관련 수급 변동성 확대
내용: 네이버는 인터넷 업종 내 관심이 이어졌지만 수급 흐름은 엇갈렸다. 광고 매출 회복 기대는 긍정 재료로, 경쟁 심화는 리스크로 제시됐다.

질문: 네이버 투자 판단할 때 뭘 더 봐야 해?","참고 뉴스 기준으로 기사에 나온 광고 매출 회복 기대와 경쟁 심화 외에도 실제 실적, 수급, 업종 전망, 밸류에이션을 함께 확인해야 합니다."
"참고 뉴스:
제목: LG에너지솔루션, 2차전지 기대
내용: LG에너지솔루션은 배터리 출하량 회복 기대 영향으로 관심을 받았다. 부담 요인은 차익 실현 매물 출회 가능성이다.

제목: 한화에어로스페이스, 방산 점검
내용: 한화에어로스페이스는 방산 수출 기대 기대가 있지만 원가 부담 증가도 함께 언급됐다.

질문: 두 기업 중 뉴스가 더 긍정적인 쪽을 말해줘",제공된 참고 뉴스만 보면 두 기업 모두 긍정 요인이 있습니다. 다만 어느 쪽이 더 좋다고 단정하려면 실적 수치와 수급 정보가 더 필요합니다.
"참고 뉴스:
제목: 코스피, 외국인 매수세에 상승 마감
내용: 국내 증시는 외국인 순매수와 반도체 대형주의 강세에 힘입어 상승 마감했다. 전문가들은 금리 인하 기대가 투자 심리를 지지했지만, 단기 급등에 따른 차익 실현 매물도 주의해야 한다고 말했다.

질문: 코스피 분위기 요약해줘",코스피는 외국인 매수세와 반도체 대형주 강세로 상승 마감했습니다. 다만 단기 급등 이후 차익 실현 매물이 나올 수 있다는 점은 주의해야 합니다.
"참고 뉴스:
제목: 삼성바이오로직스 관련 수급 변동성 확대
내용: 삼성바이오로직스는 바이오 업종 내 관심이 이어졌지만 수급 흐름은 엇갈렸다. 장기 공급계약 증가는 긍정 재료로, 실적 추정치 하향 가능성은 리스크로 제시됐다.

질문: 삼성바이오로직스 투자 판단할 때 뭘 더 봐야 해?","주어진 자료만 보면 기사에 나온 장기 공급계약 증가와 실적 추정치 하향 가능성 외에도 실제 실적, 수급, 업종 전망, 밸류에이션을 함께 확인해야 합니다."
"참고 뉴스:
제목: 하이브, 엔터 업종 내 관심 지속
내용: 하이브는 아티스트 활동 재개와 관련해 투자자 관심이 이어졌다. 기사에는 목표주가, 배당금, 구체적인 실적 수치, 밸류에이션 지표는 포함되지 않았다.

질문: 하이브 내일 주가 오를까?",참고 뉴스에는 하이브의 내일 주가 방향 정보가 나와 있지 않습니다. 제공된 자료만으로는 내일 주가 방향을 확인할 수 없습니다.
"참고 뉴스:
제목: 기아, 투자자 관심 지속
내용: 시장에서는 기아의 고환율 수혜 기대에 주목했다. 기사에서는 긍정적인 기대와 함께 원가 부담 증가을 함께 확인해야 한다고 설명했다.

질문: 기아 뉴스 근거를 들어 설명해줘","이 참고 뉴스에서 확인되는 내용은 근거는 기사에서 고환율 수혜 기대를 긍정 요인으로 언급했고, 동시에 원가 부담 증가을 부담 요인으로 제시했다는 점입니다."
"참고 뉴스:
제목: POSCO홀딩스, 철강 업종 내 관심 지속
내용: POSCO홀딩스는 리튬 사업 기대와 관련해 투자자 관심이 이어졌다. 기사에는 목표주가, 배당금, 구체적인 실적 수치, 밸류에이션 지표는 포함되지 않았다.

질문: POSCO홀딩스 목표주가 알려줘",참고 뉴스에는 POSCO홀딩스의 목표주가 정보가 나와 있지 않습니다. 제공된 자료만으로는 목표주가을 확인할 수 없습니다.
"참고 뉴스:
제목: 인터넷 업종 점검, 카카오 주목
내용: 카카오는 커머스 서비스 개편 관련 기대가 커졌지만, 단기적으로는 원가 부담 증가으로 변동성이 나타날 수 있다는 분석이 나왔다.

질문: 카카오 매수해도 돼?","주어진 자료만 보면 카카오의 긍정 요인과 부담 요인은 확인되지만, 이 자료만으로 매수 여부를 판단할 수는 없습니다. 추가 실적, 밸류에이션, 수급 확인이 필요합니다."
"참고 뉴스:
제목: 네이버 관련 수급 변동성 확대
내용: 네이버는 인터넷 업종 내 관심이 이어졌지만 수급 흐름은 엇갈렸다. AI 검색 서비스 고도화은 긍정 재료로, 기관과 외국인 수급 엇갈림은 리스크로 제시됐다.

질문: 네이버 리스크 중심으로 정리해줘",이 참고 뉴스에서 확인되는 내용은 가장 중요한 리스크는 기관과 외국인 수급 엇갈림입니다. 긍정 요인이 있어도 이 부담 요인이 커지면 주가 변동성이 확대될 수 있습니다.
"참고 뉴스:
제목: KB금융, 금융 업종 내 관심 지속
내용: KB금융은 순이자마진 방어와 관련해 투자자 관심이 이어졌다. 기사에는 목표주가, 배당금, 구체적인 실적 수치, 밸류에이션 지표는 포함되지 않았다.

질문: KB금융 PER 얼마야?",참고 뉴스에는 KB금융의 PER 정보가 나와 있지 않습니다. 제공된 자료만으로는 PER을 확인할 수 없습니다.
"참고 뉴스:
제목: CJ대한통운, 물류 업황 변화에 주목
내용: CJ대한통운은 택배 물동량 회복 영향으로 실적 개선 기대가 언급됐다. 다만 차익 실현 매물 출회 가능성은 부담 요인으로 꼽혔다.

질문: CJ대한통운 호재랑 부담 요인 나눠서 말해줘",주어진 자료만 보면 호재는 택배 물동량 회복입니다. 부담 요인은 차익 실현 매물 출회 가능성입니다.
"참고 뉴스:
제목: 반도체 업종 점검, SK하이닉스 주목
내용: SK하이닉스는 HBM 공급 확대 관련 기대가 커졌지만, 단기적으로는 환율 변동성 확대으로 변동성이 나타날 수 있다는 분석이 나왔다.

질문: SK하이닉스 분위기 어때?",제공된 참고 뉴스에 따르면 SK하이닉스에 대한 분위기는 중립에서 긍정 쪽에 가깝습니다. 다만 환율 변동성 확대이 있어 단정적으로 좋다고만 보기는 어렵습니다.
"참고 뉴스:
제목: 엔터 업종 점검, 하이브 주목
내용: 하이브는 글로벌 팬덤 확대 관련 기대가 커졌지만, 단기적으로는 금리 불확실성으로 변동성이 나타날 수 있다는 분석이 나왔다.

질문: 하이브 매수해도 돼?","제공된 참고 뉴스에 따르면 하이브의 긍정 요인과 부담 요인은 확인되지만, 이 자료만으로 매수 여부를 판단할 수는 없습니다. 추가 실적, 밸류에이션, 수급 확인이 필요합니다."
"참고 뉴스:
제목: 네이버, 인터넷 업황 변화에 주목
내용: 네이버는 AI 검색 서비스 고도화 영향으로 실적 개선 기대가 언급됐다. 다만 경쟁 심화는 부담 요인으로 꼽혔다.

질문: 네이버 리스크 중심으로 정리해줘",주어진 자료만 보면 가장 중요한 리스크는 경쟁 심화입니다. 긍정 요인이 있어도 이 부담 요인이 커지면 주가 변동성이 확대될 수 있습니다.
"참고 뉴스:
제목: 전력기기 업종 점검, 두산에너빌리티 주목
내용: 두산에너빌리티는 원전 수주 기대 관련 기대가 커졌지만, 단기적으로는 경쟁 심화으로 변동성이 나타날 수 있다는 분석이 나왔다.

질문: 두산에너빌리티 뉴스 근거를 들어 설명해줘","주어진 자료만 보면 근거는 기사에서 원전 수주 기대를 긍정 요인으로 언급했고, 동시에 경쟁 심화을 부담 요인으로 제시했다는 점입니다."
"참고 뉴스:
제목: 바이오 업종 점검, 셀트리온 주목
내용: 셀트리온은 바이오시밀러 매출 확대 관련 기대가 커졌지만, 단기적으로는 수요 회복 속도 둔화으로 변동성이 나타날 수 있다는 분석이 나왔다.

질문: 셀트리온 핵심만 정리해줘",제공된 참고 뉴스에 따르면 셀트리온은 바이오시밀러 매출 확대로 관심을 받고 있습니다. 다만 수요 회복 속도 둔화도 함께 언급되어 긍정 요인과 부담 요인이 같이 있는 상황입니다.
"참고 뉴스:
제목: 현대차 관련 수급 변동성 확대
내용: 현대차는 자동차 업종 내 관심이 이어졌지만 수급 흐름은 엇갈렸다. 환율 효과은 긍정 재료로, 원가 부담 증가는 리스크로 제시됐다.

질문: 현대차 리스크 중심으로 정리해줘",이 참고 뉴스에서 확인되는 내용은 가장 중요한 리스크는 원가 부담 증가입니다. 긍정 요인이 있어도 이 부담 요인이 커지면 주가 변동성이 확대될 수 있습니다.
"참고 뉴스:
제목: 증권가, 두산에너빌리티 실적 전망 점검
내용: 증권가에서는 두산에너빌리티가 수주 잔고 증가 덕분에 투자 심리가 개선될 수 있다고 봤다. 반면 기관과 외국인 수급 엇갈림 때문에 추가 확인이 필요하다는 의견도 나왔다.

질문: 두산에너빌리티 한 문장으로 요약해줘",두산에너빌리티는 수주 잔고 증가 기대가 있지만 기관과 외국인 수급 엇갈림도 함께 확인해야 하는 상황입니다.
"참고 뉴스:
제목: 대한항공 관련 수급 변동성 확대
내용: 대한항공은 항공 업종 내 관심이 이어졌지만 수급 흐름은 엇갈렸다. 유가 하락 기대는 긍정 재료로, 원가 부담 증가는 리스크로 제시됐다.

질문: 대한항공 부담되는 내용도 있어?",주어진 자료만 보면 부담되는 내용은 원가 부담 증가입니다. 이 부분은 주가 변동성을 키울 수 있는 요인으로 언급됐습니다.
"참고 뉴스:
제목: 셀트리온 관련 수급 변동성 확대
내용: 셀트리온은 바이오 업종 내 관심이 이어졌지만 수급 흐름은 엇갈렸다. 해외 판매망 강화는 긍정 재료로, 경쟁 심화는 리스크로 제시됐다.

질문: 셀트리온 긍정적인 내용이 있어?",이 참고 뉴스에서 확인되는 내용은 긍정적인 내용은 해외 판매망 강화로 인해 실적이나 투자 심리가 개선될 수 있다는 점입니다.
"참고 뉴스:
제목: SK하이닉스 관련 수급 변동성 확대
내용: SK하이닉스는 반도체 업종 내 관심이 이어졌지만 수급 흐름은 엇갈렸다. 데이터센터 투자 증가는 긍정 재료로, 원가 부담 증가는 리스크로 제시됐다.

질문: SK하이닉스 확인되는 내용만 말해줘","제공된 참고 뉴스에 따르면 SK하이닉스 관련 긍정 요인으로 데이터센터 투자 증가가 언급됐고, 부담 요인으로 원가 부담 증가이 제시됐습니다."
"참고 뉴스:
제목: 증권가, 네이버 실적 전망 점검
내용: 증권가에서는 네이버가 광고 매출 회복 기대 덕분에 투자 심리가 개선될 수 있다고 봤다. 반면 원가 부담 증가 때문에 추가 확인이 필요하다는 의견도 나왔다.

질문: 네이버 매수해도 돼?","제공된 참고 뉴스에 따르면 네이버의 긍정 요인과 부담 요인은 확인되지만, 이 자료만으로 매수 여부를 판단할 수는 없습니다. 추가 실적, 밸류에이션, 수급 확인이 필요합니다."
"참고 뉴스:
제목: 증권가, 두산에너빌리티 실적 전망 점검
내용: 증권가에서는 두산에너빌리티가 원전 수주 기대 덕분에 투자 심리가 개선될 수 있다고 봤다. 반면 원가 부담 증가 때문에 추가 확인이 필요하다는 의견도 나왔다.

질문: 두산에너빌리티 확인되는 내용만 말해줘","주어진 자료만 보면 두산에너빌리티 관련 긍정 요인으로 원전 수주 기대가 언급됐고, 부담 요인으로 원가 부담 증가이 제시됐습니다."
"참고 뉴스:
제목: 네이버, 투자자 관심 지속
내용: 시장에서는 네이버의 클라우드 사업 성장에 주목했다. 기사에서는 긍정적인 기대와 함께 수요 회복 속도 둔화을 함께 확인해야 한다고 설명했다.

질문: 네이버 목표주가 얼마야?",참고 뉴스에는 네이버의 구체적인 목표주가가 제시되어 있지 않습니다. 제공된 자료만으로는 목표주가를 말할 수 없습니다.
"참고 뉴스:
제목: 자동차 업종 점검, 기아 주목
내용: 기아는 SUV 판매 호조 관련 기대가 커졌지만, 단기적으로는 차익 실현 매물 출회 가능성으로 변동성이 나타날 수 있다는 분석이 나왔다.

질문: 기아 확인되는 내용만 말해줘","제공된 참고 뉴스에 따르면 기아 관련 긍정 요인으로 SUV 판매 호조가 언급됐고, 부담 요인으로 차익 실현 매물 출회 가능성이 제시됐습니다."
"참고 뉴스:
제목: LG에너지솔루션, 2차전지 업황 변화에 주목
내용: LG에너지솔루션은 전기차 신차 출시 기대 영향으로 실적 개선 기대가 언급됐다. 다만 수요 회복 속도 둔화는 부담 요인으로 꼽혔다.

질문: LG에너지솔루션 매수해도 돼?","이 참고 뉴스에서 확인되는 내용은 LG에너지솔루션의 긍정 요인과 부담 요인은 확인되지만, 이 자료만으로 매수 여부를 판단할 수는 없습니다. 추가 실적, 밸류에이션, 수급 확인이 필요합니다."
"참고 뉴스:
제목: 삼성바이오로직스, 바이오 업종 내 관심 지속
내용: 삼성바이오로직스는 장기 공급계약 증가와 관련해 투자자 관심이 이어졌다. 기사에는 목표주가, 배당금, 구체적인 실적 수치, 밸류에이션 지표는 포함되지 않았다.

질문: 삼성바이오로직스 정확한 매수 가격 알려줘",참고 뉴스에는 삼성바이오로직스의 매수 가격 정보가 나와 있지 않습니다. 제공된 자료만으로는 매수 가격을 확인할 수 없습니다.
"참고 뉴스:
제목: 삼성전자 관련 수급 변동성 확대
내용: 삼성전자는 반도체 업종 내 관심이 이어졌지만 수급 흐름은 엇갈렸다. AI 서버 수요 증가는 긍정 재료로, 환율 변동성 확대는 리스크로 제시됐다.

질문: 삼성전자 핵심만 정리해줘",이 참고 뉴스에서 확인되는 내용은 삼성전자는 AI 서버 수요 증가로 관심을 받고 있습니다. 다만 환율 변동성 확대도 함께 언급되어 긍정 요인과 부담 요인이 같이 있는 상황입니다.
"참고 뉴스:
제목: 네이버, 인터넷 업황 변화에 주목
내용: 네이버는 클라우드 사업 성장 영향으로 실적 개선 기대가 언급됐다. 다만 원가 부담 증가는 부담 요인으로 꼽혔다.

질문: 네이버 핵심만 정리해줘",참고 뉴스 기준으로 네이버는 클라우드 사업 성장로 관심을 받고 있습니다. 다만 원가 부담 증가도 함께 언급되어 긍정 요인과 부담 요인이 같이 있는 상황입니다.
"참고 뉴스:
제목: 증권가, 삼성바이오로직스 실적 전망 점검
내용: 증권가에서는 삼성바이오로직스가 위탁생산 수주 확대 덕분에 투자 심리가 개선될 수 있다고 봤다. 반면 금리 불확실성 때문에 추가 확인이 필요하다는 의견도 나왔다.

질문: 삼성바이오로직스 투자 판단할 때 뭘 더 봐야 해?","주어진 자료만 보면 기사에 나온 위탁생산 수주 확대와 금리 불확실성 외에도 실제 실적, 수급, 업종 전망, 밸류에이션을 함께 확인해야 합니다."
"참고 뉴스:
제목: 증권가, 하이브 실적 전망 점검
내용: 증권가에서는 하이브가 콘텐츠 매출 증가 덕분에 투자 심리가 개선될 수 있다고 봤다. 반면 금리 불확실성 때문에 추가 확인이 필요하다는 의견도 나왔다.

질문: 하이브 목표주가 얼마야?",참고 뉴스에는 하이브의 구체적인 목표주가가 제시되어 있지 않습니다. 제공된 자료만으로는 목표주가를 말할 수 없습니다.
"참고 뉴스:
제목: 삼성전자, 반도체 업황 변화에 주목
내용: 삼성전자는 메모리 업황 회복 기대 영향으로 실적 개선 기대가 언급됐다. 다만 원가 부담 증가는 부담 요인으로 꼽혔다.

질문: 삼성전자 리스크 중심으로 정리해줘",이 참고 뉴스에서 확인되는 내용은 가장 중요한 리스크는 원가 부담 증가입니다. 긍정 요인이 있어도 이 부담 요인이 커지면 주가 변동성이 확대될 수 있습니다.
"참고 뉴스:
제목: 삼성바이오로직스, 투자자 관심 지속
내용: 시장에서는 삼성바이오로직스의 장기 공급계약 증가에 주목했다. 기사에서는 긍정적인 기대와 함께 원가 부담 증가을 함께 확인해야 한다고 설명했다.

질문: 삼성바이오로직스 긍정적인 내용이 있어?",주어진 자료만 보면 긍정적인 내용은 장기 공급계약 증가로 인해 실적이나 투자 심리가 개선될 수 있다는 점입니다.
"참고 뉴스:
제목: SK하이닉스, 반도체 업황 변화에 주목
내용: SK하이닉스는 고부가 메모리 수요 증가 영향으로 실적 개선 기대가 언급됐다. 다만 실적 추정치 하향 가능성은 부담 요인으로 꼽혔다.

질문: SK하이닉스 분위기 어때?",제공된 참고 뉴스에 따르면 SK하이닉스에 대한 분위기는 중립에서 긍정 쪽에 가깝습니다. 다만 실적 추정치 하향 가능성이 있어 단정적으로 좋다고만 보기는 어렵습니다.
"참고 뉴스:
제목: 화장품 업종 점검, 아모레퍼시픽 주목
내용: 아모레퍼시픽은 북미 매출 성장 관련 기대가 커졌지만, 단기적으로는 실적 추정치 하향 가능성으로 변동성이 나타날 수 있다는 분석이 나왔다.

질문: 아모레퍼시픽 뉴스 근거를 들어 설명해줘","주어진 자료만 보면 근거는 기사에서 북미 매출 성장를 긍정 요인으로 언급했고, 동시에 실적 추정치 하향 가능성을 부담 요인으로 제시했다는 점입니다."
"참고 뉴스:
제목: 한국전력 관련 수급 변동성 확대
내용: 한국전력은 유틸리티 업종 내 관심이 이어졌지만 수급 흐름은 엇갈렸다. 전기요금 조정 기대는 긍정 재료로, 원가 부담 증가는 리스크로 제시됐다.

질문: 한국전력 분위기 어때?",주어진 자료만 보면 한국전력에 대한 분위기는 중립에서 긍정 쪽에 가깝습니다. 다만 원가 부담 증가이 있어 단정적으로 좋다고만 보기는 어렵습니다.
"참고 뉴스:
제목: 하이브, 투자자 관심 지속
내용: 시장에서는 하이브의 콘텐츠 매출 증가에 주목했다. 기사에서는 긍정적인 기대와 함께 기관과 외국인 수급 엇갈림을 함께 확인해야 한다고 설명했다.

질문: 하이브 한 문장으로 요약해줘",하이브는 콘텐츠 매출 증가 기대가 있지만 기관과 외국인 수급 엇갈림도 함께 확인해야 하는 상황입니다.
"참고 뉴스:
제목: 네이버 관련 수급 변동성 확대
내용: 네이버는 인터넷 업종 내 관심이 이어졌지만 수급 흐름은 엇갈렸다. 광고 매출 회복 기대는 긍정 재료로, 실적 추정치 하향 가능성은 리스크로 제시됐다.

질문: 네이버 투자 판단할 때 뭘 더 봐야 해?","이 참고 뉴스에서 확인되는 내용은 기사에 나온 광고 매출 회복 기대와 실적 추정치 하향 가능성 외에도 실제 실적, 수급, 업종 전망, 밸류에이션을 함께 확인해야 합니다."
"참고 뉴스:
제목: 네이버, 투자자 관심 지속
내용: 시장에서는 네이버의 AI 검색 서비스 고도화에 주목했다. 기사에서는 긍정적인 기대와 함께 차익 실현 매물 출회 가능성을 함께 확인해야 한다고 설명했다.

질문: 네이버 부담되는 내용도 있어?",참고 뉴스 기준으로 부담되는 내용은 차익 실현 매물 출회 가능성입니다. 이 부분은 주가 변동성을 키울 수 있는 요인으로 언급됐습니다.
"참고 뉴스:
제목: 반도체 업종 점검, SK하이닉스 주목
내용: SK하이닉스는 고부가 메모리 수요 증가 관련 기대가 커졌지만, 단기적으로는 차익 실현 매물 출회 가능성으로 변동성이 나타날 수 있다는 분석이 나왔다.

질문: SK하이닉스 리스크 중심으로 정리해줘",주어진 자료만 보면 가장 중요한 리스크는 차익 실현 매물 출회 가능성입니다. 긍정 요인이 있어도 이 부담 요인이 커지면 주가 변동성이 확대될 수 있습니다.
"참고 뉴스:
제목: 대한항공, 투자자 관심 지속
내용: 시장에서는 대한항공의 화물 운임 안정에 주목했다. 기사에서는 긍정적인 기대와 함께 환율 변동성 확대을 함께 확인해야 한다고 설명했다.

질문: 대한항공 긍정적인 내용이 있어?",이 참고 뉴스에서 확인되는 내용은 긍정적인 내용은 화물 운임 안정로 인해 실적이나 투자 심리가 개선될 수 있다는 점입니다.
"참고 뉴스:
제목: 금융 업종 점검, 신한지주 주목
내용: 신한지주는 배당 확대 기대 관련 기대가 커졌지만, 단기적으로는 환율 변동성 확대으로 변동성이 나타날 수 있다는 분석이 나왔다.

질문: 신한지주 리스크 중심으로 정리해줘",참고 뉴스 기준으로 가장 중요한 리스크는 환율 변동성 확대입니다. 긍정 요인이 있어도 이 부담 요인이 커지면 주가 변동성이 확대될 수 있습니다.
"참고 뉴스:
제목: 한화에어로스페이스, 방산 업황 변화에 주목
내용: 한화에어로스페이스는 방산 수출 기대 영향으로 실적 개선 기대가 언급됐다. 다만 기관과 외국인 수급 엇갈림은 부담 요인으로 꼽혔다.

질문: 한화에어로스페이스 호재랑 부담 요인 나눠서 말해줘",이 참고 뉴스에서 확인되는 내용은 호재는 방산 수출 기대입니다. 부담 요인은 기관과 외국인 수급 엇갈림입니다.
"참고 뉴스:
제목: 철강 업종 점검, POSCO홀딩스 주목
내용: POSCO홀딩스는 철강 가격 반등 기대 관련 기대가 커졌지만, 단기적으로는 기관과 외국인 수급 엇갈림으로 변동성이 나타날 수 있다는 분석이 나왔다.

질문: POSCO홀딩스 부담되는 내용도 있어?",이 참고 뉴스에서 확인되는 내용은 부담되는 내용은 기관과 외국인 수급 엇갈림입니다. 이 부분은 주가 변동성을 키울 수 있는 요인으로 언급됐습니다.
"참고 뉴스:
제목: 네이버, 투자자 관심 지속
내용: 시장에서는 네이버의 광고 매출 회복 기대에 주목했다. 기사에서는 긍정적인 기대와 함께 환율 변동성 확대을 함께 확인해야 한다고 설명했다.

질문: 네이버 확인되는 내용만 말해줘","제공된 참고 뉴스에 따르면 네이버 관련 긍정 요인으로 광고 매출 회복 기대가 언급됐고, 부담 요인으로 환율 변동성 확대이 제시됐습니다."
"참고 뉴스:
제목: 한화에어로스페이스, 투자자 관심 지속
내용: 시장에서는 한화에어로스페이스의 수주 잔고 확대에 주목했다. 기사에서는 긍정적인 기대와 함께 원가 부담 증가을 함께 확인해야 한다고 설명했다.

질문: 한화에어로스페이스 긍정적인 내용이 있어?",주어진 자료만 보면 긍정적인 내용은 수주 잔고 확대로 인해 실적이나 투자 심리가 개선될 수 있다는 점입니다.
"참고 뉴스:
제목: 아모레퍼시픽, 화장품 업황 변화에 주목
내용: 아모레퍼시픽은 면세 채널 개선 영향으로 실적 개선 기대가 언급됐다. 다만 기관과 외국인 수급 엇갈림은 부담 요인으로 꼽혔다.

질문: 아모레퍼시픽 핵심만 정리해줘",참고 뉴스 기준으로 아모레퍼시픽은 면세 채널 개선로 관심을 받고 있습니다. 다만 기관과 외국인 수급 엇갈림도 함께 언급되어 긍정 요인과 부담 요인이 같이 있는 상황입니다.
"참고 뉴스:
제목: 증권가, 기아 실적 전망 점검
내용: 증권가에서는 기아가 북미 시장 점유율 개선 덕분에 투자 심리가 개선될 수 있다고 봤다. 반면 실적 추정치 하향 가능성 때문에 추가 확인이 필요하다는 의견도 나왔다.

질문: 기아 긍정적인 내용이 있어?",제공된 참고 뉴스에 따르면 긍정적인 내용은 북미 시장 점유율 개선로 인해 실적이나 투자 심리가 개선될 수 있다는 점입니다.
"참고 뉴스:
제목: 대한항공, 투자자 관심 지속
내용: 시장에서는 대한항공의 유가 하락 기대에 주목했다. 기사에서는 긍정적인 기대와 함께 원가 부담 증가을 함께 확인해야 한다고 설명했다.

질문: 대한항공 핵심만 정리해줘",참고 뉴스 기준으로 대한항공은 유가 하락 기대로 관심을 받고 있습니다. 다만 원가 부담 증가도 함께 언급되어 긍정 요인과 부담 요인이 같이 있는 상황입니다.
"참고 뉴스:
제목: 하이브, 엔터 업종 내 관심 지속
내용: 하이브는 아티스트 활동 재개와 관련해 투자자 관심이 이어졌다. 기사에는 목표주가, 배당금, 구체적인 실적 수치, 밸류에이션 지표는 포함되지 않았다.

질문: 하이브 목표주가 알려줘",참고 뉴스에는 하이브의 목표주가 정보가 나와 있지 않습니다. 제공된 자료만으로는 목표주가을 확인할 수 없습니다.
"참고 뉴스:
제목: 대한항공, 투자자 관심 지속
내용: 시장에서는 대한항공의 여객 수요 회복에 주목했다. 기사에서는 긍정적인 기대와 함께 경쟁 심화을 함께 확인해야 한다고 설명했다.

질문: 대한항공 투자 판단할 때 뭘 더 봐야 해?","제공된 참고 뉴스에 따르면 기사에 나온 여객 수요 회복와 경쟁 심화 외에도 실제 실적, 수급, 업종 전망, 밸류에이션을 함께 확인해야 합니다."
"참고 뉴스:
제목: KB금융 관련 수급 변동성 확대
내용: KB금융은 금융 업종 내 관심이 이어졌지만 수급 흐름은 엇갈렸다. 주주환원 기대는 긍정 재료로, 금리 불확실성은 리스크로 제시됐다.

질문: KB금융 긍정적인 내용이 있어?",주어진 자료만 보면 긍정적인 내용은 주주환원 기대로 인해 실적이나 투자 심리가 개선될 수 있다는 점입니다.
"참고 뉴스:
제목: 삼성전자, 반도체 업황 변화에 주목
내용: 삼성전자는 파운드리 수익성 개선 기대 영향으로 실적 개선 기대가 언급됐다. 다만 차익 실현 매물 출회 가능성은 부담 요인으로 꼽혔다.

질문: 삼성전자 부담되는 내용도 있어?",주어진 자료만 보면 부담되는 내용은 차익 실현 매물 출회 가능성입니다. 이 부분은 주가 변동성을 키울 수 있는 요인으로 언급됐습니다.
"참고 뉴스:
제목: 신한지주, 금융 업황 변화에 주목
내용: 신한지주는 자사주 매입 기대 영향으로 실적 개선 기대가 언급됐다. 다만 환율 변동성 확대는 부담 요인으로 꼽혔다.

질문: 신한지주 긍정적인 내용이 있어?",이 참고 뉴스에서 확인되는 내용은 긍정적인 내용은 자사주 매입 기대로 인해 실적이나 투자 심리가 개선될 수 있다는 점입니다.
"참고 뉴스:
제목: 셀트리온, 바이오 업황 변화에 주목
내용: 셀트리온은 해외 판매망 강화 영향으로 실적 개선 기대가 언급됐다. 다만 실적 추정치 하향 가능성은 부담 요인으로 꼽혔다.

질문: 셀트리온 호재랑 부담 요인 나눠서 말해줘",참고 뉴스 기준으로 호재는 해외 판매망 강화입니다. 부담 요인은 실적 추정치 하향 가능성입니다.
"참고 뉴스:
제목: 삼성SDI, 2차전지 업황 변화에 주목
내용: 삼성SDI는 고부가 제품 비중 증가 영향으로 실적 개선 기대가 언급됐다. 다만 기관과 외국인 수급 엇갈림은 부담 요인으로 꼽혔다.

질문: 삼성SDI 분위기 어때?",주어진 자료만 보면 삼성SDI에 대한 분위기는 중립에서 긍정 쪽에 가깝습니다. 다만 기관과 외국인 수급 엇갈림이 있어 단정적으로 좋다고만 보기는 어렵습니다.
"참고 뉴스:
제목: 두산에너빌리티 관련 수급 변동성 확대
내용: 두산에너빌리티는 전력기기 업종 내 관심이 이어졌지만 수급 흐름은 엇갈렸다. 수주 잔고 증가는 긍정 재료로, 원가 부담 증가는 리스크로 제시됐다.

질문: 두산에너빌리티 부담되는 내용도 있어?",주어진 자료만 보면 부담되는 내용은 원가 부담 증가입니다. 이 부분은 주가 변동성을 키울 수 있는 요인으로 언급됐습니다.
"참고 뉴스:
제목: SK하이닉스, 반도체 업종 내 관심 지속
내용: SK하이닉스는 고부가 메모리 수요 증가와 관련해 투자자 관심이 이어졌다. 기사에는 목표주가, 배당금, 구체적인 실적 수치, 밸류에이션 지표는 포함되지 않았다.

질문: SK하이닉스 PER 얼마야?",참고 뉴스에는 SK하이닉스의 PER 정보가 나와 있지 않습니다. 제공된 자료만으로는 PER을 확인할 수 없습니다.
"참고 뉴스:
제목: 한화에어로스페이스 관련 수급 변동성 확대
내용: 한화에어로스페이스는 방산 업종 내 관심이 이어졌지만 수급 흐름은 엇갈렸다. 해외 계약 증가는 긍정 재료로, 실적 추정치 하향 가능성은 리스크로 제시됐다.

질문: 한화에어로스페이스 한 문장으로 요약해줘",한화에어로스페이스는 해외 계약 증가 기대가 있지만 실적 추정치 하향 가능성도 함께 확인해야 하는 상황입니다.
"참고 뉴스:
제목: 현대차, 자동차 업황 변화에 주목
내용: 현대차는 하이브리드 수요 확대 영향으로 실적 개선 기대가 언급됐다. 다만 금리 불확실성은 부담 요인으로 꼽혔다.

질문: 현대차 매수해도 돼?","참고 뉴스 기준으로 현대차의 긍정 요인과 부담 요인은 확인되지만, 이 자료만으로 매수 여부를 판단할 수는 없습니다. 추가 실적, 밸류에이션, 수급 확인이 필요합니다."
"참고 뉴스:
제목: 신한지주, 금융 기대
내용: 신한지주는 건전성 관리 강화 영향으로 관심을 받았다. 부담 요인은 수요 회복 속도 둔화이다.

제목: 하이브, 엔터 점검
내용: 하이브는 아티스트 활동 재개 기대가 있지만 금리 불확실성도 함께 언급됐다.

질문: 두 뉴스에서 확인되는 리스크를 정리해줘","참고 뉴스에서 확인되는 리스크는 신한지주의 수요 회복 속도 둔화, 하이브의 금리 불확실성입니다."
"참고 뉴스:
제목: 두산에너빌리티 관련 수급 변동성 확대
내용: 두산에너빌리티는 전력기기 업종 내 관심이 이어졌지만 수급 흐름은 엇갈렸다. 수주 잔고 증가는 긍정 재료로, 차익 실현 매물 출회 가능성은 리스크로 제시됐다.

질문: 두산에너빌리티 리스크 중심으로 정리해줘",이 참고 뉴스에서 확인되는 내용은 가장 중요한 리스크는 차익 실현 매물 출회 가능성입니다. 긍정 요인이 있어도 이 부담 요인이 커지면 주가 변동성이 확대될 수 있습니다.
"참고 뉴스:
제목: 반도체 업종 점검, 삼성전자 주목
내용: 삼성전자는 AI 서버 수요 증가 관련 기대가 커졌지만, 단기적으로는 원가 부담 증가으로 변동성이 나타날 수 있다는 분석이 나왔다.

질문: 삼성전자 뉴스 근거를 들어 설명해줘","이 참고 뉴스에서 확인되는 내용은 근거는 기사에서 AI 서버 수요 증가를 긍정 요인으로 언급했고, 동시에 원가 부담 증가을 부담 요인으로 제시했다는 점입니다."
"참고 뉴스:
제목: 기아, 자동차 업황 변화에 주목
내용: 기아는 SUV 판매 호조 영향으로 실적 개선 기대가 언급됐다. 다만 환율 변동성 확대는 부담 요인으로 꼽혔다.

질문: 기아 매수해도 돼?","이 참고 뉴스에서 확인되는 내용은 기아의 긍정 요인과 부담 요인은 확인되지만, 이 자료만으로 매수 여부를 판단할 수는 없습니다. 추가 실적, 밸류에이션, 수급 확인이 필요합니다."
"참고 뉴스:
제목: 바이오 업종 점검, 삼성바이오로직스 주목
내용: 삼성바이오로직스는 공장 가동률 개선 관련 기대가 커졌지만, 단기적으로는 기관과 외국인 수급 엇갈림으로 변동성이 나타날 수 있다는 분석이 나왔다.

질문: 삼성바이오로직스 매수해도 돼?","참고 뉴스 기준으로 삼성바이오로직스의 긍정 요인과 부담 요인은 확인되지만, 이 자료만으로 매수 여부를 판단할 수는 없습니다. 추가 실적, 밸류에이션, 수급 확인이 필요합니다."
"참고 뉴스:
제목: 삼성바이오로직스, 바이오 업황 변화에 주목
내용: 삼성바이오로직스는 공장 가동률 개선 영향으로 실적 개선 기대가 언급됐다. 다만 원가 부담 증가는 부담 요인으로 꼽혔다.

질문: 삼성바이오로직스 목표주가 얼마야?",참고 뉴스에는 삼성바이오로직스의 구체적인 목표주가가 제시되어 있지 않습니다. 제공된 자료만으로는 목표주가를 말할 수 없습니다.
"참고 뉴스:
제목: 금융 업종 점검, KB금융 주목
내용: KB금융은 순이자마진 방어 관련 기대가 커졌지만, 단기적으로는 원가 부담 증가으로 변동성이 나타날 수 있다는 분석이 나왔다.

질문: KB금융 부담되는 내용도 있어?",주어진 자료만 보면 부담되는 내용은 원가 부담 증가입니다. 이 부분은 주가 변동성을 키울 수 있는 요인으로 언급됐습니다.
"참고 뉴스:
제목: 증권가, 하이브 실적 전망 점검
내용: 증권가에서는 하이브가 아티스트 활동 재개 덕분에 투자 심리가 개선될 수 있다고 봤다. 반면 수요 회복 속도 둔화 때문에 추가 확인이 필요하다는 의견도 나왔다.

질문: 하이브 매수해도 돼?","참고 뉴스 기준으로 하이브의 긍정 요인과 부담 요인은 확인되지만, 이 자료만으로 매수 여부를 판단할 수는 없습니다. 추가 실적, 밸류에이션, 수급 확인이 필요합니다."
"참고 뉴스:
제목: 한화에어로스페이스 관련 수급 변동성 확대
내용: 한화에어로스페이스는 방산 업종 내 관심이 이어졌지만 수급 흐름은 엇갈렸다. 해외 계약 증가는 긍정 재료로, 환율 변동성 확대는 리스크로 제시됐다.

질문: 한화에어로스페이스 한 문장으로 요약해줘",한화에어로스페이스는 해외 계약 증가 기대가 있지만 환율 변동성 확대도 함께 확인해야 하는 상황입니다.
"참고 뉴스:
제목: SK하이닉스, 반도체 기대
내용: SK하이닉스는 고부가 메모리 수요 증가 영향으로 관심을 받았다. 부담 요인은 기관과 외국인 수급 엇갈림이다.

제목: 삼성SDI, 2차전지 점검
내용: 삼성SDI는 프리미엄 배터리 수요 기대가 있지만 금리 불확실성도 함께 언급됐다.

질문: 두 뉴스의 공통점과 차이점을 정리해줘","참고 뉴스 기준으로 두 기업 모두 긍정 요인과 부담 요인이 함께 언급됐습니다. 차이점은 SK하이닉스는 고부가 메모리 수요 증가가 강조됐고, 삼성SDI는 프리미엄 배터리 수요와 함께 금리 불확실성도 제시됐다는 점입니다."
"참고 뉴스:
제목: 바이오 업종 점검, 삼성바이오로직스 주목
내용: 삼성바이오로직스는 장기 공급계약 증가 관련 기대가 커졌지만, 단기적으로는 차익 실현 매물 출회 가능성으로 변동성이 나타날 수 있다는 분석이 나왔다.

질문: 삼성바이오로직스 리스크 중심으로 정리해줘",이 참고 뉴스에서 확인되는 내용은 가장 중요한 리스크는 차익 실현 매물 출회 가능성입니다. 긍정 요인이 있어도 이 부담 요인이 커지면 주가 변동성이 확대될 수 있습니다.
"참고 뉴스:
제목: 삼성전자, 반도체 기대
내용: 삼성전자는 메모리 업황 회복 기대 영향으로 관심을 받았다. 부담 요인은 수요 회복 속도 둔화이다.

제목: POSCO홀딩스, 철강 점검
내용: POSCO홀딩스는 철강 가격 반등 기대 기대가 있지만 원가 부담 증가도 함께 언급됐다.

질문: 두 뉴스에서 확인되는 리스크를 정리해줘","참고 뉴스에서 확인되는 리스크는 삼성전자의 수요 회복 속도 둔화, POSCO홀딩스의 원가 부담 증가입니다."
"참고 뉴스:
제목: 카카오, 인터넷 업황 변화에 주목
내용: 카카오는 플랫폼 비용 절감 영향으로 실적 개선 기대가 언급됐다. 다만 수요 회복 속도 둔화는 부담 요인으로 꼽혔다.

질문: 카카오 한 문장으로 요약해줘",카카오는 플랫폼 비용 절감 기대가 있지만 수요 회복 속도 둔화도 함께 확인해야 하는 상황입니다.
"참고 뉴스:
제목: 대한항공, 항공 업황 변화에 주목
내용: 대한항공은 여객 수요 회복 영향으로 실적 개선 기대가 언급됐다. 다만 실적 추정치 하향 가능성은 부담 요인으로 꼽혔다.

질문: 대한항공 리스크 중심으로 정리해줘",제공된 참고 뉴스에 따르면 가장 중요한 리스크는 실적 추정치 하향 가능성입니다. 긍정 요인이 있어도 이 부담 요인이 커지면 주가 변동성이 확대될 수 있습니다.
"참고 뉴스:
제목: POSCO홀딩스 관련 수급 변동성 확대
내용: POSCO홀딩스는 철강 업종 내 관심이 이어졌지만 수급 흐름은 엇갈렸다. 철강 가격 반등 기대는 긍정 재료로, 수요 회복 속도 둔화는 리스크로 제시됐다.

질문: POSCO홀딩스 리스크 중심으로 정리해줘",주어진 자료만 보면 가장 중요한 리스크는 수요 회복 속도 둔화입니다. 긍정 요인이 있어도 이 부담 요인이 커지면 주가 변동성이 확대될 수 있습니다.
"참고 뉴스:
제목: 금융 업종 점검, 신한지주 주목
내용: 신한지주는 건전성 관리 강화 관련 기대가 커졌지만, 단기적으로는 수요 회복 속도 둔화으로 변동성이 나타날 수 있다는 분석이 나왔다.

질문: 신한지주 긍정적인 내용이 있어?",참고 뉴스 기준으로 긍정적인 내용은 건전성 관리 강화로 인해 실적이나 투자 심리가 개선될 수 있다는 점입니다.
"참고 뉴스:
제목: 현대차 관련 수급 변동성 확대
내용: 현대차는 자동차 업종 내 관심이 이어졌지만 수급 흐름은 엇갈렸다. 하이브리드 수요 확대는 긍정 재료로, 경쟁 심화는 리스크로 제시됐다.

질문: 현대차 부담되는 내용도 있어?",제공된 참고 뉴스에 따르면 부담되는 내용은 경쟁 심화입니다. 이 부분은 주가 변동성을 키울 수 있는 요인으로 언급됐습니다.
"참고 뉴스:
제목: 증권가, 삼성바이오로직스 실적 전망 점검
내용: 증권가에서는 삼성바이오로직스가 장기 공급계약 증가 덕분에 투자 심리가 개선될 수 있다고 봤다. 반면 경쟁 심화 때문에 추가 확인이 필요하다는 의견도 나왔다.

질문: 삼성바이오로직스 긍정적인 내용이 있어?",이 참고 뉴스에서 확인되는 내용은 긍정적인 내용은 장기 공급계약 증가로 인해 실적이나 투자 심리가 개선될 수 있다는 점입니다.
"참고 뉴스:
제목: 삼성바이오로직스, 투자자 관심 지속
내용: 시장에서는 삼성바이오로직스의 장기 공급계약 증가에 주목했다. 기사에서는 긍정적인 기대와 함께 실적 추정치 하향 가능성을 함께 확인해야 한다고 설명했다.

질문: 삼성바이오로직스 뉴스 근거를 들어 설명해줘","주어진 자료만 보면 근거는 기사에서 장기 공급계약 증가를 긍정 요인으로 언급했고, 동시에 실적 추정치 하향 가능성을 부담 요인으로 제시했다는 점입니다."
"참고 뉴스:
제목: 한국전력, 투자자 관심 지속
내용: 시장에서는 한국전력의 전기요금 조정 기대에 주목했다. 기사에서는 긍정적인 기대와 함께 원가 부담 증가을 함께 확인해야 한다고 설명했다.

질문: 한국전력 한 문장으로 요약해줘",한국전력은 전기요금 조정 기대 기대가 있지만 원가 부담 증가도 함께 확인해야 하는 상황입니다.
"참고 뉴스:
제목: 한화에어로스페이스, 투자자 관심 지속
내용: 시장에서는 한화에어로스페이스의 수주 잔고 확대에 주목했다. 기사에서는 긍정적인 기대와 함께 환율 변동성 확대을 함께 확인해야 한다고 설명했다.

질문: 한화에어로스페이스 뉴스 근거를 들어 설명해줘","이 참고 뉴스에서 확인되는 내용은 근거는 기사에서 수주 잔고 확대를 긍정 요인으로 언급했고, 동시에 환율 변동성 확대을 부담 요인으로 제시했다는 점입니다."
"참고 뉴스:
제목: 두산에너빌리티, 전력기기 업황 변화에 주목
내용: 두산에너빌리티는 원전 수주 기대 영향으로 실적 개선 기대가 언급됐다. 다만 금리 불확실성은 부담 요인으로 꼽혔다.

질문: 두산에너빌리티 확인되는 내용만 말해줘","이 참고 뉴스에서 확인되는 내용은 두산에너빌리티 관련 긍정 요인으로 원전 수주 기대가 언급됐고, 부담 요인으로 금리 불확실성이 제시됐습니다."
"참고 뉴스:
제목: SK하이닉스 관련 수급 변동성 확대
내용: SK하이닉스는 반도체 업종 내 관심이 이어졌지만 수급 흐름은 엇갈렸다. 데이터센터 투자 증가는 긍정 재료로, 기관과 외국인 수급 엇갈림은 리스크로 제시됐다.

질문: SK하이닉스 확인되는 내용만 말해줘","주어진 자료만 보면 SK하이닉스 관련 긍정 요인으로 데이터센터 투자 증가가 언급됐고, 부담 요인으로 기관과 외국인 수급 엇갈림이 제시됐습니다."
"참고 뉴스:
제목: 네이버, 인터넷 업종 내 관심 지속
내용: 네이버는 광고 매출 회복 기대와 관련해 투자자 관심이 이어졌다. 기사에는 목표주가, 배당금, 구체적인 실적 수치, 밸류에이션 지표는 포함되지 않았다.

질문: 네이버 목표주가 알려줘",참고 뉴스에는 네이버의 목표주가 정보가 나와 있지 않습니다. 제공된 자료만으로는 목표주가을 확인할 수 없습니다.
"참고 뉴스:
제목: 금융 업종 점검, 신한지주 주목
내용: 신한지주는 배당 확대 기대 관련 기대가 커졌지만, 단기적으로는 차익 실현 매물 출회 가능성으로 변동성이 나타날 수 있다는 분석이 나왔다.

질문: 신한지주 호재랑 부담 요인 나눠서 말해줘",제공된 참고 뉴스에 따르면 호재는 배당 확대 기대입니다. 부담 요인은 차익 실현 매물 출회 가능성입니다.
"참고 뉴스:
제목: CJ대한통운, 물류 업종 내 관심 지속
내용: CJ대한통운은 택배 물동량 회복와 관련해 투자자 관심이 이어졌다. 기사에는 목표주가, 배당금, 구체적인 실적 수치, 밸류에이션 지표는 포함되지 않았다.

질문: CJ대한통운 배당금 얼마야?",참고 뉴스에는 CJ대한통운의 배당금 정보가 나와 있지 않습니다. 제공된 자료만으로는 배당금을 확인할 수 없습니다.
"참고 뉴스:
제목: 2차전지 업종 점검, LG에너지솔루션 주목
내용: LG에너지솔루션은 전기차 신차 출시 기대 관련 기대가 커졌지만, 단기적으로는 기관과 외국인 수급 엇갈림으로 변동성이 나타날 수 있다는 분석이 나왔다.

질문: LG에너지솔루션 리스크 중심으로 정리해줘",주어진 자료만 보면 가장 중요한 리스크는 기관과 외국인 수급 엇갈림입니다. 긍정 요인이 있어도 이 부담 요인이 커지면 주가 변동성이 확대될 수 있습니다.
"참고 뉴스:
제목: 하이브 관련 수급 변동성 확대
내용: 하이브는 엔터 업종 내 관심이 이어졌지만 수급 흐름은 엇갈렸다. 아티스트 활동 재개은 긍정 재료로, 차익 실현 매물 출회 가능성은 리스크로 제시됐다.

질문: 하이브 핵심만 정리해줘",제공된 참고 뉴스에 따르면 하이브는 아티스트 활동 재개로 관심을 받고 있습니다. 다만 차익 실현 매물 출회 가능성도 함께 언급되어 긍정 요인과 부담 요인이 같이 있는 상황입니다.
"참고 뉴스:
제목: 증권가, 기아 실적 전망 점검
내용: 증권가에서는 기아가 고환율 수혜 기대 덕분에 투자 심리가 개선될 수 있다고 봤다. 반면 차익 실현 매물 출회 가능성 때문에 추가 확인이 필요하다는 의견도 나왔다.

질문: 기아 핵심만 정리해줘",참고 뉴스 기준으로 기아는 고환율 수혜 기대로 관심을 받고 있습니다. 다만 차익 실현 매물 출회 가능성도 함께 언급되어 긍정 요인과 부담 요인이 같이 있는 상황입니다.
"참고 뉴스:
제목: KB금융, 투자자 관심 지속
내용: 시장에서는 KB금융의 순이자마진 방어에 주목했다. 기사에서는 긍정적인 기대와 함께 기관과 외국인 수급 엇갈림을 함께 확인해야 한다고 설명했다.

질문: KB금융 긍정적인 내용이 있어?",이 참고 뉴스에서 확인되는 내용은 긍정적인 내용은 순이자마진 방어로 인해 실적이나 투자 심리가 개선될 수 있다는 점입니다.
"참고 뉴스:
제목: 카카오 관련 수급 변동성 확대
내용: 카카오는 인터넷 업종 내 관심이 이어졌지만 수급 흐름은 엇갈렸다. 플랫폼 비용 절감은 긍정 재료로, 환율 변동성 확대는 리스크로 제시됐다.

질문: 카카오 한 문장으로 요약해줘",카카오는 플랫폼 비용 절감 기대가 있지만 환율 변동성 확대도 함께 확인해야 하는 상황입니다.
"참고 뉴스:
제목: 한화에어로스페이스 관련 수급 변동성 확대
내용: 한화에어로스페이스는 방산 업종 내 관심이 이어졌지만 수급 흐름은 엇갈렸다. 해외 계약 증가는 긍정 재료로, 수요 회복 속도 둔화는 리스크로 제시됐다.

질문: 한화에어로스페이스 확인되는 내용만 말해줘","제공된 참고 뉴스에 따르면 한화에어로스페이스 관련 긍정 요인으로 해외 계약 증가가 언급됐고, 부담 요인으로 수요 회복 속도 둔화이 제시됐습니다."
"참고 뉴스:
제목: 증권가, 카카오 실적 전망 점검
내용: 증권가에서는 카카오가 플랫폼 비용 절감 덕분에 투자 심리가 개선될 수 있다고 봤다. 반면 차익 실현 매물 출회 가능성 때문에 추가 확인이 필요하다는 의견도 나왔다.

질문: 카카오 분위기 어때?",참고 뉴스 기준으로 카카오에 대한 분위기는 중립에서 긍정 쪽에 가깝습니다. 다만 차익 실현 매물 출회 가능성이 있어 단정적으로 좋다고만 보기는 어렵습니다.
"참고 뉴스:
제목: 하이브 관련 수급 변동성 확대
내용: 하이브는 엔터 업종 내 관심이 이어졌지만 수급 흐름은 엇갈렸다. 글로벌 팬덤 확대는 긍정 재료로, 경쟁 심화는 리스크로 제시됐다.

질문: 하이브 확인되는 내용만 말해줘","참고 뉴스 기준으로 하이브 관련 긍정 요인으로 글로벌 팬덤 확대가 언급됐고, 부담 요인으로 경쟁 심화이 제시됐습니다."
"참고 뉴스:
제목: 한화에어로스페이스, 방산 업종 내 관심 지속
내용: 한화에어로스페이스는 해외 계약 증가와 관련해 투자자 관심이 이어졌다. 기사에는 목표주가, 배당금, 구체적인 실적 수치, 밸류에이션 지표는 포함되지 않았다.

질문: 한화에어로스페이스 내일 주가 오를까?",참고 뉴스에는 한화에어로스페이스의 내일 주가 방향 정보가 나와 있지 않습니다. 제공된 자료만으로는 내일 주가 방향을 확인할 수 없습니다.
"참고 뉴스:
제목: 셀트리온 관련 수급 변동성 확대
내용: 셀트리온은 바이오 업종 내 관심이 이어졌지만 수급 흐름은 엇갈렸다. 해외 판매망 강화는 긍정 재료로, 원가 부담 증가는 리스크로 제시됐다.

질문: 셀트리온 호재랑 부담 요인 나눠서 말해줘",참고 뉴스 기준으로 호재는 해외 판매망 강화입니다. 부담 요인은 원가 부담 증가입니다.
"참고 뉴스:
제목: KB금융, 금융 업황 변화에 주목
내용: KB금융은 주주환원 기대 영향으로 실적 개선 기대가 언급됐다. 다만 원가 부담 증가는 부담 요인으로 꼽혔다.

질문: KB금융 핵심만 정리해줘",제공된 참고 뉴스에 따르면 KB금융은 주주환원 기대로 관심을 받고 있습니다. 다만 원가 부담 증가도 함께 언급되어 긍정 요인과 부담 요인이 같이 있는 상황입니다.
"참고 뉴스:
제목: 현대차, 자동차 업황 변화에 주목
내용: 현대차는 환율 효과 영향으로 실적 개선 기대가 언급됐다. 다만 수요 회복 속도 둔화는 부담 요인으로 꼽혔다.

질문: 현대차 한 문장으로 요약해줘",현대차는 환율 효과 기대가 있지만 수요 회복 속도 둔화도 함께 확인해야 하는 상황입니다.
"참고 뉴스:
제목: 삼성바이오로직스 관련 수급 변동성 확대
내용: 삼성바이오로직스는 바이오 업종 내 관심이 이어졌지만 수급 흐름은 엇갈렸다. 공장 가동률 개선은 긍정 재료로, 경쟁 심화는 리스크로 제시됐다.

질문: 삼성바이오로직스 호재랑 부담 요인 나눠서 말해줘",이 참고 뉴스에서 확인되는 내용은 호재는 공장 가동률 개선입니다. 부담 요인은 경쟁 심화입니다.
"참고 뉴스:
제목: 두산에너빌리티 관련 수급 변동성 확대
내용: 두산에너빌리티는 전력기기 업종 내 관심이 이어졌지만 수급 흐름은 엇갈렸다. 수주 잔고 증가는 긍정 재료로, 원가 부담 증가는 리스크로 제시됐다.

질문: 두산에너빌리티 투자 판단할 때 뭘 더 봐야 해?","주어진 자료만 보면 기사에 나온 수주 잔고 증가와 원가 부담 증가 외에도 실제 실적, 수급, 업종 전망, 밸류에이션을 함께 확인해야 합니다."
"참고 뉴스:
제목: 인터넷 업종 점검, 카카오 주목
내용: 카카오는 플랫폼 비용 절감 관련 기대가 커졌지만, 단기적으로는 수요 회복 속도 둔화으로 변동성이 나타날 수 있다는 분석이 나왔다.

질문: 카카오 목표주가 얼마야?",참고 뉴스에는 카카오의 구체적인 목표주가가 제시되어 있지 않습니다. 제공된 자료만으로는 목표주가를 말할 수 없습니다.
"참고 뉴스:
제목: 기아 관련 수급 변동성 확대
내용: 기아는 자동차 업종 내 관심이 이어졌지만 수급 흐름은 엇갈렸다. SUV 판매 호조는 긍정 재료로, 수요 회복 속도 둔화는 리스크로 제시됐다.

질문: 기아 핵심만 정리해줘",제공된 참고 뉴스에 따르면 기아는 SUV 판매 호조로 관심을 받고 있습니다. 다만 수요 회복 속도 둔화도 함께 언급되어 긍정 요인과 부담 요인이 같이 있는 상황입니다.
"참고 뉴스:
제목: 기아 관련 수급 변동성 확대
내용: 기아는 자동차 업종 내 관심이 이어졌지만 수급 흐름은 엇갈렸다. 고환율 수혜 기대는 긍정 재료로, 수요 회복 속도 둔화는 리스크로 제시됐다.

질문: 기아 긍정적인 내용이 있어?",주어진 자료만 보면 긍정적인 내용은 고환율 수혜 기대로 인해 실적이나 투자 심리가 개선될 수 있다는 점입니다.
"참고 뉴스:
제목: 삼성전자, 반도체 업황 변화에 주목
내용: 삼성전자는 메모리 업황 회복 기대 영향으로 실적 개선 기대가 언급됐다. 다만 기관과 외국인 수급 엇갈림은 부담 요인으로 꼽혔다.

질문: 삼성전자 매수해도 돼?","이 참고 뉴스에서 확인되는 내용은 삼성전자의 긍정 요인과 부담 요인은 확인되지만, 이 자료만으로 매수 여부를 판단할 수는 없습니다. 추가 실적, 밸류에이션, 수급 확인이 필요합니다."
"참고 뉴스:
제목: KB금융 관련 수급 변동성 확대
내용: KB금융은 금융 업종 내 관심이 이어졌지만 수급 흐름은 엇갈렸다. 순이자마진 방어은 긍정 재료로, 수요 회복 속도 둔화는 리스크로 제시됐다.

질문: KB금융 매수해도 돼?","주어진 자료만 보면 KB금융의 긍정 요인과 부담 요인은 확인되지만, 이 자료만으로 매수 여부를 판단할 수는 없습니다. 추가 실적, 밸류에이션, 수급 확인이 필요합니다."
"참고 뉴스:
제목: 철강 업종 점검, POSCO홀딩스 주목
내용: POSCO홀딩스는 철강 가격 반등 기대 관련 기대가 커졌지만, 단기적으로는 수요 회복 속도 둔화으로 변동성이 나타날 수 있다는 분석이 나왔다.

질문: POSCO홀딩스 한 문장으로 요약해줘",POSCO홀딩스는 철강 가격 반등 기대 기대가 있지만 수요 회복 속도 둔화도 함께 확인해야 하는 상황입니다.
"참고 뉴스:
제목: 한국전력, 유틸리티 업황 변화에 주목
내용: 한국전력은 전기요금 조정 기대 영향으로 실적 개선 기대가 언급됐다. 다만 경쟁 심화는 부담 요인으로 꼽혔다.

질문: 한국전력 목표주가 얼마야?",참고 뉴스에는 한국전력의 구체적인 목표주가가 제시되어 있지 않습니다. 제공된 자료만으로는 목표주가를 말할 수 없습니다.
"참고 뉴스:
제목: 삼성전자 관련 수급 변동성 확대
내용: 삼성전자는 반도체 업종 내 관심이 이어졌지만 수급 흐름은 엇갈렸다. 파운드리 수익성 개선 기대는 긍정 재료로, 차익 실현 매물 출회 가능성은 리스크로 제시됐다.

질문: 삼성전자 매수해도 돼?","이 참고 뉴스에서 확인되는 내용은 삼성전자의 긍정 요인과 부담 요인은 확인되지만, 이 자료만으로 매수 여부를 판단할 수는 없습니다. 추가 실적, 밸류에이션, 수급 확인이 필요합니다."
"참고 뉴스:
제목: 금융 업종 점검, KB금융 주목
내용: KB금융은 주주환원 기대 관련 기대가 커졌지만, 단기적으로는 차익 실현 매물 출회 가능성으로 변동성이 나타날 수 있다는 분석이 나왔다.

질문: KB금융 매수해도 돼?","주어진 자료만 보면 KB금융의 긍정 요인과 부담 요인은 확인되지만, 이 자료만으로 매수 여부를 판단할 수는 없습니다. 추가 실적, 밸류에이션, 수급 확인이 필요합니다."
"참고 뉴스:
제목: KB금융, 금융 업황 변화에 주목
내용: KB금융은 주주환원 기대 영향으로 실적 개선 기대가 언급됐다. 다만 기관과 외국인 수급 엇갈림은 부담 요인으로 꼽혔다.

질문: KB금융 확인되는 내용만 말해줘","이 참고 뉴스에서 확인되는 내용은 KB금융 관련 긍정 요인으로 주주환원 기대가 언급됐고, 부담 요인으로 기관과 외국인 수급 엇갈림이 제시됐습니다."
"참고 뉴스:
제목: 네이버, 인터넷 업황 변화에 주목
내용: 네이버는 클라우드 사업 성장 영향으로 실적 개선 기대가 언급됐다. 다만 기관과 외국인 수급 엇갈림은 부담 요인으로 꼽혔다.

질문: 네이버 뉴스 근거를 들어 설명해줘","제공된 참고 뉴스에 따르면 근거는 기사에서 클라우드 사업 성장를 긍정 요인으로 언급했고, 동시에 기관과 외국인 수급 엇갈림을 부담 요인으로 제시했다는 점입니다."
"참고 뉴스:
제목: 카카오, 투자자 관심 지속
내용: 시장에서는 카카오의 플랫폼 비용 절감에 주목했다. 기사에서는 긍정적인 기대와 함께 차익 실현 매물 출회 가능성을 함께 확인해야 한다고 설명했다.

질문: 카카오 부담되는 내용도 있어?",제공된 참고 뉴스에 따르면 부담되는 내용은 차익 실현 매물 출회 가능성입니다. 이 부분은 주가 변동성을 키울 수 있는 요인으로 언급됐습니다.
"참고 뉴스:
제목: 한국전력 관련 수급 변동성 확대
내용: 한국전력은 유틸리티 업종 내 관심이 이어졌지만 수급 흐름은 엇갈렸다. 연료비 부담 완화는 긍정 재료로, 기관과 외국인 수급 엇갈림은 리스크로 제시됐다.

질문: 한국전력 목표주가 얼마야?",참고 뉴스에는 한국전력의 구체적인 목표주가가 제시되어 있지 않습니다. 제공된 자료만으로는 목표주가를 말할 수 없습니다.
"참고 뉴스:
제목: 삼성전자, 투자자 관심 지속
내용: 시장에서는 삼성전자의 메모리 업황 회복 기대에 주목했다. 기사에서는 긍정적인 기대와 함께 실적 추정치 하향 가능성을 함께 확인해야 한다고 설명했다.

질문: 삼성전자 매수해도 돼?","이 참고 뉴스에서 확인되는 내용은 삼성전자의 긍정 요인과 부담 요인은 확인되지만, 이 자료만으로 매수 여부를 판단할 수는 없습니다. 추가 실적, 밸류에이션, 수급 확인이 필요합니다."
"참고 뉴스:
제목: KB금융 관련 수급 변동성 확대
내용: KB금융은 금융 업종 내 관심이 이어졌지만 수급 흐름은 엇갈렸다. 비은행 부문 실적 개선은 긍정 재료로, 차익 실현 매물 출회 가능성은 리스크로 제시됐다.

질문: KB금융 한 문장으로 요약해줘",KB금융은 비은행 부문 실적 개선 기대가 있지만 차익 실현 매물 출회 가능성도 함께 확인해야 하는 상황입니다.
"참고 뉴스:
제목: 카카오, 인터넷 업종 내 관심 지속
내용: 카카오는 커머스 서비스 개편와 관련해 투자자 관심이 이어졌다. 기사에는 목표주가, 배당금, 구체적인 실적 수치, 밸류에이션 지표는 포함되지 않았다.

질문: 카카오 목표주가 알려줘",참고 뉴스에는 카카오의 목표주가 정보가 나와 있지 않습니다. 제공된 자료만으로는 목표주가을 확인할 수 없습니다.
"참고 뉴스:
제목: 증권가, 삼성전자 실적 전망 점검
내용: 증권가에서는 삼성전자가 AI 서버 수요 증가 덕분에 투자 심리가 개선될 수 있다고 봤다. 반면 경쟁 심화 때문에 추가 확인이 필요하다는 의견도 나왔다.

질문: 삼성전자 투자 판단할 때 뭘 더 봐야 해?","주어진 자료만 보면 기사에 나온 AI 서버 수요 증가와 경쟁 심화 외에도 실제 실적, 수급, 업종 전망, 밸류에이션을 함께 확인해야 합니다."
"참고 뉴스:
제목: 삼성바이오로직스 관련 수급 변동성 확대
내용: 삼성바이오로직스는 바이오 업종 내 관심이 이어졌지만 수급 흐름은 엇갈렸다. 공장 가동률 개선은 긍정 재료로, 금리 불확실성은 리스크로 제시됐다.

질문: 삼성바이오로직스 뉴스 근거를 들어 설명해줘","이 참고 뉴스에서 확인되는 내용은 근거는 기사에서 공장 가동률 개선를 긍정 요인으로 언급했고, 동시에 금리 불확실성을 부담 요인으로 제시했다는 점입니다."
"참고 뉴스:
제목: 현대차, 자동차 업종 내 관심 지속
내용: 현대차는 하이브리드 수요 확대와 관련해 투자자 관심이 이어졌다. 기사에는 목표주가, 배당금, 구체적인 실적 수치, 밸류에이션 지표는 포함되지 않았다.

질문: 현대차 정확한 매수 가격 알려줘",참고 뉴스에는 현대차의 매수 가격 정보가 나와 있지 않습니다. 제공된 자료만으로는 매수 가격을 확인할 수 없습니다.
"참고 뉴스:
제목: 두산에너빌리티, 전력기기 기대
내용: 두산에너빌리티는 원전 수주 기대 영향으로 관심을 받았다. 부담 요인은 실적 추정치 하향 가능성이다.

제목: 아모레퍼시픽, 화장품 점검
내용: 아모레퍼시픽은 면세 채널 개선 기대가 있지만 환율 변동성 확대도 함께 언급됐다.

질문: 두 뉴스에서 확인되는 리스크를 정리해줘","참고 뉴스에서 확인되는 리스크는 두산에너빌리티의 실적 추정치 하향 가능성, 아모레퍼시픽의 환율 변동성 확대입니다."
"참고 뉴스:
제목: 한화에어로스페이스, 방산 업종 내 관심 지속
내용: 한화에어로스페이스는 수주 잔고 확대와 관련해 투자자 관심이 이어졌다. 기사에는 목표주가, 배당금, 구체적인 실적 수치, 밸류에이션 지표는 포함되지 않았다.

질문: 한화에어로스페이스 PER 얼마야?",참고 뉴스에는 한화에어로스페이스의 PER 정보가 나와 있지 않습니다. 제공된 자료만으로는 PER을 확인할 수 없습니다.
"참고 뉴스:
제목: SK하이닉스 관련 수급 변동성 확대
내용: SK하이닉스는 반도체 업종 내 관심이 이어졌지만 수급 흐름은 엇갈렸다. HBM 공급 확대는 긍정 재료로, 기관과 외국인 수급 엇갈림은 리스크로 제시됐다.

질문: SK하이닉스 긍정적인 내용이 있어?",이 참고 뉴스에서 확인되는 내용은 긍정적인 내용은 HBM 공급 확대로 인해 실적이나 투자 심리가 개선될 수 있다는 점입니다.
"참고 뉴스:
제목: 아모레퍼시픽, 투자자 관심 지속
내용: 시장에서는 아모레퍼시픽의 북미 매출 성장에 주목했다. 기사에서는 긍정적인 기대와 함께 환율 변동성 확대을 함께 확인해야 한다고 설명했다.

질문: 아모레퍼시픽 투자 판단할 때 뭘 더 봐야 해?","참고 뉴스 기준으로 기사에 나온 북미 매출 성장와 환율 변동성 확대 외에도 실제 실적, 수급, 업종 전망, 밸류에이션을 함께 확인해야 합니다."
"참고 뉴스:
제목: 한화에어로스페이스, 투자자 관심 지속
내용: 시장에서는 한화에어로스페이스의 수주 잔고 확대에 주목했다. 기사에서는 긍정적인 기대와 함께 기관과 외국인 수급 엇갈림을 함께 확인해야 한다고 설명했다.

질문: 한화에어로스페이스 긍정적인 내용이 있어?",제공된 참고 뉴스에 따르면 긍정적인 내용은 수주 잔고 확대로 인해 실적이나 투자 심리가 개선될 수 있다는 점입니다.
"참고 뉴스:
제목: CJ대한통운, 물류 업종 내 관심 지속
내용: CJ대한통운은 운임 효율화와 관련해 투자자 관심이 이어졌다. 기사에는 목표주가, 배당금, 구체적인 실적 수치, 밸류에이션 지표는 포함되지 않았다.

질문: CJ대한통운 PER 얼마야?",참고 뉴스에는 CJ대한통운의 PER 정보가 나와 있지 않습니다. 제공된 자료만으로는 PER을 확인할 수 없습니다.
"참고 뉴스:
제목: 한국전력 관련 수급 변동성 확대
내용: 한국전력은 유틸리티 업종 내 관심이 이어졌지만 수급 흐름은 엇갈렸다. 전기요금 조정 기대는 긍정 재료로, 수요 회복 속도 둔화는 리스크로 제시됐다.

질문: 한국전력 호재랑 부담 요인 나눠서 말해줘",제공된 참고 뉴스에 따르면 호재는 전기요금 조정 기대입니다. 부담 요인은 수요 회복 속도 둔화입니다.
"참고 뉴스:
제목: 현대차, 투자자 관심 지속
내용: 시장에서는 현대차의 하이브리드 수요 확대에 주목했다. 기사에서는 긍정적인 기대와 함께 기관과 외국인 수급 엇갈림을 함께 확인해야 한다고 설명했다.

질문: 현대차 긍정적인 내용이 있어?",참고 뉴스 기준으로 긍정적인 내용은 하이브리드 수요 확대로 인해 실적이나 투자 심리가 개선될 수 있다는 점입니다.
"참고 뉴스:
제목: CJ대한통운, 투자자 관심 지속
내용: 시장에서는 CJ대한통운의 자동화 투자 효과에 주목했다. 기사에서는 긍정적인 기대와 함께 경쟁 심화을 함께 확인해야 한다고 설명했다.

질문: CJ대한통운 분위기 어때?",주어진 자료만 보면 CJ대한통운에 대한 분위기는 중립에서 긍정 쪽에 가깝습니다. 다만 경쟁 심화이 있어 단정적으로 좋다고만 보기는 어렵습니다.
"참고 뉴스:
제목: 삼성바이오로직스 관련 수급 변동성 확대
내용: 삼성바이오로직스는 바이오 업종 내 관심이 이어졌지만 수급 흐름은 엇갈렸다. 장기 공급계약 증가는 긍정 재료로, 금리 불확실성은 리스크로 제시됐다.

질문: 삼성바이오로직스 한 문장으로 요약해줘",삼성바이오로직스는 장기 공급계약 증가 기대가 있지만 금리 불확실성도 함께 확인해야 하는 상황입니다.
"참고 뉴스:
제목: 증권가, 카카오 실적 전망 점검
내용: 증권가에서는 카카오가 커머스 서비스 개편 덕분에 투자 심리가 개선될 수 있다고 봤다. 반면 경쟁 심화 때문에 추가 확인이 필요하다는 의견도 나왔다.

질문: 카카오 뉴스 근거를 들어 설명해줘","제공된 참고 뉴스에 따르면 근거는 기사에서 커머스 서비스 개편를 긍정 요인으로 언급했고, 동시에 경쟁 심화을 부담 요인으로 제시했다는 점입니다."
"참고 뉴스:
제목: 아모레퍼시픽, 화장품 업황 변화에 주목
내용: 아모레퍼시픽은 면세 채널 개선 영향으로 실적 개선 기대가 언급됐다. 다만 수요 회복 속도 둔화는 부담 요인으로 꼽혔다.

질문: 아모레퍼시픽 부담되는 내용도 있어?",참고 뉴스 기준으로 부담되는 내용은 수요 회복 속도 둔화입니다. 이 부분은 주가 변동성을 키울 수 있는 요인으로 언급됐습니다.
"참고 뉴스:
제목: POSCO홀딩스, 철강 업종 내 관심 지속
내용: POSCO홀딩스는 리튬 사업 기대와 관련해 투자자 관심이 이어졌다. 기사에는 목표주가, 배당금, 구체적인 실적 수치, 밸류에이션 지표는 포함되지 않았다.

질문: POSCO홀딩스 내일 주가 오를까?",참고 뉴스에는 POSCO홀딩스의 내일 주가 방향 정보가 나와 있지 않습니다. 제공된 자료만으로는 내일 주가 방향을 확인할 수 없습니다.
"참고 뉴스:
제목: 증권가, POSCO홀딩스 실적 전망 점검
내용: 증권가에서는 POSCO홀딩스가 중국 경기 부양 기대 덕분에 투자 심리가 개선될 수 있다고 봤다. 반면 기관과 외국인 수급 엇갈림 때문에 추가 확인이 필요하다는 의견도 나왔다.

질문: POSCO홀딩스 부담되는 내용도 있어?",참고 뉴스 기준으로 부담되는 내용은 기관과 외국인 수급 엇갈림입니다. 이 부분은 주가 변동성을 키울 수 있는 요인으로 언급됐습니다.
"참고 뉴스:
제목: 증권가, 한화에어로스페이스 실적 전망 점검
내용: 증권가에서는 한화에어로스페이스가 방산 수출 기대 덕분에 투자 심리가 개선될 수 있다고 봤다. 반면 실적 추정치 하향 가능성 때문에 추가 확인이 필요하다는 의견도 나왔다.

질문: 한화에어로스페이스 투자 판단할 때 뭘 더 봐야 해?","주어진 자료만 보면 기사에 나온 방산 수출 기대와 실적 추정치 하향 가능성 외에도 실제 실적, 수급, 업종 전망, 밸류에이션을 함께 확인해야 합니다."
"참고 뉴스:
제목: SK하이닉스, 반도체 기대
내용: SK하이닉스는 HBM 공급 확대 영향으로 관심을 받았다. 부담 요인은 기관과 외국인 수급 엇갈림이다.

제목: 신한지주, 금융 점검
내용: 신한지주는 배당 확대 기대 기대가 있지만 금리 불확실성도 함께 언급됐다.

질문: 두 뉴스의 공통점과 차이점을 정리해줘","참고 뉴스 기준으로 두 기업 모두 긍정 요인과 부담 요인이 함께 언급됐습니다. 차이점은 SK하이닉스는 HBM 공급 확대가 강조됐고, 신한지주는 배당 확대 기대와 함께 금리 불확실성도 제시됐다는 점입니다."
"참고 뉴스:
제목: 2차전지 업종 점검, 삼성SDI 주목
내용: 삼성SDI는 고부가 제품 비중 증가 관련 기대가 커졌지만, 단기적으로는 경쟁 심화으로 변동성이 나타날 수 있다는 분석이 나왔다.

질문: 삼성SDI 한 문장으로 요약해줘",삼성SDI는 고부가 제품 비중 증가 기대가 있지만 경쟁 심화도 함께 확인해야 하는 상황입니다.
"참고 뉴스:
제목: POSCO홀딩스, 철강 업종 내 관심 지속
내용: POSCO홀딩스는 철강 가격 반등 기대와 관련해 투자자 관심이 이어졌다. 기사에는 목표주가, 배당금, 구체적인 실적 수치, 밸류에이션 지표는 포함되지 않았다.

질문: POSCO홀딩스 PER 얼마야?",참고 뉴스에는 POSCO홀딩스의 PER 정보가 나와 있지 않습니다. 제공된 자료만으로는 PER을 확인할 수 없습니다.
"참고 뉴스:
제목: 삼성SDI, 2차전지 업종 내 관심 지속
내용: 삼성SDI는 고부가 제품 비중 증가와 관련해 투자자 관심이 이어졌다. 기사에는 목표주가, 배당금, 구체적인 실적 수치, 밸류에이션 지표는 포함되지 않았다.

질문: 삼성SDI 정확한 매수 가격 알려줘",참고 뉴스에는 삼성SDI의 매수 가격 정보가 나와 있지 않습니다. 제공된 자료만으로는 매수 가격을 확인할 수 없습니다.
"참고 뉴스:
제목: 신한지주, 금융 업황 변화에 주목
내용: 신한지주는 자사주 매입 기대 영향으로 실적 개선 기대가 언급됐다. 다만 수요 회복 속도 둔화는 부담 요인으로 꼽혔다.

질문: 신한지주 뉴스 근거를 들어 설명해줘","제공된 참고 뉴스에 따르면 근거는 기사에서 자사주 매입 기대를 긍정 요인으로 언급했고, 동시에 수요 회복 속도 둔화을 부담 요인으로 제시했다는 점입니다."
"참고 뉴스:
제목: SK하이닉스, 반도체 업황 변화에 주목
내용: SK하이닉스는 데이터센터 투자 증가 영향으로 실적 개선 기대가 언급됐다. 다만 실적 추정치 하향 가능성은 부담 요인으로 꼽혔다.

질문: SK하이닉스 뉴스 근거를 들어 설명해줘","이 참고 뉴스에서 확인되는 내용은 근거는 기사에서 데이터센터 투자 증가를 긍정 요인으로 언급했고, 동시에 실적 추정치 하향 가능성을 부담 요인으로 제시했다는 점입니다."
"참고 뉴스:
제목: KB금융, 금융 업황 변화에 주목
내용: KB금융은 순이자마진 방어 영향으로 실적 개선 기대가 언급됐다. 다만 금리 불확실성은 부담 요인으로 꼽혔다.

질문: KB금융 호재랑 부담 요인 나눠서 말해줘",이 참고 뉴스에서 확인되는 내용은 호재는 순이자마진 방어입니다. 부담 요인은 금리 불확실성입니다.
"참고 뉴스:
제목: 신한지주, 투자자 관심 지속
내용: 시장에서는 신한지주의 자사주 매입 기대에 주목했다. 기사에서는 긍정적인 기대와 함께 실적 추정치 하향 가능성을 함께 확인해야 한다고 설명했다.

질문: 신한지주 매수해도 돼?","이 참고 뉴스에서 확인되는 내용은 신한지주의 긍정 요인과 부담 요인은 확인되지만, 이 자료만으로 매수 여부를 판단할 수는 없습니다. 추가 실적, 밸류에이션, 수급 확인이 필요합니다."
"참고 뉴스:
제목: 삼성전자, 반도체 업황 변화에 주목
내용: 삼성전자는 파운드리 수익성 개선 기대 영향으로 실적 개선 기대가 언급됐다. 다만 기관과 외국인 수급 엇갈림은 부담 요인으로 꼽혔다.

질문: 삼성전자 분위기 어때?",제공된 참고 뉴스에 따르면 삼성전자에 대한 분위기는 중립에서 긍정 쪽에 가깝습니다. 다만 기관과 외국인 수급 엇갈림이 있어 단정적으로 좋다고만 보기는 어렵습니다.
"참고 뉴스:
제목: 카카오, 인터넷 업종 내 관심 지속
내용: 카카오는 콘텐츠 사업 조정와 관련해 투자자 관심이 이어졌다. 기사에는 목표주가, 배당금, 구체적인 실적 수치, 밸류에이션 지표는 포함되지 않았다.

질문: 카카오 내일 주가 오를까?",참고 뉴스에는 카카오의 내일 주가 방향 정보가 나와 있지 않습니다. 제공된 자료만으로는 내일 주가 방향을 확인할 수 없습니다.
"참고 뉴스:
제목: CJ대한통운 관련 수급 변동성 확대
내용: CJ대한통운은 물류 업종 내 관심이 이어졌지만 수급 흐름은 엇갈렸다. 자동화 투자 효과은 긍정 재료로, 기관과 외국인 수급 엇갈림은 리스크로 제시됐다.

질문: CJ대한통운 부담되는 내용도 있어?",제공된 참고 뉴스에 따르면 부담되는 내용은 기관과 외국인 수급 엇갈림입니다. 이 부분은 주가 변동성을 키울 수 있는 요인으로 언급됐습니다.
"참고 뉴스:
제목: 기아, 자동차 업황 변화에 주목
내용: 기아는 고환율 수혜 기대 영향으로 실적 개선 기대가 언급됐다. 다만 환율 변동성 확대는 부담 요인으로 꼽혔다.

질문: 기아 투자 판단할 때 뭘 더 봐야 해?","주어진 자료만 보면 기사에 나온 고환율 수혜 기대와 환율 변동성 확대 외에도 실제 실적, 수급, 업종 전망, 밸류에이션을 함께 확인해야 합니다."
"참고 뉴스:
제목: 삼성SDI, 투자자 관심 지속
내용: 시장에서는 삼성SDI의 ESS 수요 확대에 주목했다. 기사에서는 긍정적인 기대와 함께 경쟁 심화을 함께 확인해야 한다고 설명했다.

질문: 삼성SDI 리스크 중심으로 정리해줘",제공된 참고 뉴스에 따르면 가장 중요한 리스크는 경쟁 심화입니다. 긍정 요인이 있어도 이 부담 요인이 커지면 주가 변동성이 확대될 수 있습니다.
"참고 뉴스:
제목: 카카오 관련 수급 변동성 확대
내용: 카카오는 인터넷 업종 내 관심이 이어졌지만 수급 흐름은 엇갈렸다. 커머스 서비스 개편은 긍정 재료로, 수요 회복 속도 둔화는 리스크로 제시됐다.

질문: 카카오 긍정적인 내용이 있어?",참고 뉴스 기준으로 긍정적인 내용은 커머스 서비스 개편로 인해 실적이나 투자 심리가 개선될 수 있다는 점입니다.
"참고 뉴스:
제목: 네이버 관련 수급 변동성 확대
내용: 네이버는 인터넷 업종 내 관심이 이어졌지만 수급 흐름은 엇갈렸다. AI 검색 서비스 고도화은 긍정 재료로, 기관과 외국인 수급 엇갈림은 리스크로 제시됐다.

질문: 네이버 매수해도 돼?","주어진 자료만 보면 네이버의 긍정 요인과 부담 요인은 확인되지만, 이 자료만으로 매수 여부를 판단할 수는 없습니다. 추가 실적, 밸류에이션, 수급 확인이 필요합니다."
"참고 뉴스:
제목: POSCO홀딩스, 철강 업황 변화에 주목
내용: POSCO홀딩스는 철강 가격 반등 기대 영향으로 실적 개선 기대가 언급됐다. 다만 원가 부담 증가는 부담 요인으로 꼽혔다.

질문: POSCO홀딩스 핵심만 정리해줘",참고 뉴스 기준으로 POSCO홀딩스는 철강 가격 반등 기대로 관심을 받고 있습니다. 다만 원가 부담 증가도 함께 언급되어 긍정 요인과 부담 요인이 같이 있는 상황입니다.
"참고 뉴스:
제목: 카카오, 인터넷 기대
내용: 카카오는 플랫폼 비용 절감 영향으로 관심을 받았다. 부담 요인은 금리 불확실성이다.

제목: 현대차, 자동차 점검
내용: 현대차는 환율 효과 기대가 있지만 환율 변동성 확대도 함께 언급됐다.

질문: 두 기업 중 뉴스가 더 긍정적인 쪽을 말해줘",제공된 참고 뉴스만 보면 두 기업 모두 긍정 요인이 있습니다. 다만 어느 쪽이 더 좋다고 단정하려면 실적 수치와 수급 정보가 더 필요합니다.
"참고 뉴스:
제목: 두산에너빌리티, 전력기기 업황 변화에 주목
내용: 두산에너빌리티는 수주 잔고 증가 영향으로 실적 개선 기대가 언급됐다. 다만 경쟁 심화는 부담 요인으로 꼽혔다.

질문: 두산에너빌리티 투자 판단할 때 뭘 더 봐야 해?","제공된 참고 뉴스에 따르면 기사에 나온 수주 잔고 증가와 경쟁 심화 외에도 실제 실적, 수급, 업종 전망, 밸류에이션을 함께 확인해야 합니다."
"참고 뉴스:
제목: SK하이닉스 관련 수급 변동성 확대
내용: SK하이닉스는 반도체 업종 내 관심이 이어졌지만 수급 흐름은 엇갈렸다. 고부가 메모리 수요 증가는 긍정 재료로, 원가 부담 증가는 리스크로 제시됐다.

질문: SK하이닉스 분위기 어때?",제공된 참고 뉴스에 따르면 SK하이닉스에 대한 분위기는 중립에서 긍정 쪽에 가깝습니다. 다만 원가 부담 증가이 있어 단정적으로 좋다고만 보기는 어렵습니다.
"참고 뉴스:
제목: 신한지주 관련 수급 변동성 확대
내용: 신한지주는 금융 업종 내 관심이 이어졌지만 수급 흐름은 엇갈렸다. 건전성 관리 강화는 긍정 재료로, 경쟁 심화는 리스크로 제시됐다.

질문: 신한지주 투자 판단할 때 뭘 더 봐야 해?","참고 뉴스 기준으로 기사에 나온 건전성 관리 강화와 경쟁 심화 외에도 실제 실적, 수급, 업종 전망, 밸류에이션을 함께 확인해야 합니다."
"참고 뉴스:
제목: 한화에어로스페이스, 2026년 2분기 이익 증가
작성일: 2026-07-31
내용: 한화에어로스페이스는 2026년 2분기 순이익 1조800억원을 기록해 전년 동기 대비 277.5% 증가했다. 실적은 시장 예상치를 웃돌았다고 보도됐다.

질문: 이 기사만 보고 한화에어로스페이스를 매수해도 돼?","이 기사 하나만으로 매수나 매도를 결정하기는 어렵습니다. 실적 추세, 밸류에이션, 수급과 추가 공시를 함께 확인해야 합니다."
"참고 뉴스 1:
제목: 삼성전자, 2026년 2분기 실적 발표
작성일: 2026-07-30
내용: 삼성전자는 2026년 2분기 연결 매출 171조5천억원, 영업이익 89조5천억원을 기록했다. 매출과 영업이익 모두 분기 기준 최고치를 경신했으며, 전 분기 대비 매출은 28% 증가했다.

참고 뉴스 2:
제목: HD현대, 2026년 2분기 높은 영업이익 기록
작성일: 2026-07-31
내용: HD현대는 2026년 2분기 연결 매출 22조4094억원, 영업이익 4조1246억원을 기록했다. 영업이익률은 18.4%로 발표됐다.

질문: 두 뉴스의 핵심 내용을 비교해줘",첫 번째 뉴스는 삼성전자는 2026년 2분기에 매출과 영업이익 모두 분기 최고치를 기록했다. 두 번째 뉴스는 HD현대는 2분기에 높은 영업이익과 영업이익률을 기록했다.
"참고 뉴스:
제목: 엔비디아, 네이버 AI 인프라 프로젝트에 투자 추진
작성일: 2026-07-27
내용: 엔비디아는 네이버의 대규모 AI 데이터센터 프로젝트에 약 10억달러를 투자할 계획이다. 네이버는 엔비디아를 대상으로 약 1조4810억원 규모의 신주를 발행하며, 거래 완료 후 엔비디아의 지분율은 약 4.5%가 될 예정이다.

질문: 현재 시세와 등락률을 말해줘",현재 주가는 기사 작성 시점과 달라질 수 있어 별도 시세 조회가 필요합니다.
"참고 뉴스:
제목: 7월 국내 증시, 소외 업종으로 자금 이동 가능성
작성일: 2026-07-01
내용: 7월에는 상반기 주도주였던 반도체에서 자동차, 2차전지, 바이오 등 상대적으로 소외됐던 업종으로 자금이 이동할 수 있다는 전망이 나왔다. 반도체 조정이 곧 업황 훼손을 의미하는 것은 아니라는 분석도 제시됐다.

질문: 이 기사만 보고 국내 증시를 매수해도 돼?","이 기사 하나만으로 매수나 매도를 결정하기는 어렵습니다. 실적 추세, 밸류에이션, 수급과 추가 공시를 함께 확인해야 합니다."
"참고 뉴스:
제목: 신한금융, 2026년 2분기 분기 최대 순이익
작성일: 2026-07-23
내용: 신한금융의 2026년 2분기 순이익은 1조8201억원으로 전 분기 대비 12.2% 증가했다. 상반기 순이익은 3조4427억원으로 전년 동기 대비 13.3% 늘었다.

질문: 뉴스 근거를 들어 설명해줘",기사 근거만 사용하면 신한금융은 2분기와 상반기 순이익이 모두 증가하며 높은 실적을 기록했다. 추가적인 주가 전망은 이 자료만으로 단정할 수 없습니다.
"참고 뉴스:
제목: 신한금융, 2026년 2분기 분기 최대 순이익
작성일: 2026-07-23
내용: 신한금융의 2026년 2분기 순이익은 1조8201억원으로 전 분기 대비 12.2% 증가했다. 상반기 순이익은 3조4427억원으로 전년 동기 대비 13.3% 늘었다.

질문: 긍정적인 내용만 근거를 들어 정리해줘",제공된 뉴스 기준 성장 요인은 분기 최대 순이익과 상반기 이익 증가입니다.
"참고 뉴스:
제목: 삼성SDI, 미국 ESS용 각형 배터리 공급 계약
작성일: 2026-03-16
내용: 삼성SDI는 미국에서 1조5000억원 규모의 ESS용 각형 배터리 공급 계약을 수주했다고 발표했다.

질문: 삼성SDI 뉴스 핵심을 한 문장으로 정리해줘",삼성SDI는 미국 ESS 시장에서 대규모 각형 배터리 공급 계약을 확보했다.
"참고 뉴스:
제목: 삼성전자 DS부문, AI 메모리 수요로 실적 확대
작성일: 2026-07-30
내용: 삼성전자 DS부문은 2026년 2분기 매출 127조5천억원, 영업이익 89조2천억원을 기록했다. 메모리 사업은 AI 수요에 대응해 서버 제품 중심 판매를 확대했고, 업계 전반의 가격 상승도 실적에 기여했다.

질문: 삼성전자 주식을 지금 사는 게 좋아?","제공된 뉴스는 투자 판단의 일부 근거일 뿐입니다. 현재 가격과 재무 상태, 위험 요인을 추가로 확인해야 합니다."
"참고 뉴스:
제목: SK하이닉스, 2026년 2분기 사상 최대 실적
작성일: 2026-07-29
내용: SK하이닉스는 2026년 2분기 매출 79조3187억원, 영업이익 60조5426억원을 발표했다. AI 수요에 대응한 고부가가치 제품 판매가 실적을 이끌었고, 주요 고객과 장기·다년 계약을 확대했다고 설명했다.

질문: 언제 나온 소식인지 확인해줘",이 뉴스는 2026-07-29 기준입니다.
"참고 뉴스 1:
제목: SK하이닉스, 2026년 2분기 사상 최대 실적
작성일: 2026-07-29
내용: SK하이닉스는 2026년 2분기 매출 79조3187억원, 영업이익 60조5426억원을 발표했다. AI 수요에 대응한 고부가가치 제품 판매가 실적을 이끌었고, 주요 고객과 장기·다년 계약을 확대했다고 설명했다.

참고 뉴스 2:
제목: KB금융, 2026년 상반기 순이익 증가
작성일: 2026-07-23
내용: KB금융은 2026년 상반기 실적 발표 자료를 공개했다. 외부 보도에 따르면 상반기 순이익은 3조8846억원으로 전년 동기 대비 13.1% 증가했다.

질문: 두 뉴스의 핵심 내용을 비교해줘",첫 번째 뉴스는 SK하이닉스는 AI 수요와 고부가가치 메모리 판매를 바탕으로 분기 최고 실적을 기록했다. 두 번째 뉴스는 KB금융은 2026년 상반기 순이익이 전년 동기보다 증가했다.
"참고 뉴스:
제목: HD현대, 2026년 2분기 높은 영업이익 기록
작성일: 2026-07-31
내용: HD현대는 2026년 2분기 연결 매출 22조4094억원, 영업이익 4조1246억원을 기록했다. 영업이익률은 18.4%로 발표됐다.

질문: HD현대 주가가 오늘 얼마나 올랐어?",실시간 가격은 제공된 뉴스 범위를 벗어나므로 확인할 수 없습니다.
"참고 뉴스:
제목: 삼성바이오로직스, 2026년 2분기 실적 발표
작성일: 2026-07-23
내용: 삼성바이오로직스는 2026년 2분기 매출 1조3210억원, 영업이익 5860억원을 기록했다. 1공장부터 4공장까지 안정적인 생산 운영과 고객 프로젝트 수행이 실적에 반영됐다.

질문: 삼성바이오로직스에 유리한 내용이 있어?",호재로 해석할 수 있는 내용은 1~4공장의 안정적인 가동과 고객 프로젝트 수행입니다.
"참고 뉴스:
제목: 신한금융, 2026년 2분기 분기 최대 순이익
작성일: 2026-07-23
내용: 신한금융의 2026년 2분기 순이익은 1조8201억원으로 전 분기 대비 12.2% 증가했다. 상반기 순이익은 3조4427억원으로 전년 동기 대비 13.3% 늘었다.

질문: 이 기사에서 호재로 볼 수 있는 부분을 말해줘",기사에서 긍정적으로 볼 수 있는 부분은 분기 최대 순이익과 상반기 이익 증가입니다.
"참고 뉴스 1:
제목: 삼성바이오로직스, 스위스 폴리펩타이드 인수 추진
작성일: 2026-07-20
내용: 삼성바이오로직스는 스위스 의약품 위탁생산 기업 폴리펩타이드를 약 18억달러에 전액 현금으로 인수하는 공개매수를 추진했다. 회사는 펩타이드 치료제와 비만·당뇨 분야의 생산 역량 확대를 기대했다.

참고 뉴스 2:
제목: 2026년 하반기 국내 증시, 반도체 쏠림에서 업종 확산 가능성
작성일: 2026-07-23
내용: 2026년 상반기 국내 증시는 반도체가 상승을 주도했지만 하반기에는 전력기기, 조선·방산, 바이오, 화장품, 금융 등으로 관심이 확산될 가능성이 제시됐다. 주요 변수로 AI 설비투자, 미국 금리, 기업 실적과 중국 메모리 업체의 추격이 언급됐다.

질문: 두 기사에서 확인되는 긍정 요인을 비교해줘","첫 번째 뉴스의 긍정 요인은 펩타이드 치료제와 GLP-1 계열 의약품 생산 역량 확대 가능성이고, 두 번째 뉴스의 긍정 요인은 AI 설비투자 확대가 전력기기·조선·방산 등 국내 공급망에 기회가 될 수 있다.입니다."
"참고 뉴스 1:
제목: 현대차, 하반기 신차 출시로 회복 추진
작성일: 2026-07-23
내용: 현대차는 2분기 영업이익이 감소했지만 연간 전망은 유지했다. 회사는 하반기 투싼과 아반떼 등 주요 신차 출시를 통해 판매 회복을 추진할 계획이라고 밝혔다.

참고 뉴스 2:
제목: 엔비디아, 네이버 AI 인프라 프로젝트에 투자 추진
작성일: 2026-07-27
내용: 엔비디아는 네이버의 대규모 AI 데이터센터 프로젝트에 약 10억달러를 투자할 계획이다. 네이버는 엔비디아를 대상으로 약 1조4810억원 규모의 신주를 발행하며, 거래 완료 후 엔비디아의 지분율은 약 4.5%가 될 예정이다.

질문: 두 기사에서 확인되는 긍정 요인을 비교해줘","첫 번째 뉴스의 긍정 요인은 연간 전망을 유지하고 주요 신차 출시를 준비하는 점이고, 두 번째 뉴스의 긍정 요인은 글로벌 AI 기업과의 협력 및 AI 데이터센터 인프라 확대입니다."
"참고 뉴스 1:
제목: 삼성전자 DS부문, AI 메모리 수요로 실적 확대
작성일: 2026-07-30
내용: 삼성전자 DS부문은 2026년 2분기 매출 127조5천억원, 영업이익 89조2천억원을 기록했다. 메모리 사업은 AI 수요에 대응해 서버 제품 중심 판매를 확대했고, 업계 전반의 가격 상승도 실적에 기여했다.

참고 뉴스 2:
제목: 삼성SDI, 미국 ESS용 각형 배터리 공급 계약
작성일: 2026-03-16
내용: 삼성SDI는 미국에서 1조5000억원 규모의 ESS용 각형 배터리 공급 계약을 수주했다고 발표했다.

질문: 두 뉴스의 핵심 내용을 비교해줘",첫 번째 뉴스는 삼성전자 반도체 부문은 AI 서버용 메모리 수요와 가격 상승의 영향을 받았다. 두 번째 뉴스는 삼성SDI는 미국 ESS 시장에서 대규모 각형 배터리 공급 계약을 확보했다.
"참고 뉴스:
제목: 7월 국내 증시, 소외 업종으로 자금 이동 가능성
작성일: 2026-07-01
내용: 7월에는 상반기 주도주였던 반도체에서 자동차, 2차전지, 바이오 등 상대적으로 소외됐던 업종으로 자금이 이동할 수 있다는 전망이 나왔다. 반도체 조정이 곧 업황 훼손을 의미하는 것은 아니라는 분석도 제시됐다.

질문: 참고 뉴스에서 확인되는 내용만 말해줘",확인되는 사실은 7월에는 반도체에서 자동차·2차전지·바이오로 포트폴리오가 이동할 가능성이 제기됐다. 주요 수치는 기사에는 업종별 구체적인 상승률이나 목표지수는 제시되지 않았다.입니다. 기사에 없는 목표주가나 현재 시세는 확인할 수 없습니다.
"참고 뉴스:
제목: 삼성전자, AI 인프라용 PM1763 SSD 양산 시작
작성일: 2026-07-08
내용: 삼성전자는 차세대 AI 인프라에 최적화한 PM1763 SSD의 양산을 시작했다고 발표했다.

질문: 삼성전자 주가가 오늘 얼마나 올랐어?",실시간 가격은 제공된 뉴스 범위를 벗어나므로 확인할 수 없습니다.
"참고 뉴스 1:
제목: 신한금융, 2026년 2분기 분기 최대 순이익
작성일: 2026-07-23
내용: 신한금융의 2026년 2분기 순이익은 1조8201억원으로 전 분기 대비 12.2% 증가했다. 상반기 순이익은 3조4427억원으로 전년 동기 대비 13.3% 늘었다.

참고 뉴스 2:
제목: 7월 국내 증시, 소외 업종으로 자금 이동 가능성
작성일: 2026-07-01
내용: 7월에는 상반기 주도주였던 반도체에서 자동차, 2차전지, 바이오 등 상대적으로 소외됐던 업종으로 자금이 이동할 수 있다는 전망이 나왔다. 반도체 조정이 곧 업황 훼손을 의미하는 것은 아니라는 분석도 제시됐다.

질문: 두 기사에서 확인되는 긍정 요인을 비교해줘","첫 번째 뉴스의 긍정 요인은 분기 최대 순이익과 상반기 이익 증가이고, 두 번째 뉴스의 긍정 요인은 소외 업종으로의 순환매 가능성과 반도체 펀더멘털 유지 전망입니다."
"참고 뉴스:
제목: 현대차, 하반기 신차 출시로 회복 추진
작성일: 2026-07-23
내용: 현대차는 2분기 영업이익이 감소했지만 연간 전망은 유지했다. 회사는 하반기 투싼과 아반떼 등 주요 신차 출시를 통해 판매 회복을 추진할 계획이라고 밝혔다.

질문: 현대차 관련 핵심 숫자를 정리해줘",기사 기준 주요 지표는 기사에는 구체적인 하반기 판매 목표 수치가 제시되지 않았다.입니다.
"참고 뉴스:
제목: 7월 국내 증시, 소외 업종으로 자금 이동 가능성
작성일: 2026-07-01
내용: 7월에는 상반기 주도주였던 반도체에서 자동차, 2차전지, 바이오 등 상대적으로 소외됐던 업종으로 자금이 이동할 수 있다는 전망이 나왔다. 반도체 조정이 곧 업황 훼손을 의미하는 것은 아니라는 분석도 제시됐다.

질문: 오늘 종가를 확인해줘",기사에는 오늘의 시세 정보가 포함되지 않았습니다.
"참고 뉴스 1:
제목: 삼성전자 DS부문, AI 메모리 수요로 실적 확대
작성일: 2026-07-30
내용: 삼성전자 DS부문은 2026년 2분기 매출 127조5천억원, 영업이익 89조2천억원을 기록했다. 메모리 사업은 AI 수요에 대응해 서버 제품 중심 판매를 확대했고, 업계 전반의 가격 상승도 실적에 기여했다.

참고 뉴스 2:
제목: 현대차, 2026년 2분기 매출 증가에도 영업이익 감소
작성일: 2026-07-23
내용: 현대차의 2026년 2분기 매출은 49조2150억원으로 전년 동기 대비 1.9% 증가했다. 영업이익은 2조8510억원으로 20.8% 감소했고, 글로벌 판매량은 6.9% 줄었다.

질문: 두 뉴스의 핵심 내용을 비교해줘",첫 번째 뉴스는 삼성전자 반도체 부문은 AI 서버용 메모리 수요와 가격 상승의 영향을 받았다. 두 번째 뉴스는 현대차는 매출은 증가했지만 판매 감소와 비용 부담으로 영업이익이 줄었다.
"참고 뉴스:
제목: HD현대중공업, 2026년 2분기 영업이익 급증
작성일: 2026-07-29
내용: HD현대중공업은 2026년 2분기 영업이익 1조399억원을 기록해 전년 동기 대비 120.6% 증가했다고 발표했다.

질문: 언제 나온 소식인지 확인해줘",이 뉴스는 2026-07-29 기준입니다.
"참고 뉴스:
제목: 삼성SDI, 7개 분기 만에 영업이익 흑자 전환
작성일: 2026-07-30
내용: 삼성SDI는 2026년 2분기 매출 3조7700억원, 영업이익 2038억원을 기록했다. 매출은 전년 동기 대비 18.5%, 전 분기 대비 5.4% 증가했고, 영업이익은 7개 분기 만에 흑자로 전환했다.

질문: 이런 결과가 나온 이유가 뭐야?",매출 회복과 사업 수익성 개선이 흑자 전환으로 이어졌다.
"참고 뉴스:
제목: 현대차, 하반기 신차 출시로 회복 추진
작성일: 2026-07-23
내용: 현대차는 2분기 영업이익이 감소했지만 연간 전망은 유지했다. 회사는 하반기 투싼과 아반떼 등 주요 신차 출시를 통해 판매 회복을 추진할 계획이라고 밝혔다.

질문: 현대차 주가가 오늘 얼마나 올랐어?",실시간 가격은 제공된 뉴스 범위를 벗어나므로 확인할 수 없습니다.
"참고 뉴스 1:
제목: HD현대중공업, 2026년 2분기 영업이익 급증
작성일: 2026-07-29
내용: HD현대중공업은 2026년 2분기 영업이익 1조399억원을 기록해 전년 동기 대비 120.6% 증가했다고 발표했다.

참고 뉴스 2:
제목: 코스닥, 2차전지·바이오 순환매로 급등
작성일: 2026-06-29
내용: 2026년 6월 29일 코스피는 외국인의 대규모 매도 속에 0.2% 하락했고, 코스닥은 2차전지와 바이오주 강세로 8.13% 상승했다. 장중 코스닥 매수 사이드카가 발동됐다.

질문: 두 뉴스의 핵심 내용을 비교해줘",첫 번째 뉴스는 HD현대중공업은 조선 부문 수익성 개선으로 영업이익이 큰 폭으로 증가했다. 두 번째 뉴스는 외국인 매도로 코스피가 약세를 보인 반면 코스닥은 2차전지와 바이오 순환매로 급등했다.
"참고 뉴스:
제목: HD현대, 2026년 2분기 높은 영업이익 기록
작성일: 2026-07-31
내용: HD현대는 2026년 2분기 연결 매출 22조4094억원, 영업이익 4조1246억원을 기록했다. 영업이익률은 18.4%로 발표됐다.

질문: 기사에서 확인되는 정량 정보만 말해줘","핵심 수치만 정리하면 매출 22조4094억원, 영업이익 4조1246억원, 영업이익률 18.4%입니다."
"참고 뉴스:
제목: 코스닥, 2차전지·바이오 순환매로 급등
작성일: 2026-06-29
내용: 2026년 6월 29일 코스피는 외국인의 대규모 매도 속에 0.2% 하락했고, 코스닥은 2차전지와 바이오주 강세로 8.13% 상승했다. 장중 코스닥 매수 사이드카가 발동됐다.

질문: 기사 작성일을 알려줘",기사 기준 날짜는 2026-06-29입니다.
"참고 뉴스:
제목: 한화에어로스페이스, 2026년 2분기 이익 증가
작성일: 2026-07-31
내용: 한화에어로스페이스는 2026년 2분기 순이익 1조800억원을 기록해 전년 동기 대비 277.5% 증가했다. 실적은 시장 예상치를 웃돌았다고 보도됐다.

질문: 한화에어로스페이스 뉴스 핵심을 한 문장으로 정리해줘",한화에어로스페이스는 2분기 순이익이 크게 증가하며 시장 기대를 웃돌았다.
"참고 뉴스:
제목: 현대차, 2026년 2분기 매출 증가에도 영업이익 감소
작성일: 2026-07-23
내용: 현대차의 2026년 2분기 매출은 49조2150억원으로 전년 동기 대비 1.9% 증가했다. 영업이익은 2조8510억원으로 20.8% 감소했고, 글로벌 판매량은 6.9% 줄었다.

질문: 이런 결과가 나온 이유가 뭐야?","판매 감소와 공급 차질, 비용 상승이 수익성에 부담을 줬다."
"참고 뉴스:
제목: 코스닥, 2차전지·바이오 순환매로 급등
작성일: 2026-06-29
내용: 2026년 6월 29일 코스피는 외국인의 대규모 매도 속에 0.2% 하락했고, 코스닥은 2차전지와 바이오주 강세로 8.13% 상승했다. 장중 코스닥 매수 사이드카가 발동됐다.

질문: 현재 시세와 등락률을 말해줘",현재 주가는 기사 작성 시점과 달라질 수 있어 별도 시세 조회가 필요합니다.
"참고 뉴스 1:
제목: SK하이닉스, 2026년 2분기 사상 최대 실적
작성일: 2026-07-29
내용: SK하이닉스는 2026년 2분기 매출 79조3187억원, 영업이익 60조5426억원을 발표했다. AI 수요에 대응한 고부가가치 제품 판매가 실적을 이끌었고, 주요 고객과 장기·다년 계약을 확대했다고 설명했다.

참고 뉴스 2:
제목: 신한금융, 2026년 2분기 분기 최대 순이익
작성일: 2026-07-23
내용: 신한금융의 2026년 2분기 순이익은 1조8201억원으로 전 분기 대비 12.2% 증가했다. 상반기 순이익은 3조4427억원으로 전년 동기 대비 13.3% 늘었다.

질문: 두 기사에서 확인되는 긍정 요인을 비교해줘","첫 번째 뉴스의 긍정 요인은 AI용 고부가가치 제품 판매와 주요 고객과의 장기 계약 확대이고, 두 번째 뉴스의 긍정 요인은 분기 최대 순이익과 상반기 이익 증가입니다."
"참고 뉴스:
제목: HD현대중공업, 2026년 2분기 영업이익 급증
작성일: 2026-07-29
내용: HD현대중공업은 2026년 2분기 영업이익 1조399억원을 기록해 전년 동기 대비 120.6% 증가했다고 발표했다.

질문: 긍정적인 내용만 근거를 들어 정리해줘",제공된 뉴스 기준 성장 요인은 영업이익의 큰 폭 증가입니다.
"참고 뉴스:
제목: 현대차, 2026년 2분기 매출 증가에도 영업이익 감소
작성일: 2026-07-23
내용: 현대차의 2026년 2분기 매출은 49조2150억원으로 전년 동기 대비 1.9% 증가했다. 영업이익은 2조8510억원으로 20.8% 감소했고, 글로벌 판매량은 6.9% 줄었다.

질문: 뉴스에 나온 근거를 바탕으로 배경을 정리해줘","이 흐름의 배경은 판매 감소와 공급 차질, 비용 상승이 수익성에 부담을 줬다."
"참고 뉴스:
제목: 2026년 하반기 국내 증시, 반도체 쏠림에서 업종 확산 가능성
작성일: 2026-07-23
내용: 2026년 상반기 국내 증시는 반도체가 상승을 주도했지만 하반기에는 전력기기, 조선·방산, 바이오, 화장품, 금융 등으로 관심이 확산될 가능성이 제시됐다. 주요 변수로 AI 설비투자, 미국 금리, 기업 실적과 중국 메모리 업체의 추격이 언급됐다.

질문: 국내 증시에 유리한 내용이 있어?",호재로 해석할 수 있는 내용은 AI 설비투자 확대가 전력기기·조선·방산 등 국내 공급망에 기회가 될 수 있다.입니다.
"참고 뉴스:
제목: 삼성SDI, 미국 ESS용 각형 배터리 공급 계약
작성일: 2026-03-16
내용: 삼성SDI는 미국에서 1조5000억원 규모의 ESS용 각형 배터리 공급 계약을 수주했다고 발표했다.

질문: 뉴스에서 확인되는 성장 요인을 알려줘",확인되는 긍정 요인은 미국 ESS 시장에서 대규모 공급 계약을 확보한 점입니다.
"참고 뉴스 1:
제목: 삼성전자, 2026년 2분기 실적 발표
작성일: 2026-07-30
내용: 삼성전자는 2026년 2분기 연결 매출 171조5천억원, 영업이익 89조5천억원을 기록했다. 매출과 영업이익 모두 분기 기준 최고치를 경신했으며, 전 분기 대비 매출은 28% 증가했다.

참고 뉴스 2:
제목: 현대차, 2026년 2분기 매출 증가에도 영업이익 감소
작성일: 2026-07-23
내용: 현대차의 2026년 2분기 매출은 49조2150억원으로 전년 동기 대비 1.9% 증가했다. 영업이익은 2조8510억원으로 20.8% 감소했고, 글로벌 판매량은 6.9% 줄었다.

질문: 두 뉴스의 위험 요인을 나눠서 설명해줘",첫 번째 뉴스의 부담 요인은 이 기사에는 구체적인 하방 위험이나 목표주가 정보가 제시되지 않았다. 두 번째 뉴스의 부담 요인은 영업이익이 20.8% 감소했고 글로벌 판매량도 6.9% 줄었다.
"참고 뉴스:
제목: 삼성바이오로직스, 2026년 2분기 실적 발표
작성일: 2026-07-23
내용: 삼성바이오로직스는 2026년 2분기 매출 1조3210억원, 영업이익 5860억원을 기록했다. 1공장부터 4공장까지 안정적인 생산 운영과 고객 프로젝트 수행이 실적에 반영됐다.

질문: 기사에서 제시한 원인이 무엇인지 알려줘",주된 원인은 안정적인 생산 운영과 고객 프로그램 수행이 실적의 기반이 됐다.
"참고 뉴스:
제목: 2026년 하반기 국내 증시, 반도체 쏠림에서 업종 확산 가능성
작성일: 2026-07-23
내용: 2026년 상반기 국내 증시는 반도체가 상승을 주도했지만 하반기에는 전력기기, 조선·방산, 바이오, 화장품, 금융 등으로 관심이 확산될 가능성이 제시됐다. 주요 변수로 AI 설비투자, 미국 금리, 기업 실적과 중국 메모리 업체의 추격이 언급됐다.

질문: 국내 증시 관련 핵심 숫자를 정리해줘",기사 기준 주요 지표는 기사에는 특정 지수 목표치나 개별 종목 목표주가가 제시되지 않았다.입니다.
"참고 뉴스 1:
제목: 엔비디아, 네이버 AI 인프라 프로젝트에 투자 추진
작성일: 2026-07-27
내용: 엔비디아는 네이버의 대규모 AI 데이터센터 프로젝트에 약 10억달러를 투자할 계획이다. 네이버는 엔비디아를 대상으로 약 1조4810억원 규모의 신주를 발행하며, 거래 완료 후 엔비디아의 지분율은 약 4.5%가 될 예정이다.

참고 뉴스 2:
제목: 한화에어로스페이스, 2026년 2분기 이익 증가
작성일: 2026-07-31
내용: 한화에어로스페이스는 2026년 2분기 순이익 1조800억원을 기록해 전년 동기 대비 277.5% 증가했다. 실적은 시장 예상치를 웃돌았다고 보도됐다.

질문: 두 뉴스의 핵심 내용을 비교해줘",첫 번째 뉴스는 네이버는 엔비디아 투자와 신주 발행을 통해 대규모 AI 인프라 구축을 추진한다. 두 번째 뉴스는 한화에어로스페이스는 2분기 순이익이 크게 증가하며 시장 기대를 웃돌았다.
"참고 뉴스:
제목: HD현대중공업, 2026년 2분기 영업이익 급증
작성일: 2026-07-29
내용: HD현대중공업은 2026년 2분기 영업이익 1조399억원을 기록해 전년 동기 대비 120.6% 증가했다고 발표했다.

질문: HD현대중공업의 긍정 요인은 뭐야?",긍정 요인은 영업이익의 큰 폭 증가입니다.
"참고 뉴스:
제목: HD현대, 2026년 2분기 높은 영업이익 기록
작성일: 2026-07-31
내용: HD현대는 2026년 2분기 연결 매출 22조4094억원, 영업이익 4조1246억원을 기록했다. 영업이익률은 18.4%로 발표됐다.

질문: 참고 뉴스에서 확인되는 내용만 말해줘","확인되는 사실은 HD현대는 2분기에 높은 영업이익과 영업이익률을 기록했다. 주요 수치는 매출 22조4094억원, 영업이익 4조1246억원, 영업이익률 18.4%입니다. 기사에 없는 목표주가나 현재 시세는 확인할 수 없습니다."
"참고 뉴스 1:
제목: SK하이닉스, 2026년 2분기 사상 최대 실적
작성일: 2026-07-29
내용: SK하이닉스는 2026년 2분기 매출 79조3187억원, 영업이익 60조5426억원을 발표했다. AI 수요에 대응한 고부가가치 제품 판매가 실적을 이끌었고, 주요 고객과 장기·다년 계약을 확대했다고 설명했다.

참고 뉴스 2:
제목: 신한금융, 2026년 2분기 분기 최대 순이익
작성일: 2026-07-23
내용: 신한금융의 2026년 2분기 순이익은 1조8201억원으로 전 분기 대비 12.2% 증가했다. 상반기 순이익은 3조4427억원으로 전년 동기 대비 13.3% 늘었다.

질문: 어느 쪽이 더 좋다고 단정할 수 있는지 말해줘",두 뉴스는 기업과 상황이 달라 어느 쪽이 더 좋다고 단정하기 어렵습니다. 첫 번째는 SK하이닉스는 AI 수요와 고부가가치 메모리 판매를 바탕으로 분기 최고 실적을 기록했다. 두 번째는 신한금융은 2분기와 상반기 순이익이 모두 증가하며 높은 실적을 기록했다.
"참고 뉴스:
제목: 삼성바이오로직스, 스위스 폴리펩타이드 인수 추진
작성일: 2026-07-20
내용: 삼성바이오로직스는 스위스 의약품 위탁생산 기업 폴리펩타이드를 약 18억달러에 전액 현금으로 인수하는 공개매수를 추진했다. 회사는 펩타이드 치료제와 비만·당뇨 분야의 생산 역량 확대를 기대했다.

질문: 이런 결과가 나온 이유가 뭐야?",성장하는 펩타이드 기반 비만·당뇨 치료제 시장의 생산 역량을 확보하기 위해서다.
"참고 뉴스:
제목: 삼성SDI, 7개 분기 만에 영업이익 흑자 전환
작성일: 2026-07-30
내용: 삼성SDI는 2026년 2분기 매출 3조7700억원, 영업이익 2038억원을 기록했다. 매출은 전년 동기 대비 18.5%, 전 분기 대비 5.4% 증가했고, 영업이익은 7개 분기 만에 흑자로 전환했다.

질문: 기사에 없는 내용은 추측하지 말고 답해줘","자료 안에서 확인되는 내용은 삼성SDI는 매출 증가와 함께 7개 분기 만에 영업이익 흑자 전환에 성공했다. 긍정 요인은 7개 분기 만의 영업이익 흑자 전환과 매출 증가이며, 부담 요인은 기사에는 향후 배터리 수요와 원재료 가격에 대한 구체적인 전망은 제시되지 않았다."
"참고 뉴스:
제목: 삼성바이오로직스, 스위스 폴리펩타이드 인수 추진
작성일: 2026-07-20
내용: 삼성바이오로직스는 스위스 의약품 위탁생산 기업 폴리펩타이드를 약 18억달러에 전액 현금으로 인수하는 공개매수를 추진했다. 회사는 펩타이드 치료제와 비만·당뇨 분야의 생산 역량 확대를 기대했다.

질문: 이 뉴스는 언제 발표된 내용이야?",이 자료의 발표일은 2026-07-20입니다.
"참고 뉴스:
제목: 삼성SDI, 미국 ESS용 각형 배터리 공급 계약
작성일: 2026-03-16
내용: 삼성SDI는 미국에서 1조5000억원 규모의 ESS용 각형 배터리 공급 계약을 수주했다고 발표했다.

질문: 현재 시세와 등락률을 말해줘",현재 주가는 기사 작성 시점과 달라질 수 있어 별도 시세 조회가 필요합니다.
"참고 뉴스:
제목: 엔비디아, 네이버 AI 인프라 프로젝트에 투자 추진
작성일: 2026-07-27
내용: 엔비디아는 네이버의 대규모 AI 데이터센터 프로젝트에 약 10억달러를 투자할 계획이다. 네이버는 엔비디아를 대상으로 약 1조4810억원 규모의 신주를 발행하며, 거래 완료 후 엔비디아의 지분율은 약 4.5%가 될 예정이다.

질문: 네이버에 유리한 내용이 있어?",호재로 해석할 수 있는 내용은 글로벌 AI 기업과의 협력 및 AI 데이터센터 인프라 확대입니다.
"참고 뉴스:
제목: 삼성SDI, 미국 ESS용 각형 배터리 공급 계약
작성일: 2026-03-16
내용: 삼성SDI는 미국에서 1조5000억원 규모의 ESS용 각형 배터리 공급 계약을 수주했다고 발표했다.

질문: 이 기사에서 주의할 부분이 있어?","기사 기준 리스크는 기사 목록에는 계약 기간, 고객사와 예상 이익 기여액이 구체적으로 제시되지 않았다."
"참고 뉴스:
제목: 삼성전자 DS부문, AI 메모리 수요로 실적 확대
작성일: 2026-07-30
내용: 삼성전자 DS부문은 2026년 2분기 매출 127조5천억원, 영업이익 89조2천억원을 기록했다. 메모리 사업은 AI 수요에 대응해 서버 제품 중심 판매를 확대했고, 업계 전반의 가격 상승도 실적에 기여했다.

질문: 언제 나온 소식인지 확인해줘",이 뉴스는 2026-07-30 기준입니다.
"참고 뉴스:
제목: 삼성전자 DS부문, AI 메모리 수요로 실적 확대
작성일: 2026-07-30
내용: 삼성전자 DS부문은 2026년 2분기 매출 127조5천억원, 영업이익 89조2천억원을 기록했다. 메모리 사업은 AI 수요에 대응해 서버 제품 중심 판매를 확대했고, 업계 전반의 가격 상승도 실적에 기여했다.

질문: 삼성전자에 유리한 내용이 있어?",호재로 해석할 수 있는 내용은 AI 서버 제품 중심 판매 확대와 메모리 가격 상승입니다.
"참고 뉴스:
제목: 삼성바이오로직스, 스위스 폴리펩타이드 인수 추진
작성일: 2026-07-20
내용: 삼성바이오로직스는 스위스 의약품 위탁생산 기업 폴리펩타이드를 약 18억달러에 전액 현금으로 인수하는 공개매수를 추진했다. 회사는 펩타이드 치료제와 비만·당뇨 분야의 생산 역량 확대를 기대했다.

질문: 삼성바이오로직스의 긍정 요인은 뭐야?",긍정 요인은 펩타이드 치료제와 GLP-1 계열 의약품 생산 역량 확대 가능성입니다.
"참고 뉴스 1:
제목: SK하이닉스, 2026년 2분기 사상 최대 실적
작성일: 2026-07-29
내용: SK하이닉스는 2026년 2분기 매출 79조3187억원, 영업이익 60조5426억원을 발표했다. AI 수요에 대응한 고부가가치 제품 판매가 실적을 이끌었고, 주요 고객과 장기·다년 계약을 확대했다고 설명했다.

참고 뉴스 2:
제목: 삼성바이오로직스, 스위스 폴리펩타이드 인수 추진
작성일: 2026-07-20
내용: 삼성바이오로직스는 스위스 의약품 위탁생산 기업 폴리펩타이드를 약 18억달러에 전액 현금으로 인수하는 공개매수를 추진했다. 회사는 펩타이드 치료제와 비만·당뇨 분야의 생산 역량 확대를 기대했다.

질문: 어느 쪽이 더 좋다고 단정할 수 있는지 말해줘",두 뉴스는 기업과 상황이 달라 어느 쪽이 더 좋다고 단정하기 어렵습니다. 첫 번째는 SK하이닉스는 AI 수요와 고부가가치 메모리 판매를 바탕으로 분기 최고 실적을 기록했다. 두 번째는 삼성바이오로직스는 펩타이드 의약품 사업 강화를 위해 폴리펩타이드 인수를 추진한다.
"참고 뉴스:
제목: 7월 국내 증시, 소외 업종으로 자금 이동 가능성
작성일: 2026-07-01
내용: 7월에는 상반기 주도주였던 반도체에서 자동차, 2차전지, 바이오 등 상대적으로 소외됐던 업종으로 자금이 이동할 수 있다는 전망이 나왔다. 반도체 조정이 곧 업황 훼손을 의미하는 것은 아니라는 분석도 제시됐다.

질문: 국내 증시 목표주가가 얼마야?",제공된 기사에는 목표주가가 없습니다. 자료에 없는 가격을 임의로 만들 수 없습니다.
"참고 뉴스:
제목: 삼성SDI, 7개 분기 만에 영업이익 흑자 전환
작성일: 2026-07-30
내용: 삼성SDI는 2026년 2분기 매출 3조7700억원, 영업이익 2038억원을 기록했다. 매출은 전년 동기 대비 18.5%, 전 분기 대비 5.4% 증가했고, 영업이익은 7개 분기 만에 흑자로 전환했다.

질문: 현재 시세와 등락률을 말해줘",현재 주가는 기사 작성 시점과 달라질 수 있어 별도 시세 조회가 필요합니다.
"참고 뉴스 1:
제목: 2026년 하반기 국내 증시, 반도체 쏠림에서 업종 확산 가능성
작성일: 2026-07-23
내용: 2026년 상반기 국내 증시는 반도체가 상승을 주도했지만 하반기에는 전력기기, 조선·방산, 바이오, 화장품, 금융 등으로 관심이 확산될 가능성이 제시됐다. 주요 변수로 AI 설비투자, 미국 금리, 기업 실적과 중국 메모리 업체의 추격이 언급됐다.

참고 뉴스 2:
제목: 7월 국내 증시, 소외 업종으로 자금 이동 가능성
작성일: 2026-07-01
내용: 7월에는 상반기 주도주였던 반도체에서 자동차, 2차전지, 바이오 등 상대적으로 소외됐던 업종으로 자금이 이동할 수 있다는 전망이 나왔다. 반도체 조정이 곧 업황 훼손을 의미하는 것은 아니라는 분석도 제시됐다.

질문: 두 뉴스의 핵심 내용을 비교해줘",첫 번째 뉴스는 하반기 국내 증시는 반도체 중심 장세에서 실적 개선 업종으로 관심이 분산될 가능성이 있다. 두 번째 뉴스는 7월에는 반도체에서 자동차·2차전지·바이오로 포트폴리오가 이동할 가능성이 제기됐다.
"참고 뉴스:
제목: 삼성전자 DS부문, AI 메모리 수요로 실적 확대
작성일: 2026-07-30
내용: 삼성전자 DS부문은 2026년 2분기 매출 127조5천억원, 영업이익 89조2천억원을 기록했다. 메모리 사업은 AI 수요에 대응해 서버 제품 중심 판매를 확대했고, 업계 전반의 가격 상승도 실적에 기여했다.

질문: 기사 작성일을 알려줘",기사 기준 날짜는 2026-07-30입니다.
"참고 뉴스:
제목: 삼성바이오로직스, 2026년 2분기 실적 발표
작성일: 2026-07-23
내용: 삼성바이오로직스는 2026년 2분기 매출 1조3210억원, 영업이익 5860억원을 기록했다. 1공장부터 4공장까지 안정적인 생산 운영과 고객 프로젝트 수행이 실적에 반영됐다.

질문: 삼성바이오로직스 주가가 오늘 얼마나 올랐어?",실시간 가격은 제공된 뉴스 범위를 벗어나므로 확인할 수 없습니다.
"참고 뉴스:
제목: 삼성바이오로직스, 2026년 2분기 실적 발표
작성일: 2026-07-23
내용: 삼성바이오로직스는 2026년 2분기 매출 1조3210억원, 영업이익 5860억원을 기록했다. 1공장부터 4공장까지 안정적인 생산 운영과 고객 프로젝트 수행이 실적에 반영됐다.

질문: 긍정적인 내용 말고 위험 요인도 확인해줘","제공된 자료에서 확인되는 부담은 기사에는 목표주가나 신규 수주 금액, 환율 영향의 세부 수치는 포함되지 않았다."
"참고 뉴스 1:
제목: SK하이닉스, 2026년 2분기 사상 최대 실적
작성일: 2026-07-29
내용: SK하이닉스는 2026년 2분기 매출 79조3187억원, 영업이익 60조5426억원을 발표했다. AI 수요에 대응한 고부가가치 제품 판매가 실적을 이끌었고, 주요 고객과 장기·다년 계약을 확대했다고 설명했다.

참고 뉴스 2:
제목: 2026년 하반기 국내 증시, 반도체 쏠림에서 업종 확산 가능성
작성일: 2026-07-23
내용: 2026년 상반기 국내 증시는 반도체가 상승을 주도했지만 하반기에는 전력기기, 조선·방산, 바이오, 화장품, 금융 등으로 관심이 확산될 가능성이 제시됐다. 주요 변수로 AI 설비투자, 미국 금리, 기업 실적과 중국 메모리 업체의 추격이 언급됐다.

질문: 어느 쪽이 더 좋다고 단정할 수 있는지 말해줘",두 뉴스는 기업과 상황이 달라 어느 쪽이 더 좋다고 단정하기 어렵습니다. 첫 번째는 SK하이닉스는 AI 수요와 고부가가치 메모리 판매를 바탕으로 분기 최고 실적을 기록했다. 두 번째는 하반기 국내 증시는 반도체 중심 장세에서 실적 개선 업종으로 관심이 분산될 가능성이 있다.
"참고 뉴스:
제목: 코스닥, 2차전지·바이오 순환매로 급등
작성일: 2026-06-29
내용: 2026년 6월 29일 코스피는 외국인의 대규모 매도 속에 0.2% 하락했고, 코스닥은 2차전지와 바이오주 강세로 8.13% 상승했다. 장중 코스닥 매수 사이드카가 발동됐다.

질문: 국내 증시의 부담 요인은 뭐야?",부담 요인은 외국인 대규모 매도와 시장 변동성 확대
"참고 뉴스:
제목: 현대차, 하반기 신차 출시로 회복 추진
작성일: 2026-07-23
내용: 현대차는 2분기 영업이익이 감소했지만 연간 전망은 유지했다. 회사는 하반기 투싼과 아반떼 등 주요 신차 출시를 통해 판매 회복을 추진할 계획이라고 밝혔다.

질문: 현대차에 불리할 수 있는 내용을 알려줘","긍정 요인과 별개로 약한 자동차 수요, 공급 차질, 원재료비 상승과 경쟁 심화"
"참고 뉴스 1:
제목: 삼성전자 DS부문, AI 메모리 수요로 실적 확대
작성일: 2026-07-30
내용: 삼성전자 DS부문은 2026년 2분기 매출 127조5천억원, 영업이익 89조2천억원을 기록했다. 메모리 사업은 AI 수요에 대응해 서버 제품 중심 판매를 확대했고, 업계 전반의 가격 상승도 실적에 기여했다.

참고 뉴스 2:
제목: 현대차, 2026년 2분기 매출 증가에도 영업이익 감소
작성일: 2026-07-23
내용: 현대차의 2026년 2분기 매출은 49조2150억원으로 전년 동기 대비 1.9% 증가했다. 영업이익은 2조8510억원으로 20.8% 감소했고, 글로벌 판매량은 6.9% 줄었다.

질문: 어느 쪽이 더 좋다고 단정할 수 있는지 말해줘",두 뉴스는 기업과 상황이 달라 어느 쪽이 더 좋다고 단정하기 어렵습니다. 첫 번째는 삼성전자 반도체 부문은 AI 서버용 메모리 수요와 가격 상승의 영향을 받았다. 두 번째는 현대차는 매출은 증가했지만 판매 감소와 비용 부담으로 영업이익이 줄었다.
"참고 뉴스:
제목: 삼성SDI, 7개 분기 만에 영업이익 흑자 전환
작성일: 2026-07-30
내용: 삼성SDI는 2026년 2분기 매출 3조7700억원, 영업이익 2038억원을 기록했다. 매출은 전년 동기 대비 18.5%, 전 분기 대비 5.4% 증가했고, 영업이익은 7개 분기 만에 흑자로 전환했다.

질문: 삼성SDI 목표주가가 얼마야?",제공된 기사에는 목표주가가 없습니다. 자료에 없는 가격을 임의로 만들 수 없습니다.
"참고 뉴스:
제목: 삼성SDI, 미국 ESS용 각형 배터리 공급 계약
작성일: 2026-03-16
내용: 삼성SDI는 미국에서 1조5000억원 규모의 ESS용 각형 배터리 공급 계약을 수주했다고 발표했다.

질문: 삼성SDI 관련 내용을 짧게 요약해줘",제공된 기사 기준으로는 삼성SDI는 미국 ESS 시장에서 대규모 각형 배터리 공급 계약을 확보했다.
"참고 뉴스:
제목: HD현대, 2026년 2분기 높은 영업이익 기록
작성일: 2026-07-31
내용: HD현대는 2026년 2분기 연결 매출 22조4094억원, 영업이익 4조1246억원을 기록했다. 영업이익률은 18.4%로 발표됐다.

질문: 이 기사에서 주의할 부분이 있어?",기사 기준 리스크는 기사에는 사업부별 수주잔고와 원가 변동의 상세 내용은 포함되지 않았다.
"참고 뉴스:
제목: 신한금융, 2026년 2분기 분기 최대 순이익
작성일: 2026-07-23
내용: 신한금융의 2026년 2분기 순이익은 1조8201억원으로 전 분기 대비 12.2% 증가했다. 상반기 순이익은 3조4427억원으로 전년 동기 대비 13.3% 늘었다.

질문: 뉴스에서 확인되는 성장 요인을 알려줘",확인되는 긍정 요인은 분기 최대 순이익과 상반기 이익 증가입니다.
"참고 뉴스:
제목: HD현대중공업, 2026년 2분기 영업이익 급증
작성일: 2026-07-29
내용: HD현대중공업은 2026년 2분기 영업이익 1조399억원을 기록해 전년 동기 대비 120.6% 증가했다고 발표했다.

질문: 이 기사에 나온 적정 주가가 얼마야?",기사에 증권사 목표가격이 제시되지 않아 답할 수 없습니다.
"참고 뉴스:
제목: 현대차, 2026년 2분기 매출 증가에도 영업이익 감소
작성일: 2026-07-23
내용: 현대차의 2026년 2분기 매출은 49조2150억원으로 전년 동기 대비 1.9% 증가했다. 영업이익은 2조8510억원으로 20.8% 감소했고, 글로벌 판매량은 6.9% 줄었다.

질문: 현대차에 불리할 수 있는 내용을 알려줘",긍정 요인과 별개로 영업이익이 20.8% 감소했고 글로벌 판매량도 6.9% 줄었다.
"참고 뉴스:
제목: 2026년 하반기 국내 증시, 반도체 쏠림에서 업종 확산 가능성
작성일: 2026-07-23
내용: 2026년 상반기 국내 증시는 반도체가 상승을 주도했지만 하반기에는 전력기기, 조선·방산, 바이오, 화장품, 금융 등으로 관심이 확산될 가능성이 제시됐다. 주요 변수로 AI 설비투자, 미국 금리, 기업 실적과 중국 메모리 업체의 추격이 언급됐다.

질문: 참고 뉴스의 핵심만 설명해줘",이 뉴스의 중심 내용은 하반기 국내 증시는 반도체 중심 장세에서 실적 개선 업종으로 관심이 분산될 가능성이 있다.
"참고 뉴스 1:
제목: HD현대중공업, 2026년 2분기 영업이익 급증
작성일: 2026-07-29
내용: HD현대중공업은 2026년 2분기 영업이익 1조399억원을 기록해 전년 동기 대비 120.6% 증가했다고 발표했다.

참고 뉴스 2:
제목: 2026년 하반기 국내 증시, 반도체 쏠림에서 업종 확산 가능성
작성일: 2026-07-23
내용: 2026년 상반기 국내 증시는 반도체가 상승을 주도했지만 하반기에는 전력기기, 조선·방산, 바이오, 화장품, 금융 등으로 관심이 확산될 가능성이 제시됐다. 주요 변수로 AI 설비투자, 미국 금리, 기업 실적과 중국 메모리 업체의 추격이 언급됐다.

질문: 어느 쪽이 더 좋다고 단정할 수 있는지 말해줘",두 뉴스는 기업과 상황이 달라 어느 쪽이 더 좋다고 단정하기 어렵습니다. 첫 번째는 HD현대중공업은 조선 부문 수익성 개선으로 영업이익이 큰 폭으로 증가했다. 두 번째는 하반기 국내 증시는 반도체 중심 장세에서 실적 개선 업종으로 관심이 분산될 가능성이 있다.
"참고 뉴스:
제목: 코스닥, 2차전지·바이오 순환매로 급등
작성일: 2026-06-29
내용: 2026년 6월 29일 코스피는 외국인의 대규모 매도 속에 0.2% 하락했고, 코스닥은 2차전지와 바이오주 강세로 8.13% 상승했다. 장중 코스닥 매수 사이드카가 발동됐다.

질문: 국내 증시의 현재 주가를 알려줘",제공된 기사에는 실시간 주가나 오늘 종가가 없습니다. 현재 시세는 별도의 실시간 데이터가 필요합니다.
"참고 뉴스 1:
제목: 삼성바이오로직스, 스위스 폴리펩타이드 인수 추진
작성일: 2026-07-20
내용: 삼성바이오로직스는 스위스 의약품 위탁생산 기업 폴리펩타이드를 약 18억달러에 전액 현금으로 인수하는 공개매수를 추진했다. 회사는 펩타이드 치료제와 비만·당뇨 분야의 생산 역량 확대를 기대했다.

참고 뉴스 2:
제목: HD현대중공업, 2026년 2분기 영업이익 급증
작성일: 2026-07-29
내용: HD현대중공업은 2026년 2분기 영업이익 1조399억원을 기록해 전년 동기 대비 120.6% 증가했다고 발표했다.

질문: 어느 쪽이 더 좋다고 단정할 수 있는지 말해줘",두 뉴스는 기업과 상황이 달라 어느 쪽이 더 좋다고 단정하기 어렵습니다. 첫 번째는 삼성바이오로직스는 펩타이드 의약품 사업 강화를 위해 폴리펩타이드 인수를 추진한다. 두 번째는 HD현대중공업은 조선 부문 수익성 개선으로 영업이익이 큰 폭으로 증가했다.
"참고 뉴스:
제목: 삼성바이오로직스, 스위스 폴리펩타이드 인수 추진
작성일: 2026-07-20
내용: 삼성바이오로직스는 스위스 의약품 위탁생산 기업 폴리펩타이드를 약 18억달러에 전액 현금으로 인수하는 공개매수를 추진했다. 회사는 펩타이드 치료제와 비만·당뇨 분야의 생산 역량 확대를 기대했다.

질문: 이 뉴스에서 확인되는 사실을 요약해줘",기사에서 확인되는 핵심은 삼성바이오로직스는 펩타이드 의약품 사업 강화를 위해 폴리펩타이드 인수를 추진한다.
"참고 뉴스:
제목: SK하이닉스, 2026년 2분기 사상 최대 실적
작성일: 2026-07-29
내용: SK하이닉스는 2026년 2분기 매출 79조3187억원, 영업이익 60조5426억원을 발표했다. AI 수요에 대응한 고부가가치 제품 판매가 실적을 이끌었고, 주요 고객과 장기·다년 계약을 확대했다고 설명했다.

질문: 왜 이런 흐름이 나타났어?",제공된 뉴스 기준으로는 강한 AI 메모리 수요와 고부가가치 제품 비중 확대가 실적을 견인했다.
"참고 뉴스:
제목: 삼성전자 DS부문, AI 메모리 수요로 실적 확대
작성일: 2026-07-30
내용: 삼성전자 DS부문은 2026년 2분기 매출 127조5천억원, 영업이익 89조2천억원을 기록했다. 메모리 사업은 AI 수요에 대응해 서버 제품 중심 판매를 확대했고, 업계 전반의 가격 상승도 실적에 기여했다.

질문: 증권사 목표가격을 알려줘",이 뉴스만으로는 목표주가를 확인할 수 없습니다.
"참고 뉴스:
제목: 엔비디아, 네이버 AI 인프라 프로젝트에 투자 추진
작성일: 2026-07-27
내용: 엔비디아는 네이버의 대규모 AI 데이터센터 프로젝트에 약 10억달러를 투자할 계획이다. 네이버는 엔비디아를 대상으로 약 1조4810억원 규모의 신주를 발행하며, 거래 완료 후 엔비디아의 지분율은 약 4.5%가 될 예정이다.

질문: 네이버의 현재 주가를 알려줘",제공된 기사에는 실시간 주가나 오늘 종가가 없습니다. 현재 시세는 별도의 실시간 데이터가 필요합니다.
"참고 뉴스:
제목: 삼성바이오로직스, 스위스 폴리펩타이드 인수 추진
작성일: 2026-07-20
내용: 삼성바이오로직스는 스위스 의약품 위탁생산 기업 폴리펩타이드를 약 18억달러에 전액 현금으로 인수하는 공개매수를 추진했다. 회사는 펩타이드 치료제와 비만·당뇨 분야의 생산 역량 확대를 기대했다.

질문: 언제 나온 소식인지 확인해줘",이 뉴스는 2026-07-20 기준입니다.
"참고 뉴스:
제목: 삼성바이오로직스, 스위스 폴리펩타이드 인수 추진
작성일: 2026-07-20
내용: 삼성바이오로직스는 스위스 의약품 위탁생산 기업 폴리펩타이드를 약 18억달러에 전액 현금으로 인수하는 공개매수를 추진했다. 회사는 펩타이드 치료제와 비만·당뇨 분야의 생산 역량 확대를 기대했다.

질문: 이 기사에서 호재로 볼 수 있는 부분을 말해줘",기사에서 긍정적으로 볼 수 있는 부분은 펩타이드 치료제와 GLP-1 계열 의약품 생산 역량 확대 가능성입니다.
"참고 뉴스:
제목: SK하이닉스, 2026년 2분기 사상 최대 실적
작성일: 2026-07-29
내용: SK하이닉스는 2026년 2분기 매출 79조3187억원, 영업이익 60조5426억원을 발표했다. AI 수요에 대응한 고부가가치 제품 판매가 실적을 이끌었고, 주요 고객과 장기·다년 계약을 확대했다고 설명했다.

질문: 이 기사에서 가장 중요한 내용이 뭐야?",핵심은 SK하이닉스는 AI 수요와 고부가가치 메모리 판매를 바탕으로 분기 최고 실적을 기록했다.
"참고 뉴스:
제목: 신한금융, 2026년 2분기 분기 최대 순이익
작성일: 2026-07-23
내용: 신한금융의 2026년 2분기 순이익은 1조8201억원으로 전 분기 대비 12.2% 증가했다. 상반기 순이익은 3조4427억원으로 전년 동기 대비 13.3% 늘었다.

질문: 이 기사에서 가장 중요한 내용이 뭐야?",핵심은 신한금융은 2분기와 상반기 순이익이 모두 증가하며 높은 실적을 기록했다.
"참고 뉴스:
제목: HD현대, 2026년 2분기 높은 영업이익 기록
작성일: 2026-07-31
내용: HD현대는 2026년 2분기 연결 매출 22조4094억원, 영업이익 4조1246억원을 기록했다. 영업이익률은 18.4%로 발표됐다.

질문: 이 뉴스만으로 투자 결정을 내려도 될까?",기사만으로 특정 매수·매도 결론을 내릴 수 없습니다. 뉴스에 없는 정보까지 추측해서 판단하면 안 됩니다.
"참고 뉴스 1:
제목: 셀트리온, 2026년 2분기 분기 최대 매출
작성일: 2026-07-27
내용: 셀트리온은 2026년 2분기 매출 1조3937억원, 영업이익 4518억원을 기록했다. 매출은 전년 동기 대비 45%, 영업이익은 86.3% 증가했고, 고수익 신제품이 바이오의약품 매출의 65%를 차지했다.

참고 뉴스 2:
제목: 2026년 하반기 국내 증시, 반도체 쏠림에서 업종 확산 가능성
작성일: 2026-07-23
내용: 2026년 상반기 국내 증시는 반도체가 상승을 주도했지만 하반기에는 전력기기, 조선·방산, 바이오, 화장품, 금융 등으로 관심이 확산될 가능성이 제시됐다. 주요 변수로 AI 설비투자, 미국 금리, 기업 실적과 중국 메모리 업체의 추격이 언급됐다.

질문: 어느 쪽이 더 좋다고 단정할 수 있는지 말해줘",두 뉴스는 기업과 상황이 달라 어느 쪽이 더 좋다고 단정하기 어렵습니다. 첫 번째는 셀트리온은 신제품 성장과 원가 개선으로 매출과 영업이익이 크게 증가했다. 두 번째는 하반기 국내 증시는 반도체 중심 장세에서 실적 개선 업종으로 관심이 분산될 가능성이 있다.
"참고 뉴스:
제목: 삼성SDI, 7개 분기 만에 영업이익 흑자 전환
작성일: 2026-07-30
내용: 삼성SDI는 2026년 2분기 매출 3조7700억원, 영업이익 2038억원을 기록했다. 매출은 전년 동기 대비 18.5%, 전 분기 대비 5.4% 증가했고, 영업이익은 7개 분기 만에 흑자로 전환했다.

질문: 삼성SDI의 현재 주가를 알려줘",제공된 기사에는 실시간 주가나 오늘 종가가 없습니다. 현재 시세는 별도의 실시간 데이터가 필요합니다.
"참고 뉴스:
제목: 7월 국내 증시, 소외 업종으로 자금 이동 가능성
작성일: 2026-07-01
내용: 7월에는 상반기 주도주였던 반도체에서 자동차, 2차전지, 바이오 등 상대적으로 소외됐던 업종으로 자금이 이동할 수 있다는 전망이 나왔다. 반도체 조정이 곧 업황 훼손을 의미하는 것은 아니라는 분석도 제시됐다.

질문: 이 기사에 나온 적정 주가가 얼마야?",기사에 증권사 목표가격이 제시되지 않아 답할 수 없습니다.
"참고 뉴스:
제목: SK하이닉스, 2026년 2분기 사상 최대 실적
작성일: 2026-07-29
내용: SK하이닉스는 2026년 2분기 매출 79조3187억원, 영업이익 60조5426억원을 발표했다. AI 수요에 대응한 고부가가치 제품 판매가 실적을 이끌었고, 주요 고객과 장기·다년 계약을 확대했다고 설명했다.

질문: SK하이닉스에 유리한 내용이 있어?",호재로 해석할 수 있는 내용은 AI용 고부가가치 제품 판매와 주요 고객과의 장기 계약 확대입니다.
"참고 뉴스:
제목: 삼성바이오로직스, 2026년 2분기 실적 발표
작성일: 2026-07-23
내용: 삼성바이오로직스는 2026년 2분기 매출 1조3210억원, 영업이익 5860억원을 기록했다. 1공장부터 4공장까지 안정적인 생산 운영과 고객 프로젝트 수행이 실적에 반영됐다.

질문: 확실히 확인되는 사실과 확인되지 않는 내용을 나눠줘",제공된 뉴스 기준 핵심은 삼성바이오로직스는 안정적인 공장 운영을 바탕으로 견조한 2분기 실적을 기록했다. 그 밖의 실시간 주가나 목표가격은 확인되지 않습니다.
"참고 뉴스:
제목: 삼성바이오로직스, 스위스 폴리펩타이드 인수 추진
작성일: 2026-07-20
내용: 삼성바이오로직스는 스위스 의약품 위탁생산 기업 폴리펩타이드를 약 18억달러에 전액 현금으로 인수하는 공개매수를 추진했다. 회사는 펩타이드 치료제와 비만·당뇨 분야의 생산 역량 확대를 기대했다.

질문: 기사에서 확인되는 정량 정보만 말해줘",핵심 수치만 정리하면 인수 제안 규모 약 18억달러입니다.
"참고 뉴스 1:
제목: 삼성전자, 2026년 2분기 실적 발표
작성일: 2026-07-30
내용: 삼성전자는 2026년 2분기 연결 매출 171조5천억원, 영업이익 89조5천억원을 기록했다. 매출과 영업이익 모두 분기 기준 최고치를 경신했으며, 전 분기 대비 매출은 28% 증가했다.

참고 뉴스 2:
제목: 현대차, 하반기 신차 출시로 회복 추진
작성일: 2026-07-23
내용: 현대차는 2분기 영업이익이 감소했지만 연간 전망은 유지했다. 회사는 하반기 투싼과 아반떼 등 주요 신차 출시를 통해 판매 회복을 추진할 계획이라고 밝혔다.

질문: 두 뉴스의 위험 요인을 나눠서 설명해줘","첫 번째 뉴스의 부담 요인은 이 기사에는 구체적인 하방 위험이나 목표주가 정보가 제시되지 않았다. 두 번째 뉴스의 부담 요인은 약한 자동차 수요, 공급 차질, 원재료비 상승과 경쟁 심화"
"참고 뉴스 1:
제목: SK하이닉스, 2026년 2분기 사상 최대 실적
작성일: 2026-07-29
내용: SK하이닉스는 2026년 2분기 매출 79조3187억원, 영업이익 60조5426억원을 발표했다. AI 수요에 대응한 고부가가치 제품 판매가 실적을 이끌었고, 주요 고객과 장기·다년 계약을 확대했다고 설명했다.

참고 뉴스 2:
제목: 신한금융, 2026년 2분기 분기 최대 순이익
작성일: 2026-07-23
내용: 신한금융의 2026년 2분기 순이익은 1조8201억원으로 전 분기 대비 12.2% 증가했다. 상반기 순이익은 3조4427억원으로 전년 동기 대비 13.3% 늘었다.

질문: 두 뉴스의 위험 요인을 나눠서 설명해줘","첫 번째 뉴스의 부담 요인은 기사에는 현재 주가나 목표주가, 구체적인 수요 둔화 전망은 포함되지 않았다. 두 번째 뉴스의 부담 요인은 기사에는 향후 대손비용과 금리 하락이 순이자마진에 미칠 구체적 영향은 포함되지 않았다."
"참고 뉴스:
제목: 7월 국내 증시, 소외 업종으로 자금 이동 가능성
작성일: 2026-07-01
내용: 7월에는 상반기 주도주였던 반도체에서 자동차, 2차전지, 바이오 등 상대적으로 소외됐던 업종으로 자금이 이동할 수 있다는 전망이 나왔다. 반도체 조정이 곧 업황 훼손을 의미하는 것은 아니라는 분석도 제시됐다.

질문: 리스크 중심으로 정리해줘",주의할 부분은 순환매가 실제 실적 개선으로 이어지지 않으면 변동성이 커질 수 있다.
"참고 뉴스:
제목: 현대차, 2026년 2분기 매출 증가에도 영업이익 감소
작성일: 2026-07-23
내용: 현대차의 2026년 2분기 매출은 49조2150억원으로 전년 동기 대비 1.9% 증가했다. 영업이익은 2조8510억원으로 20.8% 감소했고, 글로벌 판매량은 6.9% 줄었다.

질문: 현대차의 기사 속 주요 수치를 알려줘","기사에서 확인되는 주요 수치는 매출 49조2150억원, 영업이익 2조8510억원, 글로벌 판매 6.9% 감소입니다."
"참고 뉴스:
제목: 삼성SDI, 미국 ESS용 각형 배터리 공급 계약
작성일: 2026-03-16
내용: 삼성SDI는 미국에서 1조5000억원 규모의 ESS용 각형 배터리 공급 계약을 수주했다고 발표했다.

질문: 이 뉴스만으로 투자 결정을 내려도 될까?",기사만으로 특정 매수·매도 결론을 내릴 수 없습니다. 뉴스에 없는 정보까지 추측해서 판단하면 안 됩니다.
"참고 뉴스:
제목: 현대차, 하반기 신차 출시로 회복 추진
작성일: 2026-07-23
내용: 현대차는 2분기 영업이익이 감소했지만 연간 전망은 유지했다. 회사는 하반기 투싼과 아반떼 등 주요 신차 출시를 통해 판매 회복을 추진할 계획이라고 밝혔다.

질문: 현대차 주식을 지금 사는 게 좋아?","제공된 뉴스는 투자 판단의 일부 근거일 뿐입니다. 현재 가격과 재무 상태, 위험 요인을 추가로 확인해야 합니다."
"참고 뉴스 1:
제목: 현대차, 하반기 신차 출시로 회복 추진
작성일: 2026-07-23
내용: 현대차는 2분기 영업이익이 감소했지만 연간 전망은 유지했다. 회사는 하반기 투싼과 아반떼 등 주요 신차 출시를 통해 판매 회복을 추진할 계획이라고 밝혔다.

참고 뉴스 2:
제목: 엔비디아, 네이버 AI 인프라 프로젝트에 투자 추진
작성일: 2026-07-27
내용: 엔비디아는 네이버의 대규모 AI 데이터센터 프로젝트에 약 10억달러를 투자할 계획이다. 네이버는 엔비디아를 대상으로 약 1조4810억원 규모의 신주를 발행하며, 거래 완료 후 엔비디아의 지분율은 약 4.5%가 될 예정이다.

질문: 두 뉴스의 위험 요인을 나눠서 설명해줘","첫 번째 뉴스의 부담 요인은 약한 자동차 수요, 공급 차질, 원재료비 상승과 경쟁 심화 두 번째 뉴스의 부담 요인은 신주 발행에 따른 기존 주주 지분 희석 가능성과 대규모 투자 부담"
"참고 뉴스:
제목: 코스닥, 2차전지·바이오 순환매로 급등
작성일: 2026-06-29
내용: 2026년 6월 29일 코스피는 외국인의 대규모 매도 속에 0.2% 하락했고, 코스닥은 2차전지와 바이오주 강세로 8.13% 상승했다. 장중 코스닥 매수 사이드카가 발동됐다.

질문: 국내 증시 주식을 지금 사는 게 좋아?","제공된 뉴스는 투자 판단의 일부 근거일 뿐입니다. 현재 가격과 재무 상태, 위험 요인을 추가로 확인해야 합니다."
"참고 뉴스:
제목: 삼성전자 DS부문, AI 메모리 수요로 실적 확대
작성일: 2026-07-30
내용: 삼성전자 DS부문은 2026년 2분기 매출 127조5천억원, 영업이익 89조2천억원을 기록했다. 메모리 사업은 AI 수요에 대응해 서버 제품 중심 판매를 확대했고, 업계 전반의 가격 상승도 실적에 기여했다.

질문: 이 기사에서 가장 중요한 내용이 뭐야?",핵심은 삼성전자 반도체 부문은 AI 서버용 메모리 수요와 가격 상승의 영향을 받았다.
"참고 뉴스:
제목: 삼성전자 DS부문, AI 메모리 수요로 실적 확대
작성일: 2026-07-30
내용: 삼성전자 DS부문은 2026년 2분기 매출 127조5천억원, 영업이익 89조2천억원을 기록했다. 메모리 사업은 AI 수요에 대응해 서버 제품 중심 판매를 확대했고, 업계 전반의 가격 상승도 실적에 기여했다.

질문: 이런 결과가 나온 이유가 뭐야?","AI 수요 증가와 서버 제품 판매 확대, 메모리 가격 상승이 주요 원인이다."
"참고 뉴스:
제목: 현대차, 하반기 신차 출시로 회복 추진
작성일: 2026-07-23
내용: 현대차는 2분기 영업이익이 감소했지만 연간 전망은 유지했다. 회사는 하반기 투싼과 아반떼 등 주요 신차 출시를 통해 판매 회복을 추진할 계획이라고 밝혔다.

질문: 현대차의 현재 주가를 알려줘",제공된 기사에는 실시간 주가나 오늘 종가가 없습니다. 현재 시세는 별도의 실시간 데이터가 필요합니다.
"참고 뉴스:
제목: 삼성바이오로직스, 스위스 폴리펩타이드 인수 추진
작성일: 2026-07-20
내용: 삼성바이오로직스는 스위스 의약품 위탁생산 기업 폴리펩타이드를 약 18억달러에 전액 현금으로 인수하는 공개매수를 추진했다. 회사는 펩타이드 치료제와 비만·당뇨 분야의 생산 역량 확대를 기대했다.

질문: 이 기사만 보고 투자 판단을 해줘",매수 여부는 이 뉴스만으로 판단할 수 없습니다. 목표 수익과 손실 가능성까지 별도로 검토해야 합니다.
"참고 뉴스:
제목: SK하이닉스, 2026년 2분기 사상 최대 실적
작성일: 2026-07-29
내용: SK하이닉스는 2026년 2분기 매출 79조3187억원, 영업이익 60조5426억원을 발표했다. AI 수요에 대응한 고부가가치 제품 판매가 실적을 이끌었고, 주요 고객과 장기·다년 계약을 확대했다고 설명했다.

질문: 이 뉴스에 나온 수치가 뭐야?","제공된 자료에 나온 숫자는 매출 79조3187억원, 영업이익 60조5426억원입니다."
"참고 뉴스:
제목: 삼성전자 DS부문, AI 메모리 수요로 실적 확대
작성일: 2026-07-30
내용: 삼성전자 DS부문은 2026년 2분기 매출 127조5천억원, 영업이익 89조2천억원을 기록했다. 메모리 사업은 AI 수요에 대응해 서버 제품 중심 판매를 확대했고, 업계 전반의 가격 상승도 실적에 기여했다.

질문: 기사에서 확인되는 정량 정보만 말해줘","핵심 수치만 정리하면 DS부문 매출 127조5천억원, 영업이익 89조2천억원입니다."
"참고 뉴스:
제목: 삼성SDI, 미국 ESS용 각형 배터리 공급 계약
작성일: 2026-03-16
내용: 삼성SDI는 미국에서 1조5000억원 규모의 ESS용 각형 배터리 공급 계약을 수주했다고 발표했다.

질문: 참고 뉴스의 핵심만 설명해줘",이 뉴스의 중심 내용은 삼성SDI는 미국 ESS 시장에서 대규모 각형 배터리 공급 계약을 확보했다.
"참고 뉴스:
제목: 삼성SDI, 미국 ESS용 각형 배터리 공급 계약
작성일: 2026-03-16
내용: 삼성SDI는 미국에서 1조5000억원 규모의 ESS용 각형 배터리 공급 계약을 수주했다고 발표했다.

질문: 이 기사만 보고 삼성SDI를 매수해도 돼?","이 기사 하나만으로 매수나 매도를 결정하기는 어렵습니다. 실적 추세, 밸류에이션, 수급과 추가 공시를 함께 확인해야 합니다."
"참고 뉴스 1:
제목: 현대차, 2026년 2분기 매출 증가에도 영업이익 감소
작성일: 2026-07-23
내용: 현대차의 2026년 2분기 매출은 49조2150억원으로 전년 동기 대비 1.9% 증가했다. 영업이익은 2조8510억원으로 20.8% 감소했고, 글로벌 판매량은 6.9% 줄었다.

참고 뉴스 2:
제목: 삼성전자, AI 인프라용 PM1763 SSD 양산 시작
작성일: 2026-07-08
내용: 삼성전자는 차세대 AI 인프라에 최적화한 PM1763 SSD의 양산을 시작했다고 발표했다.

질문: 두 뉴스의 핵심 내용을 비교해줘",첫 번째 뉴스는 현대차는 매출은 증가했지만 판매 감소와 비용 부담으로 영업이익이 줄었다. 두 번째 뉴스는 삼성전자는 AI 데이터센터 수요에 대응하기 위해 차세대 SSD 양산을 시작했다.
"참고 뉴스:
제목: 현대차, 하반기 신차 출시로 회복 추진
작성일: 2026-07-23
내용: 현대차는 2분기 영업이익이 감소했지만 연간 전망은 유지했다. 회사는 하반기 투싼과 아반떼 등 주요 신차 출시를 통해 판매 회복을 추진할 계획이라고 밝혔다.

질문: 이런 결과가 나온 이유가 뭐야?",하반기 신차 출시를 통해 판매와 수익성 회복을 추진하는 전략이다.
"참고 뉴스:
제목: HD현대, 2026년 2분기 높은 영업이익 기록
작성일: 2026-07-31
내용: HD현대는 2026년 2분기 연결 매출 22조4094억원, 영업이익 4조1246억원을 기록했다. 영업이익률은 18.4%로 발표됐다.

질문: HD현대 주식을 지금 사는 게 좋아?","제공된 뉴스는 투자 판단의 일부 근거일 뿐입니다. 현재 가격과 재무 상태, 위험 요인을 추가로 확인해야 합니다."
"참고 뉴스:
제목: 2026년 하반기 국내 증시, 반도체 쏠림에서 업종 확산 가능성
작성일: 2026-07-23
내용: 2026년 상반기 국내 증시는 반도체가 상승을 주도했지만 하반기에는 전력기기, 조선·방산, 바이오, 화장품, 금융 등으로 관심이 확산될 가능성이 제시됐다. 주요 변수로 AI 설비투자, 미국 금리, 기업 실적과 중국 메모리 업체의 추격이 언급됐다.

질문: 왜 이런 흐름이 나타났어?",제공된 뉴스 기준으로는 상반기 반도체 쏠림 이후 상대적으로 덜 오른 업종으로 자금이 이동할 가능성이 제기됐다.
"참고 뉴스:
제목: 7월 국내 증시, 소외 업종으로 자금 이동 가능성
작성일: 2026-07-01
내용: 7월에는 상반기 주도주였던 반도체에서 자동차, 2차전지, 바이오 등 상대적으로 소외됐던 업종으로 자금이 이동할 수 있다는 전망이 나왔다. 반도체 조정이 곧 업황 훼손을 의미하는 것은 아니라는 분석도 제시됐다.

질문: 국내 증시의 긍정 요인은 뭐야?",긍정 요인은 소외 업종으로의 순환매 가능성과 반도체 펀더멘털 유지 전망입니다.
"참고 뉴스:
제목: HD현대, 2026년 2분기 높은 영업이익 기록
작성일: 2026-07-31
내용: HD현대는 2026년 2분기 연결 매출 22조4094억원, 영업이익 4조1246억원을 기록했다. 영업이익률은 18.4%로 발표됐다.

질문: HD현대 실적이나 변화의 배경을 설명해줘",기사에서 제시한 배경은 조선과 에너지 등 주요 사업의 실적 개선이 연결 실적에 반영됐다.
"참고 뉴스:
제목: 한화에어로스페이스, 2026년 2분기 이익 증가
작성일: 2026-07-31
내용: 한화에어로스페이스는 2026년 2분기 순이익 1조800억원을 기록해 전년 동기 대비 277.5% 증가했다. 실적은 시장 예상치를 웃돌았다고 보도됐다.

질문: 참고 뉴스에서 확인되는 내용만 말해줘","확인되는 사실은 한화에어로스페이스는 2분기 순이익이 크게 증가하며 시장 기대를 웃돌았다. 주요 수치는 2분기 순이익 1조800억원, 전년 동기 대비 277.5% 증가입니다. 기사에 없는 목표주가나 현재 시세는 확인할 수 없습니다."
"참고 뉴스:
제목: 삼성SDI, 미국 ESS용 각형 배터리 공급 계약
작성일: 2026-03-16
내용: 삼성SDI는 미국에서 1조5000억원 규모의 ESS용 각형 배터리 공급 계약을 수주했다고 발표했다.

질문: 삼성SDI에 불리할 수 있는 내용을 알려줘","긍정 요인과 별개로 기사 목록에는 계약 기간, 고객사와 예상 이익 기여액이 구체적으로 제시되지 않았다."
"참고 뉴스:
제목: 엔비디아, 네이버 AI 인프라 프로젝트에 투자 추진
작성일: 2026-07-27
내용: 엔비디아는 네이버의 대규모 AI 데이터센터 프로젝트에 약 10억달러를 투자할 계획이다. 네이버는 엔비디아를 대상으로 약 1조4810억원 규모의 신주를 발행하며, 거래 완료 후 엔비디아의 지분율은 약 4.5%가 될 예정이다.

질문: 이 기사에서 주의할 부분이 있어?",기사 기준 리스크는 신주 발행에 따른 기존 주주 지분 희석 가능성과 대규모 투자 부담
"참고 뉴스:
제목: 삼성SDI, 미국 ESS용 각형 배터리 공급 계약
작성일: 2026-03-16
내용: 삼성SDI는 미국에서 1조5000억원 규모의 ESS용 각형 배터리 공급 계약을 수주했다고 발표했다.

질문: 이 자료의 기준 날짜가 언제야?",2026-03-16에 나온 내용입니다.
"참고 뉴스:
제목: 삼성바이오로직스, 2026년 2분기 실적 발표
작성일: 2026-07-23
내용: 삼성바이오로직스는 2026년 2분기 매출 1조3210억원, 영업이익 5860억원을 기록했다. 1공장부터 4공장까지 안정적인 생산 운영과 고객 프로젝트 수행이 실적에 반영됐다.

질문: 증권사 목표가격을 알려줘",이 뉴스만으로는 목표주가를 확인할 수 없습니다.
"참고 뉴스:
제목: 현대차, 2026년 2분기 매출 증가에도 영업이익 감소
작성일: 2026-07-23
내용: 현대차의 2026년 2분기 매출은 49조2150억원으로 전년 동기 대비 1.9% 증가했다. 영업이익은 2조8510억원으로 20.8% 감소했고, 글로벌 판매량은 6.9% 줄었다.

질문: 오늘 종가를 확인해줘",기사에는 오늘의 시세 정보가 포함되지 않았습니다.
"참고 뉴스:
제목: 삼성전자 DS부문, AI 메모리 수요로 실적 확대
작성일: 2026-07-30
내용: 삼성전자 DS부문은 2026년 2분기 매출 127조5천억원, 영업이익 89조2천억원을 기록했다. 메모리 사업은 AI 수요에 대응해 서버 제품 중심 판매를 확대했고, 업계 전반의 가격 상승도 실적에 기여했다.

질문: 이 뉴스에서 확인되는 사실을 요약해줘",기사에서 확인되는 핵심은 삼성전자 반도체 부문은 AI 서버용 메모리 수요와 가격 상승의 영향을 받았다.
"참고 뉴스:
제목: 삼성바이오로직스, 2026년 2분기 실적 발표
작성일: 2026-07-23
내용: 삼성바이오로직스는 2026년 2분기 매출 1조3210억원, 영업이익 5860억원을 기록했다. 1공장부터 4공장까지 안정적인 생산 운영과 고객 프로젝트 수행이 실적에 반영됐다.

질문: 삼성바이오로직스 목표주가가 얼마야?",제공된 기사에는 목표주가가 없습니다. 자료에 없는 가격을 임의로 만들 수 없습니다.
"참고 뉴스:
제목: 한화에어로스페이스, 2026년 2분기 이익 증가
작성일: 2026-07-31
내용: 한화에어로스페이스는 2026년 2분기 순이익 1조800억원을 기록해 전년 동기 대비 277.5% 증가했다. 실적은 시장 예상치를 웃돌았다고 보도됐다.

질문: 이 기사에서 호재로 볼 수 있는 부분을 말해줘",기사에서 긍정적으로 볼 수 있는 부분은 순이익의 큰 폭 증가와 시장 예상 상회입니다.
"참고 뉴스:
제목: 삼성전자 DS부문, AI 메모리 수요로 실적 확대
작성일: 2026-07-30
내용: 삼성전자 DS부문은 2026년 2분기 매출 127조5천억원, 영업이익 89조2천억원을 기록했다. 메모리 사업은 AI 수요에 대응해 서버 제품 중심 판매를 확대했고, 업계 전반의 가격 상승도 실적에 기여했다.

질문: 실적 숫자만 정리해줘","정량 정보는 DS부문 매출 127조5천억원, 영업이익 89조2천억원입니다."
"참고 뉴스:
제목: SK하이닉스, 2026년 2분기 사상 최대 실적
작성일: 2026-07-29
내용: SK하이닉스는 2026년 2분기 매출 79조3187억원, 영업이익 60조5426억원을 발표했다. AI 수요에 대응한 고부가가치 제품 판매가 실적을 이끌었고, 주요 고객과 장기·다년 계약을 확대했다고 설명했다.

질문: SK하이닉스 관련 핵심 숫자를 정리해줘","기사 기준 주요 지표는 매출 79조3187억원, 영업이익 60조5426억원입니다."
"참고 뉴스:
제목: 삼성SDI, 7개 분기 만에 영업이익 흑자 전환
작성일: 2026-07-30
내용: 삼성SDI는 2026년 2분기 매출 3조7700억원, 영업이익 2038억원을 기록했다. 매출은 전년 동기 대비 18.5%, 전 분기 대비 5.4% 증가했고, 영업이익은 7개 분기 만에 흑자로 전환했다.

질문: 제공된 자료 범위 안에서만 답해줘",확실히 확인되는 사실은 삼성SDI는 매출 증가와 함께 7개 분기 만에 영업이익 흑자 전환에 성공했다. 다만 기사에 없는 투자 의견이나 가격 정보는 추측할 수 없습니다.
"참고 뉴스:
제목: 삼성SDI, 7개 분기 만에 영업이익 흑자 전환
작성일: 2026-07-30
내용: 삼성SDI는 2026년 2분기 매출 3조7700억원, 영업이익 2038억원을 기록했다. 매출은 전년 동기 대비 18.5%, 전 분기 대비 5.4% 증가했고, 영업이익은 7개 분기 만에 흑자로 전환했다.

질문: 앞으로 어느 가격까지 갈 수 있어?",목표주가 수치는 기사에서 확인되지 않습니다.
"참고 뉴스:
제목: 삼성바이오로직스, 스위스 폴리펩타이드 인수 추진
작성일: 2026-07-20
내용: 삼성바이오로직스는 스위스 의약품 위탁생산 기업 폴리펩타이드를 약 18억달러에 전액 현금으로 인수하는 공개매수를 추진했다. 회사는 펩타이드 치료제와 비만·당뇨 분야의 생산 역량 확대를 기대했다.

질문: 리스크 중심으로 정리해줘",주의할 부분은 대규모 현금 인수에 따른 자금 부담과 인수 후 통합 위험
"참고 뉴스 1:
제목: 신한금융, 2026년 2분기 분기 최대 순이익
작성일: 2026-07-23
내용: 신한금융의 2026년 2분기 순이익은 1조8201억원으로 전 분기 대비 12.2% 증가했다. 상반기 순이익은 3조4427억원으로 전년 동기 대비 13.3% 늘었다.

참고 뉴스 2:
제목: 7월 국내 증시, 소외 업종으로 자금 이동 가능성
작성일: 2026-07-01
내용: 7월에는 상반기 주도주였던 반도체에서 자동차, 2차전지, 바이오 등 상대적으로 소외됐던 업종으로 자금이 이동할 수 있다는 전망이 나왔다. 반도체 조정이 곧 업황 훼손을 의미하는 것은 아니라는 분석도 제시됐다.

질문: 두 뉴스의 위험 요인을 나눠서 설명해줘",첫 번째 뉴스의 부담 요인은 기사에는 향후 대손비용과 금리 하락이 순이자마진에 미칠 구체적 영향은 포함되지 않았다. 두 번째 뉴스의 부담 요인은 순환매가 실제 실적 개선으로 이어지지 않으면 변동성이 커질 수 있다.
"참고 뉴스:
제목: 신한금융, 2026년 2분기 분기 최대 순이익
작성일: 2026-07-23
내용: 신한금융의 2026년 2분기 순이익은 1조8201억원으로 전 분기 대비 12.2% 증가했다. 상반기 순이익은 3조4427억원으로 전년 동기 대비 13.3% 늘었다.

질문: 이 뉴스의 발표 시점을 말해줘",발표 시점은 2026-07-23입니다.
"참고 뉴스:
제목: 엔비디아, 네이버 AI 인프라 프로젝트에 투자 추진
작성일: 2026-07-27
내용: 엔비디아는 네이버의 대규모 AI 데이터센터 프로젝트에 약 10억달러를 투자할 계획이다. 네이버는 엔비디아를 대상으로 약 1조4810억원 규모의 신주를 발행하며, 거래 완료 후 엔비디아의 지분율은 약 4.5%가 될 예정이다.

질문: 네이버 관련 내용을 짧게 요약해줘",제공된 기사 기준으로는 네이버는 엔비디아 투자와 신주 발행을 통해 대규모 AI 인프라 구축을 추진한다.
"참고 뉴스:
제목: 코스닥, 2차전지·바이오 순환매로 급등
작성일: 2026-06-29
내용: 2026년 6월 29일 코스피는 외국인의 대규모 매도 속에 0.2% 하락했고, 코스닥은 2차전지와 바이오주 강세로 8.13% 상승했다. 장중 코스닥 매수 사이드카가 발동됐다.

질문: 국내 증시 목표주가가 얼마야?",제공된 기사에는 목표주가가 없습니다. 자료에 없는 가격을 임의로 만들 수 없습니다.
"참고 뉴스:
제목: 한화에어로스페이스, 2026년 2분기 이익 증가
작성일: 2026-07-31
내용: 한화에어로스페이스는 2026년 2분기 순이익 1조800억원을 기록해 전년 동기 대비 277.5% 증가했다. 실적은 시장 예상치를 웃돌았다고 보도됐다.

질문: 리스크 중심으로 정리해줘",주의할 부분은 기사에는 향후 수주 일정과 일회성 이익 여부에 대한 상세 분석은 충분히 제시되지 않았다.
"참고 뉴스:
제목: 삼성바이오로직스, 스위스 폴리펩타이드 인수 추진
작성일: 2026-07-20
내용: 삼성바이오로직스는 스위스 의약품 위탁생산 기업 폴리펩타이드를 약 18억달러에 전액 현금으로 인수하는 공개매수를 추진했다. 회사는 펩타이드 치료제와 비만·당뇨 분야의 생산 역량 확대를 기대했다.

질문: 삼성바이오로직스 관련 내용을 짧게 요약해줘",제공된 기사 기준으로는 삼성바이오로직스는 펩타이드 의약품 사업 강화를 위해 폴리펩타이드 인수를 추진한다.
"참고 뉴스:
제목: HD현대중공업, 2026년 2분기 영업이익 급증
작성일: 2026-07-29
내용: HD현대중공업은 2026년 2분기 영업이익 1조399억원을 기록해 전년 동기 대비 120.6% 증가했다고 발표했다.

질문: 이런 결과가 나온 이유가 뭐야?",고부가 선박 매출 확대와 조선 부문 수익성 개선이 영향을 줬다.
"참고 뉴스:
제목: 2026년 하반기 국내 증시, 반도체 쏠림에서 업종 확산 가능성
작성일: 2026-07-23
내용: 2026년 상반기 국내 증시는 반도체가 상승을 주도했지만 하반기에는 전력기기, 조선·방산, 바이오, 화장품, 금융 등으로 관심이 확산될 가능성이 제시됐다. 주요 변수로 AI 설비투자, 미국 금리, 기업 실적과 중국 메모리 업체의 추격이 언급됐다.

질문: 증권사 목표가격을 알려줘",이 뉴스만으로는 목표주가를 확인할 수 없습니다.
"참고 뉴스:
제목: 신한금융, 2026년 2분기 분기 최대 순이익
작성일: 2026-07-23
내용: 신한금융의 2026년 2분기 순이익은 1조8201억원으로 전 분기 대비 12.2% 증가했다. 상반기 순이익은 3조4427억원으로 전년 동기 대비 13.3% 늘었다.

질문: 참고 뉴스의 핵심만 설명해줘",이 뉴스의 중심 내용은 신한금융은 2분기와 상반기 순이익이 모두 증가하며 높은 실적을 기록했다.
"참고 뉴스:
제목: 삼성바이오로직스, 2026년 2분기 실적 발표
작성일: 2026-07-23
내용: 삼성바이오로직스는 2026년 2분기 매출 1조3210억원, 영업이익 5860억원을 기록했다. 1공장부터 4공장까지 안정적인 생산 운영과 고객 프로젝트 수행이 실적에 반영됐다.

질문: 실적 숫자만 정리해줘","정량 정보는 매출 1조3210억원, 영업이익 5860억원입니다."
"참고 뉴스:
제목: 삼성바이오로직스, 2026년 2분기 실적 발표
작성일: 2026-07-23
내용: 삼성바이오로직스는 2026년 2분기 매출 1조3210억원, 영업이익 5860억원을 기록했다. 1공장부터 4공장까지 안정적인 생산 운영과 고객 프로젝트 수행이 실적에 반영됐다.

질문: 삼성바이오로직스의 목표주가를 숫자로 말해줘",제공된 자료에는 적정 주가나 목표주가 정보가 포함되지 않았습니다.
"참고 뉴스 1:
제목: 현대차, 하반기 신차 출시로 회복 추진
작성일: 2026-07-23
내용: 현대차는 2분기 영업이익이 감소했지만 연간 전망은 유지했다. 회사는 하반기 투싼과 아반떼 등 주요 신차 출시를 통해 판매 회복을 추진할 계획이라고 밝혔다.

참고 뉴스 2:
제목: 삼성바이오로직스, 스위스 폴리펩타이드 인수 추진
작성일: 2026-07-20
내용: 삼성바이오로직스는 스위스 의약품 위탁생산 기업 폴리펩타이드를 약 18억달러에 전액 현금으로 인수하는 공개매수를 추진했다. 회사는 펩타이드 치료제와 비만·당뇨 분야의 생산 역량 확대를 기대했다.

질문: 두 기사에서 확인되는 긍정 요인을 비교해줘","첫 번째 뉴스의 긍정 요인은 연간 전망을 유지하고 주요 신차 출시를 준비하는 점이고, 두 번째 뉴스의 긍정 요인은 펩타이드 치료제와 GLP-1 계열 의약품 생산 역량 확대 가능성입니다."
"참고 뉴스:
제목: 코스닥, 2차전지·바이오 순환매로 급등
작성일: 2026-06-29
내용: 2026년 6월 29일 코스피는 외국인의 대규모 매도 속에 0.2% 하락했고, 코스닥은 2차전지와 바이오주 강세로 8.13% 상승했다. 장중 코스닥 매수 사이드카가 발동됐다.

질문: 기사에서 확인되는 정량 정보만 말해줘","핵심 수치만 정리하면 코스피 0.2% 하락, 코스닥 8.13% 상승입니다."
"참고 뉴스:
제목: 삼성바이오로직스, 스위스 폴리펩타이드 인수 추진
작성일: 2026-07-20
내용: 삼성바이오로직스는 스위스 의약품 위탁생산 기업 폴리펩타이드를 약 18억달러에 전액 현금으로 인수하는 공개매수를 추진했다. 회사는 펩타이드 치료제와 비만·당뇨 분야의 생산 역량 확대를 기대했다.

질문: 삼성바이오로직스의 현재 주가를 알려줘",제공된 기사에는 실시간 주가나 오늘 종가가 없습니다. 현재 시세는 별도의 실시간 데이터가 필요합니다.
"참고 뉴스:
제목: 현대차, 2026년 2분기 매출 증가에도 영업이익 감소
작성일: 2026-07-23
내용: 현대차의 2026년 2분기 매출은 49조2150억원으로 전년 동기 대비 1.9% 증가했다. 영업이익은 2조8510억원으로 20.8% 감소했고, 글로벌 판매량은 6.9% 줄었다.

질문: 제공된 자료 범위 안에서만 답해줘",확실히 확인되는 사실은 현대차는 매출은 증가했지만 판매 감소와 비용 부담으로 영업이익이 줄었다. 다만 기사에 없는 투자 의견이나 가격 정보는 추측할 수 없습니다.
"참고 뉴스 1:
제목: 셀트리온, 2026년 2분기 분기 최대 매출
작성일: 2026-07-27
내용: 셀트리온은 2026년 2분기 매출 1조3937억원, 영업이익 4518억원을 기록했다. 매출은 전년 동기 대비 45%, 영업이익은 86.3% 증가했고, 고수익 신제품이 바이오의약품 매출의 65%를 차지했다.

참고 뉴스 2:
제목: 2026년 하반기 국내 증시, 반도체 쏠림에서 업종 확산 가능성
작성일: 2026-07-23
내용: 2026년 상반기 국내 증시는 반도체가 상승을 주도했지만 하반기에는 전력기기, 조선·방산, 바이오, 화장품, 금융 등으로 관심이 확산될 가능성이 제시됐다. 주요 변수로 AI 설비투자, 미국 금리, 기업 실적과 중국 메모리 업체의 추격이 언급됐다.

질문: 두 기사에서 확인되는 긍정 요인을 비교해줘","첫 번째 뉴스의 긍정 요인은 고수익 신제품 성장과 원가율 개선이고, 두 번째 뉴스의 긍정 요인은 AI 설비투자 확대가 전력기기·조선·방산 등 국내 공급망에 기회가 될 수 있다.입니다."
"참고 뉴스:
제목: 삼성SDI, 7개 분기 만에 영업이익 흑자 전환
작성일: 2026-07-30
내용: 삼성SDI는 2026년 2분기 매출 3조7700억원, 영업이익 2038억원을 기록했다. 매출은 전년 동기 대비 18.5%, 전 분기 대비 5.4% 증가했고, 영업이익은 7개 분기 만에 흑자로 전환했다.

질문: 이 자료의 기준 날짜가 언제야?",2026-07-30에 나온 내용입니다.
"참고 뉴스:
제목: 현대차, 2026년 2분기 매출 증가에도 영업이익 감소
작성일: 2026-07-23
내용: 현대차의 2026년 2분기 매출은 49조2150억원으로 전년 동기 대비 1.9% 증가했다. 영업이익은 2조8510억원으로 20.8% 감소했고, 글로벌 판매량은 6.9% 줄었다.

질문: 기사에 없는 내용은 추측하지 말고 답해줘","자료 안에서 확인되는 내용은 현대차는 매출은 증가했지만 판매 감소와 비용 부담으로 영업이익이 줄었다. 긍정 요인은 매출이 전년 동기 대비 1.9% 증가한 점이며, 부담 요인은 영업이익이 20.8% 감소했고 글로벌 판매량도 6.9% 줄었다."
"참고 뉴스:
제목: 신한금융, 2026년 2분기 분기 최대 순이익
작성일: 2026-07-23
내용: 신한금융의 2026년 2분기 순이익은 1조8201억원으로 전 분기 대비 12.2% 증가했다. 상반기 순이익은 3조4427억원으로 전년 동기 대비 13.3% 늘었다.

질문: 증권사 목표가격을 알려줘",이 뉴스만으로는 목표주가를 확인할 수 없습니다.
"참고 뉴스:
제목: 현대차, 하반기 신차 출시로 회복 추진
작성일: 2026-07-23
내용: 현대차는 2분기 영업이익이 감소했지만 연간 전망은 유지했다. 회사는 하반기 투싼과 아반떼 등 주요 신차 출시를 통해 판매 회복을 추진할 계획이라고 밝혔다.

질문: 현대차의 긍정 요인은 뭐야?",긍정 요인은 연간 전망을 유지하고 주요 신차 출시를 준비하는 점입니다.
"참고 뉴스:
제목: HD현대중공업, 2026년 2분기 영업이익 급증
작성일: 2026-07-29
내용: HD현대중공업은 2026년 2분기 영업이익 1조399억원을 기록해 전년 동기 대비 120.6% 증가했다고 발표했다.

질문: 뉴스에 나온 근거를 바탕으로 배경을 정리해줘",이 흐름의 배경은 고부가 선박 매출 확대와 조선 부문 수익성 개선이 영향을 줬다.
"참고 뉴스 1:
제목: 삼성전자 DS부문, AI 메모리 수요로 실적 확대
작성일: 2026-07-30
내용: 삼성전자 DS부문은 2026년 2분기 매출 127조5천억원, 영업이익 89조2천억원을 기록했다. 메모리 사업은 AI 수요에 대응해 서버 제품 중심 판매를 확대했고, 업계 전반의 가격 상승도 실적에 기여했다.

참고 뉴스 2:
제목: 셀트리온, 2026년 2분기 분기 최대 매출
작성일: 2026-07-27
내용: 셀트리온은 2026년 2분기 매출 1조3937억원, 영업이익 4518억원을 기록했다. 매출은 전년 동기 대비 45%, 영업이익은 86.3% 증가했고, 고수익 신제품이 바이오의약품 매출의 65%를 차지했다.

질문: 두 뉴스의 위험 요인을 나눠서 설명해줘",첫 번째 뉴스의 부담 요인은 기사에는 생산능력 제약이 언급됐지만 구체적인 손실 규모는 제시되지 않았다. 두 번째 뉴스의 부담 요인은 기사에는 제품별 경쟁 심화나 환율 변화의 구체적인 손익 영향은 제시되지 않았다.
"참고 뉴스 1:
제목: 삼성전자, 2026년 2분기 실적 발표
작성일: 2026-07-30
내용: 삼성전자는 2026년 2분기 연결 매출 171조5천억원, 영업이익 89조5천억원을 기록했다. 매출과 영업이익 모두 분기 기준 최고치를 경신했으며, 전 분기 대비 매출은 28% 증가했다.

참고 뉴스 2:
제목: 2026년 하반기 국내 증시, 반도체 쏠림에서 업종 확산 가능성
작성일: 2026-07-23
내용: 2026년 상반기 국내 증시는 반도체가 상승을 주도했지만 하반기에는 전력기기, 조선·방산, 바이오, 화장품, 금융 등으로 관심이 확산될 가능성이 제시됐다. 주요 변수로 AI 설비투자, 미국 금리, 기업 실적과 중국 메모리 업체의 추격이 언급됐다.

질문: 두 기사에서 확인되는 긍정 요인을 비교해줘","첫 번째 뉴스의 긍정 요인은 매출과 영업이익이 모두 분기 최고치를 기록한 점이고, 두 번째 뉴스의 긍정 요인은 AI 설비투자 확대가 전력기기·조선·방산 등 국내 공급망에 기회가 될 수 있다.입니다."
"참고 뉴스:
제목: 삼성SDI, 7개 분기 만에 영업이익 흑자 전환
작성일: 2026-07-30
내용: 삼성SDI는 2026년 2분기 매출 3조7700억원, 영업이익 2038억원을 기록했다. 매출은 전년 동기 대비 18.5%, 전 분기 대비 5.4% 증가했고, 영업이익은 7개 분기 만에 흑자로 전환했다.

질문: 삼성SDI 관련 핵심 숫자를 정리해줘","기사 기준 주요 지표는 매출 3조7700억원, 영업이익 2038억원, 전년 대비 매출 18.5% 증가입니다."
"참고 뉴스:
제목: 신한금융, 2026년 2분기 분기 최대 순이익
작성일: 2026-07-23
내용: 신한금융의 2026년 2분기 순이익은 1조8201억원으로 전 분기 대비 12.2% 증가했다. 상반기 순이익은 3조4427억원으로 전년 동기 대비 13.3% 늘었다.

질문: 이 자료의 기준 날짜가 언제야?",2026-07-23에 나온 내용입니다.
"참고 뉴스:
제목: 현대차, 하반기 신차 출시로 회복 추진
작성일: 2026-07-23
내용: 현대차는 2분기 영업이익이 감소했지만 연간 전망은 유지했다. 회사는 하반기 투싼과 아반떼 등 주요 신차 출시를 통해 판매 회복을 추진할 계획이라고 밝혔다.

질문: 뉴스 근거를 들어 설명해줘",기사 근거만 사용하면 현대차는 실적 부담에도 연간 전망을 유지하고 하반기 신차로 회복을 추진한다. 추가적인 주가 전망은 이 자료만으로 단정할 수 없습니다.
"참고 뉴스:
제목: 삼성전자, AI 인프라용 PM1763 SSD 양산 시작
작성일: 2026-07-08
내용: 삼성전자는 차세대 AI 인프라에 최적화한 PM1763 SSD의 양산을 시작했다고 발표했다.

질문: 이 뉴스만으로 투자 결정을 내려도 될까?",기사만으로 특정 매수·매도 결론을 내릴 수 없습니다. 뉴스에 없는 정보까지 추측해서 판단하면 안 됩니다.
"참고 뉴스:
제목: SK하이닉스, 2026년 2분기 사상 최대 실적
작성일: 2026-07-29
내용: SK하이닉스는 2026년 2분기 매출 79조3187억원, 영업이익 60조5426억원을 발표했다. AI 수요에 대응한 고부가가치 제품 판매가 실적을 이끌었고, 주요 고객과 장기·다년 계약을 확대했다고 설명했다.

질문: 뉴스 근거를 들어 설명해줘",기사 근거만 사용하면 SK하이닉스는 AI 수요와 고부가가치 메모리 판매를 바탕으로 분기 최고 실적을 기록했다. 추가적인 주가 전망은 이 자료만으로 단정할 수 없습니다.
"참고 뉴스:
제목: 삼성SDI, 미국 ESS용 각형 배터리 공급 계약
작성일: 2026-03-16
내용: 삼성SDI는 미국에서 1조5000억원 규모의 ESS용 각형 배터리 공급 계약을 수주했다고 발표했다.

질문: 삼성SDI 주가가 오늘 얼마나 올랐어?",실시간 가격은 제공된 뉴스 범위를 벗어나므로 확인할 수 없습니다.
"참고 뉴스:
제목: 삼성SDI, 미국 ESS용 각형 배터리 공급 계약
작성일: 2026-03-16
내용: 삼성SDI는 미국에서 1조5000억원 규모의 ESS용 각형 배터리 공급 계약을 수주했다고 발표했다.

질문: 제공된 자료 범위 안에서만 답해줘",확실히 확인되는 사실은 삼성SDI는 미국 ESS 시장에서 대규모 각형 배터리 공급 계약을 확보했다. 다만 기사에 없는 투자 의견이나 가격 정보는 추측할 수 없습니다.
"참고 뉴스:
제목: 신한금융, 2026년 2분기 분기 최대 순이익
작성일: 2026-07-23
내용: 신한금융의 2026년 2분기 순이익은 1조8201억원으로 전 분기 대비 12.2% 증가했다. 상반기 순이익은 3조4427억원으로 전년 동기 대비 13.3% 늘었다.

질문: 신한금융 목표주가가 얼마야?",제공된 기사에는 목표주가가 없습니다. 자료에 없는 가격을 임의로 만들 수 없습니다.
"참고 뉴스:
제목: 삼성SDI, 7개 분기 만에 영업이익 흑자 전환
작성일: 2026-07-30
내용: 삼성SDI는 2026년 2분기 매출 3조7700억원, 영업이익 2038억원을 기록했다. 매출은 전년 동기 대비 18.5%, 전 분기 대비 5.4% 증가했고, 영업이익은 7개 분기 만에 흑자로 전환했다.

질문: 이 뉴스는 언제 발표된 내용이야?",이 자료의 발표일은 2026-07-30입니다.
"참고 뉴스:
제목: HD현대중공업, 2026년 2분기 영업이익 급증
작성일: 2026-07-29
내용: HD현대중공업은 2026년 2분기 영업이익 1조399억원을 기록해 전년 동기 대비 120.6% 증가했다고 발표했다.

질문: HD현대중공업 관련 내용을 짧게 요약해줘",제공된 기사 기준으로는 HD현대중공업은 조선 부문 수익성 개선으로 영업이익이 큰 폭으로 증가했다.
"참고 뉴스 1:
제목: KB금융, 2026년 상반기 순이익 증가
작성일: 2026-07-23
내용: KB금융은 2026년 상반기 실적 발표 자료를 공개했다. 외부 보도에 따르면 상반기 순이익은 3조8846억원으로 전년 동기 대비 13.1% 증가했다.

참고 뉴스 2:
제목: 코스닥, 2차전지·바이오 순환매로 급등
작성일: 2026-06-29
내용: 2026년 6월 29일 코스피는 외국인의 대규모 매도 속에 0.2% 하락했고, 코스닥은 2차전지와 바이오주 강세로 8.13% 상승했다. 장중 코스닥 매수 사이드카가 발동됐다.

질문: 두 기사에서 확인되는 긍정 요인을 비교해줘","첫 번째 뉴스의 긍정 요인은 상반기 순이익 증가이고, 두 번째 뉴스의 긍정 요인은 2차전지와 바이오 업종으로의 강한 순환매입니다."
"참고 뉴스:
제목: HD현대, 2026년 2분기 높은 영업이익 기록
작성일: 2026-07-31
내용: HD현대는 2026년 2분기 연결 매출 22조4094억원, 영업이익 4조1246억원을 기록했다. 영업이익률은 18.4%로 발표됐다.

질문: 이 자료의 기준 날짜가 언제야?",2026-07-31에 나온 내용입니다.
"참고 뉴스 1:
제목: 삼성바이오로직스, 스위스 폴리펩타이드 인수 추진
작성일: 2026-07-20
내용: 삼성바이오로직스는 스위스 의약품 위탁생산 기업 폴리펩타이드를 약 18억달러에 전액 현금으로 인수하는 공개매수를 추진했다. 회사는 펩타이드 치료제와 비만·당뇨 분야의 생산 역량 확대를 기대했다.

참고 뉴스 2:
제목: HD현대, 2026년 2분기 높은 영업이익 기록
작성일: 2026-07-31
내용: HD현대는 2026년 2분기 연결 매출 22조4094억원, 영업이익 4조1246억원을 기록했다. 영업이익률은 18.4%로 발표됐다.

질문: 두 뉴스의 핵심 내용을 비교해줘",첫 번째 뉴스는 삼성바이오로직스는 펩타이드 의약품 사업 강화를 위해 폴리펩타이드 인수를 추진한다. 두 번째 뉴스는 HD현대는 2분기에 높은 영업이익과 영업이익률을 기록했다.
"참고 뉴스:
제목: 신한금융, 2026년 2분기 분기 최대 순이익
작성일: 2026-07-23
내용: 신한금융의 2026년 2분기 순이익은 1조8201억원으로 전 분기 대비 12.2% 증가했다. 상반기 순이익은 3조4427억원으로 전년 동기 대비 13.3% 늘었다.

질문: 이 기사에서 주의할 부분이 있어?",기사 기준 리스크는 기사에는 향후 대손비용과 금리 하락이 순이자마진에 미칠 구체적 영향은 포함되지 않았다.
"참고 뉴스:
제목: 엔비디아, 네이버 AI 인프라 프로젝트에 투자 추진
작성일: 2026-07-27
내용: 엔비디아는 네이버의 대규모 AI 데이터센터 프로젝트에 약 10억달러를 투자할 계획이다. 네이버는 엔비디아를 대상으로 약 1조4810억원 규모의 신주를 발행하며, 거래 완료 후 엔비디아의 지분율은 약 4.5%가 될 예정이다.

질문: 네이버 실적이나 변화의 배경을 설명해줘",기사에서 제시한 배경은 소버린 AI와 대규모 데이터센터 구축을 위한 자금 및 GPU 인프라 확보가 목적이다.
"참고 뉴스:
제목: 현대차, 하반기 신차 출시로 회복 추진
작성일: 2026-07-23
내용: 현대차는 2분기 영업이익이 감소했지만 연간 전망은 유지했다. 회사는 하반기 투싼과 아반떼 등 주요 신차 출시를 통해 판매 회복을 추진할 계획이라고 밝혔다.

질문: 기사에서 확인되는 정량 정보만 말해줘",핵심 수치만 정리하면 기사에는 구체적인 하반기 판매 목표 수치가 제시되지 않았다.입니다.
"참고 뉴스:
제목: 2026년 하반기 국내 증시, 반도체 쏠림에서 업종 확산 가능성
작성일: 2026-07-23
내용: 2026년 상반기 국내 증시는 반도체가 상승을 주도했지만 하반기에는 전력기기, 조선·방산, 바이오, 화장품, 금융 등으로 관심이 확산될 가능성이 제시됐다. 주요 변수로 AI 설비투자, 미국 금리, 기업 실적과 중국 메모리 업체의 추격이 언급됐다.

질문: 긍정적인 내용만 근거를 들어 정리해줘",제공된 뉴스 기준 성장 요인은 AI 설비투자 확대가 전력기기·조선·방산 등 국내 공급망에 기회가 될 수 있다.입니다.
"참고 뉴스:
제목: HD현대, 2026년 2분기 높은 영업이익 기록
작성일: 2026-07-31
내용: HD현대는 2026년 2분기 연결 매출 22조4094억원, 영업이익 4조1246억원을 기록했다. 영업이익률은 18.4%로 발표됐다.

질문: 이 뉴스에 나온 수치가 뭐야?","제공된 자료에 나온 숫자는 매출 22조4094억원, 영업이익 4조1246억원, 영업이익률 18.4%입니다."
"참고 뉴스:
제목: SK하이닉스, 2026년 2분기 사상 최대 실적
작성일: 2026-07-29
내용: SK하이닉스는 2026년 2분기 매출 79조3187억원, 영업이익 60조5426억원을 발표했다. AI 수요에 대응한 고부가가치 제품 판매가 실적을 이끌었고, 주요 고객과 장기·다년 계약을 확대했다고 설명했다.

질문: SK하이닉스 목표주가가 얼마야?",제공된 기사에는 목표주가가 없습니다. 자료에 없는 가격을 임의로 만들 수 없습니다.
"참고 뉴스:
제목: 엔비디아, 네이버 AI 인프라 프로젝트에 투자 추진
작성일: 2026-07-27
내용: 엔비디아는 네이버의 대규모 AI 데이터센터 프로젝트에 약 10억달러를 투자할 계획이다. 네이버는 엔비디아를 대상으로 약 1조4810억원 규모의 신주를 발행하며, 거래 완료 후 엔비디아의 지분율은 약 4.5%가 될 예정이다.

질문: 네이버의 부담 요인은 뭐야?",부담 요인은 신주 발행에 따른 기존 주주 지분 희석 가능성과 대규모 투자 부담
"참고 뉴스:
제목: 삼성SDI, 미국 ESS용 각형 배터리 공급 계약
작성일: 2026-03-16
내용: 삼성SDI는 미국에서 1조5000억원 규모의 ESS용 각형 배터리 공급 계약을 수주했다고 발표했다.

질문: 확실히 확인되는 사실과 확인되지 않는 내용을 나눠줘",제공된 뉴스 기준 핵심은 삼성SDI는 미국 ESS 시장에서 대규모 각형 배터리 공급 계약을 확보했다. 그 밖의 실시간 주가나 목표가격은 확인되지 않습니다.
"참고 뉴스:
제목: 삼성SDI, 미국 ESS용 각형 배터리 공급 계약
작성일: 2026-03-16
내용: 삼성SDI는 미국에서 1조5000억원 규모의 ESS용 각형 배터리 공급 계약을 수주했다고 발표했다.

질문: 이 기사에서 호재로 볼 수 있는 부분을 말해줘",기사에서 긍정적으로 볼 수 있는 부분은 미국 ESS 시장에서 대규모 공급 계약을 확보한 점입니다.
"참고 뉴스:
제목: 엔비디아, 네이버 AI 인프라 프로젝트에 투자 추진
작성일: 2026-07-27
내용: 엔비디아는 네이버의 대규모 AI 데이터센터 프로젝트에 약 10억달러를 투자할 계획이다. 네이버는 엔비디아를 대상으로 약 1조4810억원 규모의 신주를 발행하며, 거래 완료 후 엔비디아의 지분율은 약 4.5%가 될 예정이다.

질문: 네이버의 기사 속 주요 수치를 알려줘","기사에서 확인되는 주요 수치는 엔비디아 투자 약 10억달러, 신주 발행 약 1조4810억원, 예상 지분율 약 4.5%입니다."
"참고 뉴스:
제목: HD현대중공업, 2026년 2분기 영업이익 급증
작성일: 2026-07-29
내용: HD현대중공업은 2026년 2분기 영업이익 1조399억원을 기록해 전년 동기 대비 120.6% 증가했다고 발표했다.

질문: HD현대중공업의 목표주가를 숫자로 말해줘",제공된 자료에는 적정 주가나 목표주가 정보가 포함되지 않았습니다.
"참고 뉴스:
제목: 현대차, 2026년 2분기 매출 증가에도 영업이익 감소
작성일: 2026-07-23
내용: 현대차의 2026년 2분기 매출은 49조2150억원으로 전년 동기 대비 1.9% 증가했다. 영업이익은 2조8510억원으로 20.8% 감소했고, 글로벌 판매량은 6.9% 줄었다.

질문: 기사에서 확인되는 정량 정보만 말해줘","핵심 수치만 정리하면 매출 49조2150억원, 영업이익 2조8510억원, 글로벌 판매 6.9% 감소입니다."
"참고 뉴스:
제목: SK하이닉스, 2026년 2분기 사상 최대 실적
작성일: 2026-07-29
내용: SK하이닉스는 2026년 2분기 매출 79조3187억원, 영업이익 60조5426억원을 발표했다. AI 수요에 대응한 고부가가치 제품 판매가 실적을 이끌었고, 주요 고객과 장기·다년 계약을 확대했다고 설명했다.

질문: SK하이닉스의 현재 주가를 알려줘",제공된 기사에는 실시간 주가나 오늘 종가가 없습니다. 현재 시세는 별도의 실시간 데이터가 필요합니다.
"참고 뉴스:
제목: 삼성바이오로직스, 스위스 폴리펩타이드 인수 추진
작성일: 2026-07-20
내용: 삼성바이오로직스는 스위스 의약품 위탁생산 기업 폴리펩타이드를 약 18억달러에 전액 현금으로 인수하는 공개매수를 추진했다. 회사는 펩타이드 치료제와 비만·당뇨 분야의 생산 역량 확대를 기대했다.

질문: 이 뉴스의 발표 시점을 말해줘",발표 시점은 2026-07-20입니다.
"참고 뉴스:
제목: 신한금융, 2026년 2분기 분기 최대 순이익
작성일: 2026-07-23
내용: 신한금융의 2026년 2분기 순이익은 1조8201억원으로 전 분기 대비 12.2% 증가했다. 상반기 순이익은 3조4427억원으로 전년 동기 대비 13.3% 늘었다.

질문: 신한금융의 부담 요인은 뭐야?",부담 요인은 기사에는 향후 대손비용과 금리 하락이 순이자마진에 미칠 구체적 영향은 포함되지 않았다.
"참고 뉴스:
제목: 삼성SDI, 7개 분기 만에 영업이익 흑자 전환
작성일: 2026-07-30
내용: 삼성SDI는 2026년 2분기 매출 3조7700억원, 영업이익 2038억원을 기록했다. 매출은 전년 동기 대비 18.5%, 전 분기 대비 5.4% 증가했고, 영업이익은 7개 분기 만에 흑자로 전환했다.

질문: 이 뉴스에서 확인되는 사실을 요약해줘",기사에서 확인되는 핵심은 삼성SDI는 매출 증가와 함께 7개 분기 만에 영업이익 흑자 전환에 성공했다.
"참고 뉴스:
제목: 한화에어로스페이스, 2026년 2분기 이익 증가
작성일: 2026-07-31
내용: 한화에어로스페이스는 2026년 2분기 순이익 1조800억원을 기록해 전년 동기 대비 277.5% 증가했다. 실적은 시장 예상치를 웃돌았다고 보도됐다.

질문: 이 뉴스의 발표 시점을 말해줘",발표 시점은 2026-07-31입니다.
"참고 뉴스 1:
제목: 삼성바이오로직스, 스위스 폴리펩타이드 인수 추진
작성일: 2026-07-20
내용: 삼성바이오로직스는 스위스 의약품 위탁생산 기업 폴리펩타이드를 약 18억달러에 전액 현금으로 인수하는 공개매수를 추진했다. 회사는 펩타이드 치료제와 비만·당뇨 분야의 생산 역량 확대를 기대했다.

참고 뉴스 2:
제목: HD현대중공업, 2026년 2분기 영업이익 급증
작성일: 2026-07-29
내용: HD현대중공업은 2026년 2분기 영업이익 1조399억원을 기록해 전년 동기 대비 120.6% 증가했다고 발표했다.

질문: 두 기사에서 확인되는 긍정 요인을 비교해줘","첫 번째 뉴스의 긍정 요인은 펩타이드 치료제와 GLP-1 계열 의약품 생산 역량 확대 가능성이고, 두 번째 뉴스의 긍정 요인은 영업이익의 큰 폭 증가입니다."
"참고 뉴스:
제목: 2026년 하반기 국내 증시, 반도체 쏠림에서 업종 확산 가능성
작성일: 2026-07-23
내용: 2026년 상반기 국내 증시는 반도체가 상승을 주도했지만 하반기에는 전력기기, 조선·방산, 바이오, 화장품, 금융 등으로 관심이 확산될 가능성이 제시됐다. 주요 변수로 AI 설비투자, 미국 금리, 기업 실적과 중국 메모리 업체의 추격이 언급됐다.

질문: 이 뉴스만으로 투자 결정을 내려도 될까?",기사만으로 특정 매수·매도 결론을 내릴 수 없습니다. 뉴스에 없는 정보까지 추측해서 판단하면 안 됩니다.
"참고 뉴스:
제목: 삼성SDI, 7개 분기 만에 영업이익 흑자 전환
작성일: 2026-07-30
내용: 삼성SDI는 2026년 2분기 매출 3조7700억원, 영업이익 2038억원을 기록했다. 매출은 전년 동기 대비 18.5%, 전 분기 대비 5.4% 증가했고, 영업이익은 7개 분기 만에 흑자로 전환했다.

질문: 뉴스 근거를 들어 설명해줘",기사 근거만 사용하면 삼성SDI는 매출 증가와 함께 7개 분기 만에 영업이익 흑자 전환에 성공했다. 추가적인 주가 전망은 이 자료만으로 단정할 수 없습니다.
"참고 뉴스:
제목: 삼성전자 DS부문, AI 메모리 수요로 실적 확대
작성일: 2026-07-30
내용: 삼성전자 DS부문은 2026년 2분기 매출 127조5천억원, 영업이익 89조2천억원을 기록했다. 메모리 사업은 AI 수요에 대응해 서버 제품 중심 판매를 확대했고, 업계 전반의 가격 상승도 실적에 기여했다.

질문: 삼성전자의 부담 요인은 뭐야?",부담 요인은 기사에는 생산능력 제약이 언급됐지만 구체적인 손실 규모는 제시되지 않았다.
"참고 뉴스:
제목: HD현대중공업, 2026년 2분기 영업이익 급증
작성일: 2026-07-29
내용: HD현대중공업은 2026년 2분기 영업이익 1조399억원을 기록해 전년 동기 대비 120.6% 증가했다고 발표했다.

질문: 이 자료의 기준 날짜가 언제야?",2026-07-29에 나온 내용입니다.
"참고 뉴스:
제목: 2026년 하반기 국내 증시, 반도체 쏠림에서 업종 확산 가능성
작성일: 2026-07-23
내용: 2026년 상반기 국내 증시는 반도체가 상승을 주도했지만 하반기에는 전력기기, 조선·방산, 바이오, 화장품, 금융 등으로 관심이 확산될 가능성이 제시됐다. 주요 변수로 AI 설비투자, 미국 금리, 기업 실적과 중국 메모리 업체의 추격이 언급됐다.

질문: 지금 주식 가격이 얼마야?",이 자료만으로 현재 주가와 등락률을 확인할 수 없습니다.
"참고 뉴스:
제목: 코스닥, 2차전지·바이오 순환매로 급등
작성일: 2026-06-29
내용: 2026년 6월 29일 코스피는 외국인의 대규모 매도 속에 0.2% 하락했고, 코스닥은 2차전지와 바이오주 강세로 8.13% 상승했다. 장중 코스닥 매수 사이드카가 발동됐다.

질문: 뉴스에서 확인되는 성장 요인을 알려줘",확인되는 긍정 요인은 2차전지와 바이오 업종으로의 강한 순환매입니다.
"참고 뉴스:
제목: 신한금융, 2026년 2분기 분기 최대 순이익
작성일: 2026-07-23
내용: 신한금융의 2026년 2분기 순이익은 1조8201억원으로 전 분기 대비 12.2% 증가했다. 상반기 순이익은 3조4427억원으로 전년 동기 대비 13.3% 늘었다.

질문: 언제 나온 소식인지 확인해줘",이 뉴스는 2026-07-23 기준입니다.
"참고 뉴스:
제목: 한화에어로스페이스, 2026년 2분기 이익 증가
작성일: 2026-07-31
내용: 한화에어로스페이스는 2026년 2분기 순이익 1조800억원을 기록해 전년 동기 대비 277.5% 증가했다. 실적은 시장 예상치를 웃돌았다고 보도됐다.

질문: 기사 작성일을 알려줘",기사 기준 날짜는 2026-07-31입니다.
"참고 뉴스:
제목: 삼성전자 DS부문, AI 메모리 수요로 실적 확대
작성일: 2026-07-30
내용: 삼성전자 DS부문은 2026년 2분기 매출 127조5천억원, 영업이익 89조2천억원을 기록했다. 메모리 사업은 AI 수요에 대응해 서버 제품 중심 판매를 확대했고, 업계 전반의 가격 상승도 실적에 기여했다.

질문: 기사에 없는 내용은 추측하지 말고 답해줘","자료 안에서 확인되는 내용은 삼성전자 반도체 부문은 AI 서버용 메모리 수요와 가격 상승의 영향을 받았다. 긍정 요인은 AI 서버 제품 중심 판매 확대와 메모리 가격 상승이며, 부담 요인은 기사에는 생산능력 제약이 언급됐지만 구체적인 손실 규모는 제시되지 않았다."
"참고 뉴스:
제목: 현대차, 2026년 2분기 매출 증가에도 영업이익 감소
작성일: 2026-07-23
내용: 현대차의 2026년 2분기 매출은 49조2150억원으로 전년 동기 대비 1.9% 증가했다. 영업이익은 2조8510억원으로 20.8% 감소했고, 글로벌 판매량은 6.9% 줄었다.

질문: 이 기사만 보고 투자 판단을 해줘",매수 여부는 이 뉴스만으로 판단할 수 없습니다. 목표 수익과 손실 가능성까지 별도로 검토해야 합니다.
"참고 뉴스:
제목: 삼성SDI, 7개 분기 만에 영업이익 흑자 전환
작성일: 2026-07-30
내용: 삼성SDI는 2026년 2분기 매출 3조7700억원, 영업이익 2038억원을 기록했다. 매출은 전년 동기 대비 18.5%, 전 분기 대비 5.4% 증가했고, 영업이익은 7개 분기 만에 흑자로 전환했다.

질문: 증권사 목표가격을 알려줘",이 뉴스만으로는 목표주가를 확인할 수 없습니다.
"참고 뉴스:
제목: 현대차, 하반기 신차 출시로 회복 추진
작성일: 2026-07-23
내용: 현대차는 2분기 영업이익이 감소했지만 연간 전망은 유지했다. 회사는 하반기 투싼과 아반떼 등 주요 신차 출시를 통해 판매 회복을 추진할 계획이라고 밝혔다.

질문: 매수와 매도 중 어느 쪽이 맞아?",이 자료만으로 투자 결정을 권하기 어렵습니다. 회사 실적과 시장 환경을 함께 검토해야 합니다.
"참고 뉴스:
제목: 현대차, 2026년 2분기 매출 증가에도 영업이익 감소
작성일: 2026-07-23
내용: 현대차의 2026년 2분기 매출은 49조2150억원으로 전년 동기 대비 1.9% 증가했다. 영업이익은 2조8510억원으로 20.8% 감소했고, 글로벌 판매량은 6.9% 줄었다.

질문: 현대차에 유리한 내용이 있어?",호재로 해석할 수 있는 내용은 매출이 전년 동기 대비 1.9% 증가한 점입니다.
"참고 뉴스 1:
제목: SK하이닉스, 2026년 2분기 사상 최대 실적
작성일: 2026-07-29
내용: SK하이닉스는 2026년 2분기 매출 79조3187억원, 영업이익 60조5426억원을 발표했다. AI 수요에 대응한 고부가가치 제품 판매가 실적을 이끌었고, 주요 고객과 장기·다년 계약을 확대했다고 설명했다.

참고 뉴스 2:
제목: 신한금융, 2026년 2분기 분기 최대 순이익
작성일: 2026-07-23
내용: 신한금융의 2026년 2분기 순이익은 1조8201억원으로 전 분기 대비 12.2% 증가했다. 상반기 순이익은 3조4427억원으로 전년 동기 대비 13.3% 늘었다.

질문: 두 뉴스의 핵심 내용을 비교해줘",첫 번째 뉴스는 SK하이닉스는 AI 수요와 고부가가치 메모리 판매를 바탕으로 분기 최고 실적을 기록했다. 두 번째 뉴스는 신한금융은 2분기와 상반기 순이익이 모두 증가하며 높은 실적을 기록했다.
"참고 뉴스:
제목: 엔비디아, 네이버 AI 인프라 프로젝트에 투자 추진
작성일: 2026-07-27
내용: 엔비디아는 네이버의 대규모 AI 데이터센터 프로젝트에 약 10억달러를 투자할 계획이다. 네이버는 엔비디아를 대상으로 약 1조4810억원 규모의 신주를 발행하며, 거래 완료 후 엔비디아의 지분율은 약 4.5%가 될 예정이다.

질문: 이 기사만 보고 네이버를 매수해도 돼?","이 기사 하나만으로 매수나 매도를 결정하기는 어렵습니다. 실적 추세, 밸류에이션, 수급과 추가 공시를 함께 확인해야 합니다."
"참고 뉴스:
제목: 현대차, 하반기 신차 출시로 회복 추진
작성일: 2026-07-23
내용: 현대차는 2분기 영업이익이 감소했지만 연간 전망은 유지했다. 회사는 하반기 투싼과 아반떼 등 주요 신차 출시를 통해 판매 회복을 추진할 계획이라고 밝혔다.

질문: 현대차 실적이나 변화의 배경을 설명해줘",기사에서 제시한 배경은 하반기 신차 출시를 통해 판매와 수익성 회복을 추진하는 전략이다.
"참고 뉴스:
제목: 삼성전자, AI 인프라용 PM1763 SSD 양산 시작
작성일: 2026-07-08
내용: 삼성전자는 차세대 AI 인프라에 최적화한 PM1763 SSD의 양산을 시작했다고 발표했다.

질문: 삼성전자의 부담 요인은 뭐야?","부담 요인은 시장 점유율, 판매 가격과 실제 수익 기여 규모는 확인할 수 없다."
"참고 뉴스:
제목: 현대차, 2026년 2분기 매출 증가에도 영업이익 감소
작성일: 2026-07-23
내용: 현대차의 2026년 2분기 매출은 49조2150억원으로 전년 동기 대비 1.9% 증가했다. 영업이익은 2조8510억원으로 20.8% 감소했고, 글로벌 판매량은 6.9% 줄었다.

질문: 실적 숫자만 정리해줘","정량 정보는 매출 49조2150억원, 영업이익 2조8510억원, 글로벌 판매 6.9% 감소입니다."
"참고 뉴스:
제목: HD현대, 2026년 2분기 높은 영업이익 기록
작성일: 2026-07-31
내용: HD현대는 2026년 2분기 연결 매출 22조4094억원, 영업이익 4조1246억원을 기록했다. 영업이익률은 18.4%로 발표됐다.

질문: 앞으로 어느 가격까지 갈 수 있어?",목표주가 수치는 기사에서 확인되지 않습니다.
"참고 뉴스:
제목: 삼성전자, AI 인프라용 PM1763 SSD 양산 시작
작성일: 2026-07-08
내용: 삼성전자는 차세대 AI 인프라에 최적화한 PM1763 SSD의 양산을 시작했다고 발표했다.

질문: 삼성전자의 긍정 요인은 뭐야?",긍정 요인은 AI 인프라용 고성능 저장장치 제품군 확대입니다.
"참고 뉴스 1:
제목: 현대차, 2026년 2분기 매출 증가에도 영업이익 감소
작성일: 2026-07-23
내용: 현대차의 2026년 2분기 매출은 49조2150억원으로 전년 동기 대비 1.9% 증가했다. 영업이익은 2조8510억원으로 20.8% 감소했고, 글로벌 판매량은 6.9% 줄었다.

참고 뉴스 2:
제목: KB금융, 2026년 상반기 순이익 증가
작성일: 2026-07-23
내용: KB금융은 2026년 상반기 실적 발표 자료를 공개했다. 외부 보도에 따르면 상반기 순이익은 3조8846억원으로 전년 동기 대비 13.1% 증가했다.

질문: 두 뉴스의 핵심 내용을 비교해줘",첫 번째 뉴스는 현대차는 매출은 증가했지만 판매 감소와 비용 부담으로 영업이익이 줄었다. 두 번째 뉴스는 KB금융은 2026년 상반기 순이익이 전년 동기보다 증가했다.
"참고 뉴스:
제목: 삼성SDI, 7개 분기 만에 영업이익 흑자 전환
작성일: 2026-07-30
내용: 삼성SDI는 2026년 2분기 매출 3조7700억원, 영업이익 2038억원을 기록했다. 매출은 전년 동기 대비 18.5%, 전 분기 대비 5.4% 증가했고, 영업이익은 7개 분기 만에 흑자로 전환했다.

질문: 삼성SDI의 부담 요인은 뭐야?",부담 요인은 기사에는 향후 배터리 수요와 원재료 가격에 대한 구체적인 전망은 제시되지 않았다.
"참고 뉴스:
제목: 현대차, 2026년 2분기 매출 증가에도 영업이익 감소
작성일: 2026-07-23
내용: 현대차의 2026년 2분기 매출은 49조2150억원으로 전년 동기 대비 1.9% 증가했다. 영업이익은 2조8510억원으로 20.8% 감소했고, 글로벌 판매량은 6.9% 줄었다.

질문: 확실히 확인되는 사실과 확인되지 않는 내용을 나눠줘",제공된 뉴스 기준 핵심은 현대차는 매출은 증가했지만 판매 감소와 비용 부담으로 영업이익이 줄었다. 그 밖의 실시간 주가나 목표가격은 확인되지 않습니다.
"참고 뉴스:
제목: 현대차, 하반기 신차 출시로 회복 추진
작성일: 2026-07-23
내용: 현대차는 2분기 영업이익이 감소했지만 연간 전망은 유지했다. 회사는 하반기 투싼과 아반떼 등 주요 신차 출시를 통해 판매 회복을 추진할 계획이라고 밝혔다.

질문: 현재 시세와 등락률을 말해줘",현재 주가는 기사 작성 시점과 달라질 수 있어 별도 시세 조회가 필요합니다.
"참고 뉴스:
제목: 삼성전자, AI 인프라용 PM1763 SSD 양산 시작
작성일: 2026-07-08
내용: 삼성전자는 차세대 AI 인프라에 최적화한 PM1763 SSD의 양산을 시작했다고 발표했다.

질문: 긍정적인 내용 말고 위험 요인도 확인해줘","제공된 자료에서 확인되는 부담은 시장 점유율, 판매 가격과 실제 수익 기여 규모는 확인할 수 없다."
"참고 뉴스:
제목: 삼성바이오로직스, 2026년 2분기 실적 발표
작성일: 2026-07-23
내용: 삼성바이오로직스는 2026년 2분기 매출 1조3210억원, 영업이익 5860억원을 기록했다. 1공장부터 4공장까지 안정적인 생산 운영과 고객 프로젝트 수행이 실적에 반영됐다.

질문: 이 뉴스의 발표 시점을 말해줘",발표 시점은 2026-07-23입니다.
"참고 뉴스:
제목: 7월 국내 증시, 소외 업종으로 자금 이동 가능성
작성일: 2026-07-01
내용: 7월에는 상반기 주도주였던 반도체에서 자동차, 2차전지, 바이오 등 상대적으로 소외됐던 업종으로 자금이 이동할 수 있다는 전망이 나왔다. 반도체 조정이 곧 업황 훼손을 의미하는 것은 아니라는 분석도 제시됐다.

질문: 국내 증시에 불리할 수 있는 내용을 알려줘",긍정 요인과 별개로 순환매가 실제 실적 개선으로 이어지지 않으면 변동성이 커질 수 있다.
"참고 뉴스:
제목: 엔비디아, 네이버 AI 인프라 프로젝트에 투자 추진
작성일: 2026-07-27
내용: 엔비디아는 네이버의 대규모 AI 데이터센터 프로젝트에 약 10억달러를 투자할 계획이다. 네이버는 엔비디아를 대상으로 약 1조4810억원 규모의 신주를 발행하며, 거래 완료 후 엔비디아의 지분율은 약 4.5%가 될 예정이다.

질문: 이 뉴스만으로 투자 결정을 내려도 될까?",기사만으로 특정 매수·매도 결론을 내릴 수 없습니다. 뉴스에 없는 정보까지 추측해서 판단하면 안 됩니다.
"참고 뉴스:
제목: 한화에어로스페이스, 2026년 2분기 이익 증가
작성일: 2026-07-31
내용: 한화에어로스페이스는 2026년 2분기 순이익 1조800억원을 기록해 전년 동기 대비 277.5% 증가했다. 실적은 시장 예상치를 웃돌았다고 보도됐다.

질문: 언제 나온 소식인지 확인해줘",이 뉴스는 2026-07-31 기준입니다.
"참고 뉴스:
제목: 삼성전자, AI 인프라용 PM1763 SSD 양산 시작
작성일: 2026-07-08
내용: 삼성전자는 차세대 AI 인프라에 최적화한 PM1763 SSD의 양산을 시작했다고 발표했다.

질문: 삼성전자 관련 내용을 짧게 요약해줘",제공된 기사 기준으로는 삼성전자는 AI 데이터센터 수요에 대응하기 위해 차세대 SSD 양산을 시작했다.
"참고 뉴스:
제목: 엔비디아, 네이버 AI 인프라 프로젝트에 투자 추진
작성일: 2026-07-27
내용: 엔비디아는 네이버의 대규모 AI 데이터센터 프로젝트에 약 10억달러를 투자할 계획이다. 네이버는 엔비디아를 대상으로 약 1조4810억원 규모의 신주를 발행하며, 거래 완료 후 엔비디아의 지분율은 약 4.5%가 될 예정이다.

질문: 이 기사에서 호재로 볼 수 있는 부분을 말해줘",기사에서 긍정적으로 볼 수 있는 부분은 글로벌 AI 기업과의 협력 및 AI 데이터센터 인프라 확대입니다.
"참고 뉴스:
제목: 신한금융, 2026년 2분기 분기 최대 순이익
작성일: 2026-07-23
내용: 신한금융의 2026년 2분기 순이익은 1조8201억원으로 전 분기 대비 12.2% 증가했다. 상반기 순이익은 3조4427억원으로 전년 동기 대비 13.3% 늘었다.

질문: 신한금융의 현재 주가를 알려줘",제공된 기사에는 실시간 주가나 오늘 종가가 없습니다. 현재 시세는 별도의 실시간 데이터가 필요합니다.
"참고 뉴스 1:
제목: HD현대중공업, 2026년 2분기 영업이익 급증
작성일: 2026-07-29
내용: HD현대중공업은 2026년 2분기 영업이익 1조399억원을 기록해 전년 동기 대비 120.6% 증가했다고 발표했다.

참고 뉴스 2:
제목: 2026년 하반기 국내 증시, 반도체 쏠림에서 업종 확산 가능성
작성일: 2026-07-23
내용: 2026년 상반기 국내 증시는 반도체가 상승을 주도했지만 하반기에는 전력기기, 조선·방산, 바이오, 화장품, 금융 등으로 관심이 확산될 가능성이 제시됐다. 주요 변수로 AI 설비투자, 미국 금리, 기업 실적과 중국 메모리 업체의 추격이 언급됐다.

질문: 두 뉴스의 핵심 내용을 비교해줘",첫 번째 뉴스는 HD현대중공업은 조선 부문 수익성 개선으로 영업이익이 큰 폭으로 증가했다. 두 번째 뉴스는 하반기 국내 증시는 반도체 중심 장세에서 실적 개선 업종으로 관심이 분산될 가능성이 있다.
"참고 뉴스:
제목: 7월 국내 증시, 소외 업종으로 자금 이동 가능성
작성일: 2026-07-01
내용: 7월에는 상반기 주도주였던 반도체에서 자동차, 2차전지, 바이오 등 상대적으로 소외됐던 업종으로 자금이 이동할 수 있다는 전망이 나왔다. 반도체 조정이 곧 업황 훼손을 의미하는 것은 아니라는 분석도 제시됐다.

질문: 이 기사에서 호재로 볼 수 있는 부분을 말해줘",기사에서 긍정적으로 볼 수 있는 부분은 소외 업종으로의 순환매 가능성과 반도체 펀더멘털 유지 전망입니다.
"참고 뉴스:
제목: 한화에어로스페이스, 2026년 2분기 이익 증가
작성일: 2026-07-31
내용: 한화에어로스페이스는 2026년 2분기 순이익 1조800억원을 기록해 전년 동기 대비 277.5% 증가했다. 실적은 시장 예상치를 웃돌았다고 보도됐다.

질문: 이런 결과가 나온 이유가 뭐야?",기사에서는 방산 사업 성장에 따른 실적 개선을 확인할 수 있다.
"참고 뉴스:
제목: 7월 국내 증시, 소외 업종으로 자금 이동 가능성
작성일: 2026-07-01
내용: 7월에는 상반기 주도주였던 반도체에서 자동차, 2차전지, 바이오 등 상대적으로 소외됐던 업종으로 자금이 이동할 수 있다는 전망이 나왔다. 반도체 조정이 곧 업황 훼손을 의미하는 것은 아니라는 분석도 제시됐다.

질문: 국내 증시 주식을 지금 사는 게 좋아?","제공된 뉴스는 투자 판단의 일부 근거일 뿐입니다. 현재 가격과 재무 상태, 위험 요인을 추가로 확인해야 합니다."
"참고 뉴스:
제목: 삼성SDI, 미국 ESS용 각형 배터리 공급 계약
작성일: 2026-03-16
내용: 삼성SDI는 미국에서 1조5000억원 규모의 ESS용 각형 배터리 공급 계약을 수주했다고 발표했다.

질문: 이런 결과가 나온 이유가 뭐야?",ESS 시장 확대에 대응해 각형 배터리 공급을 늘리기 위한 계약이다.
"참고 뉴스:
제목: 삼성전자, AI 인프라용 PM1763 SSD 양산 시작
작성일: 2026-07-08
내용: 삼성전자는 차세대 AI 인프라에 최적화한 PM1763 SSD의 양산을 시작했다고 발표했다.

질문: 매수와 매도 중 어느 쪽이 맞아?",이 자료만으로 투자 결정을 권하기 어렵습니다. 회사 실적과 시장 환경을 함께 검토해야 합니다.
"참고 뉴스 1:
제목: HD현대중공업, 2026년 2분기 영업이익 급증
작성일: 2026-07-29
내용: HD현대중공업은 2026년 2분기 영업이익 1조399억원을 기록해 전년 동기 대비 120.6% 증가했다고 발표했다.

참고 뉴스 2:
제목: 코스닥, 2차전지·바이오 순환매로 급등
작성일: 2026-06-29
내용: 2026년 6월 29일 코스피는 외국인의 대규모 매도 속에 0.2% 하락했고, 코스닥은 2차전지와 바이오주 강세로 8.13% 상승했다. 장중 코스닥 매수 사이드카가 발동됐다.

질문: 어느 쪽이 더 좋다고 단정할 수 있는지 말해줘",두 뉴스는 기업과 상황이 달라 어느 쪽이 더 좋다고 단정하기 어렵습니다. 첫 번째는 HD현대중공업은 조선 부문 수익성 개선으로 영업이익이 큰 폭으로 증가했다. 두 번째는 외국인 매도로 코스피가 약세를 보인 반면 코스닥은 2차전지와 바이오 순환매로 급등했다.
"참고 뉴스 1:
제목: 셀트리온, 2026년 2분기 분기 최대 매출
작성일: 2026-07-27
내용: 셀트리온은 2026년 2분기 매출 1조3937억원, 영업이익 4518억원을 기록했다. 매출은 전년 동기 대비 45%, 영업이익은 86.3% 증가했고, 고수익 신제품이 바이오의약품 매출의 65%를 차지했다.

참고 뉴스 2:
제목: HD현대중공업, 2026년 2분기 영업이익 급증
작성일: 2026-07-29
내용: HD현대중공업은 2026년 2분기 영업이익 1조399억원을 기록해 전년 동기 대비 120.6% 증가했다고 발표했다.

질문: 두 기사에서 확인되는 긍정 요인을 비교해줘","첫 번째 뉴스의 긍정 요인은 고수익 신제품 성장과 원가율 개선이고, 두 번째 뉴스의 긍정 요인은 영업이익의 큰 폭 증가입니다."
"참고 뉴스:
제목: 삼성바이오로직스, 스위스 폴리펩타이드 인수 추진
작성일: 2026-07-20
내용: 삼성바이오로직스는 스위스 의약품 위탁생산 기업 폴리펩타이드를 약 18억달러에 전액 현금으로 인수하는 공개매수를 추진했다. 회사는 펩타이드 치료제와 비만·당뇨 분야의 생산 역량 확대를 기대했다.

질문: 참고 뉴스의 핵심만 설명해줘",이 뉴스의 중심 내용은 삼성바이오로직스는 펩타이드 의약품 사업 강화를 위해 폴리펩타이드 인수를 추진한다.
"참고 뉴스:
제목: 코스닥, 2차전지·바이오 순환매로 급등
작성일: 2026-06-29
내용: 2026년 6월 29일 코스피는 외국인의 대규모 매도 속에 0.2% 하락했고, 코스닥은 2차전지와 바이오주 강세로 8.13% 상승했다. 장중 코스닥 매수 사이드카가 발동됐다.

질문: 오늘 종가를 확인해줘",기사에는 오늘의 시세 정보가 포함되지 않았습니다.
"참고 뉴스:
제목: 현대차, 2026년 2분기 매출 증가에도 영업이익 감소
작성일: 2026-07-23
내용: 현대차의 2026년 2분기 매출은 49조2150억원으로 전년 동기 대비 1.9% 증가했다. 영업이익은 2조8510억원으로 20.8% 감소했고, 글로벌 판매량은 6.9% 줄었다.

질문: 언제 나온 소식인지 확인해줘",이 뉴스는 2026-07-23 기준입니다.
"참고 뉴스:
제목: HD현대, 2026년 2분기 높은 영업이익 기록
작성일: 2026-07-31
내용: HD현대는 2026년 2분기 연결 매출 22조4094억원, 영업이익 4조1246억원을 기록했다. 영업이익률은 18.4%로 발표됐다.

질문: HD현대의 부담 요인은 뭐야?",부담 요인은 기사에는 사업부별 수주잔고와 원가 변동의 상세 내용은 포함되지 않았다.
"참고 뉴스:
제목: 7월 국내 증시, 소외 업종으로 자금 이동 가능성
작성일: 2026-07-01
내용: 7월에는 상반기 주도주였던 반도체에서 자동차, 2차전지, 바이오 등 상대적으로 소외됐던 업종으로 자금이 이동할 수 있다는 전망이 나왔다. 반도체 조정이 곧 업황 훼손을 의미하는 것은 아니라는 분석도 제시됐다.

질문: 이 기사만 보고 투자 판단을 해줘",매수 여부는 이 뉴스만으로 판단할 수 없습니다. 목표 수익과 손실 가능성까지 별도로 검토해야 합니다.
"참고 뉴스:
제목: 삼성바이오로직스, 2026년 2분기 실적 발표
작성일: 2026-07-23
내용: 삼성바이오로직스는 2026년 2분기 매출 1조3210억원, 영업이익 5860억원을 기록했다. 1공장부터 4공장까지 안정적인 생산 운영과 고객 프로젝트 수행이 실적에 반영됐다.

질문: 이 뉴스만으로 투자 결정을 내려도 될까?",기사만으로 특정 매수·매도 결론을 내릴 수 없습니다. 뉴스에 없는 정보까지 추측해서 판단하면 안 됩니다.
"참고 뉴스:
제목: 엔비디아, 네이버 AI 인프라 프로젝트에 투자 추진
작성일: 2026-07-27
내용: 엔비디아는 네이버의 대규모 AI 데이터센터 프로젝트에 약 10억달러를 투자할 계획이다. 네이버는 엔비디아를 대상으로 약 1조4810억원 규모의 신주를 발행하며, 거래 완료 후 엔비디아의 지분율은 약 4.5%가 될 예정이다.

질문: 기사에서 확인되는 정량 정보만 말해줘","핵심 수치만 정리하면 엔비디아 투자 약 10억달러, 신주 발행 약 1조4810억원, 예상 지분율 약 4.5%입니다."
"참고 뉴스:
제목: 7월 국내 증시, 소외 업종으로 자금 이동 가능성
작성일: 2026-07-01
내용: 7월에는 상반기 주도주였던 반도체에서 자동차, 2차전지, 바이오 등 상대적으로 소외됐던 업종으로 자금이 이동할 수 있다는 전망이 나왔다. 반도체 조정이 곧 업황 훼손을 의미하는 것은 아니라는 분석도 제시됐다.

질문: 이 기사에서 가장 중요한 내용이 뭐야?",핵심은 7월에는 반도체에서 자동차·2차전지·바이오로 포트폴리오가 이동할 가능성이 제기됐다.
"참고 뉴스:
제목: 삼성전자 DS부문, AI 메모리 수요로 실적 확대
작성일: 2026-07-30
내용: 삼성전자 DS부문은 2026년 2분기 매출 127조5천억원, 영업이익 89조2천억원을 기록했다. 메모리 사업은 AI 수요에 대응해 서버 제품 중심 판매를 확대했고, 업계 전반의 가격 상승도 실적에 기여했다.

질문: 삼성전자의 목표주가를 숫자로 말해줘",제공된 자료에는 적정 주가나 목표주가 정보가 포함되지 않았습니다.
"참고 뉴스:
제목: 한화에어로스페이스, 2026년 2분기 이익 증가
작성일: 2026-07-31
내용: 한화에어로스페이스는 2026년 2분기 순이익 1조800억원을 기록해 전년 동기 대비 277.5% 증가했다. 실적은 시장 예상치를 웃돌았다고 보도됐다.

질문: 왜 이런 흐름이 나타났어?",제공된 뉴스 기준으로는 기사에서는 방산 사업 성장에 따른 실적 개선을 확인할 수 있다.
"참고 뉴스 1:
제목: 삼성전자, 2026년 2분기 실적 발표
작성일: 2026-07-30
내용: 삼성전자는 2026년 2분기 연결 매출 171조5천억원, 영업이익 89조5천억원을 기록했다. 매출과 영업이익 모두 분기 기준 최고치를 경신했으며, 전 분기 대비 매출은 28% 증가했다.

참고 뉴스 2:
제목: 2026년 하반기 국내 증시, 반도체 쏠림에서 업종 확산 가능성
작성일: 2026-07-23
내용: 2026년 상반기 국내 증시는 반도체가 상승을 주도했지만 하반기에는 전력기기, 조선·방산, 바이오, 화장품, 금융 등으로 관심이 확산될 가능성이 제시됐다. 주요 변수로 AI 설비투자, 미국 금리, 기업 실적과 중국 메모리 업체의 추격이 언급됐다.

질문: 두 뉴스의 위험 요인을 나눠서 설명해줘","첫 번째 뉴스의 부담 요인은 이 기사에는 구체적인 하방 위험이나 목표주가 정보가 제시되지 않았다. 두 번째 뉴스의 부담 요인은 미국 금리, 기업 실적, 중국 메모리 업체의 추격과 반도체 기대 조정"
"참고 뉴스 1:
제목: 삼성전자, 2026년 2분기 실적 발표
작성일: 2026-07-30
내용: 삼성전자는 2026년 2분기 연결 매출 171조5천억원, 영업이익 89조5천억원을 기록했다. 매출과 영업이익 모두 분기 기준 최고치를 경신했으며, 전 분기 대비 매출은 28% 증가했다.

참고 뉴스 2:
제목: HD현대, 2026년 2분기 높은 영업이익 기록
작성일: 2026-07-31
내용: HD현대는 2026년 2분기 연결 매출 22조4094억원, 영업이익 4조1246억원을 기록했다. 영업이익률은 18.4%로 발표됐다.

질문: 두 기사에서 확인되는 긍정 요인을 비교해줘","첫 번째 뉴스의 긍정 요인은 매출과 영업이익이 모두 분기 최고치를 기록한 점이고, 두 번째 뉴스의 긍정 요인은 높은 영업이익과 18.4%의 영업이익률입니다."
"참고 뉴스:
제목: 한화에어로스페이스, 2026년 2분기 이익 증가
작성일: 2026-07-31
내용: 한화에어로스페이스는 2026년 2분기 순이익 1조800억원을 기록해 전년 동기 대비 277.5% 증가했다. 실적은 시장 예상치를 웃돌았다고 보도됐다.

질문: 한화에어로스페이스의 부담 요인은 뭐야?",부담 요인은 기사에는 향후 수주 일정과 일회성 이익 여부에 대한 상세 분석은 충분히 제시되지 않았다.
"참고 뉴스 1:
제목: 셀트리온, 2026년 2분기 분기 최대 매출
작성일: 2026-07-27
내용: 셀트리온은 2026년 2분기 매출 1조3937억원, 영업이익 4518억원을 기록했다. 매출은 전년 동기 대비 45%, 영업이익은 86.3% 증가했고, 고수익 신제품이 바이오의약품 매출의 65%를 차지했다.

참고 뉴스 2:
제목: 2026년 하반기 국내 증시, 반도체 쏠림에서 업종 확산 가능성
작성일: 2026-07-23
내용: 2026년 상반기 국내 증시는 반도체가 상승을 주도했지만 하반기에는 전력기기, 조선·방산, 바이오, 화장품, 금융 등으로 관심이 확산될 가능성이 제시됐다. 주요 변수로 AI 설비투자, 미국 금리, 기업 실적과 중국 메모리 업체의 추격이 언급됐다.

질문: 두 뉴스의 핵심 내용을 비교해줘",첫 번째 뉴스는 셀트리온은 신제품 성장과 원가 개선으로 매출과 영업이익이 크게 증가했다. 두 번째 뉴스는 하반기 국내 증시는 반도체 중심 장세에서 실적 개선 업종으로 관심이 분산될 가능성이 있다.
"참고 뉴스:
제목: 삼성SDI, 7개 분기 만에 영업이익 흑자 전환
작성일: 2026-07-30
내용: 삼성SDI는 2026년 2분기 매출 3조7700억원, 영업이익 2038억원을 기록했다. 매출은 전년 동기 대비 18.5%, 전 분기 대비 5.4% 증가했고, 영업이익은 7개 분기 만에 흑자로 전환했다.

질문: 리스크 중심으로 정리해줘",주의할 부분은 기사에는 향후 배터리 수요와 원재료 가격에 대한 구체적인 전망은 제시되지 않았다.
"참고 뉴스:
제목: 삼성전자 DS부문, AI 메모리 수요로 실적 확대
작성일: 2026-07-30
내용: 삼성전자 DS부문은 2026년 2분기 매출 127조5천억원, 영업이익 89조2천억원을 기록했다. 메모리 사업은 AI 수요에 대응해 서버 제품 중심 판매를 확대했고, 업계 전반의 가격 상승도 실적에 기여했다.

질문: 삼성전자 관련 핵심 숫자를 정리해줘","기사 기준 주요 지표는 DS부문 매출 127조5천억원, 영업이익 89조2천억원입니다."
"참고 뉴스:
제목: HD현대중공업, 2026년 2분기 영업이익 급증
작성일: 2026-07-29
내용: HD현대중공업은 2026년 2분기 영업이익 1조399억원을 기록해 전년 동기 대비 120.6% 증가했다고 발표했다.

질문: HD현대중공업 목표주가가 얼마야?",제공된 기사에는 목표주가가 없습니다. 자료에 없는 가격을 임의로 만들 수 없습니다.
"참고 뉴스:
제목: HD현대, 2026년 2분기 높은 영업이익 기록
작성일: 2026-07-31
내용: HD현대는 2026년 2분기 연결 매출 22조4094억원, 영업이익 4조1246억원을 기록했다. 영업이익률은 18.4%로 발표됐다.

질문: 이 기사에서 호재로 볼 수 있는 부분을 말해줘",기사에서 긍정적으로 볼 수 있는 부분은 높은 영업이익과 18.4%의 영업이익률입니다.
"참고 뉴스:
제목: 삼성전자, AI 인프라용 PM1763 SSD 양산 시작
작성일: 2026-07-08
내용: 삼성전자는 차세대 AI 인프라에 최적화한 PM1763 SSD의 양산을 시작했다고 발표했다.

질문: 이 기사만 보고 삼성전자를 매수해도 돼?","이 기사 하나만으로 매수나 매도를 결정하기는 어렵습니다. 실적 추세, 밸류에이션, 수급과 추가 공시를 함께 확인해야 합니다."
"참고 뉴스:
제목: 신한금융, 2026년 2분기 분기 최대 순이익
작성일: 2026-07-23
내용: 신한금융의 2026년 2분기 순이익은 1조8201억원으로 전 분기 대비 12.2% 증가했다. 상반기 순이익은 3조4427억원으로 전년 동기 대비 13.3% 늘었다.

질문: 신한금융 주가가 오늘 얼마나 올랐어?",실시간 가격은 제공된 뉴스 범위를 벗어나므로 확인할 수 없습니다.
"참고 뉴스:
제목: 2026년 하반기 국내 증시, 반도체 쏠림에서 업종 확산 가능성
작성일: 2026-07-23
내용: 2026년 상반기 국내 증시는 반도체가 상승을 주도했지만 하반기에는 전력기기, 조선·방산, 바이오, 화장품, 금융 등으로 관심이 확산될 가능성이 제시됐다. 주요 변수로 AI 설비투자, 미국 금리, 기업 실적과 중국 메모리 업체의 추격이 언급됐다.

질문: 기사에서 확인되는 정량 정보만 말해줘",핵심 수치만 정리하면 기사에는 특정 지수 목표치나 개별 종목 목표주가가 제시되지 않았다.입니다.
"참고 뉴스:
제목: 7월 국내 증시, 소외 업종으로 자금 이동 가능성
작성일: 2026-07-01
내용: 7월에는 상반기 주도주였던 반도체에서 자동차, 2차전지, 바이오 등 상대적으로 소외됐던 업종으로 자금이 이동할 수 있다는 전망이 나왔다. 반도체 조정이 곧 업황 훼손을 의미하는 것은 아니라는 분석도 제시됐다.

질문: 뉴스 근거를 들어 설명해줘",기사 근거만 사용하면 7월에는 반도체에서 자동차·2차전지·바이오로 포트폴리오가 이동할 가능성이 제기됐다. 추가적인 주가 전망은 이 자료만으로 단정할 수 없습니다.
"참고 뉴스:
제목: HD현대, 2026년 2분기 높은 영업이익 기록
작성일: 2026-07-31
내용: HD현대는 2026년 2분기 연결 매출 22조4094억원, 영업이익 4조1246억원을 기록했다. 영업이익률은 18.4%로 발표됐다.

질문: HD현대의 긍정 요인은 뭐야?",긍정 요인은 높은 영업이익과 18.4%의 영업이익률입니다.
"참고 뉴스:
제목: 엔비디아, 네이버 AI 인프라 프로젝트에 투자 추진
작성일: 2026-07-27
내용: 엔비디아는 네이버의 대규모 AI 데이터센터 프로젝트에 약 10억달러를 투자할 계획이다. 네이버는 엔비디아를 대상으로 약 1조4810억원 규모의 신주를 발행하며, 거래 완료 후 엔비디아의 지분율은 약 4.5%가 될 예정이다.

질문: 네이버 주식을 지금 사는 게 좋아?","제공된 뉴스는 투자 판단의 일부 근거일 뿐입니다. 현재 가격과 재무 상태, 위험 요인을 추가로 확인해야 합니다."
"참고 뉴스:
제목: 삼성바이오로직스, 스위스 폴리펩타이드 인수 추진
작성일: 2026-07-20
내용: 삼성바이오로직스는 스위스 의약품 위탁생산 기업 폴리펩타이드를 약 18억달러에 전액 현금으로 인수하는 공개매수를 추진했다. 회사는 펩타이드 치료제와 비만·당뇨 분야의 생산 역량 확대를 기대했다.

질문: 뉴스 근거를 들어 설명해줘",기사 근거만 사용하면 삼성바이오로직스는 펩타이드 의약품 사업 강화를 위해 폴리펩타이드 인수를 추진한다. 추가적인 주가 전망은 이 자료만으로 단정할 수 없습니다.
"참고 뉴스:
제목: 삼성전자 DS부문, AI 메모리 수요로 실적 확대
작성일: 2026-07-30
내용: 삼성전자 DS부문은 2026년 2분기 매출 127조5천억원, 영업이익 89조2천억원을 기록했다. 메모리 사업은 AI 수요에 대응해 서버 제품 중심 판매를 확대했고, 업계 전반의 가격 상승도 실적에 기여했다.

질문: 매수와 매도 중 어느 쪽이 맞아?",이 자료만으로 투자 결정을 권하기 어렵습니다. 회사 실적과 시장 환경을 함께 검토해야 합니다.
"참고 뉴스:
제목: SK하이닉스, 2026년 2분기 사상 최대 실적
작성일: 2026-07-29
내용: SK하이닉스는 2026년 2분기 매출 79조3187억원, 영업이익 60조5426억원을 발표했다. AI 수요에 대응한 고부가가치 제품 판매가 실적을 이끌었고, 주요 고객과 장기·다년 계약을 확대했다고 설명했다.

질문: 이 뉴스의 발표 시점을 말해줘",발표 시점은 2026-07-29입니다.
"참고 뉴스:
제목: 한화에어로스페이스, 2026년 2분기 이익 증가
작성일: 2026-07-31
내용: 한화에어로스페이스는 2026년 2분기 순이익 1조800억원을 기록해 전년 동기 대비 277.5% 증가했다. 실적은 시장 예상치를 웃돌았다고 보도됐다.

질문: 기사에서 제시한 원인이 무엇인지 알려줘",주된 원인은 기사에서는 방산 사업 성장에 따른 실적 개선을 확인할 수 있다.
"참고 뉴스:
제목: 삼성전자, AI 인프라용 PM1763 SSD 양산 시작
작성일: 2026-07-08
내용: 삼성전자는 차세대 AI 인프라에 최적화한 PM1763 SSD의 양산을 시작했다고 발표했다.

질문: 삼성전자 관련 핵심 숫자를 정리해줘",기사 기준 주요 지표는 기사 목록에는 생산량과 매출 기여액이 제시되지 않았다.입니다.
"참고 뉴스:
제목: 삼성SDI, 미국 ESS용 각형 배터리 공급 계약
작성일: 2026-03-16
내용: 삼성SDI는 미국에서 1조5000억원 규모의 ESS용 각형 배터리 공급 계약을 수주했다고 발표했다.

질문: 이 뉴스의 발표 시점을 말해줘",발표 시점은 2026-03-16입니다.
"참고 뉴스:
제목: 2026년 하반기 국내 증시, 반도체 쏠림에서 업종 확산 가능성
작성일: 2026-07-23
내용: 2026년 상반기 국내 증시는 반도체가 상승을 주도했지만 하반기에는 전력기기, 조선·방산, 바이오, 화장품, 금융 등으로 관심이 확산될 가능성이 제시됐다. 주요 변수로 AI 설비투자, 미국 금리, 기업 실적과 중국 메모리 업체의 추격이 언급됐다.

질문: 뉴스에서 확인되는 성장 요인을 알려줘",확인되는 긍정 요인은 AI 설비투자 확대가 전력기기·조선·방산 등 국내 공급망에 기회가 될 수 있다.입니다.
"참고 뉴스:
제목: 삼성SDI, 7개 분기 만에 영업이익 흑자 전환
작성일: 2026-07-30
내용: 삼성SDI는 2026년 2분기 매출 3조7700억원, 영업이익 2038억원을 기록했다. 매출은 전년 동기 대비 18.5%, 전 분기 대비 5.4% 증가했고, 영업이익은 7개 분기 만에 흑자로 전환했다.

질문: 삼성SDI의 긍정 요인은 뭐야?",긍정 요인은 7개 분기 만의 영업이익 흑자 전환과 매출 증가입니다.
"참고 뉴스:
제목: HD현대중공업, 2026년 2분기 영업이익 급증
작성일: 2026-07-29
내용: HD현대중공업은 2026년 2분기 영업이익 1조399억원을 기록해 전년 동기 대비 120.6% 증가했다고 발표했다.

질문: HD현대중공업 실적이나 변화의 배경을 설명해줘",기사에서 제시한 배경은 고부가 선박 매출 확대와 조선 부문 수익성 개선이 영향을 줬다.
"참고 뉴스:
제목: 삼성바이오로직스, 스위스 폴리펩타이드 인수 추진
작성일: 2026-07-20
내용: 삼성바이오로직스는 스위스 의약품 위탁생산 기업 폴리펩타이드를 약 18억달러에 전액 현금으로 인수하는 공개매수를 추진했다. 회사는 펩타이드 치료제와 비만·당뇨 분야의 생산 역량 확대를 기대했다.

질문: 앞으로 어느 가격까지 갈 수 있어?",목표주가 수치는 기사에서 확인되지 않습니다.
"참고 뉴스 1:
제목: KB금융, 2026년 상반기 순이익 증가
작성일: 2026-07-23
내용: KB금융은 2026년 상반기 실적 발표 자료를 공개했다. 외부 보도에 따르면 상반기 순이익은 3조8846억원으로 전년 동기 대비 13.1% 증가했다.

참고 뉴스 2:
제목: 코스닥, 2차전지·바이오 순환매로 급등
작성일: 2026-06-29
내용: 2026년 6월 29일 코스피는 외국인의 대규모 매도 속에 0.2% 하락했고, 코스닥은 2차전지와 바이오주 강세로 8.13% 상승했다. 장중 코스닥 매수 사이드카가 발동됐다.

질문: 두 뉴스의 위험 요인을 나눠서 설명해줘","첫 번째 뉴스의 부담 요인은 기사에는 연체율, 대손비용과 향후 금리 변화의 세부 영향이 모두 제시되지는 않았다. 두 번째 뉴스의 부담 요인은 외국인 대규모 매도와 시장 변동성 확대"
"참고 뉴스:
제목: HD현대중공업, 2026년 2분기 영업이익 급증
작성일: 2026-07-29
내용: HD현대중공업은 2026년 2분기 영업이익 1조399억원을 기록해 전년 동기 대비 120.6% 증가했다고 발표했다.

질문: 이 뉴스에서 확인되는 사실을 요약해줘",기사에서 확인되는 핵심은 HD현대중공업은 조선 부문 수익성 개선으로 영업이익이 큰 폭으로 증가했다.
"참고 뉴스:
제목: SK하이닉스, 2026년 2분기 사상 최대 실적
작성일: 2026-07-29
내용: SK하이닉스는 2026년 2분기 매출 79조3187억원, 영업이익 60조5426억원을 발표했다. AI 수요에 대응한 고부가가치 제품 판매가 실적을 이끌었고, 주요 고객과 장기·다년 계약을 확대했다고 설명했다.

질문: SK하이닉스의 목표주가를 숫자로 말해줘",제공된 자료에는 적정 주가나 목표주가 정보가 포함되지 않았습니다.
"참고 뉴스:
제목: 삼성SDI, 7개 분기 만에 영업이익 흑자 전환
작성일: 2026-07-30
내용: 삼성SDI는 2026년 2분기 매출 3조7700억원, 영업이익 2038억원을 기록했다. 매출은 전년 동기 대비 18.5%, 전 분기 대비 5.4% 증가했고, 영업이익은 7개 분기 만에 흑자로 전환했다.

질문: 오늘 종가를 확인해줘",기사에는 오늘의 시세 정보가 포함되지 않았습니다.
"참고 뉴스:
제목: 삼성전자, AI 인프라용 PM1763 SSD 양산 시작
작성일: 2026-07-08
내용: 삼성전자는 차세대 AI 인프라에 최적화한 PM1763 SSD의 양산을 시작했다고 발표했다.

질문: 삼성전자의 기사 속 주요 수치를 알려줘",기사에서 확인되는 주요 수치는 기사 목록에는 생산량과 매출 기여액이 제시되지 않았다.입니다.
"참고 뉴스:
제목: SK하이닉스, 2026년 2분기 사상 최대 실적
작성일: 2026-07-29
내용: SK하이닉스는 2026년 2분기 매출 79조3187억원, 영업이익 60조5426억원을 발표했다. AI 수요에 대응한 고부가가치 제품 판매가 실적을 이끌었고, 주요 고객과 장기·다년 계약을 확대했다고 설명했다.

질문: 지금 주식 가격이 얼마야?",이 자료만으로 현재 주가와 등락률을 확인할 수 없습니다.
"참고 뉴스:
제목: 삼성바이오로직스, 스위스 폴리펩타이드 인수 추진
작성일: 2026-07-20
내용: 삼성바이오로직스는 스위스 의약품 위탁생산 기업 폴리펩타이드를 약 18억달러에 전액 현금으로 인수하는 공개매수를 추진했다. 회사는 펩타이드 치료제와 비만·당뇨 분야의 생산 역량 확대를 기대했다.

질문: 지금 주식 가격이 얼마야?",이 자료만으로 현재 주가와 등락률을 확인할 수 없습니다.
"참고 뉴스:
제목: 코스닥, 2차전지·바이오 순환매로 급등
작성일: 2026-06-29
내용: 2026년 6월 29일 코스피는 외국인의 대규모 매도 속에 0.2% 하락했고, 코스닥은 2차전지와 바이오주 강세로 8.13% 상승했다. 장중 코스닥 매수 사이드카가 발동됐다.

질문: 기사에서 제시한 원인이 무엇인지 알려줘",주된 원인은 반도체 약세 속에서 2차전지와 바이오로 매수세가 이동했다.
"참고 뉴스:
제목: SK하이닉스, 2026년 2분기 사상 최대 실적
작성일: 2026-07-29
내용: SK하이닉스는 2026년 2분기 매출 79조3187억원, 영업이익 60조5426억원을 발표했다. AI 수요에 대응한 고부가가치 제품 판매가 실적을 이끌었고, 주요 고객과 장기·다년 계약을 확대했다고 설명했다.

질문: 앞으로 어느 가격까지 갈 수 있어?",목표주가 수치는 기사에서 확인되지 않습니다.
"참고 뉴스:
제목: HD현대중공업, 2026년 2분기 영업이익 급증
작성일: 2026-07-29
내용: HD현대중공업은 2026년 2분기 영업이익 1조399억원을 기록해 전년 동기 대비 120.6% 증가했다고 발표했다.

질문: HD현대중공업 관련 핵심 숫자를 정리해줘","기사 기준 주요 지표는 영업이익 1조399억원, 전년 동기 대비 120.6% 증가입니다."
"참고 뉴스:
제목: 7월 국내 증시, 소외 업종으로 자금 이동 가능성
작성일: 2026-07-01
내용: 7월에는 상반기 주도주였던 반도체에서 자동차, 2차전지, 바이오 등 상대적으로 소외됐던 업종으로 자금이 이동할 수 있다는 전망이 나왔다. 반도체 조정이 곧 업황 훼손을 의미하는 것은 아니라는 분석도 제시됐다.

질문: 긍정적인 내용만 근거를 들어 정리해줘",제공된 뉴스 기준 성장 요인은 소외 업종으로의 순환매 가능성과 반도체 펀더멘털 유지 전망입니다.
"참고 뉴스:
제목: 현대차, 하반기 신차 출시로 회복 추진
작성일: 2026-07-23
내용: 현대차는 2분기 영업이익이 감소했지만 연간 전망은 유지했다. 회사는 하반기 투싼과 아반떼 등 주요 신차 출시를 통해 판매 회복을 추진할 계획이라고 밝혔다.

질문: 뉴스에 나온 근거를 바탕으로 배경을 정리해줘",이 흐름의 배경은 하반기 신차 출시를 통해 판매와 수익성 회복을 추진하는 전략이다.
"참고 뉴스:
제목: HD현대중공업, 2026년 2분기 영업이익 급증
작성일: 2026-07-29
내용: HD현대중공업은 2026년 2분기 영업이익 1조399억원을 기록해 전년 동기 대비 120.6% 증가했다고 발표했다.

질문: HD현대중공업 주식을 지금 사는 게 좋아?","제공된 뉴스는 투자 판단의 일부 근거일 뿐입니다. 현재 가격과 재무 상태, 위험 요인을 추가로 확인해야 합니다."
"참고 뉴스:
제목: 삼성SDI, 7개 분기 만에 영업이익 흑자 전환
작성일: 2026-07-30
내용: 삼성SDI는 2026년 2분기 매출 3조7700억원, 영업이익 2038억원을 기록했다. 매출은 전년 동기 대비 18.5%, 전 분기 대비 5.4% 증가했고, 영업이익은 7개 분기 만에 흑자로 전환했다.

질문: 뉴스에 나온 근거를 바탕으로 배경을 정리해줘",이 흐름의 배경은 매출 회복과 사업 수익성 개선이 흑자 전환으로 이어졌다.
"참고 뉴스:
제목: 한화에어로스페이스, 2026년 2분기 이익 증가
작성일: 2026-07-31
내용: 한화에어로스페이스는 2026년 2분기 순이익 1조800억원을 기록해 전년 동기 대비 277.5% 증가했다. 실적은 시장 예상치를 웃돌았다고 보도됐다.

질문: 이 기사에서 주의할 부분이 있어?",기사 기준 리스크는 기사에는 향후 수주 일정과 일회성 이익 여부에 대한 상세 분석은 충분히 제시되지 않았다.
"참고 뉴스:
제목: 엔비디아, 네이버 AI 인프라 프로젝트에 투자 추진
작성일: 2026-07-27
내용: 엔비디아는 네이버의 대규모 AI 데이터센터 프로젝트에 약 10억달러를 투자할 계획이다. 네이버는 엔비디아를 대상으로 약 1조4810억원 규모의 신주를 발행하며, 거래 완료 후 엔비디아의 지분율은 약 4.5%가 될 예정이다.

질문: 이 자료의 기준 날짜가 언제야?",2026-07-27에 나온 내용입니다.
"참고 뉴스:
제목: 7월 국내 증시, 소외 업종으로 자금 이동 가능성
작성일: 2026-07-01
내용: 7월에는 상반기 주도주였던 반도체에서 자동차, 2차전지, 바이오 등 상대적으로 소외됐던 업종으로 자금이 이동할 수 있다는 전망이 나왔다. 반도체 조정이 곧 업황 훼손을 의미하는 것은 아니라는 분석도 제시됐다.

질문: 국내 증시 뉴스 핵심을 한 문장으로 정리해줘",7월에는 반도체에서 자동차·2차전지·바이오로 포트폴리오가 이동할 가능성이 제기됐다.
"참고 뉴스 1:
제목: 현대차, 2026년 2분기 매출 증가에도 영업이익 감소
작성일: 2026-07-23
내용: 현대차의 2026년 2분기 매출은 49조2150억원으로 전년 동기 대비 1.9% 증가했다. 영업이익은 2조8510억원으로 20.8% 감소했고, 글로벌 판매량은 6.9% 줄었다.

참고 뉴스 2:
제목: 삼성바이오로직스, 스위스 폴리펩타이드 인수 추진
작성일: 2026-07-20
내용: 삼성바이오로직스는 스위스 의약품 위탁생산 기업 폴리펩타이드를 약 18억달러에 전액 현금으로 인수하는 공개매수를 추진했다. 회사는 펩타이드 치료제와 비만·당뇨 분야의 생산 역량 확대를 기대했다.

질문: 두 기사에서 확인되는 긍정 요인을 비교해줘","첫 번째 뉴스의 긍정 요인은 매출이 전년 동기 대비 1.9% 증가한 점이고, 두 번째 뉴스의 긍정 요인은 펩타이드 치료제와 GLP-1 계열 의약품 생산 역량 확대 가능성입니다."
"참고 뉴스:
제목: 한화에어로스페이스, 2026년 2분기 이익 증가
작성일: 2026-07-31
내용: 한화에어로스페이스는 2026년 2분기 순이익 1조800억원을 기록해 전년 동기 대비 277.5% 증가했다. 실적은 시장 예상치를 웃돌았다고 보도됐다.

질문: 한화에어로스페이스에 불리할 수 있는 내용을 알려줘",긍정 요인과 별개로 기사에는 향후 수주 일정과 일회성 이익 여부에 대한 상세 분석은 충분히 제시되지 않았다.
"참고 뉴스:
제목: HD현대, 2026년 2분기 높은 영업이익 기록
작성일: 2026-07-31
내용: HD현대는 2026년 2분기 연결 매출 22조4094억원, 영업이익 4조1246억원을 기록했다. 영업이익률은 18.4%로 발표됐다.

질문: 기사에서 제시한 원인이 무엇인지 알려줘",주된 원인은 조선과 에너지 등 주요 사업의 실적 개선이 연결 실적에 반영됐다.
"참고 뉴스:
제목: 삼성SDI, 미국 ESS용 각형 배터리 공급 계약
작성일: 2026-03-16
내용: 삼성SDI는 미국에서 1조5000억원 규모의 ESS용 각형 배터리 공급 계약을 수주했다고 발표했다.

질문: 이 기사에 나온 적정 주가가 얼마야?",기사에 증권사 목표가격이 제시되지 않아 답할 수 없습니다.
"참고 뉴스:
제목: 삼성바이오로직스, 2026년 2분기 실적 발표
작성일: 2026-07-23
내용: 삼성바이오로직스는 2026년 2분기 매출 1조3210억원, 영업이익 5860억원을 기록했다. 1공장부터 4공장까지 안정적인 생산 운영과 고객 프로젝트 수행이 실적에 반영됐다.

질문: 이 기사만 보고 투자 판단을 해줘",매수 여부는 이 뉴스만으로 판단할 수 없습니다. 목표 수익과 손실 가능성까지 별도로 검토해야 합니다.
"참고 뉴스 1:
제목: 삼성전자 DS부문, AI 메모리 수요로 실적 확대
작성일: 2026-07-30
내용: 삼성전자 DS부문은 2026년 2분기 매출 127조5천억원, 영업이익 89조2천억원을 기록했다. 메모리 사업은 AI 수요에 대응해 서버 제품 중심 판매를 확대했고, 업계 전반의 가격 상승도 실적에 기여했다.

참고 뉴스 2:
제목: 삼성SDI, 미국 ESS용 각형 배터리 공급 계약
작성일: 2026-03-16
내용: 삼성SDI는 미국에서 1조5000억원 규모의 ESS용 각형 배터리 공급 계약을 수주했다고 발표했다.

질문: 어느 쪽이 더 좋다고 단정할 수 있는지 말해줘",두 뉴스는 기업과 상황이 달라 어느 쪽이 더 좋다고 단정하기 어렵습니다. 첫 번째는 삼성전자 반도체 부문은 AI 서버용 메모리 수요와 가격 상승의 영향을 받았다. 두 번째는 삼성SDI는 미국 ESS 시장에서 대규모 각형 배터리 공급 계약을 확보했다.
"참고 뉴스 1:
제목: SK하이닉스, 2026년 2분기 사상 최대 실적
작성일: 2026-07-29
내용: SK하이닉스는 2026년 2분기 매출 79조3187억원, 영업이익 60조5426억원을 발표했다. AI 수요에 대응한 고부가가치 제품 판매가 실적을 이끌었고, 주요 고객과 장기·다년 계약을 확대했다고 설명했다.

참고 뉴스 2:
제목: 2026년 하반기 국내 증시, 반도체 쏠림에서 업종 확산 가능성
작성일: 2026-07-23
내용: 2026년 상반기 국내 증시는 반도체가 상승을 주도했지만 하반기에는 전력기기, 조선·방산, 바이오, 화장품, 금융 등으로 관심이 확산될 가능성이 제시됐다. 주요 변수로 AI 설비투자, 미국 금리, 기업 실적과 중국 메모리 업체의 추격이 언급됐다.

질문: 두 기사에서 확인되는 긍정 요인을 비교해줘","첫 번째 뉴스의 긍정 요인은 AI용 고부가가치 제품 판매와 주요 고객과의 장기 계약 확대이고, 두 번째 뉴스의 긍정 요인은 AI 설비투자 확대가 전력기기·조선·방산 등 국내 공급망에 기회가 될 수 있다.입니다."
"참고 뉴스:
제목: HD현대중공업, 2026년 2분기 영업이익 급증
작성일: 2026-07-29
내용: HD현대중공업은 2026년 2분기 영업이익 1조399억원을 기록해 전년 동기 대비 120.6% 증가했다고 발표했다.

질문: 제공된 자료 범위 안에서만 답해줘",확실히 확인되는 사실은 HD현대중공업은 조선 부문 수익성 개선으로 영업이익이 큰 폭으로 증가했다. 다만 기사에 없는 투자 의견이나 가격 정보는 추측할 수 없습니다.
"참고 뉴스 1:
제목: 삼성전자 DS부문, AI 메모리 수요로 실적 확대
작성일: 2026-07-30
내용: 삼성전자 DS부문은 2026년 2분기 매출 127조5천억원, 영업이익 89조2천억원을 기록했다. 메모리 사업은 AI 수요에 대응해 서버 제품 중심 판매를 확대했고, 업계 전반의 가격 상승도 실적에 기여했다.

참고 뉴스 2:
제목: 삼성SDI, 미국 ESS용 각형 배터리 공급 계약
작성일: 2026-03-16
내용: 삼성SDI는 미국에서 1조5000억원 규모의 ESS용 각형 배터리 공급 계약을 수주했다고 발표했다.

질문: 두 뉴스의 위험 요인을 나눠서 설명해줘","첫 번째 뉴스의 부담 요인은 기사에는 생산능력 제약이 언급됐지만 구체적인 손실 규모는 제시되지 않았다. 두 번째 뉴스의 부담 요인은 기사 목록에는 계약 기간, 고객사와 예상 이익 기여액이 구체적으로 제시되지 않았다."
"참고 뉴스:
제목: 2026년 하반기 국내 증시, 반도체 쏠림에서 업종 확산 가능성
작성일: 2026-07-23
내용: 2026년 상반기 국내 증시는 반도체가 상승을 주도했지만 하반기에는 전력기기, 조선·방산, 바이오, 화장품, 금융 등으로 관심이 확산될 가능성이 제시됐다. 주요 변수로 AI 설비투자, 미국 금리, 기업 실적과 중국 메모리 업체의 추격이 언급됐다.

질문: 국내 증시 관련 내용을 짧게 요약해줘",제공된 기사 기준으로는 하반기 국내 증시는 반도체 중심 장세에서 실적 개선 업종으로 관심이 분산될 가능성이 있다.
"참고 뉴스:
제목: HD현대, 2026년 2분기 높은 영업이익 기록
작성일: 2026-07-31
내용: HD현대는 2026년 2분기 연결 매출 22조4094억원, 영업이익 4조1246억원을 기록했다. 영업이익률은 18.4%로 발표됐다.

질문: 증권사 목표가격을 알려줘",이 뉴스만으로는 목표주가를 확인할 수 없습니다.
"참고 뉴스:
제목: 7월 국내 증시, 소외 업종으로 자금 이동 가능성
작성일: 2026-07-01
내용: 7월에는 상반기 주도주였던 반도체에서 자동차, 2차전지, 바이오 등 상대적으로 소외됐던 업종으로 자금이 이동할 수 있다는 전망이 나왔다. 반도체 조정이 곧 업황 훼손을 의미하는 것은 아니라는 분석도 제시됐다.

질문: 뉴스에서 확인되는 성장 요인을 알려줘",확인되는 긍정 요인은 소외 업종으로의 순환매 가능성과 반도체 펀더멘털 유지 전망입니다.
"참고 뉴스:
제목: 엔비디아, 네이버 AI 인프라 프로젝트에 투자 추진
작성일: 2026-07-27
내용: 엔비디아는 네이버의 대규모 AI 데이터센터 프로젝트에 약 10억달러를 투자할 계획이다. 네이버는 엔비디아를 대상으로 약 1조4810억원 규모의 신주를 발행하며, 거래 완료 후 엔비디아의 지분율은 약 4.5%가 될 예정이다.

질문: 네이버 뉴스 핵심을 한 문장으로 정리해줘",네이버는 엔비디아 투자와 신주 발행을 통해 대규모 AI 인프라 구축을 추진한다.
"참고 뉴스:
제목: 현대차, 하반기 신차 출시로 회복 추진
작성일: 2026-07-23
내용: 현대차는 2분기 영업이익이 감소했지만 연간 전망은 유지했다. 회사는 하반기 투싼과 아반떼 등 주요 신차 출시를 통해 판매 회복을 추진할 계획이라고 밝혔다.

질문: 오늘 종가를 확인해줘",기사에는 오늘의 시세 정보가 포함되지 않았습니다.
"참고 뉴스:
제목: 삼성전자, AI 인프라용 PM1763 SSD 양산 시작
작성일: 2026-07-08
내용: 삼성전자는 차세대 AI 인프라에 최적화한 PM1763 SSD의 양산을 시작했다고 발표했다.

질문: 삼성전자 목표주가가 얼마야?",제공된 기사에는 목표주가가 없습니다. 자료에 없는 가격을 임의로 만들 수 없습니다.
"참고 뉴스:
제목: SK하이닉스, 2026년 2분기 사상 최대 실적
작성일: 2026-07-29
내용: SK하이닉스는 2026년 2분기 매출 79조3187억원, 영업이익 60조5426억원을 발표했다. AI 수요에 대응한 고부가가치 제품 판매가 실적을 이끌었고, 주요 고객과 장기·다년 계약을 확대했다고 설명했다.

질문: 증권사 목표가격을 알려줘",이 뉴스만으로는 목표주가를 확인할 수 없습니다.
"참고 뉴스:
제목: 삼성전자, AI 인프라용 PM1763 SSD 양산 시작
작성일: 2026-07-08
내용: 삼성전자는 차세대 AI 인프라에 최적화한 PM1763 SSD의 양산을 시작했다고 발표했다.

질문: 지금 주식 가격이 얼마야?",이 자료만으로 현재 주가와 등락률을 확인할 수 없습니다.
"참고 뉴스 1:
제목: KB금융, 2026년 상반기 순이익 증가
작성일: 2026-07-23
내용: KB금융은 2026년 상반기 실적 발표 자료를 공개했다. 외부 보도에 따르면 상반기 순이익은 3조8846억원으로 전년 동기 대비 13.1% 증가했다.

참고 뉴스 2:
제목: HD현대중공업, 2026년 2분기 영업이익 급증
작성일: 2026-07-29
내용: HD현대중공업은 2026년 2분기 영업이익 1조399억원을 기록해 전년 동기 대비 120.6% 증가했다고 발표했다.

질문: 두 뉴스의 위험 요인을 나눠서 설명해줘","첫 번째 뉴스의 부담 요인은 기사에는 연체율, 대손비용과 향후 금리 변화의 세부 영향이 모두 제시되지는 않았다. 두 번째 뉴스의 부담 요인은 기사에는 신규 수주 금액과 후판 가격의 향후 영향은 구체적으로 제시되지 않았다."
"참고 뉴스 1:
제목: SK하이닉스, 2026년 2분기 사상 최대 실적
작성일: 2026-07-29
내용: SK하이닉스는 2026년 2분기 매출 79조3187억원, 영업이익 60조5426억원을 발표했다. AI 수요에 대응한 고부가가치 제품 판매가 실적을 이끌었고, 주요 고객과 장기·다년 계약을 확대했다고 설명했다.

참고 뉴스 2:
제목: 네이버, 2026년 1분기 매출 16.3% 증가
작성일: 2026-04-30
내용: 네이버는 2026년 1분기 매출 3조2411억원, 영업이익 5418억원을 기록했다. 매출은 전년 동기 대비 16.3%, 영업이익은 7.2% 증가했으며 광고와 커머스 등 핵심 사업의 AI 적용이 성장에 기여했다.

질문: 어느 쪽이 더 좋다고 단정할 수 있는지 말해줘",두 뉴스는 기업과 상황이 달라 어느 쪽이 더 좋다고 단정하기 어렵습니다. 첫 번째는 SK하이닉스는 AI 수요와 고부가가치 메모리 판매를 바탕으로 분기 최고 실적을 기록했다. 두 번째는 네이버는 광고와 커머스의 성장 및 AI 적용을 바탕으로 매출과 영업이익이 증가했다.
"참고 뉴스 1:
제목: 현대차, 하반기 신차 출시로 회복 추진
작성일: 2026-07-23
내용: 현대차는 2분기 영업이익이 감소했지만 연간 전망은 유지했다. 회사는 하반기 투싼과 아반떼 등 주요 신차 출시를 통해 판매 회복을 추진할 계획이라고 밝혔다.

참고 뉴스 2:
제목: 엔비디아, 네이버 AI 인프라 프로젝트에 투자 추진
작성일: 2026-07-27
내용: 엔비디아는 네이버의 대규모 AI 데이터센터 프로젝트에 약 10억달러를 투자할 계획이다. 네이버는 엔비디아를 대상으로 약 1조4810억원 규모의 신주를 발행하며, 거래 완료 후 엔비디아의 지분율은 약 4.5%가 될 예정이다.

질문: 어느 쪽이 더 좋다고 단정할 수 있는지 말해줘",두 뉴스는 기업과 상황이 달라 어느 쪽이 더 좋다고 단정하기 어렵습니다. 첫 번째는 현대차는 실적 부담에도 연간 전망을 유지하고 하반기 신차로 회복을 추진한다. 두 번째는 네이버는 엔비디아 투자와 신주 발행을 통해 대규모 AI 인프라 구축을 추진한다.
"참고 뉴스:
제목: SK하이닉스, 2026년 2분기 사상 최대 실적
작성일: 2026-07-29
내용: SK하이닉스는 2026년 2분기 매출 79조3187억원, 영업이익 60조5426억원을 발표했다. AI 수요에 대응한 고부가가치 제품 판매가 실적을 이끌었고, 주요 고객과 장기·다년 계약을 확대했다고 설명했다.

질문: 이 기사에서 호재로 볼 수 있는 부분을 말해줘",기사에서 긍정적으로 볼 수 있는 부분은 AI용 고부가가치 제품 판매와 주요 고객과의 장기 계약 확대입니다.
"참고 뉴스:
제목: 한화에어로스페이스, 2026년 2분기 이익 증가
작성일: 2026-07-31
내용: 한화에어로스페이스는 2026년 2분기 순이익 1조800억원을 기록해 전년 동기 대비 277.5% 증가했다. 실적은 시장 예상치를 웃돌았다고 보도됐다.

질문: 이 기사에서 가장 중요한 내용이 뭐야?",핵심은 한화에어로스페이스는 2분기 순이익이 크게 증가하며 시장 기대를 웃돌았다.
"참고 뉴스 1:
제목: 현대차, 2026년 2분기 매출 증가에도 영업이익 감소
작성일: 2026-07-23
내용: 현대차의 2026년 2분기 매출은 49조2150억원으로 전년 동기 대비 1.9% 증가했다. 영업이익은 2조8510억원으로 20.8% 감소했고, 글로벌 판매량은 6.9% 줄었다.

참고 뉴스 2:
제목: 삼성바이오로직스, 스위스 폴리펩타이드 인수 추진
작성일: 2026-07-20
내용: 삼성바이오로직스는 스위스 의약품 위탁생산 기업 폴리펩타이드를 약 18억달러에 전액 현금으로 인수하는 공개매수를 추진했다. 회사는 펩타이드 치료제와 비만·당뇨 분야의 생산 역량 확대를 기대했다.

질문: 어느 쪽이 더 좋다고 단정할 수 있는지 말해줘",두 뉴스는 기업과 상황이 달라 어느 쪽이 더 좋다고 단정하기 어렵습니다. 첫 번째는 현대차는 매출은 증가했지만 판매 감소와 비용 부담으로 영업이익이 줄었다. 두 번째는 삼성바이오로직스는 펩타이드 의약품 사업 강화를 위해 폴리펩타이드 인수를 추진한다.
"참고 뉴스:
제목: 삼성SDI, 미국 ESS용 각형 배터리 공급 계약
작성일: 2026-03-16
내용: 삼성SDI는 미국에서 1조5000억원 규모의 ESS용 각형 배터리 공급 계약을 수주했다고 발표했다.

질문: 삼성SDI 실적이나 변화의 배경을 설명해줘",기사에서 제시한 배경은 ESS 시장 확대에 대응해 각형 배터리 공급을 늘리기 위한 계약이다.
"참고 뉴스 1:
제목: SK하이닉스, 2026년 2분기 사상 최대 실적
작성일: 2026-07-29
내용: SK하이닉스는 2026년 2분기 매출 79조3187억원, 영업이익 60조5426억원을 발표했다. AI 수요에 대응한 고부가가치 제품 판매가 실적을 이끌었고, 주요 고객과 장기·다년 계약을 확대했다고 설명했다.

참고 뉴스 2:
제목: 2026년 하반기 국내 증시, 반도체 쏠림에서 업종 확산 가능성
작성일: 2026-07-23
내용: 2026년 상반기 국내 증시는 반도체가 상승을 주도했지만 하반기에는 전력기기, 조선·방산, 바이오, 화장품, 금융 등으로 관심이 확산될 가능성이 제시됐다. 주요 변수로 AI 설비투자, 미국 금리, 기업 실적과 중국 메모리 업체의 추격이 언급됐다.

질문: 두 뉴스의 핵심 내용을 비교해줘",첫 번째 뉴스는 SK하이닉스는 AI 수요와 고부가가치 메모리 판매를 바탕으로 분기 최고 실적을 기록했다. 두 번째 뉴스는 하반기 국내 증시는 반도체 중심 장세에서 실적 개선 업종으로 관심이 분산될 가능성이 있다.
"참고 뉴스:
제목: 7월 국내 증시, 소외 업종으로 자금 이동 가능성
작성일: 2026-07-01
내용: 7월에는 상반기 주도주였던 반도체에서 자동차, 2차전지, 바이오 등 상대적으로 소외됐던 업종으로 자금이 이동할 수 있다는 전망이 나왔다. 반도체 조정이 곧 업황 훼손을 의미하는 것은 아니라는 분석도 제시됐다.

질문: 현재 시세와 등락률을 말해줘",현재 주가는 기사 작성 시점과 달라질 수 있어 별도 시세 조회가 필요합니다.
"참고 뉴스:
제목: 삼성SDI, 미국 ESS용 각형 배터리 공급 계약
작성일: 2026-03-16
내용: 삼성SDI는 미국에서 1조5000억원 규모의 ESS용 각형 배터리 공급 계약을 수주했다고 발표했다.

질문: 뉴스 근거를 들어 설명해줘",기사 근거만 사용하면 삼성SDI는 미국 ESS 시장에서 대규모 각형 배터리 공급 계약을 확보했다. 추가적인 주가 전망은 이 자료만으로 단정할 수 없습니다.
"참고 뉴스 1:
제목: 현대차, 2026년 2분기 매출 증가에도 영업이익 감소
작성일: 2026-07-23
내용: 현대차의 2026년 2분기 매출은 49조2150억원으로 전년 동기 대비 1.9% 증가했다. 영업이익은 2조8510억원으로 20.8% 감소했고, 글로벌 판매량은 6.9% 줄었다.

참고 뉴스 2:
제목: 삼성전자, AI 인프라용 PM1763 SSD 양산 시작
작성일: 2026-07-08
내용: 삼성전자는 차세대 AI 인프라에 최적화한 PM1763 SSD의 양산을 시작했다고 발표했다.

질문: 두 뉴스의 위험 요인을 나눠서 설명해줘","첫 번째 뉴스의 부담 요인은 영업이익이 20.8% 감소했고 글로벌 판매량도 6.9% 줄었다. 두 번째 뉴스의 부담 요인은 시장 점유율, 판매 가격과 실제 수익 기여 규모는 확인할 수 없다."
"참고 뉴스:
제목: SK하이닉스, 2026년 2분기 사상 최대 실적
작성일: 2026-07-29
내용: SK하이닉스는 2026년 2분기 매출 79조3187억원, 영업이익 60조5426억원을 발표했다. AI 수요에 대응한 고부가가치 제품 판매가 실적을 이끌었고, 주요 고객과 장기·다년 계약을 확대했다고 설명했다.

질문: SK하이닉스 뉴스 핵심을 한 문장으로 정리해줘",SK하이닉스는 AI 수요와 고부가가치 메모리 판매를 바탕으로 분기 최고 실적을 기록했다.
"참고 뉴스:
제목: 코스닥, 2차전지·바이오 순환매로 급등
작성일: 2026-06-29
내용: 2026년 6월 29일 코스피는 외국인의 대규모 매도 속에 0.2% 하락했고, 코스닥은 2차전지와 바이오주 강세로 8.13% 상승했다. 장중 코스닥 매수 사이드카가 발동됐다.

질문: 증권사 목표가격을 알려줘",이 뉴스만으로는 목표주가를 확인할 수 없습니다.
"참고 뉴스:
제목: 삼성바이오로직스, 스위스 폴리펩타이드 인수 추진
작성일: 2026-07-20
내용: 삼성바이오로직스는 스위스 의약품 위탁생산 기업 폴리펩타이드를 약 18억달러에 전액 현금으로 인수하는 공개매수를 추진했다. 회사는 펩타이드 치료제와 비만·당뇨 분야의 생산 역량 확대를 기대했다.

질문: 이 기사에서 가장 중요한 내용이 뭐야?",핵심은 삼성바이오로직스는 펩타이드 의약품 사업 강화를 위해 폴리펩타이드 인수를 추진한다.
"참고 뉴스:
제목: 코스닥, 2차전지·바이오 순환매로 급등
작성일: 2026-06-29
내용: 2026년 6월 29일 코스피는 외국인의 대규모 매도 속에 0.2% 하락했고, 코스닥은 2차전지와 바이오주 강세로 8.13% 상승했다. 장중 코스닥 매수 사이드카가 발동됐다.

질문: 이 뉴스의 발표 시점을 말해줘",발표 시점은 2026-06-29입니다.
"참고 뉴스:
제목: 삼성전자, AI 인프라용 PM1763 SSD 양산 시작
작성일: 2026-07-08
내용: 삼성전자는 차세대 AI 인프라에 최적화한 PM1763 SSD의 양산을 시작했다고 발표했다.

질문: 오늘 종가를 확인해줘",기사에는 오늘의 시세 정보가 포함되지 않았습니다.
"참고 뉴스 1:
제목: 삼성SDI, 7개 분기 만에 영업이익 흑자 전환
작성일: 2026-07-30
내용: 삼성SDI는 2026년 2분기 매출 3조7700억원, 영업이익 2038억원을 기록했다. 매출은 전년 동기 대비 18.5%, 전 분기 대비 5.4% 증가했고, 영업이익은 7개 분기 만에 흑자로 전환했다.

참고 뉴스 2:
제목: 삼성전자, AI 인프라용 PM1763 SSD 양산 시작
작성일: 2026-07-08
내용: 삼성전자는 차세대 AI 인프라에 최적화한 PM1763 SSD의 양산을 시작했다고 발표했다.

질문: 두 뉴스의 위험 요인을 나눠서 설명해줘","첫 번째 뉴스의 부담 요인은 기사에는 향후 배터리 수요와 원재료 가격에 대한 구체적인 전망은 제시되지 않았다. 두 번째 뉴스의 부담 요인은 시장 점유율, 판매 가격과 실제 수익 기여 규모는 확인할 수 없다."
"참고 뉴스:
제목: HD현대, 2026년 2분기 높은 영업이익 기록
작성일: 2026-07-31
내용: HD현대는 2026년 2분기 연결 매출 22조4094억원, 영업이익 4조1246억원을 기록했다. 영업이익률은 18.4%로 발표됐다.

질문: HD현대의 기사 속 주요 수치를 알려줘","기사에서 확인되는 주요 수치는 매출 22조4094억원, 영업이익 4조1246억원, 영업이익률 18.4%입니다."
"참고 뉴스:
제목: 현대차, 하반기 신차 출시로 회복 추진
작성일: 2026-07-23
내용: 현대차는 2분기 영업이익이 감소했지만 연간 전망은 유지했다. 회사는 하반기 투싼과 아반떼 등 주요 신차 출시를 통해 판매 회복을 추진할 계획이라고 밝혔다.

질문: 이 자료의 기준 날짜가 언제야?",2026-07-23에 나온 내용입니다.
"참고 뉴스:
제목: HD현대, 2026년 2분기 높은 영업이익 기록
작성일: 2026-07-31
내용: HD현대는 2026년 2분기 연결 매출 22조4094억원, 영업이익 4조1246억원을 기록했다. 영업이익률은 18.4%로 발표됐다.

질문: 이 기사에서 가장 중요한 내용이 뭐야?",핵심은 HD현대는 2분기에 높은 영업이익과 영업이익률을 기록했다.
"참고 뉴스:
제목: 코스닥, 2차전지·바이오 순환매로 급등
작성일: 2026-06-29
내용: 2026년 6월 29일 코스피는 외국인의 대규모 매도 속에 0.2% 하락했고, 코스닥은 2차전지와 바이오주 강세로 8.13% 상승했다. 장중 코스닥 매수 사이드카가 발동됐다.

질문: 앞으로 어느 가격까지 갈 수 있어?",목표주가 수치는 기사에서 확인되지 않습니다.
"참고 뉴스:
제목: 한화에어로스페이스, 2026년 2분기 이익 증가
작성일: 2026-07-31
내용: 한화에어로스페이스는 2026년 2분기 순이익 1조800억원을 기록해 전년 동기 대비 277.5% 증가했다. 실적은 시장 예상치를 웃돌았다고 보도됐다.

질문: 오늘 종가를 확인해줘",기사에는 오늘의 시세 정보가 포함되지 않았습니다.
"참고 뉴스 1:
제목: 현대차, 하반기 신차 출시로 회복 추진
작성일: 2026-07-23
내용: 현대차는 2분기 영업이익이 감소했지만 연간 전망은 유지했다. 회사는 하반기 투싼과 아반떼 등 주요 신차 출시를 통해 판매 회복을 추진할 계획이라고 밝혔다.

참고 뉴스 2:
제목: 삼성전자, AI 인프라용 PM1763 SSD 양산 시작
작성일: 2026-07-08
내용: 삼성전자는 차세대 AI 인프라에 최적화한 PM1763 SSD의 양산을 시작했다고 발표했다.

질문: 두 뉴스의 핵심 내용을 비교해줘",첫 번째 뉴스는 현대차는 실적 부담에도 연간 전망을 유지하고 하반기 신차로 회복을 추진한다. 두 번째 뉴스는 삼성전자는 AI 데이터센터 수요에 대응하기 위해 차세대 SSD 양산을 시작했다.
"참고 뉴스:
제목: 삼성전자 DS부문, AI 메모리 수요로 실적 확대
작성일: 2026-07-30
내용: 삼성전자 DS부문은 2026년 2분기 매출 127조5천억원, 영업이익 89조2천억원을 기록했다. 메모리 사업은 AI 수요에 대응해 서버 제품 중심 판매를 확대했고, 업계 전반의 가격 상승도 실적에 기여했다.

질문: 리스크 중심으로 정리해줘",주의할 부분은 기사에는 생산능력 제약이 언급됐지만 구체적인 손실 규모는 제시되지 않았다.
"참고 뉴스:
제목: 삼성전자 DS부문, AI 메모리 수요로 실적 확대
작성일: 2026-07-30
내용: 삼성전자 DS부문은 2026년 2분기 매출 127조5천억원, 영업이익 89조2천억원을 기록했다. 메모리 사업은 AI 수요에 대응해 서버 제품 중심 판매를 확대했고, 업계 전반의 가격 상승도 실적에 기여했다.

질문: 이 기사에서 주의할 부분이 있어?",기사 기준 리스크는 기사에는 생산능력 제약이 언급됐지만 구체적인 손실 규모는 제시되지 않았다.
"참고 뉴스:
제목: 엔비디아, 네이버 AI 인프라 프로젝트에 투자 추진
작성일: 2026-07-27
내용: 엔비디아는 네이버의 대규모 AI 데이터센터 프로젝트에 약 10억달러를 투자할 계획이다. 네이버는 엔비디아를 대상으로 약 1조4810억원 규모의 신주를 발행하며, 거래 완료 후 엔비디아의 지분율은 약 4.5%가 될 예정이다.

질문: 기사 작성일을 알려줘",기사 기준 날짜는 2026-07-27입니다.
"참고 뉴스:
제목: 현대차, 하반기 신차 출시로 회복 추진
작성일: 2026-07-23
내용: 현대차는 2분기 영업이익이 감소했지만 연간 전망은 유지했다. 회사는 하반기 투싼과 아반떼 등 주요 신차 출시를 통해 판매 회복을 추진할 계획이라고 밝혔다.

질문: 이 기사에서 호재로 볼 수 있는 부분을 말해줘",기사에서 긍정적으로 볼 수 있는 부분은 연간 전망을 유지하고 주요 신차 출시를 준비하는 점입니다.
"참고 뉴스:
제목: 2026년 하반기 국내 증시, 반도체 쏠림에서 업종 확산 가능성
작성일: 2026-07-23
내용: 2026년 상반기 국내 증시는 반도체가 상승을 주도했지만 하반기에는 전력기기, 조선·방산, 바이오, 화장품, 금융 등으로 관심이 확산될 가능성이 제시됐다. 주요 변수로 AI 설비투자, 미국 금리, 기업 실적과 중국 메모리 업체의 추격이 언급됐다.

질문: 이 뉴스에 나온 수치가 뭐야?",제공된 자료에 나온 숫자는 기사에는 특정 지수 목표치나 개별 종목 목표주가가 제시되지 않았다.입니다.
"참고 뉴스:
제목: HD현대, 2026년 2분기 높은 영업이익 기록
작성일: 2026-07-31
내용: HD현대는 2026년 2분기 연결 매출 22조4094억원, 영업이익 4조1246억원을 기록했다. 영업이익률은 18.4%로 발표됐다.

질문: HD현대 뉴스 핵심을 한 문장으로 정리해줘",HD현대는 2분기에 높은 영업이익과 영업이익률을 기록했다.
"참고 뉴스:
제목: 삼성SDI, 7개 분기 만에 영업이익 흑자 전환
작성일: 2026-07-30
내용: 삼성SDI는 2026년 2분기 매출 3조7700억원, 영업이익 2038억원을 기록했다. 매출은 전년 동기 대비 18.5%, 전 분기 대비 5.4% 증가했고, 영업이익은 7개 분기 만에 흑자로 전환했다.

질문: 확실히 확인되는 사실과 확인되지 않는 내용을 나눠줘",제공된 뉴스 기준 핵심은 삼성SDI는 매출 증가와 함께 7개 분기 만에 영업이익 흑자 전환에 성공했다. 그 밖의 실시간 주가나 목표가격은 확인되지 않습니다.
"참고 뉴스:
제목: 삼성바이오로직스, 2026년 2분기 실적 발표
작성일: 2026-07-23
내용: 삼성바이오로직스는 2026년 2분기 매출 1조3210억원, 영업이익 5860억원을 기록했다. 1공장부터 4공장까지 안정적인 생산 운영과 고객 프로젝트 수행이 실적에 반영됐다.

질문: 오늘 종가를 확인해줘",기사에는 오늘의 시세 정보가 포함되지 않았습니다.
"참고 뉴스:
제목: 삼성전자, AI 인프라용 PM1763 SSD 양산 시작
작성일: 2026-07-08
내용: 삼성전자는 차세대 AI 인프라에 최적화한 PM1763 SSD의 양산을 시작했다고 발표했다.

질문: 이 뉴스의 발표 시점을 말해줘",발표 시점은 2026-07-08입니다.
"참고 뉴스 1:
제목: 삼성전자 DS부문, AI 메모리 수요로 실적 확대
작성일: 2026-07-30
내용: 삼성전자 DS부문은 2026년 2분기 매출 127조5천억원, 영업이익 89조2천억원을 기록했다. 메모리 사업은 AI 수요에 대응해 서버 제품 중심 판매를 확대했고, 업계 전반의 가격 상승도 실적에 기여했다.

참고 뉴스 2:
제목: 현대차, 2026년 2분기 매출 증가에도 영업이익 감소
작성일: 2026-07-23
내용: 현대차의 2026년 2분기 매출은 49조2150억원으로 전년 동기 대비 1.9% 증가했다. 영업이익은 2조8510억원으로 20.8% 감소했고, 글로벌 판매량은 6.9% 줄었다.

질문: 두 뉴스의 위험 요인을 나눠서 설명해줘",첫 번째 뉴스의 부담 요인은 기사에는 생산능력 제약이 언급됐지만 구체적인 손실 규모는 제시되지 않았다. 두 번째 뉴스의 부담 요인은 영업이익이 20.8% 감소했고 글로벌 판매량도 6.9% 줄었다.
"참고 뉴스:
제목: HD현대중공업, 2026년 2분기 영업이익 급증
작성일: 2026-07-29
내용: HD현대중공업은 2026년 2분기 영업이익 1조399억원을 기록해 전년 동기 대비 120.6% 증가했다고 발표했다.

질문: 매수와 매도 중 어느 쪽이 맞아?",이 자료만으로 투자 결정을 권하기 어렵습니다. 회사 실적과 시장 환경을 함께 검토해야 합니다.
"참고 뉴스 1:
제목: 삼성전자 DS부문, AI 메모리 수요로 실적 확대
작성일: 2026-07-30
내용: 삼성전자 DS부문은 2026년 2분기 매출 127조5천억원, 영업이익 89조2천억원을 기록했다. 메모리 사업은 AI 수요에 대응해 서버 제품 중심 판매를 확대했고, 업계 전반의 가격 상승도 실적에 기여했다.

참고 뉴스 2:
제목: 삼성전자, AI 인프라용 PM1763 SSD 양산 시작
작성일: 2026-07-08
내용: 삼성전자는 차세대 AI 인프라에 최적화한 PM1763 SSD의 양산을 시작했다고 발표했다.

질문: 어느 쪽이 더 좋다고 단정할 수 있는지 말해줘",두 뉴스는 기업과 상황이 달라 어느 쪽이 더 좋다고 단정하기 어렵습니다. 첫 번째는 삼성전자 반도체 부문은 AI 서버용 메모리 수요와 가격 상승의 영향을 받았다. 두 번째는 삼성전자는 AI 데이터센터 수요에 대응하기 위해 차세대 SSD 양산을 시작했다.
"참고 뉴스:
제목: 삼성바이오로직스, 스위스 폴리펩타이드 인수 추진
작성일: 2026-07-20
내용: 삼성바이오로직스는 스위스 의약품 위탁생산 기업 폴리펩타이드를 약 18억달러에 전액 현금으로 인수하는 공개매수를 추진했다. 회사는 펩타이드 치료제와 비만·당뇨 분야의 생산 역량 확대를 기대했다.

질문: 기사에 없는 내용은 추측하지 말고 답해줘","자료 안에서 확인되는 내용은 삼성바이오로직스는 펩타이드 의약품 사업 강화를 위해 폴리펩타이드 인수를 추진한다. 긍정 요인은 펩타이드 치료제와 GLP-1 계열 의약품 생산 역량 확대 가능성이며, 부담 요인은 대규모 현금 인수에 따른 자금 부담과 인수 후 통합 위험"
"참고 뉴스:
제목: 삼성바이오로직스, 스위스 폴리펩타이드 인수 추진
작성일: 2026-07-20
내용: 삼성바이오로직스는 스위스 의약품 위탁생산 기업 폴리펩타이드를 약 18억달러에 전액 현금으로 인수하는 공개매수를 추진했다. 회사는 펩타이드 치료제와 비만·당뇨 분야의 생산 역량 확대를 기대했다.

질문: 기사에서 제시한 원인이 무엇인지 알려줘",주된 원인은 성장하는 펩타이드 기반 비만·당뇨 치료제 시장의 생산 역량을 확보하기 위해서다.
"참고 뉴스:
제목: HD현대, 2026년 2분기 높은 영업이익 기록
작성일: 2026-07-31
내용: HD현대는 2026년 2분기 연결 매출 22조4094억원, 영업이익 4조1246억원을 기록했다. 영업이익률은 18.4%로 발표됐다.

질문: 이 기사에 나온 적정 주가가 얼마야?",기사에 증권사 목표가격이 제시되지 않아 답할 수 없습니다.
"참고 뉴스 1:
제목: 삼성바이오로직스, 스위스 폴리펩타이드 인수 추진
작성일: 2026-07-20
내용: 삼성바이오로직스는 스위스 의약품 위탁생산 기업 폴리펩타이드를 약 18억달러에 전액 현금으로 인수하는 공개매수를 추진했다. 회사는 펩타이드 치료제와 비만·당뇨 분야의 생산 역량 확대를 기대했다.

참고 뉴스 2:
제목: 2026년 하반기 국내 증시, 반도체 쏠림에서 업종 확산 가능성
작성일: 2026-07-23
내용: 2026년 상반기 국내 증시는 반도체가 상승을 주도했지만 하반기에는 전력기기, 조선·방산, 바이오, 화장품, 금융 등으로 관심이 확산될 가능성이 제시됐다. 주요 변수로 AI 설비투자, 미국 금리, 기업 실적과 중국 메모리 업체의 추격이 언급됐다.

질문: 두 뉴스의 핵심 내용을 비교해줘",첫 번째 뉴스는 삼성바이오로직스는 펩타이드 의약품 사업 강화를 위해 폴리펩타이드 인수를 추진한다. 두 번째 뉴스는 하반기 국내 증시는 반도체 중심 장세에서 실적 개선 업종으로 관심이 분산될 가능성이 있다.
"참고 뉴스:
제목: 엔비디아, 네이버 AI 인프라 프로젝트에 투자 추진
작성일: 2026-07-27
내용: 엔비디아는 네이버의 대규모 AI 데이터센터 프로젝트에 약 10억달러를 투자할 계획이다. 네이버는 엔비디아를 대상으로 약 1조4810억원 규모의 신주를 발행하며, 거래 완료 후 엔비디아의 지분율은 약 4.5%가 될 예정이다.

질문: 제공된 자료 범위 안에서만 답해줘",확실히 확인되는 사실은 네이버는 엔비디아 투자와 신주 발행을 통해 대규모 AI 인프라 구축을 추진한다. 다만 기사에 없는 투자 의견이나 가격 정보는 추측할 수 없습니다.
"참고 뉴스 1:
제목: 2026년 하반기 국내 증시, 반도체 쏠림에서 업종 확산 가능성
작성일: 2026-07-23
내용: 2026년 상반기 국내 증시는 반도체가 상승을 주도했지만 하반기에는 전력기기, 조선·방산, 바이오, 화장품, 금융 등으로 관심이 확산될 가능성이 제시됐다. 주요 변수로 AI 설비투자, 미국 금리, 기업 실적과 중국 메모리 업체의 추격이 언급됐다.

참고 뉴스 2:
제목: 삼성SDI, 미국 ESS용 각형 배터리 공급 계약
작성일: 2026-03-16
내용: 삼성SDI는 미국에서 1조5000억원 규모의 ESS용 각형 배터리 공급 계약을 수주했다고 발표했다.

질문: 두 뉴스의 위험 요인을 나눠서 설명해줘","첫 번째 뉴스의 부담 요인은 미국 금리, 기업 실적, 중국 메모리 업체의 추격과 반도체 기대 조정 두 번째 뉴스의 부담 요인은 기사 목록에는 계약 기간, 고객사와 예상 이익 기여액이 구체적으로 제시되지 않았다."
"참고 뉴스:
제목: 삼성SDI, 7개 분기 만에 영업이익 흑자 전환
작성일: 2026-07-30
내용: 삼성SDI는 2026년 2분기 매출 3조7700억원, 영업이익 2038억원을 기록했다. 매출은 전년 동기 대비 18.5%, 전 분기 대비 5.4% 증가했고, 영업이익은 7개 분기 만에 흑자로 전환했다.

질문: 왜 이런 흐름이 나타났어?",제공된 뉴스 기준으로는 매출 회복과 사업 수익성 개선이 흑자 전환으로 이어졌다.
"참고 뉴스:
제목: 엔비디아, 네이버 AI 인프라 프로젝트에 투자 추진
작성일: 2026-07-27
내용: 엔비디아는 네이버의 대규모 AI 데이터센터 프로젝트에 약 10억달러를 투자할 계획이다. 네이버는 엔비디아를 대상으로 약 1조4810억원 규모의 신주를 발행하며, 거래 완료 후 엔비디아의 지분율은 약 4.5%가 될 예정이다.

질문: 긍정적인 내용만 근거를 들어 정리해줘",제공된 뉴스 기준 성장 요인은 글로벌 AI 기업과의 협력 및 AI 데이터센터 인프라 확대입니다.
"참고 뉴스:
제목: 현대차, 하반기 신차 출시로 회복 추진
작성일: 2026-07-23
내용: 현대차는 2분기 영업이익이 감소했지만 연간 전망은 유지했다. 회사는 하반기 투싼과 아반떼 등 주요 신차 출시를 통해 판매 회복을 추진할 계획이라고 밝혔다.

질문: 이 기사에 나온 적정 주가가 얼마야?",기사에 증권사 목표가격이 제시되지 않아 답할 수 없습니다.
"참고 뉴스:
제목: 신한금융, 2026년 2분기 분기 최대 순이익
작성일: 2026-07-23
내용: 신한금융의 2026년 2분기 순이익은 1조8201억원으로 전 분기 대비 12.2% 증가했다. 상반기 순이익은 3조4427억원으로 전년 동기 대비 13.3% 늘었다.

질문: 신한금융 주식을 지금 사는 게 좋아?","제공된 뉴스는 투자 판단의 일부 근거일 뿐입니다. 현재 가격과 재무 상태, 위험 요인을 추가로 확인해야 합니다."
"참고 뉴스:
제목: 신한금융, 2026년 2분기 분기 최대 순이익
작성일: 2026-07-23
내용: 신한금융의 2026년 2분기 순이익은 1조8201억원으로 전 분기 대비 12.2% 증가했다. 상반기 순이익은 3조4427억원으로 전년 동기 대비 13.3% 늘었다.

질문: 이 뉴스만으로 투자 결정을 내려도 될까?",기사만으로 특정 매수·매도 결론을 내릴 수 없습니다. 뉴스에 없는 정보까지 추측해서 판단하면 안 됩니다.
"참고 뉴스 1:
제목: 삼성바이오로직스, 스위스 폴리펩타이드 인수 추진
작성일: 2026-07-20
내용: 삼성바이오로직스는 스위스 의약품 위탁생산 기업 폴리펩타이드를 약 18억달러에 전액 현금으로 인수하는 공개매수를 추진했다. 회사는 펩타이드 치료제와 비만·당뇨 분야의 생산 역량 확대를 기대했다.

참고 뉴스 2:
제목: HD현대, 2026년 2분기 높은 영업이익 기록
작성일: 2026-07-31
내용: HD현대는 2026년 2분기 연결 매출 22조4094억원, 영업이익 4조1246억원을 기록했다. 영업이익률은 18.4%로 발표됐다.

질문: 두 뉴스의 위험 요인을 나눠서 설명해줘",첫 번째 뉴스의 부담 요인은 대규모 현금 인수에 따른 자금 부담과 인수 후 통합 위험 두 번째 뉴스의 부담 요인은 기사에는 사업부별 수주잔고와 원가 변동의 상세 내용은 포함되지 않았다.
"참고 뉴스 1:
제목: 삼성전자 DS부문, AI 메모리 수요로 실적 확대
작성일: 2026-07-30
내용: 삼성전자 DS부문은 2026년 2분기 매출 127조5천억원, 영업이익 89조2천억원을 기록했다. 메모리 사업은 AI 수요에 대응해 서버 제품 중심 판매를 확대했고, 업계 전반의 가격 상승도 실적에 기여했다.

참고 뉴스 2:
제목: 현대차, 2026년 2분기 매출 증가에도 영업이익 감소
작성일: 2026-07-23
내용: 현대차의 2026년 2분기 매출은 49조2150억원으로 전년 동기 대비 1.9% 증가했다. 영업이익은 2조8510억원으로 20.8% 감소했고, 글로벌 판매량은 6.9% 줄었다.

질문: 두 기사에서 확인되는 긍정 요인을 비교해줘","첫 번째 뉴스의 긍정 요인은 AI 서버 제품 중심 판매 확대와 메모리 가격 상승이고, 두 번째 뉴스의 긍정 요인은 매출이 전년 동기 대비 1.9% 증가한 점입니다."
"참고 뉴스:
제목: 7월 국내 증시, 소외 업종으로 자금 이동 가능성
작성일: 2026-07-01
내용: 7월에는 상반기 주도주였던 반도체에서 자동차, 2차전지, 바이오 등 상대적으로 소외됐던 업종으로 자금이 이동할 수 있다는 전망이 나왔다. 반도체 조정이 곧 업황 훼손을 의미하는 것은 아니라는 분석도 제시됐다.

질문: 뉴스에 나온 근거를 바탕으로 배경을 정리해줘",이 흐름의 배경은 기관투자자의 하반기 포트폴리오 재구성과 상반기 수익 확정 수요가 배경으로 제시됐다.
"참고 뉴스:
제목: 한화에어로스페이스, 2026년 2분기 이익 증가
작성일: 2026-07-31
내용: 한화에어로스페이스는 2026년 2분기 순이익 1조800억원을 기록해 전년 동기 대비 277.5% 증가했다. 실적은 시장 예상치를 웃돌았다고 보도됐다.

질문: 한화에어로스페이스의 긍정 요인은 뭐야?",긍정 요인은 순이익의 큰 폭 증가와 시장 예상 상회입니다.
"참고 뉴스:
제목: 7월 국내 증시, 소외 업종으로 자금 이동 가능성
작성일: 2026-07-01
내용: 7월에는 상반기 주도주였던 반도체에서 자동차, 2차전지, 바이오 등 상대적으로 소외됐던 업종으로 자금이 이동할 수 있다는 전망이 나왔다. 반도체 조정이 곧 업황 훼손을 의미하는 것은 아니라는 분석도 제시됐다.

질문: 증권사 목표가격을 알려줘",이 뉴스만으로는 목표주가를 확인할 수 없습니다.
"참고 뉴스:
제목: 현대차, 하반기 신차 출시로 회복 추진
작성일: 2026-07-23
내용: 현대차는 2분기 영업이익이 감소했지만 연간 전망은 유지했다. 회사는 하반기 투싼과 아반떼 등 주요 신차 출시를 통해 판매 회복을 추진할 계획이라고 밝혔다.

질문: 현대차의 부담 요인은 뭐야?","부담 요인은 약한 자동차 수요, 공급 차질, 원재료비 상승과 경쟁 심화"
"참고 뉴스 1:
제목: 현대차, 하반기 신차 출시로 회복 추진
작성일: 2026-07-23
내용: 현대차는 2분기 영업이익이 감소했지만 연간 전망은 유지했다. 회사는 하반기 투싼과 아반떼 등 주요 신차 출시를 통해 판매 회복을 추진할 계획이라고 밝혔다.

참고 뉴스 2:
제목: 삼성전자, AI 인프라용 PM1763 SSD 양산 시작
작성일: 2026-07-08
내용: 삼성전자는 차세대 AI 인프라에 최적화한 PM1763 SSD의 양산을 시작했다고 발표했다.

질문: 두 뉴스의 위험 요인을 나눠서 설명해줘","첫 번째 뉴스의 부담 요인은 약한 자동차 수요, 공급 차질, 원재료비 상승과 경쟁 심화 두 번째 뉴스의 부담 요인은 시장 점유율, 판매 가격과 실제 수익 기여 규모는 확인할 수 없다."
"참고 뉴스:
제목: 2026년 하반기 국내 증시, 반도체 쏠림에서 업종 확산 가능성
작성일: 2026-07-23
내용: 2026년 상반기 국내 증시는 반도체가 상승을 주도했지만 하반기에는 전력기기, 조선·방산, 바이오, 화장품, 금융 등으로 관심이 확산될 가능성이 제시됐다. 주요 변수로 AI 설비투자, 미국 금리, 기업 실적과 중국 메모리 업체의 추격이 언급됐다.

질문: 뉴스 근거를 들어 설명해줘",기사 근거만 사용하면 하반기 국내 증시는 반도체 중심 장세에서 실적 개선 업종으로 관심이 분산될 가능성이 있다. 추가적인 주가 전망은 이 자료만으로 단정할 수 없습니다.
"참고 뉴스:
제목: 삼성바이오로직스, 2026년 2분기 실적 발표
작성일: 2026-07-23
내용: 삼성바이오로직스는 2026년 2분기 매출 1조3210억원, 영업이익 5860억원을 기록했다. 1공장부터 4공장까지 안정적인 생산 운영과 고객 프로젝트 수행이 실적에 반영됐다.

질문: 이 자료의 기준 날짜가 언제야?",2026-07-23에 나온 내용입니다.
"참고 뉴스:
제목: 삼성바이오로직스, 2026년 2분기 실적 발표
작성일: 2026-07-23
내용: 삼성바이오로직스는 2026년 2분기 매출 1조3210억원, 영업이익 5860억원을 기록했다. 1공장부터 4공장까지 안정적인 생산 운영과 고객 프로젝트 수행이 실적에 반영됐다.

질문: 기사 작성일을 알려줘",기사 기준 날짜는 2026-07-23입니다.
"참고 뉴스:
제목: HD현대중공업, 2026년 2분기 영업이익 급증
작성일: 2026-07-29
내용: HD현대중공업은 2026년 2분기 영업이익 1조399억원을 기록해 전년 동기 대비 120.6% 증가했다고 발표했다.

질문: 기사에 없는 내용은 추측하지 말고 답해줘","자료 안에서 확인되는 내용은 HD현대중공업은 조선 부문 수익성 개선으로 영업이익이 큰 폭으로 증가했다. 긍정 요인은 영업이익의 큰 폭 증가이며, 부담 요인은 기사에는 신규 수주 금액과 후판 가격의 향후 영향은 구체적으로 제시되지 않았다."
"참고 뉴스:
제목: 삼성SDI, 미국 ESS용 각형 배터리 공급 계약
작성일: 2026-03-16
내용: 삼성SDI는 미국에서 1조5000억원 규모의 ESS용 각형 배터리 공급 계약을 수주했다고 발표했다.

질문: 삼성SDI의 목표주가를 숫자로 말해줘",제공된 자료에는 적정 주가나 목표주가 정보가 포함되지 않았습니다.
"참고 뉴스:
제목: 엔비디아, 네이버 AI 인프라 프로젝트에 투자 추진
작성일: 2026-07-27
내용: 엔비디아는 네이버의 대규모 AI 데이터센터 프로젝트에 약 10억달러를 투자할 계획이다. 네이버는 엔비디아를 대상으로 약 1조4810억원 규모의 신주를 발행하며, 거래 완료 후 엔비디아의 지분율은 약 4.5%가 될 예정이다.

질문: 이 뉴스에서 확인되는 사실을 요약해줘",기사에서 확인되는 핵심은 네이버는 엔비디아 투자와 신주 발행을 통해 대규모 AI 인프라 구축을 추진한다.
"참고 뉴스 1:
제목: 삼성SDI, 7개 분기 만에 영업이익 흑자 전환
작성일: 2026-07-30
내용: 삼성SDI는 2026년 2분기 매출 3조7700억원, 영업이익 2038억원을 기록했다. 매출은 전년 동기 대비 18.5%, 전 분기 대비 5.4% 증가했고, 영업이익은 7개 분기 만에 흑자로 전환했다.

참고 뉴스 2:
제목: 삼성전자, AI 인프라용 PM1763 SSD 양산 시작
작성일: 2026-07-08
내용: 삼성전자는 차세대 AI 인프라에 최적화한 PM1763 SSD의 양산을 시작했다고 발표했다.

질문: 두 뉴스의 핵심 내용을 비교해줘",첫 번째 뉴스는 삼성SDI는 매출 증가와 함께 7개 분기 만에 영업이익 흑자 전환에 성공했다. 두 번째 뉴스는 삼성전자는 AI 데이터센터 수요에 대응하기 위해 차세대 SSD 양산을 시작했다.
"참고 뉴스 1:
제목: 삼성SDI, 7개 분기 만에 영업이익 흑자 전환
작성일: 2026-07-30
내용: 삼성SDI는 2026년 2분기 매출 3조7700억원, 영업이익 2038억원을 기록했다. 매출은 전년 동기 대비 18.5%, 전 분기 대비 5.4% 증가했고, 영업이익은 7개 분기 만에 흑자로 전환했다.

참고 뉴스 2:
제목: 2026년 하반기 국내 증시, 반도체 쏠림에서 업종 확산 가능성
작성일: 2026-07-23
내용: 2026년 상반기 국내 증시는 반도체가 상승을 주도했지만 하반기에는 전력기기, 조선·방산, 바이오, 화장품, 금융 등으로 관심이 확산될 가능성이 제시됐다. 주요 변수로 AI 설비투자, 미국 금리, 기업 실적과 중국 메모리 업체의 추격이 언급됐다.

질문: 두 뉴스의 핵심 내용을 비교해줘",첫 번째 뉴스는 삼성SDI는 매출 증가와 함께 7개 분기 만에 영업이익 흑자 전환에 성공했다. 두 번째 뉴스는 하반기 국내 증시는 반도체 중심 장세에서 실적 개선 업종으로 관심이 분산될 가능성이 있다.
"참고 뉴스:
제목: 삼성SDI, 7개 분기 만에 영업이익 흑자 전환
작성일: 2026-07-30
내용: 삼성SDI는 2026년 2분기 매출 3조7700억원, 영업이익 2038억원을 기록했다. 매출은 전년 동기 대비 18.5%, 전 분기 대비 5.4% 증가했고, 영업이익은 7개 분기 만에 흑자로 전환했다.

질문: 실적 숫자만 정리해줘","정량 정보는 매출 3조7700억원, 영업이익 2038억원, 전년 대비 매출 18.5% 증가입니다."
"참고 뉴스:
제목: 삼성SDI, 7개 분기 만에 영업이익 흑자 전환
작성일: 2026-07-30
내용: 삼성SDI는 2026년 2분기 매출 3조7700억원, 영업이익 2038억원을 기록했다. 매출은 전년 동기 대비 18.5%, 전 분기 대비 5.4% 증가했고, 영업이익은 7개 분기 만에 흑자로 전환했다.

질문: 지금 주식 가격이 얼마야?",이 자료만으로 현재 주가와 등락률을 확인할 수 없습니다.
"참고 뉴스:
제목: 삼성전자, AI 인프라용 PM1763 SSD 양산 시작
작성일: 2026-07-08
내용: 삼성전자는 차세대 AI 인프라에 최적화한 PM1763 SSD의 양산을 시작했다고 발표했다.

질문: 삼성전자에 유리한 내용이 있어?",호재로 해석할 수 있는 내용은 AI 인프라용 고성능 저장장치 제품군 확대입니다.
"참고 뉴스:
제목: SK하이닉스, 2026년 2분기 사상 최대 실적
작성일: 2026-07-29
내용: SK하이닉스는 2026년 2분기 매출 79조3187억원, 영업이익 60조5426억원을 발표했다. AI 수요에 대응한 고부가가치 제품 판매가 실적을 이끌었고, 주요 고객과 장기·다년 계약을 확대했다고 설명했다.

질문: 실적 숫자만 정리해줘","정량 정보는 매출 79조3187억원, 영업이익 60조5426억원입니다."
"참고 뉴스:
제목: 7월 국내 증시, 소외 업종으로 자금 이동 가능성
작성일: 2026-07-01
내용: 7월에는 상반기 주도주였던 반도체에서 자동차, 2차전지, 바이오 등 상대적으로 소외됐던 업종으로 자금이 이동할 수 있다는 전망이 나왔다. 반도체 조정이 곧 업황 훼손을 의미하는 것은 아니라는 분석도 제시됐다.

질문: 기사에 없는 내용은 추측하지 말고 답해줘","자료 안에서 확인되는 내용은 7월에는 반도체에서 자동차·2차전지·바이오로 포트폴리오가 이동할 가능성이 제기됐다. 긍정 요인은 소외 업종으로의 순환매 가능성과 반도체 펀더멘털 유지 전망이며, 부담 요인은 순환매가 실제 실적 개선으로 이어지지 않으면 변동성이 커질 수 있다."
"참고 뉴스:
제목: 삼성전자 DS부문, AI 메모리 수요로 실적 확대
작성일: 2026-07-30
내용: 삼성전자 DS부문은 2026년 2분기 매출 127조5천억원, 영업이익 89조2천억원을 기록했다. 메모리 사업은 AI 수요에 대응해 서버 제품 중심 판매를 확대했고, 업계 전반의 가격 상승도 실적에 기여했다.

질문: 삼성전자의 기사 속 주요 수치를 알려줘","기사에서 확인되는 주요 수치는 DS부문 매출 127조5천억원, 영업이익 89조2천억원입니다."
"참고 뉴스:
제목: 삼성바이오로직스, 스위스 폴리펩타이드 인수 추진
작성일: 2026-07-20
내용: 삼성바이오로직스는 스위스 의약품 위탁생산 기업 폴리펩타이드를 약 18억달러에 전액 현금으로 인수하는 공개매수를 추진했다. 회사는 펩타이드 치료제와 비만·당뇨 분야의 생산 역량 확대를 기대했다.

질문: 이 기사에서 주의할 부분이 있어?",기사 기준 리스크는 대규모 현금 인수에 따른 자금 부담과 인수 후 통합 위험
"참고 뉴스:
제목: 현대차, 하반기 신차 출시로 회복 추진
작성일: 2026-07-23
내용: 현대차는 2분기 영업이익이 감소했지만 연간 전망은 유지했다. 회사는 하반기 투싼과 아반떼 등 주요 신차 출시를 통해 판매 회복을 추진할 계획이라고 밝혔다.

질문: 현대차에 유리한 내용이 있어?",호재로 해석할 수 있는 내용은 연간 전망을 유지하고 주요 신차 출시를 준비하는 점입니다.
"참고 뉴스:
제목: SK하이닉스, 2026년 2분기 사상 최대 실적
작성일: 2026-07-29
내용: SK하이닉스는 2026년 2분기 매출 79조3187억원, 영업이익 60조5426억원을 발표했다. AI 수요에 대응한 고부가가치 제품 판매가 실적을 이끌었고, 주요 고객과 장기·다년 계약을 확대했다고 설명했다.

질문: 이런 결과가 나온 이유가 뭐야?",강한 AI 메모리 수요와 고부가가치 제품 비중 확대가 실적을 견인했다.
"참고 뉴스:
제목: HD현대중공업, 2026년 2분기 영업이익 급증
작성일: 2026-07-29
내용: HD현대중공업은 2026년 2분기 영업이익 1조399억원을 기록해 전년 동기 대비 120.6% 증가했다고 발표했다.

질문: HD현대중공업의 기사 속 주요 수치를 알려줘","기사에서 확인되는 주요 수치는 영업이익 1조399억원, 전년 동기 대비 120.6% 증가입니다."
"참고 뉴스:
제목: 삼성전자 DS부문, AI 메모리 수요로 실적 확대
작성일: 2026-07-30
내용: 삼성전자 DS부문은 2026년 2분기 매출 127조5천억원, 영업이익 89조2천억원을 기록했다. 메모리 사업은 AI 수요에 대응해 서버 제품 중심 판매를 확대했고, 업계 전반의 가격 상승도 실적에 기여했다.

질문: 기사에서 제시한 원인이 무엇인지 알려줘","주된 원인은 AI 수요 증가와 서버 제품 판매 확대, 메모리 가격 상승이 주요 원인이다."
"참고 뉴스:
제목: 7월 국내 증시, 소외 업종으로 자금 이동 가능성
작성일: 2026-07-01
내용: 7월에는 상반기 주도주였던 반도체에서 자동차, 2차전지, 바이오 등 상대적으로 소외됐던 업종으로 자금이 이동할 수 있다는 전망이 나왔다. 반도체 조정이 곧 업황 훼손을 의미하는 것은 아니라는 분석도 제시됐다.

질문: 이 뉴스에 나온 수치가 뭐야?",제공된 자료에 나온 숫자는 기사에는 업종별 구체적인 상승률이나 목표지수는 제시되지 않았다.입니다.
"참고 뉴스:
제목: 2026년 하반기 국내 증시, 반도체 쏠림에서 업종 확산 가능성
작성일: 2026-07-23
내용: 2026년 상반기 국내 증시는 반도체가 상승을 주도했지만 하반기에는 전력기기, 조선·방산, 바이오, 화장품, 금융 등으로 관심이 확산될 가능성이 제시됐다. 주요 변수로 AI 설비투자, 미국 금리, 기업 실적과 중국 메모리 업체의 추격이 언급됐다.

질문: 이 기사에서 호재로 볼 수 있는 부분을 말해줘",기사에서 긍정적으로 볼 수 있는 부분은 AI 설비투자 확대가 전력기기·조선·방산 등 국내 공급망에 기회가 될 수 있다.입니다.
"참고 뉴스:
제목: 삼성바이오로직스, 2026년 2분기 실적 발표
작성일: 2026-07-23
내용: 삼성바이오로직스는 2026년 2분기 매출 1조3210억원, 영업이익 5860억원을 기록했다. 1공장부터 4공장까지 안정적인 생산 운영과 고객 프로젝트 수행이 실적에 반영됐다.

질문: 제공된 자료 범위 안에서만 답해줘",확실히 확인되는 사실은 삼성바이오로직스는 안정적인 공장 운영을 바탕으로 견조한 2분기 실적을 기록했다. 다만 기사에 없는 투자 의견이나 가격 정보는 추측할 수 없습니다.
"참고 뉴스 1:
제목: 삼성전자, 2026년 2분기 실적 발표
작성일: 2026-07-30
내용: 삼성전자는 2026년 2분기 연결 매출 171조5천억원, 영업이익 89조5천억원을 기록했다. 매출과 영업이익 모두 분기 기준 최고치를 경신했으며, 전 분기 대비 매출은 28% 증가했다.

참고 뉴스 2:
제목: 한화에어로스페이스, 2026년 2분기 이익 증가
작성일: 2026-07-31
내용: 한화에어로스페이스는 2026년 2분기 순이익 1조800억원을 기록해 전년 동기 대비 277.5% 증가했다. 실적은 시장 예상치를 웃돌았다고 보도됐다.

질문: 어느 쪽이 더 좋다고 단정할 수 있는지 말해줘",두 뉴스는 기업과 상황이 달라 어느 쪽이 더 좋다고 단정하기 어렵습니다. 첫 번째는 삼성전자는 2026년 2분기에 매출과 영업이익 모두 분기 최고치를 기록했다. 두 번째는 한화에어로스페이스는 2분기 순이익이 크게 증가하며 시장 기대를 웃돌았다.
"참고 뉴스 1:
제목: 삼성전자, 2026년 2분기 실적 발표
작성일: 2026-07-30
내용: 삼성전자는 2026년 2분기 연결 매출 171조5천억원, 영업이익 89조5천억원을 기록했다. 매출과 영업이익 모두 분기 기준 최고치를 경신했으며, 전 분기 대비 매출은 28% 증가했다.

참고 뉴스 2:
제목: 삼성바이오로직스, 2026년 2분기 실적 발표
작성일: 2026-07-23
내용: 삼성바이오로직스는 2026년 2분기 매출 1조3210억원, 영업이익 5860억원을 기록했다. 1공장부터 4공장까지 안정적인 생산 운영과 고객 프로젝트 수행이 실적에 반영됐다.

질문: 두 기사에서 확인되는 긍정 요인을 비교해줘","첫 번째 뉴스의 긍정 요인은 매출과 영업이익이 모두 분기 최고치를 기록한 점이고, 두 번째 뉴스의 긍정 요인은 1~4공장의 안정적인 가동과 고객 프로젝트 수행입니다."
"참고 뉴스:
제목: 코스닥, 2차전지·바이오 순환매로 급등
작성일: 2026-06-29
내용: 2026년 6월 29일 코스피는 외국인의 대규모 매도 속에 0.2% 하락했고, 코스닥은 2차전지와 바이오주 강세로 8.13% 상승했다. 장중 코스닥 매수 사이드카가 발동됐다.

질문: 제공된 자료 범위 안에서만 답해줘",확실히 확인되는 사실은 외국인 매도로 코스피가 약세를 보인 반면 코스닥은 2차전지와 바이오 순환매로 급등했다. 다만 기사에 없는 투자 의견이나 가격 정보는 추측할 수 없습니다.
"참고 뉴스:
제목: 삼성바이오로직스, 스위스 폴리펩타이드 인수 추진
작성일: 2026-07-20
내용: 삼성바이오로직스는 스위스 의약품 위탁생산 기업 폴리펩타이드를 약 18억달러에 전액 현금으로 인수하는 공개매수를 추진했다. 회사는 펩타이드 치료제와 비만·당뇨 분야의 생산 역량 확대를 기대했다.

질문: 확실히 확인되는 사실과 확인되지 않는 내용을 나눠줘",제공된 뉴스 기준 핵심은 삼성바이오로직스는 펩타이드 의약품 사업 강화를 위해 폴리펩타이드 인수를 추진한다. 그 밖의 실시간 주가나 목표가격은 확인되지 않습니다.
"참고 뉴스:
제목: 삼성전자, AI 인프라용 PM1763 SSD 양산 시작
작성일: 2026-07-08
내용: 삼성전자는 차세대 AI 인프라에 최적화한 PM1763 SSD의 양산을 시작했다고 발표했다.

질문: 기사에서 제시한 원인이 무엇인지 알려줘",주된 원인은 차세대 AI 인프라의 고성능 저장장치 수요에 대응하기 위해서다.
"참고 뉴스:
제목: 삼성바이오로직스, 스위스 폴리펩타이드 인수 추진
작성일: 2026-07-20
내용: 삼성바이오로직스는 스위스 의약품 위탁생산 기업 폴리펩타이드를 약 18억달러에 전액 현금으로 인수하는 공개매수를 추진했다. 회사는 펩타이드 치료제와 비만·당뇨 분야의 생산 역량 확대를 기대했다.

질문: 삼성바이오로직스 주식을 지금 사는 게 좋아?","제공된 뉴스는 투자 판단의 일부 근거일 뿐입니다. 현재 가격과 재무 상태, 위험 요인을 추가로 확인해야 합니다."
"참고 뉴스:
제목: 삼성바이오로직스, 스위스 폴리펩타이드 인수 추진
작성일: 2026-07-20
내용: 삼성바이오로직스는 스위스 의약품 위탁생산 기업 폴리펩타이드를 약 18억달러에 전액 현금으로 인수하는 공개매수를 추진했다. 회사는 펩타이드 치료제와 비만·당뇨 분야의 생산 역량 확대를 기대했다.

질문: 이 뉴스만으로 투자 결정을 내려도 될까?",기사만으로 특정 매수·매도 결론을 내릴 수 없습니다. 뉴스에 없는 정보까지 추측해서 판단하면 안 됩니다.
"참고 뉴스:
제목: 삼성전자, AI 인프라용 PM1763 SSD 양산 시작
작성일: 2026-07-08
내용: 삼성전자는 차세대 AI 인프라에 최적화한 PM1763 SSD의 양산을 시작했다고 발표했다.

질문: 기사에서 확인되는 정량 정보만 말해줘",핵심 수치만 정리하면 기사 목록에는 생산량과 매출 기여액이 제시되지 않았다.입니다.
"참고 뉴스:
제목: 한화에어로스페이스, 2026년 2분기 이익 증가
작성일: 2026-07-31
내용: 한화에어로스페이스는 2026년 2분기 순이익 1조800억원을 기록해 전년 동기 대비 277.5% 증가했다. 실적은 시장 예상치를 웃돌았다고 보도됐다.

질문: 한화에어로스페이스 실적이나 변화의 배경을 설명해줘",기사에서 제시한 배경은 기사에서는 방산 사업 성장에 따른 실적 개선을 확인할 수 있다.
"참고 뉴스:
제목: 7월 국내 증시, 소외 업종으로 자금 이동 가능성
작성일: 2026-07-01
내용: 7월에는 상반기 주도주였던 반도체에서 자동차, 2차전지, 바이오 등 상대적으로 소외됐던 업종으로 자금이 이동할 수 있다는 전망이 나왔다. 반도체 조정이 곧 업황 훼손을 의미하는 것은 아니라는 분석도 제시됐다.

질문: 참고 뉴스의 핵심만 설명해줘",이 뉴스의 중심 내용은 7월에는 반도체에서 자동차·2차전지·바이오로 포트폴리오가 이동할 가능성이 제기됐다.
"참고 뉴스:
제목: 삼성바이오로직스, 스위스 폴리펩타이드 인수 추진
작성일: 2026-07-20
내용: 삼성바이오로직스는 스위스 의약품 위탁생산 기업 폴리펩타이드를 약 18억달러에 전액 현금으로 인수하는 공개매수를 추진했다. 회사는 펩타이드 치료제와 비만·당뇨 분야의 생산 역량 확대를 기대했다.

질문: 왜 이런 흐름이 나타났어?",제공된 뉴스 기준으로는 성장하는 펩타이드 기반 비만·당뇨 치료제 시장의 생산 역량을 확보하기 위해서다.
"참고 뉴스:
제목: HD현대, 2026년 2분기 높은 영업이익 기록
작성일: 2026-07-31
내용: HD현대는 2026년 2분기 연결 매출 22조4094억원, 영업이익 4조1246억원을 기록했다. 영업이익률은 18.4%로 발표됐다.

질문: 지금 주식 가격이 얼마야?",이 자료만으로 현재 주가와 등락률을 확인할 수 없습니다.
"참고 뉴스 1:
제목: HD현대중공업, 2026년 2분기 영업이익 급증
작성일: 2026-07-29
내용: HD현대중공업은 2026년 2분기 영업이익 1조399억원을 기록해 전년 동기 대비 120.6% 증가했다고 발표했다.

참고 뉴스 2:
제목: 코스닥, 2차전지·바이오 순환매로 급등
작성일: 2026-06-29
내용: 2026년 6월 29일 코스피는 외국인의 대규모 매도 속에 0.2% 하락했고, 코스닥은 2차전지와 바이오주 강세로 8.13% 상승했다. 장중 코스닥 매수 사이드카가 발동됐다.

질문: 두 기사에서 확인되는 긍정 요인을 비교해줘","첫 번째 뉴스의 긍정 요인은 영업이익의 큰 폭 증가이고, 두 번째 뉴스의 긍정 요인은 2차전지와 바이오 업종으로의 강한 순환매입니다."
"참고 뉴스:
제목: HD현대, 2026년 2분기 높은 영업이익 기록
작성일: 2026-07-31
내용: HD현대는 2026년 2분기 연결 매출 22조4094억원, 영업이익 4조1246억원을 기록했다. 영업이익률은 18.4%로 발표됐다.

질문: 실적 숫자만 정리해줘","정량 정보는 매출 22조4094억원, 영업이익 4조1246억원, 영업이익률 18.4%입니다."
"참고 뉴스:
제목: 삼성바이오로직스, 스위스 폴리펩타이드 인수 추진
작성일: 2026-07-20
내용: 삼성바이오로직스는 스위스 의약품 위탁생산 기업 폴리펩타이드를 약 18억달러에 전액 현금으로 인수하는 공개매수를 추진했다. 회사는 펩타이드 치료제와 비만·당뇨 분야의 생산 역량 확대를 기대했다.

질문: 삼성바이오로직스 주가가 오늘 얼마나 올랐어?",실시간 가격은 제공된 뉴스 범위를 벗어나므로 확인할 수 없습니다.
"참고 뉴스:
제목: 삼성전자 DS부문, AI 메모리 수요로 실적 확대
작성일: 2026-07-30
내용: 삼성전자 DS부문은 2026년 2분기 매출 127조5천억원, 영업이익 89조2천억원을 기록했다. 메모리 사업은 AI 수요에 대응해 서버 제품 중심 판매를 확대했고, 업계 전반의 가격 상승도 실적에 기여했다.

질문: 삼성전자의 긍정 요인은 뭐야?",긍정 요인은 AI 서버 제품 중심 판매 확대와 메모리 가격 상승입니다.
"참고 뉴스 1:
제목: 2026년 하반기 국내 증시, 반도체 쏠림에서 업종 확산 가능성
작성일: 2026-07-23
내용: 2026년 상반기 국내 증시는 반도체가 상승을 주도했지만 하반기에는 전력기기, 조선·방산, 바이오, 화장품, 금융 등으로 관심이 확산될 가능성이 제시됐다. 주요 변수로 AI 설비투자, 미국 금리, 기업 실적과 중국 메모리 업체의 추격이 언급됐다.

참고 뉴스 2:
제목: 삼성SDI, 미국 ESS용 각형 배터리 공급 계약
작성일: 2026-03-16
내용: 삼성SDI는 미국에서 1조5000억원 규모의 ESS용 각형 배터리 공급 계약을 수주했다고 발표했다.

질문: 두 뉴스의 핵심 내용을 비교해줘",첫 번째 뉴스는 하반기 국내 증시는 반도체 중심 장세에서 실적 개선 업종으로 관심이 분산될 가능성이 있다. 두 번째 뉴스는 삼성SDI는 미국 ESS 시장에서 대규모 각형 배터리 공급 계약을 확보했다.
"참고 뉴스:
제목: 삼성전자 DS부문, AI 메모리 수요로 실적 확대
작성일: 2026-07-30
내용: 삼성전자 DS부문은 2026년 2분기 매출 127조5천억원, 영업이익 89조2천억원을 기록했다. 메모리 사업은 AI 수요에 대응해 서버 제품 중심 판매를 확대했고, 업계 전반의 가격 상승도 실적에 기여했다.

질문: 오늘 종가를 확인해줘",기사에는 오늘의 시세 정보가 포함되지 않았습니다.
"참고 뉴스:
제목: 7월 국내 증시, 소외 업종으로 자금 이동 가능성
작성일: 2026-07-01
내용: 7월에는 상반기 주도주였던 반도체에서 자동차, 2차전지, 바이오 등 상대적으로 소외됐던 업종으로 자금이 이동할 수 있다는 전망이 나왔다. 반도체 조정이 곧 업황 훼손을 의미하는 것은 아니라는 분석도 제시됐다.

질문: 국내 증시의 목표주가를 숫자로 말해줘",제공된 자료에는 적정 주가나 목표주가 정보가 포함되지 않았습니다.
"참고 뉴스 1:
제목: 삼성SDI, 7개 분기 만에 영업이익 흑자 전환
작성일: 2026-07-30
내용: 삼성SDI는 2026년 2분기 매출 3조7700억원, 영업이익 2038억원을 기록했다. 매출은 전년 동기 대비 18.5%, 전 분기 대비 5.4% 증가했고, 영업이익은 7개 분기 만에 흑자로 전환했다.

참고 뉴스 2:
제목: 7월 국내 증시, 소외 업종으로 자금 이동 가능성
작성일: 2026-07-01
내용: 7월에는 상반기 주도주였던 반도체에서 자동차, 2차전지, 바이오 등 상대적으로 소외됐던 업종으로 자금이 이동할 수 있다는 전망이 나왔다. 반도체 조정이 곧 업황 훼손을 의미하는 것은 아니라는 분석도 제시됐다.

질문: 두 기사에서 확인되는 긍정 요인을 비교해줘","첫 번째 뉴스의 긍정 요인은 7개 분기 만의 영업이익 흑자 전환과 매출 증가이고, 두 번째 뉴스의 긍정 요인은 소외 업종으로의 순환매 가능성과 반도체 펀더멘털 유지 전망입니다."
"참고 뉴스:
제목: 엔비디아, 네이버 AI 인프라 프로젝트에 투자 추진
작성일: 2026-07-27
내용: 엔비디아는 네이버의 대규모 AI 데이터센터 프로젝트에 약 10억달러를 투자할 계획이다. 네이버는 엔비디아를 대상으로 약 1조4810억원 규모의 신주를 발행하며, 거래 완료 후 엔비디아의 지분율은 약 4.5%가 될 예정이다.

질문: 이 기사에서 가장 중요한 내용이 뭐야?",핵심은 네이버는 엔비디아 투자와 신주 발행을 통해 대규모 AI 인프라 구축을 추진한다.
"참고 뉴스:
제목: 삼성전자, AI 인프라용 PM1763 SSD 양산 시작
작성일: 2026-07-08
내용: 삼성전자는 차세대 AI 인프라에 최적화한 PM1763 SSD의 양산을 시작했다고 발표했다.

질문: 삼성전자에 불리할 수 있는 내용을 알려줘","긍정 요인과 별개로 시장 점유율, 판매 가격과 실제 수익 기여 규모는 확인할 수 없다."
"참고 뉴스:
제목: 삼성SDI, 7개 분기 만에 영업이익 흑자 전환
작성일: 2026-07-30
내용: 삼성SDI는 2026년 2분기 매출 3조7700억원, 영업이익 2038억원을 기록했다. 매출은 전년 동기 대비 18.5%, 전 분기 대비 5.4% 증가했고, 영업이익은 7개 분기 만에 흑자로 전환했다.

질문: 이 기사만 보고 삼성SDI를 매수해도 돼?","이 기사 하나만으로 매수나 매도를 결정하기는 어렵습니다. 실적 추세, 밸류에이션, 수급과 추가 공시를 함께 확인해야 합니다."
"참고 뉴스:
제목: HD현대중공업, 2026년 2분기 영업이익 급증
작성일: 2026-07-29
내용: HD현대중공업은 2026년 2분기 영업이익 1조399억원을 기록해 전년 동기 대비 120.6% 증가했다고 발표했다.

질문: HD현대중공업 주가가 오늘 얼마나 올랐어?",실시간 가격은 제공된 뉴스 범위를 벗어나므로 확인할 수 없습니다.
"참고 뉴스:
제목: 신한금융, 2026년 2분기 분기 최대 순이익
작성일: 2026-07-23
내용: 신한금융의 2026년 2분기 순이익은 1조8201억원으로 전 분기 대비 12.2% 증가했다. 상반기 순이익은 3조4427억원으로 전년 동기 대비 13.3% 늘었다.

질문: 현재 시세와 등락률을 말해줘",현재 주가는 기사 작성 시점과 달라질 수 있어 별도 시세 조회가 필요합니다.
"참고 뉴스:
제목: 엔비디아, 네이버 AI 인프라 프로젝트에 투자 추진
작성일: 2026-07-27
내용: 엔비디아는 네이버의 대규모 AI 데이터센터 프로젝트에 약 10억달러를 투자할 계획이다. 네이버는 엔비디아를 대상으로 약 1조4810억원 규모의 신주를 발행하며, 거래 완료 후 엔비디아의 지분율은 약 4.5%가 될 예정이다.

질문: 네이버 관련 핵심 숫자를 정리해줘","기사 기준 주요 지표는 엔비디아 투자 약 10억달러, 신주 발행 약 1조4810억원, 예상 지분율 약 4.5%입니다."
"참고 뉴스 1:
제목: 삼성전자 DS부문, AI 메모리 수요로 실적 확대
작성일: 2026-07-30
내용: 삼성전자 DS부문은 2026년 2분기 매출 127조5천억원, 영업이익 89조2천억원을 기록했다. 메모리 사업은 AI 수요에 대응해 서버 제품 중심 판매를 확대했고, 업계 전반의 가격 상승도 실적에 기여했다.

참고 뉴스 2:
제목: 7월 국내 증시, 소외 업종으로 자금 이동 가능성
작성일: 2026-07-01
내용: 7월에는 상반기 주도주였던 반도체에서 자동차, 2차전지, 바이오 등 상대적으로 소외됐던 업종으로 자금이 이동할 수 있다는 전망이 나왔다. 반도체 조정이 곧 업황 훼손을 의미하는 것은 아니라는 분석도 제시됐다.

질문: 두 뉴스의 위험 요인을 나눠서 설명해줘",첫 번째 뉴스의 부담 요인은 기사에는 생산능력 제약이 언급됐지만 구체적인 손실 규모는 제시되지 않았다. 두 번째 뉴스의 부담 요인은 순환매가 실제 실적 개선으로 이어지지 않으면 변동성이 커질 수 있다.
"참고 뉴스:
제목: 삼성바이오로직스, 스위스 폴리펩타이드 인수 추진
작성일: 2026-07-20
내용: 삼성바이오로직스는 스위스 의약품 위탁생산 기업 폴리펩타이드를 약 18억달러에 전액 현금으로 인수하는 공개매수를 추진했다. 회사는 펩타이드 치료제와 비만·당뇨 분야의 생산 역량 확대를 기대했다.

질문: 현재 시세와 등락률을 말해줘",현재 주가는 기사 작성 시점과 달라질 수 있어 별도 시세 조회가 필요합니다.
"참고 뉴스:
제목: 7월 국내 증시, 소외 업종으로 자금 이동 가능성
작성일: 2026-07-01
내용: 7월에는 상반기 주도주였던 반도체에서 자동차, 2차전지, 바이오 등 상대적으로 소외됐던 업종으로 자금이 이동할 수 있다는 전망이 나왔다. 반도체 조정이 곧 업황 훼손을 의미하는 것은 아니라는 분석도 제시됐다.

질문: 기사에서 확인되는 정량 정보만 말해줘",핵심 수치만 정리하면 기사에는 업종별 구체적인 상승률이나 목표지수는 제시되지 않았다.입니다.
"참고 뉴스:
제목: 삼성전자, AI 인프라용 PM1763 SSD 양산 시작
작성일: 2026-07-08
내용: 삼성전자는 차세대 AI 인프라에 최적화한 PM1763 SSD의 양산을 시작했다고 발표했다.

질문: 삼성전자 주식을 지금 사는 게 좋아?","제공된 뉴스는 투자 판단의 일부 근거일 뿐입니다. 현재 가격과 재무 상태, 위험 요인을 추가로 확인해야 합니다."
"참고 뉴스:
제목: HD현대, 2026년 2분기 높은 영업이익 기록
작성일: 2026-07-31
내용: HD현대는 2026년 2분기 연결 매출 22조4094억원, 영업이익 4조1246억원을 기록했다. 영업이익률은 18.4%로 발표됐다.

질문: HD현대에 불리할 수 있는 내용을 알려줘",긍정 요인과 별개로 기사에는 사업부별 수주잔고와 원가 변동의 상세 내용은 포함되지 않았다.
"참고 뉴스:
제목: 삼성바이오로직스, 스위스 폴리펩타이드 인수 추진
작성일: 2026-07-20
내용: 삼성바이오로직스는 스위스 의약품 위탁생산 기업 폴리펩타이드를 약 18억달러에 전액 현금으로 인수하는 공개매수를 추진했다. 회사는 펩타이드 치료제와 비만·당뇨 분야의 생산 역량 확대를 기대했다.

질문: 삼성바이오로직스의 목표주가를 숫자로 말해줘",제공된 자료에는 적정 주가나 목표주가 정보가 포함되지 않았습니다.
"참고 뉴스 1:
제목: 삼성전자, 2026년 2분기 실적 발표
작성일: 2026-07-30
내용: 삼성전자는 2026년 2분기 연결 매출 171조5천억원, 영업이익 89조5천억원을 기록했다. 매출과 영업이익 모두 분기 기준 최고치를 경신했으며, 전 분기 대비 매출은 28% 증가했다.

참고 뉴스 2:
제목: 한화에어로스페이스, 2026년 2분기 이익 증가
작성일: 2026-07-31
내용: 한화에어로스페이스는 2026년 2분기 순이익 1조800억원을 기록해 전년 동기 대비 277.5% 증가했다. 실적은 시장 예상치를 웃돌았다고 보도됐다.

질문: 두 뉴스의 위험 요인을 나눠서 설명해줘",첫 번째 뉴스의 부담 요인은 이 기사에는 구체적인 하방 위험이나 목표주가 정보가 제시되지 않았다. 두 번째 뉴스의 부담 요인은 기사에는 향후 수주 일정과 일회성 이익 여부에 대한 상세 분석은 충분히 제시되지 않았다.
"참고 뉴스:
제목: 현대차, 2026년 2분기 매출 증가에도 영업이익 감소
작성일: 2026-07-23
내용: 현대차의 2026년 2분기 매출은 49조2150억원으로 전년 동기 대비 1.9% 증가했다. 영업이익은 2조8510억원으로 20.8% 감소했고, 글로벌 판매량은 6.9% 줄었다.

질문: 이 뉴스만으로 투자 결정을 내려도 될까?",기사만으로 특정 매수·매도 결론을 내릴 수 없습니다. 뉴스에 없는 정보까지 추측해서 판단하면 안 됩니다.
"참고 뉴스:
제목: 2026년 하반기 국내 증시, 반도체 쏠림에서 업종 확산 가능성
작성일: 2026-07-23
내용: 2026년 상반기 국내 증시는 반도체가 상승을 주도했지만 하반기에는 전력기기, 조선·방산, 바이오, 화장품, 금융 등으로 관심이 확산될 가능성이 제시됐다. 주요 변수로 AI 설비투자, 미국 금리, 기업 실적과 중국 메모리 업체의 추격이 언급됐다.

질문: 이런 결과가 나온 이유가 뭐야?",상반기 반도체 쏠림 이후 상대적으로 덜 오른 업종으로 자금이 이동할 가능성이 제기됐다.
"참고 뉴스:
제목: 삼성바이오로직스, 2026년 2분기 실적 발표
작성일: 2026-07-23
내용: 삼성바이오로직스는 2026년 2분기 매출 1조3210억원, 영업이익 5860억원을 기록했다. 1공장부터 4공장까지 안정적인 생산 운영과 고객 프로젝트 수행이 실적에 반영됐다.

질문: 뉴스에서 확인되는 성장 요인을 알려줘",확인되는 긍정 요인은 1~4공장의 안정적인 가동과 고객 프로젝트 수행입니다.
"참고 뉴스:
제목: SK하이닉스, 2026년 2분기 사상 최대 실적
작성일: 2026-07-29
내용: SK하이닉스는 2026년 2분기 매출 79조3187억원, 영업이익 60조5426억원을 발표했다. AI 수요에 대응한 고부가가치 제품 판매가 실적을 이끌었고, 주요 고객과 장기·다년 계약을 확대했다고 설명했다.

질문: SK하이닉스의 긍정 요인은 뭐야?",긍정 요인은 AI용 고부가가치 제품 판매와 주요 고객과의 장기 계약 확대입니다.
"참고 뉴스:
제목: 엔비디아, 네이버 AI 인프라 프로젝트에 투자 추진
작성일: 2026-07-27
내용: 엔비디아는 네이버의 대규모 AI 데이터센터 프로젝트에 약 10억달러를 투자할 계획이다. 네이버는 엔비디아를 대상으로 약 1조4810억원 규모의 신주를 발행하며, 거래 완료 후 엔비디아의 지분율은 약 4.5%가 될 예정이다.

질문: 이런 결과가 나온 이유가 뭐야?",소버린 AI와 대규모 데이터센터 구축을 위한 자금 및 GPU 인프라 확보가 목적이다.
"참고 뉴스:
제목: 신한금융, 2026년 2분기 분기 최대 순이익
작성일: 2026-07-23
내용: 신한금융의 2026년 2분기 순이익은 1조8201억원으로 전 분기 대비 12.2% 증가했다. 상반기 순이익은 3조4427억원으로 전년 동기 대비 13.3% 늘었다.

질문: 기사에서 확인되는 정량 정보만 말해줘","핵심 수치만 정리하면 2분기 순이익 1조8201억원, 상반기 순이익 3조4427억원입니다."
"참고 뉴스:
제목: 현대차, 하반기 신차 출시로 회복 추진
작성일: 2026-07-23
내용: 현대차는 2분기 영업이익이 감소했지만 연간 전망은 유지했다. 회사는 하반기 투싼과 아반떼 등 주요 신차 출시를 통해 판매 회복을 추진할 계획이라고 밝혔다.

질문: 앞으로 어느 가격까지 갈 수 있어?",목표주가 수치는 기사에서 확인되지 않습니다.
"참고 뉴스:
제목: 2026년 하반기 국내 증시, 반도체 쏠림에서 업종 확산 가능성
작성일: 2026-07-23
내용: 2026년 상반기 국내 증시는 반도체가 상승을 주도했지만 하반기에는 전력기기, 조선·방산, 바이오, 화장품, 금융 등으로 관심이 확산될 가능성이 제시됐다. 주요 변수로 AI 설비투자, 미국 금리, 기업 실적과 중국 메모리 업체의 추격이 언급됐다.

질문: 제공된 자료 범위 안에서만 답해줘",확실히 확인되는 사실은 하반기 국내 증시는 반도체 중심 장세에서 실적 개선 업종으로 관심이 분산될 가능성이 있다. 다만 기사에 없는 투자 의견이나 가격 정보는 추측할 수 없습니다.
"참고 뉴스 1:
제목: SK하이닉스, 2026년 2분기 사상 최대 실적
작성일: 2026-07-29
내용: SK하이닉스는 2026년 2분기 매출 79조3187억원, 영업이익 60조5426억원을 발표했다. AI 수요에 대응한 고부가가치 제품 판매가 실적을 이끌었고, 주요 고객과 장기·다년 계약을 확대했다고 설명했다.

참고 뉴스 2:
제목: 네이버, 2026년 1분기 매출 16.3% 증가
작성일: 2026-04-30
내용: 네이버는 2026년 1분기 매출 3조2411억원, 영업이익 5418억원을 기록했다. 매출은 전년 동기 대비 16.3%, 영업이익은 7.2% 증가했으며 광고와 커머스 등 핵심 사업의 AI 적용이 성장에 기여했다.

질문: 두 뉴스의 위험 요인을 나눠서 설명해줘","첫 번째 뉴스의 부담 요인은 기사에는 현재 주가나 목표주가, 구체적인 수요 둔화 전망은 포함되지 않았다. 두 번째 뉴스의 부담 요인은 AI 인프라 투자가 확대되면 비용과 수익성에 부담이 될 수 있다."
"참고 뉴스 1:
제목: KB금융, 2026년 상반기 순이익 증가
작성일: 2026-07-23
내용: KB금융은 2026년 상반기 실적 발표 자료를 공개했다. 외부 보도에 따르면 상반기 순이익은 3조8846억원으로 전년 동기 대비 13.1% 증가했다.

참고 뉴스 2:
제목: 코스닥, 2차전지·바이오 순환매로 급등
작성일: 2026-06-29
내용: 2026년 6월 29일 코스피는 외국인의 대규모 매도 속에 0.2% 하락했고, 코스닥은 2차전지와 바이오주 강세로 8.13% 상승했다. 장중 코스닥 매수 사이드카가 발동됐다.

질문: 어느 쪽이 더 좋다고 단정할 수 있는지 말해줘",두 뉴스는 기업과 상황이 달라 어느 쪽이 더 좋다고 단정하기 어렵습니다. 첫 번째는 KB금융은 2026년 상반기 순이익이 전년 동기보다 증가했다. 두 번째는 외국인 매도로 코스피가 약세를 보인 반면 코스닥은 2차전지와 바이오 순환매로 급등했다.
"참고 뉴스:
제목: 현대차, 하반기 신차 출시로 회복 추진
작성일: 2026-07-23
내용: 현대차는 2분기 영업이익이 감소했지만 연간 전망은 유지했다. 회사는 하반기 투싼과 아반떼 등 주요 신차 출시를 통해 판매 회복을 추진할 계획이라고 밝혔다.

질문: 이 뉴스에서 확인되는 사실을 요약해줘",기사에서 확인되는 핵심은 현대차는 실적 부담에도 연간 전망을 유지하고 하반기 신차로 회복을 추진한다.
"참고 뉴스:
제목: 삼성SDI, 미국 ESS용 각형 배터리 공급 계약
작성일: 2026-03-16
내용: 삼성SDI는 미국에서 1조5000억원 규모의 ESS용 각형 배터리 공급 계약을 수주했다고 발표했다.

질문: 오늘 종가를 확인해줘",기사에는 오늘의 시세 정보가 포함되지 않았습니다.
"참고 뉴스:
제목: 삼성SDI, 7개 분기 만에 영업이익 흑자 전환
작성일: 2026-07-30
내용: 삼성SDI는 2026년 2분기 매출 3조7700억원, 영업이익 2038억원을 기록했다. 매출은 전년 동기 대비 18.5%, 전 분기 대비 5.4% 증가했고, 영업이익은 7개 분기 만에 흑자로 전환했다.

질문: 이 기사에서 호재로 볼 수 있는 부분을 말해줘",기사에서 긍정적으로 볼 수 있는 부분은 7개 분기 만의 영업이익 흑자 전환과 매출 증가입니다.
"참고 뉴스:
제목: 삼성바이오로직스, 2026년 2분기 실적 발표
작성일: 2026-07-23
내용: 삼성바이오로직스는 2026년 2분기 매출 1조3210억원, 영업이익 5860억원을 기록했다. 1공장부터 4공장까지 안정적인 생산 운영과 고객 프로젝트 수행이 실적에 반영됐다.

질문: 지금 주식 가격이 얼마야?",이 자료만으로 현재 주가와 등락률을 확인할 수 없습니다.
"참고 뉴스:
제목: 코스닥, 2차전지·바이오 순환매로 급등
작성일: 2026-06-29
내용: 2026년 6월 29일 코스피는 외국인의 대규모 매도 속에 0.2% 하락했고, 코스닥은 2차전지와 바이오주 강세로 8.13% 상승했다. 장중 코스닥 매수 사이드카가 발동됐다.

질문: 이 뉴스에 나온 수치가 뭐야?","제공된 자료에 나온 숫자는 코스피 0.2% 하락, 코스닥 8.13% 상승입니다."
"참고 뉴스:
제목: 7월 국내 증시, 소외 업종으로 자금 이동 가능성
작성일: 2026-07-01
내용: 7월에는 상반기 주도주였던 반도체에서 자동차, 2차전지, 바이오 등 상대적으로 소외됐던 업종으로 자금이 이동할 수 있다는 전망이 나왔다. 반도체 조정이 곧 업황 훼손을 의미하는 것은 아니라는 분석도 제시됐다.

질문: 국내 증시 관련 핵심 숫자를 정리해줘",기사 기준 주요 지표는 기사에는 업종별 구체적인 상승률이나 목표지수는 제시되지 않았다.입니다.
"참고 뉴스:
제목: HD현대, 2026년 2분기 높은 영업이익 기록
작성일: 2026-07-31
내용: HD현대는 2026년 2분기 연결 매출 22조4094억원, 영업이익 4조1246억원을 기록했다. 영업이익률은 18.4%로 발표됐다.

질문: 왜 이런 흐름이 나타났어?",제공된 뉴스 기준으로는 조선과 에너지 등 주요 사업의 실적 개선이 연결 실적에 반영됐다.
"참고 뉴스:
제목: 삼성바이오로직스, 스위스 폴리펩타이드 인수 추진
작성일: 2026-07-20
내용: 삼성바이오로직스는 스위스 의약품 위탁생산 기업 폴리펩타이드를 약 18억달러에 전액 현금으로 인수하는 공개매수를 추진했다. 회사는 펩타이드 치료제와 비만·당뇨 분야의 생산 역량 확대를 기대했다.

질문: 제공된 자료 범위 안에서만 답해줘",확실히 확인되는 사실은 삼성바이오로직스는 펩타이드 의약품 사업 강화를 위해 폴리펩타이드 인수를 추진한다. 다만 기사에 없는 투자 의견이나 가격 정보는 추측할 수 없습니다.
"참고 뉴스:
제목: 삼성바이오로직스, 2026년 2분기 실적 발표
작성일: 2026-07-23
내용: 삼성바이오로직스는 2026년 2분기 매출 1조3210억원, 영업이익 5860억원을 기록했다. 1공장부터 4공장까지 안정적인 생산 운영과 고객 프로젝트 수행이 실적에 반영됐다.

질문: 언제 나온 소식인지 확인해줘",이 뉴스는 2026-07-23 기준입니다.
"참고 뉴스:
제목: 현대차, 2026년 2분기 매출 증가에도 영업이익 감소
작성일: 2026-07-23
내용: 현대차의 2026년 2분기 매출은 49조2150억원으로 전년 동기 대비 1.9% 증가했다. 영업이익은 2조8510억원으로 20.8% 감소했고, 글로벌 판매량은 6.9% 줄었다.

질문: 매수와 매도 중 어느 쪽이 맞아?",이 자료만으로 투자 결정을 권하기 어렵습니다. 회사 실적과 시장 환경을 함께 검토해야 합니다.
"참고 뉴스:
제목: SK하이닉스, 2026년 2분기 사상 최대 실적
작성일: 2026-07-29
내용: SK하이닉스는 2026년 2분기 매출 79조3187억원, 영업이익 60조5426억원을 발표했다. AI 수요에 대응한 고부가가치 제품 판매가 실적을 이끌었고, 주요 고객과 장기·다년 계약을 확대했다고 설명했다.

질문: 이 기사에 나온 적정 주가가 얼마야?",기사에 증권사 목표가격이 제시되지 않아 답할 수 없습니다.
"참고 뉴스 1:
제목: 엔비디아, 네이버 AI 인프라 프로젝트에 투자 추진
작성일: 2026-07-27
내용: 엔비디아는 네이버의 대규모 AI 데이터센터 프로젝트에 약 10억달러를 투자할 계획이다. 네이버는 엔비디아를 대상으로 약 1조4810억원 규모의 신주를 발행하며, 거래 완료 후 엔비디아의 지분율은 약 4.5%가 될 예정이다.

참고 뉴스 2:
제목: 셀트리온, 2026년 2분기 분기 최대 매출
작성일: 2026-07-27
내용: 셀트리온은 2026년 2분기 매출 1조3937억원, 영업이익 4518억원을 기록했다. 매출은 전년 동기 대비 45%, 영업이익은 86.3% 증가했고, 고수익 신제품이 바이오의약품 매출의 65%를 차지했다.

질문: 두 기사에서 확인되는 긍정 요인을 비교해줘","첫 번째 뉴스의 긍정 요인은 글로벌 AI 기업과의 협력 및 AI 데이터센터 인프라 확대이고, 두 번째 뉴스의 긍정 요인은 고수익 신제품 성장과 원가율 개선입니다."
"참고 뉴스 1:
제목: 2026년 하반기 국내 증시, 반도체 쏠림에서 업종 확산 가능성
작성일: 2026-07-23
내용: 2026년 상반기 국내 증시는 반도체가 상승을 주도했지만 하반기에는 전력기기, 조선·방산, 바이오, 화장품, 금융 등으로 관심이 확산될 가능성이 제시됐다. 주요 변수로 AI 설비투자, 미국 금리, 기업 실적과 중국 메모리 업체의 추격이 언급됐다.

참고 뉴스 2:
제목: 삼성SDI, 미국 ESS용 각형 배터리 공급 계약
작성일: 2026-03-16
내용: 삼성SDI는 미국에서 1조5000억원 규모의 ESS용 각형 배터리 공급 계약을 수주했다고 발표했다.

질문: 어느 쪽이 더 좋다고 단정할 수 있는지 말해줘",두 뉴스는 기업과 상황이 달라 어느 쪽이 더 좋다고 단정하기 어렵습니다. 첫 번째는 하반기 국내 증시는 반도체 중심 장세에서 실적 개선 업종으로 관심이 분산될 가능성이 있다. 두 번째는 삼성SDI는 미국 ESS 시장에서 대규모 각형 배터리 공급 계약을 확보했다.
"참고 뉴스 1:
제목: 삼성바이오로직스, 스위스 폴리펩타이드 인수 추진
작성일: 2026-07-20
내용: 삼성바이오로직스는 스위스 의약품 위탁생산 기업 폴리펩타이드를 약 18억달러에 전액 현금으로 인수하는 공개매수를 추진했다. 회사는 펩타이드 치료제와 비만·당뇨 분야의 생산 역량 확대를 기대했다.

참고 뉴스 2:
제목: 셀트리온, 2026년 2분기 분기 최대 매출
작성일: 2026-07-27
내용: 셀트리온은 2026년 2분기 매출 1조3937억원, 영업이익 4518억원을 기록했다. 매출은 전년 동기 대비 45%, 영업이익은 86.3% 증가했고, 고수익 신제품이 바이오의약품 매출의 65%를 차지했다.

질문: 두 뉴스의 위험 요인을 나눠서 설명해줘",첫 번째 뉴스의 부담 요인은 대규모 현금 인수에 따른 자금 부담과 인수 후 통합 위험 두 번째 뉴스의 부담 요인은 기사에는 제품별 경쟁 심화나 환율 변화의 구체적인 손익 영향은 제시되지 않았다.
"참고 뉴스:
제목: 삼성전자 DS부문, AI 메모리 수요로 실적 확대
작성일: 2026-07-30
내용: 삼성전자 DS부문은 2026년 2분기 매출 127조5천억원, 영업이익 89조2천억원을 기록했다. 메모리 사업은 AI 수요에 대응해 서버 제품 중심 판매를 확대했고, 업계 전반의 가격 상승도 실적에 기여했다.

질문: 이 기사만 보고 삼성전자를 매수해도 돼?","이 기사 하나만으로 매수나 매도를 결정하기는 어렵습니다. 실적 추세, 밸류에이션, 수급과 추가 공시를 함께 확인해야 합니다."
"참고 뉴스:
제목: 삼성바이오로직스, 2026년 2분기 실적 발표
작성일: 2026-07-23
내용: 삼성바이오로직스는 2026년 2분기 매출 1조3210억원, 영업이익 5860억원을 기록했다. 1공장부터 4공장까지 안정적인 생산 운영과 고객 프로젝트 수행이 실적에 반영됐다.

질문: 참고 뉴스에서 확인되는 내용만 말해줘","확인되는 사실은 삼성바이오로직스는 안정적인 공장 운영을 바탕으로 견조한 2분기 실적을 기록했다. 주요 수치는 매출 1조3210억원, 영업이익 5860억원입니다. 기사에 없는 목표주가나 현재 시세는 확인할 수 없습니다."
"참고 뉴스:
제목: 코스닥, 2차전지·바이오 순환매로 급등
작성일: 2026-06-29
내용: 2026년 6월 29일 코스피는 외국인의 대규모 매도 속에 0.2% 하락했고, 코스닥은 2차전지와 바이오주 강세로 8.13% 상승했다. 장중 코스닥 매수 사이드카가 발동됐다.

질문: 긍정적인 내용만 근거를 들어 정리해줘",제공된 뉴스 기준 성장 요인은 2차전지와 바이오 업종으로의 강한 순환매입니다.
"참고 뉴스:
제목: 2026년 하반기 국내 증시, 반도체 쏠림에서 업종 확산 가능성
작성일: 2026-07-23
내용: 2026년 상반기 국내 증시는 반도체가 상승을 주도했지만 하반기에는 전력기기, 조선·방산, 바이오, 화장품, 금융 등으로 관심이 확산될 가능성이 제시됐다. 주요 변수로 AI 설비투자, 미국 금리, 기업 실적과 중국 메모리 업체의 추격이 언급됐다.

질문: 기사 작성일을 알려줘",기사 기준 날짜는 2026-07-23입니다.
"참고 뉴스:
제목: 삼성전자, AI 인프라용 PM1763 SSD 양산 시작
작성일: 2026-07-08
내용: 삼성전자는 차세대 AI 인프라에 최적화한 PM1763 SSD의 양산을 시작했다고 발표했다.

질문: 앞으로 어느 가격까지 갈 수 있어?",목표주가 수치는 기사에서 확인되지 않습니다.
"참고 뉴스:
제목: 코스닥, 2차전지·바이오 순환매로 급등
작성일: 2026-06-29
내용: 2026년 6월 29일 코스피는 외국인의 대규모 매도 속에 0.2% 하락했고, 코스닥은 2차전지와 바이오주 강세로 8.13% 상승했다. 장중 코스닥 매수 사이드카가 발동됐다.

질문: 국내 증시 관련 내용을 짧게 요약해줘",제공된 기사 기준으로는 외국인 매도로 코스피가 약세를 보인 반면 코스닥은 2차전지와 바이오 순환매로 급등했다.
"참고 뉴스:
제목: 신한금융, 2026년 2분기 분기 최대 순이익
작성일: 2026-07-23
내용: 신한금융의 2026년 2분기 순이익은 1조8201억원으로 전 분기 대비 12.2% 증가했다. 상반기 순이익은 3조4427억원으로 전년 동기 대비 13.3% 늘었다.

질문: 신한금융 실적이나 변화의 배경을 설명해줘",기사에서 제시한 배경은 이자이익과 비이자이익의 안정적인 증가가 실적에 기여했다.
"참고 뉴스:
제목: 삼성SDI, 미국 ESS용 각형 배터리 공급 계약
작성일: 2026-03-16
내용: 삼성SDI는 미국에서 1조5000억원 규모의 ESS용 각형 배터리 공급 계약을 수주했다고 발표했다.

질문: 삼성SDI의 현재 주가를 알려줘",제공된 기사에는 실시간 주가나 오늘 종가가 없습니다. 현재 시세는 별도의 실시간 데이터가 필요합니다.
"참고 뉴스:
제목: 현대차, 2026년 2분기 매출 증가에도 영업이익 감소
작성일: 2026-07-23
내용: 현대차의 2026년 2분기 매출은 49조2150억원으로 전년 동기 대비 1.9% 증가했다. 영업이익은 2조8510억원으로 20.8% 감소했고, 글로벌 판매량은 6.9% 줄었다.

질문: 현대차의 부담 요인은 뭐야?",부담 요인은 영업이익이 20.8% 감소했고 글로벌 판매량도 6.9% 줄었다.
"참고 뉴스:
제목: 현대차, 하반기 신차 출시로 회복 추진
작성일: 2026-07-23
내용: 현대차는 2분기 영업이익이 감소했지만 연간 전망은 유지했다. 회사는 하반기 투싼과 아반떼 등 주요 신차 출시를 통해 판매 회복을 추진할 계획이라고 밝혔다.

질문: 제공된 자료 범위 안에서만 답해줘",확실히 확인되는 사실은 현대차는 실적 부담에도 연간 전망을 유지하고 하반기 신차로 회복을 추진한다. 다만 기사에 없는 투자 의견이나 가격 정보는 추측할 수 없습니다.
"참고 뉴스:
제목: 2026년 하반기 국내 증시, 반도체 쏠림에서 업종 확산 가능성
작성일: 2026-07-23
내용: 2026년 상반기 국내 증시는 반도체가 상승을 주도했지만 하반기에는 전력기기, 조선·방산, 바이오, 화장품, 금융 등으로 관심이 확산될 가능성이 제시됐다. 주요 변수로 AI 설비투자, 미국 금리, 기업 실적과 중국 메모리 업체의 추격이 언급됐다.

질문: 확실히 확인되는 사실과 확인되지 않는 내용을 나눠줘",제공된 뉴스 기준 핵심은 하반기 국내 증시는 반도체 중심 장세에서 실적 개선 업종으로 관심이 분산될 가능성이 있다. 그 밖의 실시간 주가나 목표가격은 확인되지 않습니다.
"참고 뉴스:
제목: 삼성바이오로직스, 2026년 2분기 실적 발표
작성일: 2026-07-23
내용: 삼성바이오로직스는 2026년 2분기 매출 1조3210억원, 영업이익 5860억원을 기록했다. 1공장부터 4공장까지 안정적인 생산 운영과 고객 프로젝트 수행이 실적에 반영됐다.

질문: 왜 이런 흐름이 나타났어?",제공된 뉴스 기준으로는 안정적인 생산 운영과 고객 프로그램 수행이 실적의 기반이 됐다.
"참고 뉴스:
제목: 삼성전자 DS부문, AI 메모리 수요로 실적 확대
작성일: 2026-07-30
내용: 삼성전자 DS부문은 2026년 2분기 매출 127조5천억원, 영업이익 89조2천억원을 기록했다. 메모리 사업은 AI 수요에 대응해 서버 제품 중심 판매를 확대했고, 업계 전반의 가격 상승도 실적에 기여했다.

질문: 뉴스 근거를 들어 설명해줘",기사 근거만 사용하면 삼성전자 반도체 부문은 AI 서버용 메모리 수요와 가격 상승의 영향을 받았다. 추가적인 주가 전망은 이 자료만으로 단정할 수 없습니다.
"참고 뉴스:
제목: 삼성바이오로직스, 2026년 2분기 실적 발표
작성일: 2026-07-23
내용: 삼성바이오로직스는 2026년 2분기 매출 1조3210억원, 영업이익 5860억원을 기록했다. 1공장부터 4공장까지 안정적인 생산 운영과 고객 프로젝트 수행이 실적에 반영됐다.

질문: 매수와 매도 중 어느 쪽이 맞아?",이 자료만으로 투자 결정을 권하기 어렵습니다. 회사 실적과 시장 환경을 함께 검토해야 합니다.
"참고 뉴스:
제목: 삼성전자, AI 인프라용 PM1763 SSD 양산 시작
작성일: 2026-07-08
내용: 삼성전자는 차세대 AI 인프라에 최적화한 PM1763 SSD의 양산을 시작했다고 발표했다.

질문: 확실히 확인되는 사실과 확인되지 않는 내용을 나눠줘",제공된 뉴스 기준 핵심은 삼성전자는 AI 데이터센터 수요에 대응하기 위해 차세대 SSD 양산을 시작했다. 그 밖의 실시간 주가나 목표가격은 확인되지 않습니다.
"참고 뉴스:
제목: 코스닥, 2차전지·바이오 순환매로 급등
작성일: 2026-06-29
내용: 2026년 6월 29일 코스피는 외국인의 대규모 매도 속에 0.2% 하락했고, 코스닥은 2차전지와 바이오주 강세로 8.13% 상승했다. 장중 코스닥 매수 사이드카가 발동됐다.

질문: 뉴스에 나온 근거를 바탕으로 배경을 정리해줘",이 흐름의 배경은 반도체 약세 속에서 2차전지와 바이오로 매수세가 이동했다.
"참고 뉴스:
제목: 코스닥, 2차전지·바이오 순환매로 급등
작성일: 2026-06-29
내용: 2026년 6월 29일 코스피는 외국인의 대규모 매도 속에 0.2% 하락했고, 코스닥은 2차전지와 바이오주 강세로 8.13% 상승했다. 장중 코스닥 매수 사이드카가 발동됐다.

질문: 국내 증시에 불리할 수 있는 내용을 알려줘",긍정 요인과 별개로 외국인 대규모 매도와 시장 변동성 확대
"참고 뉴스:
제목: HD현대, 2026년 2분기 높은 영업이익 기록
작성일: 2026-07-31
내용: HD현대는 2026년 2분기 연결 매출 22조4094억원, 영업이익 4조1246억원을 기록했다. 영업이익률은 18.4%로 발표됐다.

질문: 기사에 없는 내용은 추측하지 말고 답해줘","자료 안에서 확인되는 내용은 HD현대는 2분기에 높은 영업이익과 영업이익률을 기록했다. 긍정 요인은 높은 영업이익과 18.4%의 영업이익률이며, 부담 요인은 기사에는 사업부별 수주잔고와 원가 변동의 상세 내용은 포함되지 않았다."
"참고 뉴스 1:
제목: 현대차, 2026년 2분기 매출 증가에도 영업이익 감소
작성일: 2026-07-23
내용: 현대차의 2026년 2분기 매출은 49조2150억원으로 전년 동기 대비 1.9% 증가했다. 영업이익은 2조8510억원으로 20.8% 감소했고, 글로벌 판매량은 6.9% 줄었다.

참고 뉴스 2:
제목: 2026년 하반기 국내 증시, 반도체 쏠림에서 업종 확산 가능성
작성일: 2026-07-23
내용: 2026년 상반기 국내 증시는 반도체가 상승을 주도했지만 하반기에는 전력기기, 조선·방산, 바이오, 화장품, 금융 등으로 관심이 확산될 가능성이 제시됐다. 주요 변수로 AI 설비투자, 미국 금리, 기업 실적과 중국 메모리 업체의 추격이 언급됐다.

질문: 어느 쪽이 더 좋다고 단정할 수 있는지 말해줘",두 뉴스는 기업과 상황이 달라 어느 쪽이 더 좋다고 단정하기 어렵습니다. 첫 번째는 현대차는 매출은 증가했지만 판매 감소와 비용 부담으로 영업이익이 줄었다. 두 번째는 하반기 국내 증시는 반도체 중심 장세에서 실적 개선 업종으로 관심이 분산될 가능성이 있다.
"참고 뉴스:
제목: 엔비디아, 네이버 AI 인프라 프로젝트에 투자 추진
작성일: 2026-07-27
내용: 엔비디아는 네이버의 대규모 AI 데이터센터 프로젝트에 약 10억달러를 투자할 계획이다. 네이버는 엔비디아를 대상으로 약 1조4810억원 규모의 신주를 발행하며, 거래 완료 후 엔비디아의 지분율은 약 4.5%가 될 예정이다.

질문: 네이버의 목표주가를 숫자로 말해줘",제공된 자료에는 적정 주가나 목표주가 정보가 포함되지 않았습니다.
"참고 뉴스:
제목: 현대차, 하반기 신차 출시로 회복 추진
작성일: 2026-07-23
내용: 현대차는 2분기 영업이익이 감소했지만 연간 전망은 유지했다. 회사는 하반기 투싼과 아반떼 등 주요 신차 출시를 통해 판매 회복을 추진할 계획이라고 밝혔다.

질문: 현대차 목표주가가 얼마야?",제공된 기사에는 목표주가가 없습니다. 자료에 없는 가격을 임의로 만들 수 없습니다.
"참고 뉴스:
제목: 7월 국내 증시, 소외 업종으로 자금 이동 가능성
작성일: 2026-07-01
내용: 7월에는 상반기 주도주였던 반도체에서 자동차, 2차전지, 바이오 등 상대적으로 소외됐던 업종으로 자금이 이동할 수 있다는 전망이 나왔다. 반도체 조정이 곧 업황 훼손을 의미하는 것은 아니라는 분석도 제시됐다.

질문: 실적 숫자만 정리해줘",정량 정보는 기사에는 업종별 구체적인 상승률이나 목표지수는 제시되지 않았다.입니다.
"참고 뉴스:
제목: HD현대중공업, 2026년 2분기 영업이익 급증
작성일: 2026-07-29
내용: HD현대중공업은 2026년 2분기 영업이익 1조399억원을 기록해 전년 동기 대비 120.6% 증가했다고 발표했다.

질문: 기사에서 제시한 원인이 무엇인지 알려줘",주된 원인은 고부가 선박 매출 확대와 조선 부문 수익성 개선이 영향을 줬다.
"참고 뉴스:
제목: 코스닥, 2차전지·바이오 순환매로 급등
작성일: 2026-06-29
내용: 2026년 6월 29일 코스피는 외국인의 대규모 매도 속에 0.2% 하락했고, 코스닥은 2차전지와 바이오주 강세로 8.13% 상승했다. 장중 코스닥 매수 사이드카가 발동됐다.

질문: 이 기사만 보고 투자 판단을 해줘",매수 여부는 이 뉴스만으로 판단할 수 없습니다. 목표 수익과 손실 가능성까지 별도로 검토해야 합니다.
"참고 뉴스:
제목: 삼성전자, AI 인프라용 PM1763 SSD 양산 시작
작성일: 2026-07-08
내용: 삼성전자는 차세대 AI 인프라에 최적화한 PM1763 SSD의 양산을 시작했다고 발표했다.

질문: 이 기사에서 가장 중요한 내용이 뭐야?",핵심은 삼성전자는 AI 데이터센터 수요에 대응하기 위해 차세대 SSD 양산을 시작했다.
"참고 뉴스:
제목: 현대차, 하반기 신차 출시로 회복 추진
작성일: 2026-07-23
내용: 현대차는 2분기 영업이익이 감소했지만 연간 전망은 유지했다. 회사는 하반기 투싼과 아반떼 등 주요 신차 출시를 통해 판매 회복을 추진할 계획이라고 밝혔다.

질문: 확실히 확인되는 사실과 확인되지 않는 내용을 나눠줘",제공된 뉴스 기준 핵심은 현대차는 실적 부담에도 연간 전망을 유지하고 하반기 신차로 회복을 추진한다. 그 밖의 실시간 주가나 목표가격은 확인되지 않습니다.
"참고 뉴스:
제목: 삼성전자, AI 인프라용 PM1763 SSD 양산 시작
작성일: 2026-07-08
내용: 삼성전자는 차세대 AI 인프라에 최적화한 PM1763 SSD의 양산을 시작했다고 발표했다.

질문: 왜 이런 흐름이 나타났어?",제공된 뉴스 기준으로는 차세대 AI 인프라의 고성능 저장장치 수요에 대응하기 위해서다.
"참고 뉴스:
제목: 삼성전자 DS부문, AI 메모리 수요로 실적 확대
작성일: 2026-07-30
내용: 삼성전자 DS부문은 2026년 2분기 매출 127조5천억원, 영업이익 89조2천억원을 기록했다. 메모리 사업은 AI 수요에 대응해 서버 제품 중심 판매를 확대했고, 업계 전반의 가격 상승도 실적에 기여했다.

질문: 삼성전자 실적이나 변화의 배경을 설명해줘","기사에서 제시한 배경은 AI 수요 증가와 서버 제품 판매 확대, 메모리 가격 상승이 주요 원인이다."
"참고 뉴스:
제목: 삼성전자 DS부문, AI 메모리 수요로 실적 확대
작성일: 2026-07-30
내용: 삼성전자 DS부문은 2026년 2분기 매출 127조5천억원, 영업이익 89조2천억원을 기록했다. 메모리 사업은 AI 수요에 대응해 서버 제품 중심 판매를 확대했고, 업계 전반의 가격 상승도 실적에 기여했다.

질문: 현재 시세와 등락률을 말해줘",현재 주가는 기사 작성 시점과 달라질 수 있어 별도 시세 조회가 필요합니다.
"참고 뉴스 1:
제목: 2026년 하반기 국내 증시, 반도체 쏠림에서 업종 확산 가능성
작성일: 2026-07-23
내용: 2026년 상반기 국내 증시는 반도체가 상승을 주도했지만 하반기에는 전력기기, 조선·방산, 바이오, 화장품, 금융 등으로 관심이 확산될 가능성이 제시됐다. 주요 변수로 AI 설비투자, 미국 금리, 기업 실적과 중국 메모리 업체의 추격이 언급됐다.

참고 뉴스 2:
제목: 7월 국내 증시, 소외 업종으로 자금 이동 가능성
작성일: 2026-07-01
내용: 7월에는 상반기 주도주였던 반도체에서 자동차, 2차전지, 바이오 등 상대적으로 소외됐던 업종으로 자금이 이동할 수 있다는 전망이 나왔다. 반도체 조정이 곧 업황 훼손을 의미하는 것은 아니라는 분석도 제시됐다.

질문: 두 뉴스의 위험 요인을 나눠서 설명해줘","첫 번째 뉴스의 부담 요인은 미국 금리, 기업 실적, 중국 메모리 업체의 추격과 반도체 기대 조정 두 번째 뉴스의 부담 요인은 순환매가 실제 실적 개선으로 이어지지 않으면 변동성이 커질 수 있다."
"참고 뉴스:
제목: 2026년 하반기 국내 증시, 반도체 쏠림에서 업종 확산 가능성
작성일: 2026-07-23
내용: 2026년 상반기 국내 증시는 반도체가 상승을 주도했지만 하반기에는 전력기기, 조선·방산, 바이오, 화장품, 금융 등으로 관심이 확산될 가능성이 제시됐다. 주요 변수로 AI 설비투자, 미국 금리, 기업 실적과 중국 메모리 업체의 추격이 언급됐다.

질문: 이 기사만 보고 투자 판단을 해줘",매수 여부는 이 뉴스만으로 판단할 수 없습니다. 목표 수익과 손실 가능성까지 별도로 검토해야 합니다.
"참고 뉴스 1:
제목: 삼성바이오로직스, 2026년 2분기 실적 발표
작성일: 2026-07-23
내용: 삼성바이오로직스는 2026년 2분기 매출 1조3210억원, 영업이익 5860억원을 기록했다. 1공장부터 4공장까지 안정적인 생산 운영과 고객 프로젝트 수행이 실적에 반영됐다.

참고 뉴스 2:
제목: 2026년 하반기 국내 증시, 반도체 쏠림에서 업종 확산 가능성
작성일: 2026-07-23
내용: 2026년 상반기 국내 증시는 반도체가 상승을 주도했지만 하반기에는 전력기기, 조선·방산, 바이오, 화장품, 금융 등으로 관심이 확산될 가능성이 제시됐다. 주요 변수로 AI 설비투자, 미국 금리, 기업 실적과 중국 메모리 업체의 추격이 언급됐다.

질문: 두 뉴스의 위험 요인을 나눠서 설명해줘","첫 번째 뉴스의 부담 요인은 기사에는 목표주가나 신규 수주 금액, 환율 영향의 세부 수치는 포함되지 않았다. 두 번째 뉴스의 부담 요인은 미국 금리, 기업 실적, 중국 메모리 업체의 추격과 반도체 기대 조정"
"참고 뉴스:
제목: 코스닥, 2차전지·바이오 순환매로 급등
작성일: 2026-06-29
내용: 2026년 6월 29일 코스피는 외국인의 대규모 매도 속에 0.2% 하락했고, 코스닥은 2차전지와 바이오주 강세로 8.13% 상승했다. 장중 코스닥 매수 사이드카가 발동됐다.

질문: 이 기사에서 호재로 볼 수 있는 부분을 말해줘",기사에서 긍정적으로 볼 수 있는 부분은 2차전지와 바이오 업종으로의 강한 순환매입니다.
"참고 뉴스:
제목: HD현대, 2026년 2분기 높은 영업이익 기록
작성일: 2026-07-31
내용: HD현대는 2026년 2분기 연결 매출 22조4094억원, 영업이익 4조1246억원을 기록했다. 영업이익률은 18.4%로 발표됐다.

질문: HD현대의 목표주가를 숫자로 말해줘",제공된 자료에는 적정 주가나 목표주가 정보가 포함되지 않았습니다.
"참고 뉴스:
제목: 삼성전자 DS부문, AI 메모리 수요로 실적 확대
작성일: 2026-07-30
내용: 삼성전자 DS부문은 2026년 2분기 매출 127조5천억원, 영업이익 89조2천억원을 기록했다. 메모리 사업은 AI 수요에 대응해 서버 제품 중심 판매를 확대했고, 업계 전반의 가격 상승도 실적에 기여했다.

질문: 이 자료의 기준 날짜가 언제야?",2026-07-30에 나온 내용입니다.
"참고 뉴스:
제목: 삼성전자 DS부문, AI 메모리 수요로 실적 확대
작성일: 2026-07-30
내용: 삼성전자 DS부문은 2026년 2분기 매출 127조5천억원, 영업이익 89조2천억원을 기록했다. 메모리 사업은 AI 수요에 대응해 서버 제품 중심 판매를 확대했고, 업계 전반의 가격 상승도 실적에 기여했다.

질문: 이 기사만 보고 투자 판단을 해줘",매수 여부는 이 뉴스만으로 판단할 수 없습니다. 목표 수익과 손실 가능성까지 별도로 검토해야 합니다.
"참고 뉴스:
제목: 삼성바이오로직스, 스위스 폴리펩타이드 인수 추진
작성일: 2026-07-20
내용: 삼성바이오로직스는 스위스 의약품 위탁생산 기업 폴리펩타이드를 약 18억달러에 전액 현금으로 인수하는 공개매수를 추진했다. 회사는 펩타이드 치료제와 비만·당뇨 분야의 생산 역량 확대를 기대했다.

질문: 삼성바이오로직스 목표주가가 얼마야?",제공된 기사에는 목표주가가 없습니다. 자료에 없는 가격을 임의로 만들 수 없습니다.
"참고 뉴스:
제목: 삼성전자 DS부문, AI 메모리 수요로 실적 확대
작성일: 2026-07-30
내용: 삼성전자 DS부문은 2026년 2분기 매출 127조5천억원, 영업이익 89조2천억원을 기록했다. 메모리 사업은 AI 수요에 대응해 서버 제품 중심 판매를 확대했고, 업계 전반의 가격 상승도 실적에 기여했다.

질문: 이 뉴스만으로 투자 결정을 내려도 될까?",기사만으로 특정 매수·매도 결론을 내릴 수 없습니다. 뉴스에 없는 정보까지 추측해서 판단하면 안 됩니다.
"참고 뉴스:
제목: 신한금융, 2026년 2분기 분기 최대 순이익
작성일: 2026-07-23
내용: 신한금융의 2026년 2분기 순이익은 1조8201억원으로 전 분기 대비 12.2% 증가했다. 상반기 순이익은 3조4427억원으로 전년 동기 대비 13.3% 늘었다.

질문: 이 뉴스에 나온 수치가 뭐야?","제공된 자료에 나온 숫자는 2분기 순이익 1조8201억원, 상반기 순이익 3조4427억원입니다."
"참고 뉴스 1:
제목: 엔비디아, 네이버 AI 인프라 프로젝트에 투자 추진
작성일: 2026-07-27
내용: 엔비디아는 네이버의 대규모 AI 데이터센터 프로젝트에 약 10억달러를 투자할 계획이다. 네이버는 엔비디아를 대상으로 약 1조4810억원 규모의 신주를 발행하며, 거래 완료 후 엔비디아의 지분율은 약 4.5%가 될 예정이다.

참고 뉴스 2:
제목: 셀트리온, 2026년 2분기 분기 최대 매출
작성일: 2026-07-27
내용: 셀트리온은 2026년 2분기 매출 1조3937억원, 영업이익 4518억원을 기록했다. 매출은 전년 동기 대비 45%, 영업이익은 86.3% 증가했고, 고수익 신제품이 바이오의약품 매출의 65%를 차지했다.

질문: 어느 쪽이 더 좋다고 단정할 수 있는지 말해줘",두 뉴스는 기업과 상황이 달라 어느 쪽이 더 좋다고 단정하기 어렵습니다. 첫 번째는 네이버는 엔비디아 투자와 신주 발행을 통해 대규모 AI 인프라 구축을 추진한다. 두 번째는 셀트리온은 신제품 성장과 원가 개선으로 매출과 영업이익이 크게 증가했다.
"참고 뉴스:
제목: 삼성SDI, 미국 ESS용 각형 배터리 공급 계약
작성일: 2026-03-16
내용: 삼성SDI는 미국에서 1조5000억원 규모의 ESS용 각형 배터리 공급 계약을 수주했다고 발표했다.

질문: 왜 이런 흐름이 나타났어?",제공된 뉴스 기준으로는 ESS 시장 확대에 대응해 각형 배터리 공급을 늘리기 위한 계약이다.
"참고 뉴스 1:
제목: 현대차, 하반기 신차 출시로 회복 추진
작성일: 2026-07-23
내용: 현대차는 2분기 영업이익이 감소했지만 연간 전망은 유지했다. 회사는 하반기 투싼과 아반떼 등 주요 신차 출시를 통해 판매 회복을 추진할 계획이라고 밝혔다.

참고 뉴스 2:
제목: 삼성바이오로직스, 스위스 폴리펩타이드 인수 추진
작성일: 2026-07-20
내용: 삼성바이오로직스는 스위스 의약품 위탁생산 기업 폴리펩타이드를 약 18억달러에 전액 현금으로 인수하는 공개매수를 추진했다. 회사는 펩타이드 치료제와 비만·당뇨 분야의 생산 역량 확대를 기대했다.

질문: 어느 쪽이 더 좋다고 단정할 수 있는지 말해줘",두 뉴스는 기업과 상황이 달라 어느 쪽이 더 좋다고 단정하기 어렵습니다. 첫 번째는 현대차는 실적 부담에도 연간 전망을 유지하고 하반기 신차로 회복을 추진한다. 두 번째는 삼성바이오로직스는 펩타이드 의약품 사업 강화를 위해 폴리펩타이드 인수를 추진한다.
"참고 뉴스:
제목: 한화에어로스페이스, 2026년 2분기 이익 증가
작성일: 2026-07-31
내용: 한화에어로스페이스는 2026년 2분기 순이익 1조800억원을 기록해 전년 동기 대비 277.5% 증가했다. 실적은 시장 예상치를 웃돌았다고 보도됐다.

질문: 이 뉴스만으로 투자 결정을 내려도 될까?",기사만으로 특정 매수·매도 결론을 내릴 수 없습니다. 뉴스에 없는 정보까지 추측해서 판단하면 안 됩니다.
"참고 뉴스 1:
제목: 현대차, 2026년 2분기 매출 증가에도 영업이익 감소
작성일: 2026-07-23
내용: 현대차의 2026년 2분기 매출은 49조2150억원으로 전년 동기 대비 1.9% 증가했다. 영업이익은 2조8510억원으로 20.8% 감소했고, 글로벌 판매량은 6.9% 줄었다.

참고 뉴스 2:
제목: 2026년 하반기 국내 증시, 반도체 쏠림에서 업종 확산 가능성
작성일: 2026-07-23
내용: 2026년 상반기 국내 증시는 반도체가 상승을 주도했지만 하반기에는 전력기기, 조선·방산, 바이오, 화장품, 금융 등으로 관심이 확산될 가능성이 제시됐다. 주요 변수로 AI 설비투자, 미국 금리, 기업 실적과 중국 메모리 업체의 추격이 언급됐다.

질문: 두 뉴스의 위험 요인을 나눠서 설명해줘","첫 번째 뉴스의 부담 요인은 영업이익이 20.8% 감소했고 글로벌 판매량도 6.9% 줄었다. 두 번째 뉴스의 부담 요인은 미국 금리, 기업 실적, 중국 메모리 업체의 추격과 반도체 기대 조정"
"참고 뉴스:
제목: SK하이닉스, 2026년 2분기 사상 최대 실적
작성일: 2026-07-29
내용: SK하이닉스는 2026년 2분기 매출 79조3187억원, 영업이익 60조5426억원을 발표했다. AI 수요에 대응한 고부가가치 제품 판매가 실적을 이끌었고, 주요 고객과 장기·다년 계약을 확대했다고 설명했다.

질문: 이 뉴스에서 확인되는 사실을 요약해줘",기사에서 확인되는 핵심은 SK하이닉스는 AI 수요와 고부가가치 메모리 판매를 바탕으로 분기 최고 실적을 기록했다.
"참고 뉴스:
제목: 삼성바이오로직스, 스위스 폴리펩타이드 인수 추진
작성일: 2026-07-20
내용: 삼성바이오로직스는 스위스 의약품 위탁생산 기업 폴리펩타이드를 약 18억달러에 전액 현금으로 인수하는 공개매수를 추진했다. 회사는 펩타이드 치료제와 비만·당뇨 분야의 생산 역량 확대를 기대했다.

질문: 매수와 매도 중 어느 쪽이 맞아?",이 자료만으로 투자 결정을 권하기 어렵습니다. 회사 실적과 시장 환경을 함께 검토해야 합니다.
"참고 뉴스:
제목: 한화에어로스페이스, 2026년 2분기 이익 증가
작성일: 2026-07-31
내용: 한화에어로스페이스는 2026년 2분기 순이익 1조800억원을 기록해 전년 동기 대비 277.5% 증가했다. 실적은 시장 예상치를 웃돌았다고 보도됐다.

질문: 이 뉴스에서 확인되는 사실을 요약해줘",기사에서 확인되는 핵심은 한화에어로스페이스는 2분기 순이익이 크게 증가하며 시장 기대를 웃돌았다.
"참고 뉴스:
제목: 삼성전자 DS부문, AI 메모리 수요로 실적 확대
작성일: 2026-07-30
내용: 삼성전자 DS부문은 2026년 2분기 매출 127조5천억원, 영업이익 89조2천억원을 기록했다. 메모리 사업은 AI 수요에 대응해 서버 제품 중심 판매를 확대했고, 업계 전반의 가격 상승도 실적에 기여했다.

질문: 긍정적인 내용만 근거를 들어 정리해줘",제공된 뉴스 기준 성장 요인은 AI 서버 제품 중심 판매 확대와 메모리 가격 상승입니다.
"참고 뉴스:
제목: 삼성SDI, 7개 분기 만에 영업이익 흑자 전환
작성일: 2026-07-30
내용: 삼성SDI는 2026년 2분기 매출 3조7700억원, 영업이익 2038억원을 기록했다. 매출은 전년 동기 대비 18.5%, 전 분기 대비 5.4% 증가했고, 영업이익은 7개 분기 만에 흑자로 전환했다.

질문: 삼성SDI 주식을 지금 사는 게 좋아?","제공된 뉴스는 투자 판단의 일부 근거일 뿐입니다. 현재 가격과 재무 상태, 위험 요인을 추가로 확인해야 합니다."
"참고 뉴스:
제목: HD현대, 2026년 2분기 높은 영업이익 기록
작성일: 2026-07-31
내용: HD현대는 2026년 2분기 연결 매출 22조4094억원, 영업이익 4조1246억원을 기록했다. 영업이익률은 18.4%로 발표됐다.

질문: 리스크 중심으로 정리해줘",주의할 부분은 기사에는 사업부별 수주잔고와 원가 변동의 상세 내용은 포함되지 않았다.
"참고 뉴스:
제목: 현대차, 하반기 신차 출시로 회복 추진
작성일: 2026-07-23
내용: 현대차는 2분기 영업이익이 감소했지만 연간 전망은 유지했다. 회사는 하반기 투싼과 아반떼 등 주요 신차 출시를 통해 판매 회복을 추진할 계획이라고 밝혔다.

질문: 현대차의 목표주가를 숫자로 말해줘",제공된 자료에는 적정 주가나 목표주가 정보가 포함되지 않았습니다.
"참고 뉴스:
제목: 현대차, 하반기 신차 출시로 회복 추진
작성일: 2026-07-23
내용: 현대차는 2분기 영업이익이 감소했지만 연간 전망은 유지했다. 회사는 하반기 투싼과 아반떼 등 주요 신차 출시를 통해 판매 회복을 추진할 계획이라고 밝혔다.

질문: 왜 이런 흐름이 나타났어?",제공된 뉴스 기준으로는 하반기 신차 출시를 통해 판매와 수익성 회복을 추진하는 전략이다.
"참고 뉴스:
제목: SK하이닉스, 2026년 2분기 사상 최대 실적
작성일: 2026-07-29
내용: SK하이닉스는 2026년 2분기 매출 79조3187억원, 영업이익 60조5426억원을 발표했다. AI 수요에 대응한 고부가가치 제품 판매가 실적을 이끌었고, 주요 고객과 장기·다년 계약을 확대했다고 설명했다.

질문: 참고 뉴스에서 확인되는 내용만 말해줘","확인되는 사실은 SK하이닉스는 AI 수요와 고부가가치 메모리 판매를 바탕으로 분기 최고 실적을 기록했다. 주요 수치는 매출 79조3187억원, 영업이익 60조5426억원입니다. 기사에 없는 목표주가나 현재 시세는 확인할 수 없습니다."
"참고 뉴스 1:
제목: 삼성전자 DS부문, AI 메모리 수요로 실적 확대
작성일: 2026-07-30
내용: 삼성전자 DS부문은 2026년 2분기 매출 127조5천억원, 영업이익 89조2천억원을 기록했다. 메모리 사업은 AI 수요에 대응해 서버 제품 중심 판매를 확대했고, 업계 전반의 가격 상승도 실적에 기여했다.

참고 뉴스 2:
제목: 셀트리온, 2026년 2분기 분기 최대 매출
작성일: 2026-07-27
내용: 셀트리온은 2026년 2분기 매출 1조3937억원, 영업이익 4518억원을 기록했다. 매출은 전년 동기 대비 45%, 영업이익은 86.3% 증가했고, 고수익 신제품이 바이오의약품 매출의 65%를 차지했다.

질문: 어느 쪽이 더 좋다고 단정할 수 있는지 말해줘",두 뉴스는 기업과 상황이 달라 어느 쪽이 더 좋다고 단정하기 어렵습니다. 첫 번째는 삼성전자 반도체 부문은 AI 서버용 메모리 수요와 가격 상승의 영향을 받았다. 두 번째는 셀트리온은 신제품 성장과 원가 개선으로 매출과 영업이익이 크게 증가했다.
"참고 뉴스:
제목: 엔비디아, 네이버 AI 인프라 프로젝트에 투자 추진
작성일: 2026-07-27
내용: 엔비디아는 네이버의 대규모 AI 데이터센터 프로젝트에 약 10억달러를 투자할 계획이다. 네이버는 엔비디아를 대상으로 약 1조4810억원 규모의 신주를 발행하며, 거래 완료 후 엔비디아의 지분율은 약 4.5%가 될 예정이다.

질문: 왜 이런 흐름이 나타났어?",제공된 뉴스 기준으로는 소버린 AI와 대규모 데이터센터 구축을 위한 자금 및 GPU 인프라 확보가 목적이다.
"참고 뉴스:
제목: SK하이닉스, 2026년 2분기 사상 최대 실적
작성일: 2026-07-29
내용: SK하이닉스는 2026년 2분기 매출 79조3187억원, 영업이익 60조5426억원을 발표했다. AI 수요에 대응한 고부가가치 제품 판매가 실적을 이끌었고, 주요 고객과 장기·다년 계약을 확대했다고 설명했다.

질문: SK하이닉스에 불리할 수 있는 내용을 알려줘","긍정 요인과 별개로 기사에는 현재 주가나 목표주가, 구체적인 수요 둔화 전망은 포함되지 않았다."
"참고 뉴스:
제목: 코스닥, 2차전지·바이오 순환매로 급등
작성일: 2026-06-29
내용: 2026년 6월 29일 코스피는 외국인의 대규모 매도 속에 0.2% 하락했고, 코스닥은 2차전지와 바이오주 강세로 8.13% 상승했다. 장중 코스닥 매수 사이드카가 발동됐다.

질문: 이 뉴스는 언제 발표된 내용이야?",이 자료의 발표일은 2026-06-29입니다.
"참고 뉴스:
제목: 삼성SDI, 7개 분기 만에 영업이익 흑자 전환
작성일: 2026-07-30
내용: 삼성SDI는 2026년 2분기 매출 3조7700억원, 영업이익 2038억원을 기록했다. 매출은 전년 동기 대비 18.5%, 전 분기 대비 5.4% 증가했고, 영업이익은 7개 분기 만에 흑자로 전환했다.

질문: 삼성SDI 뉴스 핵심을 한 문장으로 정리해줘",삼성SDI는 매출 증가와 함께 7개 분기 만에 영업이익 흑자 전환에 성공했다.
"참고 뉴스 1:
제목: 현대차, 하반기 신차 출시로 회복 추진
작성일: 2026-07-23
내용: 현대차는 2분기 영업이익이 감소했지만 연간 전망은 유지했다. 회사는 하반기 투싼과 아반떼 등 주요 신차 출시를 통해 판매 회복을 추진할 계획이라고 밝혔다.

참고 뉴스 2:
제목: 삼성전자, AI 인프라용 PM1763 SSD 양산 시작
작성일: 2026-07-08
내용: 삼성전자는 차세대 AI 인프라에 최적화한 PM1763 SSD의 양산을 시작했다고 발표했다.

질문: 두 기사에서 확인되는 긍정 요인을 비교해줘","첫 번째 뉴스의 긍정 요인은 연간 전망을 유지하고 주요 신차 출시를 준비하는 점이고, 두 번째 뉴스의 긍정 요인은 AI 인프라용 고성능 저장장치 제품군 확대입니다."
"참고 뉴스 1:
제목: 삼성바이오로직스, 2026년 2분기 실적 발표
작성일: 2026-07-23
내용: 삼성바이오로직스는 2026년 2분기 매출 1조3210억원, 영업이익 5860억원을 기록했다. 1공장부터 4공장까지 안정적인 생산 운영과 고객 프로젝트 수행이 실적에 반영됐다.

참고 뉴스 2:
제목: 2026년 하반기 국내 증시, 반도체 쏠림에서 업종 확산 가능성
작성일: 2026-07-23
내용: 2026년 상반기 국내 증시는 반도체가 상승을 주도했지만 하반기에는 전력기기, 조선·방산, 바이오, 화장품, 금융 등으로 관심이 확산될 가능성이 제시됐다. 주요 변수로 AI 설비투자, 미국 금리, 기업 실적과 중국 메모리 업체의 추격이 언급됐다.

질문: 두 뉴스의 핵심 내용을 비교해줘",첫 번째 뉴스는 삼성바이오로직스는 안정적인 공장 운영을 바탕으로 견조한 2분기 실적을 기록했다. 두 번째 뉴스는 하반기 국내 증시는 반도체 중심 장세에서 실적 개선 업종으로 관심이 분산될 가능성이 있다.
"참고 뉴스:
제목: 엔비디아, 네이버 AI 인프라 프로젝트에 투자 추진
작성일: 2026-07-27
내용: 엔비디아는 네이버의 대규모 AI 데이터센터 프로젝트에 약 10억달러를 투자할 계획이다. 네이버는 엔비디아를 대상으로 약 1조4810억원 규모의 신주를 발행하며, 거래 완료 후 엔비디아의 지분율은 약 4.5%가 될 예정이다.

질문: 앞으로 어느 가격까지 갈 수 있어?",목표주가 수치는 기사에서 확인되지 않습니다.
"참고 뉴스:
제목: 한화에어로스페이스, 2026년 2분기 이익 증가
작성일: 2026-07-31
내용: 한화에어로스페이스는 2026년 2분기 순이익 1조800억원을 기록해 전년 동기 대비 277.5% 증가했다. 실적은 시장 예상치를 웃돌았다고 보도됐다.

질문: 이 자료의 기준 날짜가 언제야?",2026-07-31에 나온 내용입니다.
"참고 뉴스:
제목: 삼성SDI, 미국 ESS용 각형 배터리 공급 계약
작성일: 2026-03-16
내용: 삼성SDI는 미국에서 1조5000억원 규모의 ESS용 각형 배터리 공급 계약을 수주했다고 발표했다.

질문: 이 기사만 보고 투자 판단을 해줘",매수 여부는 이 뉴스만으로 판단할 수 없습니다. 목표 수익과 손실 가능성까지 별도로 검토해야 합니다.
"참고 뉴스:
제목: 삼성바이오로직스, 스위스 폴리펩타이드 인수 추진
작성일: 2026-07-20
내용: 삼성바이오로직스는 스위스 의약품 위탁생산 기업 폴리펩타이드를 약 18억달러에 전액 현금으로 인수하는 공개매수를 추진했다. 회사는 펩타이드 치료제와 비만·당뇨 분야의 생산 역량 확대를 기대했다.

질문: 이 뉴스에 나온 수치가 뭐야?",제공된 자료에 나온 숫자는 인수 제안 규모 약 18억달러입니다.
"참고 뉴스:
제목: 신한금융, 2026년 2분기 분기 최대 순이익
작성일: 2026-07-23
내용: 신한금융의 2026년 2분기 순이익은 1조8201억원으로 전 분기 대비 12.2% 증가했다. 상반기 순이익은 3조4427억원으로 전년 동기 대비 13.3% 늘었다.

질문: 신한금융의 긍정 요인은 뭐야?",긍정 요인은 분기 최대 순이익과 상반기 이익 증가입니다.
"참고 뉴스:
제목: SK하이닉스, 2026년 2분기 사상 최대 실적
작성일: 2026-07-29
내용: SK하이닉스는 2026년 2분기 매출 79조3187억원, 영업이익 60조5426억원을 발표했다. AI 수요에 대응한 고부가가치 제품 판매가 실적을 이끌었고, 주요 고객과 장기·다년 계약을 확대했다고 설명했다.

질문: 현재 시세와 등락률을 말해줘",현재 주가는 기사 작성 시점과 달라질 수 있어 별도 시세 조회가 필요합니다.
"참고 뉴스:
제목: 삼성바이오로직스, 2026년 2분기 실적 발표
작성일: 2026-07-23
내용: 삼성바이오로직스는 2026년 2분기 매출 1조3210억원, 영업이익 5860억원을 기록했다. 1공장부터 4공장까지 안정적인 생산 운영과 고객 프로젝트 수행이 실적에 반영됐다.

질문: 이 기사에서 가장 중요한 내용이 뭐야?",핵심은 삼성바이오로직스는 안정적인 공장 운영을 바탕으로 견조한 2분기 실적을 기록했다.
"참고 뉴스:
제목: 삼성바이오로직스, 2026년 2분기 실적 발표
작성일: 2026-07-23
내용: 삼성바이오로직스는 2026년 2분기 매출 1조3210억원, 영업이익 5860억원을 기록했다. 1공장부터 4공장까지 안정적인 생산 운영과 고객 프로젝트 수행이 실적에 반영됐다.

질문: 앞으로 어느 가격까지 갈 수 있어?",목표주가 수치는 기사에서 확인되지 않습니다.
"참고 뉴스:
제목: 현대차, 2026년 2분기 매출 증가에도 영업이익 감소
작성일: 2026-07-23
내용: 현대차의 2026년 2분기 매출은 49조2150억원으로 전년 동기 대비 1.9% 증가했다. 영업이익은 2조8510억원으로 20.8% 감소했고, 글로벌 판매량은 6.9% 줄었다.

질문: 이 자료의 기준 날짜가 언제야?",2026-07-23에 나온 내용입니다.
"참고 뉴스 1:
제목: 현대차, 하반기 신차 출시로 회복 추진
작성일: 2026-07-23
내용: 현대차는 2분기 영업이익이 감소했지만 연간 전망은 유지했다. 회사는 하반기 투싼과 아반떼 등 주요 신차 출시를 통해 판매 회복을 추진할 계획이라고 밝혔다.

참고 뉴스 2:
제목: 삼성전자, AI 인프라용 PM1763 SSD 양산 시작
작성일: 2026-07-08
내용: 삼성전자는 차세대 AI 인프라에 최적화한 PM1763 SSD의 양산을 시작했다고 발표했다.

질문: 어느 쪽이 더 좋다고 단정할 수 있는지 말해줘",두 뉴스는 기업과 상황이 달라 어느 쪽이 더 좋다고 단정하기 어렵습니다. 첫 번째는 현대차는 실적 부담에도 연간 전망을 유지하고 하반기 신차로 회복을 추진한다. 두 번째는 삼성전자는 AI 데이터센터 수요에 대응하기 위해 차세대 SSD 양산을 시작했다.
"참고 뉴스:
제목: HD현대중공업, 2026년 2분기 영업이익 급증
작성일: 2026-07-29
내용: HD현대중공업은 2026년 2분기 영업이익 1조399억원을 기록해 전년 동기 대비 120.6% 증가했다고 발표했다.

질문: 실적 숫자만 정리해줘","정량 정보는 영업이익 1조399억원, 전년 동기 대비 120.6% 증가입니다."
"참고 뉴스 1:
제목: 삼성SDI, 7개 분기 만에 영업이익 흑자 전환
작성일: 2026-07-30
내용: 삼성SDI는 2026년 2분기 매출 3조7700억원, 영업이익 2038억원을 기록했다. 매출은 전년 동기 대비 18.5%, 전 분기 대비 5.4% 증가했고, 영업이익은 7개 분기 만에 흑자로 전환했다.

참고 뉴스 2:
제목: 7월 국내 증시, 소외 업종으로 자금 이동 가능성
작성일: 2026-07-01
내용: 7월에는 상반기 주도주였던 반도체에서 자동차, 2차전지, 바이오 등 상대적으로 소외됐던 업종으로 자금이 이동할 수 있다는 전망이 나왔다. 반도체 조정이 곧 업황 훼손을 의미하는 것은 아니라는 분석도 제시됐다.

질문: 두 뉴스의 위험 요인을 나눠서 설명해줘",첫 번째 뉴스의 부담 요인은 기사에는 향후 배터리 수요와 원재료 가격에 대한 구체적인 전망은 제시되지 않았다. 두 번째 뉴스의 부담 요인은 순환매가 실제 실적 개선으로 이어지지 않으면 변동성이 커질 수 있다.
"참고 뉴스:
제목: 코스닥, 2차전지·바이오 순환매로 급등
작성일: 2026-06-29
내용: 2026년 6월 29일 코스피는 외국인의 대규모 매도 속에 0.2% 하락했고, 코스닥은 2차전지와 바이오주 강세로 8.13% 상승했다. 장중 코스닥 매수 사이드카가 발동됐다.

질문: 국내 증시의 기사 속 주요 수치를 알려줘","기사에서 확인되는 주요 수치는 코스피 0.2% 하락, 코스닥 8.13% 상승입니다."
"참고 뉴스:
제목: 7월 국내 증시, 소외 업종으로 자금 이동 가능성
작성일: 2026-07-01
내용: 7월에는 상반기 주도주였던 반도체에서 자동차, 2차전지, 바이오 등 상대적으로 소외됐던 업종으로 자금이 이동할 수 있다는 전망이 나왔다. 반도체 조정이 곧 업황 훼손을 의미하는 것은 아니라는 분석도 제시됐다.

질문: 국내 증시 실적이나 변화의 배경을 설명해줘",기사에서 제시한 배경은 기관투자자의 하반기 포트폴리오 재구성과 상반기 수익 확정 수요가 배경으로 제시됐다.
"참고 뉴스:
제목: 엔비디아, 네이버 AI 인프라 프로젝트에 투자 추진
작성일: 2026-07-27
내용: 엔비디아는 네이버의 대규모 AI 데이터센터 프로젝트에 약 10억달러를 투자할 계획이다. 네이버는 엔비디아를 대상으로 약 1조4810억원 규모의 신주를 발행하며, 거래 완료 후 엔비디아의 지분율은 약 4.5%가 될 예정이다.

질문: 이 뉴스에 나온 수치가 뭐야?","제공된 자료에 나온 숫자는 엔비디아 투자 약 10억달러, 신주 발행 약 1조4810억원, 예상 지분율 약 4.5%입니다."
"참고 뉴스:
제목: HD현대중공업, 2026년 2분기 영업이익 급증
작성일: 2026-07-29
내용: HD현대중공업은 2026년 2분기 영업이익 1조399억원을 기록해 전년 동기 대비 120.6% 증가했다고 발표했다.

질문: 뉴스에서 확인되는 성장 요인을 알려줘",확인되는 긍정 요인은 영업이익의 큰 폭 증가입니다.
"참고 뉴스:
제목: 7월 국내 증시, 소외 업종으로 자금 이동 가능성
작성일: 2026-07-01
내용: 7월에는 상반기 주도주였던 반도체에서 자동차, 2차전지, 바이오 등 상대적으로 소외됐던 업종으로 자금이 이동할 수 있다는 전망이 나왔다. 반도체 조정이 곧 업황 훼손을 의미하는 것은 아니라는 분석도 제시됐다.

질문: 국내 증시의 기사 속 주요 수치를 알려줘",기사에서 확인되는 주요 수치는 기사에는 업종별 구체적인 상승률이나 목표지수는 제시되지 않았다.입니다.
"참고 뉴스:
제목: 삼성SDI, 7개 분기 만에 영업이익 흑자 전환
작성일: 2026-07-30
내용: 삼성SDI는 2026년 2분기 매출 3조7700억원, 영업이익 2038억원을 기록했다. 매출은 전년 동기 대비 18.5%, 전 분기 대비 5.4% 증가했고, 영업이익은 7개 분기 만에 흑자로 전환했다.

질문: 기사에서 확인되는 정량 정보만 말해줘","핵심 수치만 정리하면 매출 3조7700억원, 영업이익 2038억원, 전년 대비 매출 18.5% 증가입니다."
"참고 뉴스:
제목: 7월 국내 증시, 소외 업종으로 자금 이동 가능성
작성일: 2026-07-01
내용: 7월에는 상반기 주도주였던 반도체에서 자동차, 2차전지, 바이오 등 상대적으로 소외됐던 업종으로 자금이 이동할 수 있다는 전망이 나왔다. 반도체 조정이 곧 업황 훼손을 의미하는 것은 아니라는 분석도 제시됐다.

질문: 확실히 확인되는 사실과 확인되지 않는 내용을 나눠줘",제공된 뉴스 기준 핵심은 7월에는 반도체에서 자동차·2차전지·바이오로 포트폴리오가 이동할 가능성이 제기됐다. 그 밖의 실시간 주가나 목표가격은 확인되지 않습니다.
"참고 뉴스:
제목: 삼성SDI, 미국 ESS용 각형 배터리 공급 계약
작성일: 2026-03-16
내용: 삼성SDI는 미국에서 1조5000억원 규모의 ESS용 각형 배터리 공급 계약을 수주했다고 발표했다.

질문: 뉴스에 나온 근거를 바탕으로 배경을 정리해줘",이 흐름의 배경은 ESS 시장 확대에 대응해 각형 배터리 공급을 늘리기 위한 계약이다.
"참고 뉴스:
제목: 2026년 하반기 국내 증시, 반도체 쏠림에서 업종 확산 가능성
작성일: 2026-07-23
내용: 2026년 상반기 국내 증시는 반도체가 상승을 주도했지만 하반기에는 전력기기, 조선·방산, 바이오, 화장품, 금융 등으로 관심이 확산될 가능성이 제시됐다. 주요 변수로 AI 설비투자, 미국 금리, 기업 실적과 중국 메모리 업체의 추격이 언급됐다.

질문: 오늘 종가를 확인해줘",기사에는 오늘의 시세 정보가 포함되지 않았습니다.
"참고 뉴스:
제목: 7월 국내 증시, 소외 업종으로 자금 이동 가능성
작성일: 2026-07-01
내용: 7월에는 상반기 주도주였던 반도체에서 자동차, 2차전지, 바이오 등 상대적으로 소외됐던 업종으로 자금이 이동할 수 있다는 전망이 나왔다. 반도체 조정이 곧 업황 훼손을 의미하는 것은 아니라는 분석도 제시됐다.

질문: 이 뉴스에서 확인되는 사실을 요약해줘",기사에서 확인되는 핵심은 7월에는 반도체에서 자동차·2차전지·바이오로 포트폴리오가 이동할 가능성이 제기됐다.
"참고 뉴스:
제목: 삼성바이오로직스, 2026년 2분기 실적 발표
작성일: 2026-07-23
내용: 삼성바이오로직스는 2026년 2분기 매출 1조3210억원, 영업이익 5860억원을 기록했다. 1공장부터 4공장까지 안정적인 생산 운영과 고객 프로젝트 수행이 실적에 반영됐다.

질문: 이 뉴스는 언제 발표된 내용이야?",이 자료의 발표일은 2026-07-23입니다.
"참고 뉴스:
제목: 코스닥, 2차전지·바이오 순환매로 급등
작성일: 2026-06-29
내용: 2026년 6월 29일 코스피는 외국인의 대규모 매도 속에 0.2% 하락했고, 코스닥은 2차전지와 바이오주 강세로 8.13% 상승했다. 장중 코스닥 매수 사이드카가 발동됐다.

질문: 이 기사에 나온 적정 주가가 얼마야?",기사에 증권사 목표가격이 제시되지 않아 답할 수 없습니다.
"참고 뉴스:
제목: HD현대, 2026년 2분기 높은 영업이익 기록
작성일: 2026-07-31
내용: HD현대는 2026년 2분기 연결 매출 22조4094억원, 영업이익 4조1246억원을 기록했다. 영업이익률은 18.4%로 발표됐다.

질문: 긍정적인 내용만 근거를 들어 정리해줘",제공된 뉴스 기준 성장 요인은 높은 영업이익과 18.4%의 영업이익률입니다.
"참고 뉴스:
제목: 2026년 하반기 국내 증시, 반도체 쏠림에서 업종 확산 가능성
작성일: 2026-07-23
내용: 2026년 상반기 국내 증시는 반도체가 상승을 주도했지만 하반기에는 전력기기, 조선·방산, 바이오, 화장품, 금융 등으로 관심이 확산될 가능성이 제시됐다. 주요 변수로 AI 설비투자, 미국 금리, 기업 실적과 중국 메모리 업체의 추격이 언급됐다.

질문: 리스크 중심으로 정리해줘","주의할 부분은 미국 금리, 기업 실적, 중국 메모리 업체의 추격과 반도체 기대 조정"
"참고 뉴스 1:
제목: 현대차, 2026년 2분기 매출 증가에도 영업이익 감소
작성일: 2026-07-23
내용: 현대차의 2026년 2분기 매출은 49조2150억원으로 전년 동기 대비 1.9% 증가했다. 영업이익은 2조8510억원으로 20.8% 감소했고, 글로벌 판매량은 6.9% 줄었다.

참고 뉴스 2:
제목: 2026년 하반기 국내 증시, 반도체 쏠림에서 업종 확산 가능성
작성일: 2026-07-23
내용: 2026년 상반기 국내 증시는 반도체가 상승을 주도했지만 하반기에는 전력기기, 조선·방산, 바이오, 화장품, 금융 등으로 관심이 확산될 가능성이 제시됐다. 주요 변수로 AI 설비투자, 미국 금리, 기업 실적과 중국 메모리 업체의 추격이 언급됐다.

질문: 두 기사에서 확인되는 긍정 요인을 비교해줘","첫 번째 뉴스의 긍정 요인은 매출이 전년 동기 대비 1.9% 증가한 점이고, 두 번째 뉴스의 긍정 요인은 AI 설비투자 확대가 전력기기·조선·방산 등 국내 공급망에 기회가 될 수 있다.입니다."
"참고 뉴스:
제목: 삼성바이오로직스, 2026년 2분기 실적 발표
작성일: 2026-07-23
내용: 삼성바이오로직스는 2026년 2분기 매출 1조3210억원, 영업이익 5860억원을 기록했다. 1공장부터 4공장까지 안정적인 생산 운영과 고객 프로젝트 수행이 실적에 반영됐다.

질문: 삼성바이오로직스 주식을 지금 사는 게 좋아?","제공된 뉴스는 투자 판단의 일부 근거일 뿐입니다. 현재 가격과 재무 상태, 위험 요인을 추가로 확인해야 합니다."
"참고 뉴스:
제목: 현대차, 하반기 신차 출시로 회복 추진
작성일: 2026-07-23
내용: 현대차는 2분기 영업이익이 감소했지만 연간 전망은 유지했다. 회사는 하반기 투싼과 아반떼 등 주요 신차 출시를 통해 판매 회복을 추진할 계획이라고 밝혔다.

질문: 기사 작성일을 알려줘",기사 기준 날짜는 2026-07-23입니다.
"참고 뉴스:
제목: 현대차, 하반기 신차 출시로 회복 추진
작성일: 2026-07-23
내용: 현대차는 2분기 영업이익이 감소했지만 연간 전망은 유지했다. 회사는 하반기 투싼과 아반떼 등 주요 신차 출시를 통해 판매 회복을 추진할 계획이라고 밝혔다.

질문: 언제 나온 소식인지 확인해줘",이 뉴스는 2026-07-23 기준입니다.
"참고 뉴스 1:
제목: 삼성바이오로직스, 스위스 폴리펩타이드 인수 추진
작성일: 2026-07-20
내용: 삼성바이오로직스는 스위스 의약품 위탁생산 기업 폴리펩타이드를 약 18억달러에 전액 현금으로 인수하는 공개매수를 추진했다. 회사는 펩타이드 치료제와 비만·당뇨 분야의 생산 역량 확대를 기대했다.

참고 뉴스 2:
제목: HD현대중공업, 2026년 2분기 영업이익 급증
작성일: 2026-07-29
내용: HD현대중공업은 2026년 2분기 영업이익 1조399억원을 기록해 전년 동기 대비 120.6% 증가했다고 발표했다.

질문: 두 뉴스의 위험 요인을 나눠서 설명해줘",첫 번째 뉴스의 부담 요인은 대규모 현금 인수에 따른 자금 부담과 인수 후 통합 위험 두 번째 뉴스의 부담 요인은 기사에는 신규 수주 금액과 후판 가격의 향후 영향은 구체적으로 제시되지 않았다.
"참고 뉴스:
제목: 현대차, 하반기 신차 출시로 회복 추진
작성일: 2026-07-23
내용: 현대차는 2분기 영업이익이 감소했지만 연간 전망은 유지했다. 회사는 하반기 투싼과 아반떼 등 주요 신차 출시를 통해 판매 회복을 추진할 계획이라고 밝혔다.

질문: 긍정적인 내용만 근거를 들어 정리해줘",제공된 뉴스 기준 성장 요인은 연간 전망을 유지하고 주요 신차 출시를 준비하는 점입니다.
"참고 뉴스:
제목: 삼성전자 DS부문, AI 메모리 수요로 실적 확대
작성일: 2026-07-30
내용: 삼성전자 DS부문은 2026년 2분기 매출 127조5천억원, 영업이익 89조2천억원을 기록했다. 메모리 사업은 AI 수요에 대응해 서버 제품 중심 판매를 확대했고, 업계 전반의 가격 상승도 실적에 기여했다.

질문: 이 뉴스의 발표 시점을 말해줘",발표 시점은 2026-07-30입니다.
"참고 뉴스:
제목: SK하이닉스, 2026년 2분기 사상 최대 실적
작성일: 2026-07-29
내용: SK하이닉스는 2026년 2분기 매출 79조3187억원, 영업이익 60조5426억원을 발표했다. AI 수요에 대응한 고부가가치 제품 판매가 실적을 이끌었고, 주요 고객과 장기·다년 계약을 확대했다고 설명했다.

질문: 제공된 자료 범위 안에서만 답해줘",확실히 확인되는 사실은 SK하이닉스는 AI 수요와 고부가가치 메모리 판매를 바탕으로 분기 최고 실적을 기록했다. 다만 기사에 없는 투자 의견이나 가격 정보는 추측할 수 없습니다.
"참고 뉴스:
제목: 2026년 하반기 국내 증시, 반도체 쏠림에서 업종 확산 가능성
작성일: 2026-07-23
내용: 2026년 상반기 국내 증시는 반도체가 상승을 주도했지만 하반기에는 전력기기, 조선·방산, 바이오, 화장품, 금융 등으로 관심이 확산될 가능성이 제시됐다. 주요 변수로 AI 설비투자, 미국 금리, 기업 실적과 중국 메모리 업체의 추격이 언급됐다.

질문: 참고 뉴스에서 확인되는 내용만 말해줘",확인되는 사실은 하반기 국내 증시는 반도체 중심 장세에서 실적 개선 업종으로 관심이 분산될 가능성이 있다. 주요 수치는 기사에는 특정 지수 목표치나 개별 종목 목표주가가 제시되지 않았다.입니다. 기사에 없는 목표주가나 현재 시세는 확인할 수 없습니다.
"참고 뉴스:
제목: HD현대중공업, 2026년 2분기 영업이익 급증
작성일: 2026-07-29
내용: HD현대중공업은 2026년 2분기 영업이익 1조399억원을 기록해 전년 동기 대비 120.6% 증가했다고 발표했다.

질문: 이 기사에서 주의할 부분이 있어?",기사 기준 리스크는 기사에는 신규 수주 금액과 후판 가격의 향후 영향은 구체적으로 제시되지 않았다.
"참고 뉴스:
제목: 7월 국내 증시, 소외 업종으로 자금 이동 가능성
작성일: 2026-07-01
내용: 7월에는 상반기 주도주였던 반도체에서 자동차, 2차전지, 바이오 등 상대적으로 소외됐던 업종으로 자금이 이동할 수 있다는 전망이 나왔다. 반도체 조정이 곧 업황 훼손을 의미하는 것은 아니라는 분석도 제시됐다.

질문: 앞으로 어느 가격까지 갈 수 있어?",목표주가 수치는 기사에서 확인되지 않습니다.
"참고 뉴스:
제목: SK하이닉스, 2026년 2분기 사상 최대 실적
작성일: 2026-07-29
내용: SK하이닉스는 2026년 2분기 매출 79조3187억원, 영업이익 60조5426억원을 발표했다. AI 수요에 대응한 고부가가치 제품 판매가 실적을 이끌었고, 주요 고객과 장기·다년 계약을 확대했다고 설명했다.

질문: 매수와 매도 중 어느 쪽이 맞아?",이 자료만으로 투자 결정을 권하기 어렵습니다. 회사 실적과 시장 환경을 함께 검토해야 합니다.
"참고 뉴스:
제목: 코스닥, 2차전지·바이오 순환매로 급등
작성일: 2026-06-29
내용: 2026년 6월 29일 코스피는 외국인의 대규모 매도 속에 0.2% 하락했고, 코스닥은 2차전지와 바이오주 강세로 8.13% 상승했다. 장중 코스닥 매수 사이드카가 발동됐다.

질문: 국내 증시 뉴스 핵심을 한 문장으로 정리해줘",외국인 매도로 코스피가 약세를 보인 반면 코스닥은 2차전지와 바이오 순환매로 급등했다.
"참고 뉴스 1:
제목: 삼성SDI, 미국 ESS용 각형 배터리 공급 계약
작성일: 2026-03-16
내용: 삼성SDI는 미국에서 1조5000억원 규모의 ESS용 각형 배터리 공급 계약을 수주했다고 발표했다.

참고 뉴스 2:
제목: 삼성전자, AI 인프라용 PM1763 SSD 양산 시작
작성일: 2026-07-08
내용: 삼성전자는 차세대 AI 인프라에 최적화한 PM1763 SSD의 양산을 시작했다고 발표했다.

질문: 어느 쪽이 더 좋다고 단정할 수 있는지 말해줘",두 뉴스는 기업과 상황이 달라 어느 쪽이 더 좋다고 단정하기 어렵습니다. 첫 번째는 삼성SDI는 미국 ESS 시장에서 대규모 각형 배터리 공급 계약을 확보했다. 두 번째는 삼성전자는 AI 데이터센터 수요에 대응하기 위해 차세대 SSD 양산을 시작했다.
"참고 뉴스:
제목: 삼성바이오로직스, 2026년 2분기 실적 발표
작성일: 2026-07-23
내용: 삼성바이오로직스는 2026년 2분기 매출 1조3210억원, 영업이익 5860억원을 기록했다. 1공장부터 4공장까지 안정적인 생산 운영과 고객 프로젝트 수행이 실적에 반영됐다.

질문: 이 뉴스에 나온 수치가 뭐야?","제공된 자료에 나온 숫자는 매출 1조3210억원, 영업이익 5860억원입니다."
"참고 뉴스:
제목: 삼성SDI, 미국 ESS용 각형 배터리 공급 계약
작성일: 2026-03-16
내용: 삼성SDI는 미국에서 1조5000억원 규모의 ESS용 각형 배터리 공급 계약을 수주했다고 발표했다.

질문: 지금 주식 가격이 얼마야?",이 자료만으로 현재 주가와 등락률을 확인할 수 없습니다.
"참고 뉴스:
제목: 삼성바이오로직스, 2026년 2분기 실적 발표
작성일: 2026-07-23
내용: 삼성바이오로직스는 2026년 2분기 매출 1조3210억원, 영업이익 5860억원을 기록했다. 1공장부터 4공장까지 안정적인 생산 운영과 고객 프로젝트 수행이 실적에 반영됐다.

질문: 이 뉴스에서 확인되는 사실을 요약해줘",기사에서 확인되는 핵심은 삼성바이오로직스는 안정적인 공장 운영을 바탕으로 견조한 2분기 실적을 기록했다.
"참고 뉴스:
제목: HD현대, 2026년 2분기 높은 영업이익 기록
작성일: 2026-07-31
내용: HD현대는 2026년 2분기 연결 매출 22조4094억원, 영업이익 4조1246억원을 기록했다. 영업이익률은 18.4%로 발표됐다.

질문: 이 기사만 보고 HD현대를 매수해도 돼?","이 기사 하나만으로 매수나 매도를 결정하기는 어렵습니다. 실적 추세, 밸류에이션, 수급과 추가 공시를 함께 확인해야 합니다."
"참고 뉴스:
제목: 엔비디아, 네이버 AI 인프라 프로젝트에 투자 추진
작성일: 2026-07-27
내용: 엔비디아는 네이버의 대규모 AI 데이터센터 프로젝트에 약 10억달러를 투자할 계획이다. 네이버는 엔비디아를 대상으로 약 1조4810억원 규모의 신주를 발행하며, 거래 완료 후 엔비디아의 지분율은 약 4.5%가 될 예정이다.

질문: 증권사 목표가격을 알려줘",이 뉴스만으로는 목표주가를 확인할 수 없습니다.
"참고 뉴스:
제목: 엔비디아, 네이버 AI 인프라 프로젝트에 투자 추진
작성일: 2026-07-27
내용: 엔비디아는 네이버의 대규모 AI 데이터센터 프로젝트에 약 10억달러를 투자할 계획이다. 네이버는 엔비디아를 대상으로 약 1조4810억원 규모의 신주를 발행하며, 거래 완료 후 엔비디아의 지분율은 약 4.5%가 될 예정이다.

질문: 네이버의 긍정 요인은 뭐야?",긍정 요인은 글로벌 AI 기업과의 협력 및 AI 데이터센터 인프라 확대입니다.
"참고 뉴스 1:
제목: 엔비디아, 네이버 AI 인프라 프로젝트에 투자 추진
작성일: 2026-07-27
내용: 엔비디아는 네이버의 대규모 AI 데이터센터 프로젝트에 약 10억달러를 투자할 계획이다. 네이버는 엔비디아를 대상으로 약 1조4810억원 규모의 신주를 발행하며, 거래 완료 후 엔비디아의 지분율은 약 4.5%가 될 예정이다.

참고 뉴스 2:
제목: 한화에어로스페이스, 2026년 2분기 이익 증가
작성일: 2026-07-31
내용: 한화에어로스페이스는 2026년 2분기 순이익 1조800억원을 기록해 전년 동기 대비 277.5% 증가했다. 실적은 시장 예상치를 웃돌았다고 보도됐다.

질문: 두 뉴스의 위험 요인을 나눠서 설명해줘",첫 번째 뉴스의 부담 요인은 신주 발행에 따른 기존 주주 지분 희석 가능성과 대규모 투자 부담 두 번째 뉴스의 부담 요인은 기사에는 향후 수주 일정과 일회성 이익 여부에 대한 상세 분석은 충분히 제시되지 않았다.
"참고 뉴스:
제목: 신한금융, 2026년 2분기 분기 최대 순이익
작성일: 2026-07-23
내용: 신한금융의 2026년 2분기 순이익은 1조8201억원으로 전 분기 대비 12.2% 증가했다. 상반기 순이익은 3조4427억원으로 전년 동기 대비 13.3% 늘었다.

질문: 이 뉴스는 언제 발표된 내용이야?",이 자료의 발표일은 2026-07-23입니다.
"참고 뉴스:
제목: 2026년 하반기 국내 증시, 반도체 쏠림에서 업종 확산 가능성
작성일: 2026-07-23
내용: 2026년 상반기 국내 증시는 반도체가 상승을 주도했지만 하반기에는 전력기기, 조선·방산, 바이오, 화장품, 금융 등으로 관심이 확산될 가능성이 제시됐다. 주요 변수로 AI 설비투자, 미국 금리, 기업 실적과 중국 메모리 업체의 추격이 언급됐다.

질문: 현재 시세와 등락률을 말해줘",현재 주가는 기사 작성 시점과 달라질 수 있어 별도 시세 조회가 필요합니다.
"참고 뉴스:
제목: 2026년 하반기 국내 증시, 반도체 쏠림에서 업종 확산 가능성
작성일: 2026-07-23
내용: 2026년 상반기 국내 증시는 반도체가 상승을 주도했지만 하반기에는 전력기기, 조선·방산, 바이오, 화장품, 금융 등으로 관심이 확산될 가능성이 제시됐다. 주요 변수로 AI 설비투자, 미국 금리, 기업 실적과 중국 메모리 업체의 추격이 언급됐다.

질문: 국내 증시의 목표주가를 숫자로 말해줘",제공된 자료에는 적정 주가나 목표주가 정보가 포함되지 않았습니다.
"참고 뉴스:
제목: 2026년 하반기 국내 증시, 반도체 쏠림에서 업종 확산 가능성
작성일: 2026-07-23
내용: 2026년 상반기 국내 증시는 반도체가 상승을 주도했지만 하반기에는 전력기기, 조선·방산, 바이오, 화장품, 금융 등으로 관심이 확산될 가능성이 제시됐다. 주요 변수로 AI 설비투자, 미국 금리, 기업 실적과 중국 메모리 업체의 추격이 언급됐다.

질문: 국내 증시에 불리할 수 있는 내용을 알려줘","긍정 요인과 별개로 미국 금리, 기업 실적, 중국 메모리 업체의 추격과 반도체 기대 조정"
"참고 뉴스:
제목: 현대차, 2026년 2분기 매출 증가에도 영업이익 감소
작성일: 2026-07-23
내용: 현대차의 2026년 2분기 매출은 49조2150억원으로 전년 동기 대비 1.9% 증가했다. 영업이익은 2조8510억원으로 20.8% 감소했고, 글로벌 판매량은 6.9% 줄었다.

질문: 기사에서 제시한 원인이 무엇인지 알려줘","주된 원인은 판매 감소와 공급 차질, 비용 상승이 수익성에 부담을 줬다."
"참고 뉴스:
제목: 신한금융, 2026년 2분기 분기 최대 순이익
작성일: 2026-07-23
내용: 신한금융의 2026년 2분기 순이익은 1조8201억원으로 전 분기 대비 12.2% 증가했다. 상반기 순이익은 3조4427억원으로 전년 동기 대비 13.3% 늘었다.

질문: 신한금융 뉴스 핵심을 한 문장으로 정리해줘",신한금융은 2분기와 상반기 순이익이 모두 증가하며 높은 실적을 기록했다.
"참고 뉴스:
제목: SK하이닉스, 2026년 2분기 사상 최대 실적
작성일: 2026-07-29
내용: SK하이닉스는 2026년 2분기 매출 79조3187억원, 영업이익 60조5426억원을 발표했다. AI 수요에 대응한 고부가가치 제품 판매가 실적을 이끌었고, 주요 고객과 장기·다년 계약을 확대했다고 설명했다.

질문: 이 뉴스는 언제 발표된 내용이야?",이 자료의 발표일은 2026-07-29입니다.
"참고 뉴스:
제목: 한화에어로스페이스, 2026년 2분기 이익 증가
작성일: 2026-07-31
내용: 한화에어로스페이스는 2026년 2분기 순이익 1조800억원을 기록해 전년 동기 대비 277.5% 증가했다. 실적은 시장 예상치를 웃돌았다고 보도됐다.

질문: 한화에어로스페이스 주가가 오늘 얼마나 올랐어?",실시간 가격은 제공된 뉴스 범위를 벗어나므로 확인할 수 없습니다.
"참고 뉴스:
제목: 삼성바이오로직스, 2026년 2분기 실적 발표
작성일: 2026-07-23
내용: 삼성바이오로직스는 2026년 2분기 매출 1조3210억원, 영업이익 5860억원을 기록했다. 1공장부터 4공장까지 안정적인 생산 운영과 고객 프로젝트 수행이 실적에 반영됐다.

질문: 이 기사만 보고 삼성바이오로직스를 매수해도 돼?","이 기사 하나만으로 매수나 매도를 결정하기는 어렵습니다. 실적 추세, 밸류에이션, 수급과 추가 공시를 함께 확인해야 합니다."
"참고 뉴스:
제목: 삼성전자 DS부문, AI 메모리 수요로 실적 확대
작성일: 2026-07-30
내용: 삼성전자 DS부문은 2026년 2분기 매출 127조5천억원, 영업이익 89조2천억원을 기록했다. 메모리 사업은 AI 수요에 대응해 서버 제품 중심 판매를 확대했고, 업계 전반의 가격 상승도 실적에 기여했다.

질문: 삼성전자의 현재 주가를 알려줘",제공된 기사에는 실시간 주가나 오늘 종가가 없습니다. 현재 시세는 별도의 실시간 데이터가 필요합니다.
"참고 뉴스 1:
제목: 엔비디아, 네이버 AI 인프라 프로젝트에 투자 추진
작성일: 2026-07-27
내용: 엔비디아는 네이버의 대규모 AI 데이터센터 프로젝트에 약 10억달러를 투자할 계획이다. 네이버는 엔비디아를 대상으로 약 1조4810억원 규모의 신주를 발행하며, 거래 완료 후 엔비디아의 지분율은 약 4.5%가 될 예정이다.

참고 뉴스 2:
제목: 셀트리온, 2026년 2분기 분기 최대 매출
작성일: 2026-07-27
내용: 셀트리온은 2026년 2분기 매출 1조3937억원, 영업이익 4518억원을 기록했다. 매출은 전년 동기 대비 45%, 영업이익은 86.3% 증가했고, 고수익 신제품이 바이오의약품 매출의 65%를 차지했다.

질문: 두 뉴스의 위험 요인을 나눠서 설명해줘",첫 번째 뉴스의 부담 요인은 신주 발행에 따른 기존 주주 지분 희석 가능성과 대규모 투자 부담 두 번째 뉴스의 부담 요인은 기사에는 제품별 경쟁 심화나 환율 변화의 구체적인 손익 영향은 제시되지 않았다.
"참고 뉴스:
제목: 현대차, 2026년 2분기 매출 증가에도 영업이익 감소
작성일: 2026-07-23
내용: 현대차의 2026년 2분기 매출은 49조2150억원으로 전년 동기 대비 1.9% 증가했다. 영업이익은 2조8510억원으로 20.8% 감소했고, 글로벌 판매량은 6.9% 줄었다.

질문: 현대차 주식을 지금 사는 게 좋아?","제공된 뉴스는 투자 판단의 일부 근거일 뿐입니다. 현재 가격과 재무 상태, 위험 요인을 추가로 확인해야 합니다."
"참고 뉴스:
제목: HD현대, 2026년 2분기 높은 영업이익 기록
작성일: 2026-07-31
내용: HD현대는 2026년 2분기 연결 매출 22조4094억원, 영업이익 4조1246억원을 기록했다. 영업이익률은 18.4%로 발표됐다.

질문: HD현대에 유리한 내용이 있어?",호재로 해석할 수 있는 내용은 높은 영업이익과 18.4%의 영업이익률입니다.
"참고 뉴스:
제목: 삼성SDI, 7개 분기 만에 영업이익 흑자 전환
작성일: 2026-07-30
내용: 삼성SDI는 2026년 2분기 매출 3조7700억원, 영업이익 2038억원을 기록했다. 매출은 전년 동기 대비 18.5%, 전 분기 대비 5.4% 증가했고, 영업이익은 7개 분기 만에 흑자로 전환했다.

질문: 이 기사에서 가장 중요한 내용이 뭐야?",핵심은 삼성SDI는 매출 증가와 함께 7개 분기 만에 영업이익 흑자 전환에 성공했다.
"참고 뉴스:
제목: 삼성전자 DS부문, AI 메모리 수요로 실적 확대
작성일: 2026-07-30
내용: 삼성전자 DS부문은 2026년 2분기 매출 127조5천억원, 영업이익 89조2천억원을 기록했다. 메모리 사업은 AI 수요에 대응해 서버 제품 중심 판매를 확대했고, 업계 전반의 가격 상승도 실적에 기여했다.

질문: 긍정적인 내용 말고 위험 요인도 확인해줘",제공된 자료에서 확인되는 부담은 기사에는 생산능력 제약이 언급됐지만 구체적인 손실 규모는 제시되지 않았다.
"참고 뉴스:
제목: SK하이닉스, 2026년 2분기 사상 최대 실적
작성일: 2026-07-29
내용: SK하이닉스는 2026년 2분기 매출 79조3187억원, 영업이익 60조5426억원을 발표했다. AI 수요에 대응한 고부가가치 제품 판매가 실적을 이끌었고, 주요 고객과 장기·다년 계약을 확대했다고 설명했다.

질문: SK하이닉스 주식을 지금 사는 게 좋아?","제공된 뉴스는 투자 판단의 일부 근거일 뿐입니다. 현재 가격과 재무 상태, 위험 요인을 추가로 확인해야 합니다."
"참고 뉴스:
제목: HD현대, 2026년 2분기 높은 영업이익 기록
작성일: 2026-07-31
내용: HD현대는 2026년 2분기 연결 매출 22조4094억원, 영업이익 4조1246억원을 기록했다. 영업이익률은 18.4%로 발표됐다.

질문: 뉴스에 나온 근거를 바탕으로 배경을 정리해줘",이 흐름의 배경은 조선과 에너지 등 주요 사업의 실적 개선이 연결 실적에 반영됐다.
"참고 뉴스 1:
제목: 삼성전자, 2026년 2분기 실적 발표
작성일: 2026-07-30
내용: 삼성전자는 2026년 2분기 연결 매출 171조5천억원, 영업이익 89조5천억원을 기록했다. 매출과 영업이익 모두 분기 기준 최고치를 경신했으며, 전 분기 대비 매출은 28% 증가했다.

참고 뉴스 2:
제목: 삼성바이오로직스, 2026년 2분기 실적 발표
작성일: 2026-07-23
내용: 삼성바이오로직스는 2026년 2분기 매출 1조3210억원, 영업이익 5860억원을 기록했다. 1공장부터 4공장까지 안정적인 생산 운영과 고객 프로젝트 수행이 실적에 반영됐다.

질문: 어느 쪽이 더 좋다고 단정할 수 있는지 말해줘",두 뉴스는 기업과 상황이 달라 어느 쪽이 더 좋다고 단정하기 어렵습니다. 첫 번째는 삼성전자는 2026년 2분기에 매출과 영업이익 모두 분기 최고치를 기록했다. 두 번째는 삼성바이오로직스는 안정적인 공장 운영을 바탕으로 견조한 2분기 실적을 기록했다.
"참고 뉴스:
제목: 코스닥, 2차전지·바이오 순환매로 급등
작성일: 2026-06-29
내용: 2026년 6월 29일 코스피는 외국인의 대규모 매도 속에 0.2% 하락했고, 코스닥은 2차전지와 바이오주 강세로 8.13% 상승했다. 장중 코스닥 매수 사이드카가 발동됐다.

질문: 국내 증시 관련 핵심 숫자를 정리해줘","기사 기준 주요 지표는 코스피 0.2% 하락, 코스닥 8.13% 상승입니다."
"참고 뉴스:
제목: 신한금융, 2026년 2분기 분기 최대 순이익
작성일: 2026-07-23
내용: 신한금융의 2026년 2분기 순이익은 1조8201억원으로 전 분기 대비 12.2% 증가했다. 상반기 순이익은 3조4427억원으로 전년 동기 대비 13.3% 늘었다.

질문: 확실히 확인되는 사실과 확인되지 않는 내용을 나눠줘",제공된 뉴스 기준 핵심은 신한금융은 2분기와 상반기 순이익이 모두 증가하며 높은 실적을 기록했다. 그 밖의 실시간 주가나 목표가격은 확인되지 않습니다.
"참고 뉴스:
제목: HD현대, 2026년 2분기 높은 영업이익 기록
작성일: 2026-07-31
내용: HD현대는 2026년 2분기 연결 매출 22조4094억원, 영업이익 4조1246억원을 기록했다. 영업이익률은 18.4%로 발표됐다.

질문: 이런 결과가 나온 이유가 뭐야?",조선과 에너지 등 주요 사업의 실적 개선이 연결 실적에 반영됐다.
"참고 뉴스:
제목: 삼성전자, AI 인프라용 PM1763 SSD 양산 시작
작성일: 2026-07-08
내용: 삼성전자는 차세대 AI 인프라에 최적화한 PM1763 SSD의 양산을 시작했다고 발표했다.

질문: 참고 뉴스의 핵심만 설명해줘",이 뉴스의 중심 내용은 삼성전자는 AI 데이터센터 수요에 대응하기 위해 차세대 SSD 양산을 시작했다.
"참고 뉴스:
제목: 신한금융, 2026년 2분기 분기 최대 순이익
작성일: 2026-07-23
내용: 신한금융의 2026년 2분기 순이익은 1조8201억원으로 전 분기 대비 12.2% 증가했다. 상반기 순이익은 3조4427억원으로 전년 동기 대비 13.3% 늘었다.

질문: 참고 뉴스에서 확인되는 내용만 말해줘","확인되는 사실은 신한금융은 2분기와 상반기 순이익이 모두 증가하며 높은 실적을 기록했다. 주요 수치는 2분기 순이익 1조8201억원, 상반기 순이익 3조4427억원입니다. 기사에 없는 목표주가나 현재 시세는 확인할 수 없습니다."
"참고 뉴스 1:
제목: 삼성전자 DS부문, AI 메모리 수요로 실적 확대
작성일: 2026-07-30
내용: 삼성전자 DS부문은 2026년 2분기 매출 127조5천억원, 영업이익 89조2천억원을 기록했다. 메모리 사업은 AI 수요에 대응해 서버 제품 중심 판매를 확대했고, 업계 전반의 가격 상승도 실적에 기여했다.

참고 뉴스 2:
제목: 셀트리온, 2026년 2분기 분기 최대 매출
작성일: 2026-07-27
내용: 셀트리온은 2026년 2분기 매출 1조3937억원, 영업이익 4518억원을 기록했다. 매출은 전년 동기 대비 45%, 영업이익은 86.3% 증가했고, 고수익 신제품이 바이오의약품 매출의 65%를 차지했다.

질문: 두 뉴스의 핵심 내용을 비교해줘",첫 번째 뉴스는 삼성전자 반도체 부문은 AI 서버용 메모리 수요와 가격 상승의 영향을 받았다. 두 번째 뉴스는 셀트리온은 신제품 성장과 원가 개선으로 매출과 영업이익이 크게 증가했다.
"참고 뉴스:
제목: 현대차, 2026년 2분기 매출 증가에도 영업이익 감소
작성일: 2026-07-23
내용: 현대차의 2026년 2분기 매출은 49조2150억원으로 전년 동기 대비 1.9% 증가했다. 영업이익은 2조8510억원으로 20.8% 감소했고, 글로벌 판매량은 6.9% 줄었다.

질문: 뉴스에서 확인되는 성장 요인을 알려줘",확인되는 긍정 요인은 매출이 전년 동기 대비 1.9% 증가한 점입니다.
"참고 뉴스:
제목: 삼성바이오로직스, 2026년 2분기 실적 발표
작성일: 2026-07-23
내용: 삼성바이오로직스는 2026년 2분기 매출 1조3210억원, 영업이익 5860억원을 기록했다. 1공장부터 4공장까지 안정적인 생산 운영과 고객 프로젝트 수행이 실적에 반영됐다.

질문: 리스크 중심으로 정리해줘","주의할 부분은 기사에는 목표주가나 신규 수주 금액, 환율 영향의 세부 수치는 포함되지 않았다."
"참고 뉴스:
제목: 현대차, 2026년 2분기 매출 증가에도 영업이익 감소
작성일: 2026-07-23
내용: 현대차의 2026년 2분기 매출은 49조2150억원으로 전년 동기 대비 1.9% 증가했다. 영업이익은 2조8510억원으로 20.8% 감소했고, 글로벌 판매량은 6.9% 줄었다.

질문: 현대차 주가가 오늘 얼마나 올랐어?",실시간 가격은 제공된 뉴스 범위를 벗어나므로 확인할 수 없습니다.
"참고 뉴스:
제목: 삼성전자, AI 인프라용 PM1763 SSD 양산 시작
작성일: 2026-07-08
내용: 삼성전자는 차세대 AI 인프라에 최적화한 PM1763 SSD의 양산을 시작했다고 발표했다.

질문: 기사에 없는 내용은 추측하지 말고 답해줘","자료 안에서 확인되는 내용은 삼성전자는 AI 데이터센터 수요에 대응하기 위해 차세대 SSD 양산을 시작했다. 긍정 요인은 AI 인프라용 고성능 저장장치 제품군 확대이며, 부담 요인은 시장 점유율, 판매 가격과 실제 수익 기여 규모는 확인할 수 없다."
"참고 뉴스:
제목: 2026년 하반기 국내 증시, 반도체 쏠림에서 업종 확산 가능성
작성일: 2026-07-23
내용: 2026년 상반기 국내 증시는 반도체가 상승을 주도했지만 하반기에는 전력기기, 조선·방산, 바이오, 화장품, 금융 등으로 관심이 확산될 가능성이 제시됐다. 주요 변수로 AI 설비투자, 미국 금리, 기업 실적과 중국 메모리 업체의 추격이 언급됐다.

질문: 기사에 없는 내용은 추측하지 말고 답해줘","자료 안에서 확인되는 내용은 하반기 국내 증시는 반도체 중심 장세에서 실적 개선 업종으로 관심이 분산될 가능성이 있다. 긍정 요인은 AI 설비투자 확대가 전력기기·조선·방산 등 국내 공급망에 기회가 될 수 있다.이며, 부담 요인은 미국 금리, 기업 실적, 중국 메모리 업체의 추격과 반도체 기대 조정"
"참고 뉴스:
제목: 현대차, 2026년 2분기 매출 증가에도 영업이익 감소
작성일: 2026-07-23
내용: 현대차의 2026년 2분기 매출은 49조2150억원으로 전년 동기 대비 1.9% 증가했다. 영업이익은 2조8510억원으로 20.8% 감소했고, 글로벌 판매량은 6.9% 줄었다.

질문: 긍정적인 내용 말고 위험 요인도 확인해줘",제공된 자료에서 확인되는 부담은 영업이익이 20.8% 감소했고 글로벌 판매량도 6.9% 줄었다.
"참고 뉴스 1:
제목: SK하이닉스, 2026년 2분기 사상 최대 실적
작성일: 2026-07-29
내용: SK하이닉스는 2026년 2분기 매출 79조3187억원, 영업이익 60조5426억원을 발표했다. AI 수요에 대응한 고부가가치 제품 판매가 실적을 이끌었고, 주요 고객과 장기·다년 계약을 확대했다고 설명했다.

참고 뉴스 2:
제목: 2026년 하반기 국내 증시, 반도체 쏠림에서 업종 확산 가능성
작성일: 2026-07-23
내용: 2026년 상반기 국내 증시는 반도체가 상승을 주도했지만 하반기에는 전력기기, 조선·방산, 바이오, 화장품, 금융 등으로 관심이 확산될 가능성이 제시됐다. 주요 변수로 AI 설비투자, 미국 금리, 기업 실적과 중국 메모리 업체의 추격이 언급됐다.

질문: 두 뉴스의 위험 요인을 나눠서 설명해줘","첫 번째 뉴스의 부담 요인은 기사에는 현재 주가나 목표주가, 구체적인 수요 둔화 전망은 포함되지 않았다. 두 번째 뉴스의 부담 요인은 미국 금리, 기업 실적, 중국 메모리 업체의 추격과 반도체 기대 조정"
"참고 뉴스:
제목: 한화에어로스페이스, 2026년 2분기 이익 증가
작성일: 2026-07-31
내용: 한화에어로스페이스는 2026년 2분기 순이익 1조800억원을 기록해 전년 동기 대비 277.5% 증가했다. 실적은 시장 예상치를 웃돌았다고 보도됐다.

질문: 한화에어로스페이스 관련 내용을 짧게 요약해줘",제공된 기사 기준으로는 한화에어로스페이스는 2분기 순이익이 크게 증가하며 시장 기대를 웃돌았다.
"참고 뉴스:
제목: 현대차, 2026년 2분기 매출 증가에도 영업이익 감소
작성일: 2026-07-23
내용: 현대차의 2026년 2분기 매출은 49조2150억원으로 전년 동기 대비 1.9% 증가했다. 영업이익은 2조8510억원으로 20.8% 감소했고, 글로벌 판매량은 6.9% 줄었다.

질문: 왜 이런 흐름이 나타났어?","제공된 뉴스 기준으로는 판매 감소와 공급 차질, 비용 상승이 수익성에 부담을 줬다."
"참고 뉴스:
제목: 삼성바이오로직스, 2026년 2분기 실적 발표
작성일: 2026-07-23
내용: 삼성바이오로직스는 2026년 2분기 매출 1조3210억원, 영업이익 5860억원을 기록했다. 1공장부터 4공장까지 안정적인 생산 운영과 고객 프로젝트 수행이 실적에 반영됐다.

질문: 삼성바이오로직스에 불리할 수 있는 내용을 알려줘","긍정 요인과 별개로 기사에는 목표주가나 신규 수주 금액, 환율 영향의 세부 수치는 포함되지 않았다."
"참고 뉴스:
제목: 삼성전자, AI 인프라용 PM1763 SSD 양산 시작
작성일: 2026-07-08
내용: 삼성전자는 차세대 AI 인프라에 최적화한 PM1763 SSD의 양산을 시작했다고 발표했다.

질문: 이 뉴스에서 확인되는 사실을 요약해줘",기사에서 확인되는 핵심은 삼성전자는 AI 데이터센터 수요에 대응하기 위해 차세대 SSD 양산을 시작했다.
"참고 뉴스 1:
제목: 네이버, 2026년 1분기 매출 16.3% 증가
작성일: 2026-04-30
내용: 네이버는 2026년 1분기 매출 3조2411억원, 영업이익 5418억원을 기록했다. 매출은 전년 동기 대비 16.3%, 영업이익은 7.2% 증가했으며 광고와 커머스 등 핵심 사업의 AI 적용이 성장에 기여했다.

참고 뉴스 2:
제목: 한화에어로스페이스, 2026년 2분기 이익 증가
작성일: 2026-07-31
내용: 한화에어로스페이스는 2026년 2분기 순이익 1조800억원을 기록해 전년 동기 대비 277.5% 증가했다. 실적은 시장 예상치를 웃돌았다고 보도됐다.

질문: 두 기사에서 확인되는 긍정 요인을 비교해줘","첫 번째 뉴스의 긍정 요인은 광고·커머스 성장과 핵심 사업의 AI 적용이고, 두 번째 뉴스의 긍정 요인은 순이익의 큰 폭 증가와 시장 예상 상회입니다."
"참고 뉴스:
제목: 신한금융, 2026년 2분기 분기 최대 순이익
작성일: 2026-07-23
내용: 신한금융의 2026년 2분기 순이익은 1조8201억원으로 전 분기 대비 12.2% 증가했다. 상반기 순이익은 3조4427억원으로 전년 동기 대비 13.3% 늘었다.

질문: 지금 주식 가격이 얼마야?",이 자료만으로 현재 주가와 등락률을 확인할 수 없습니다.
"참고 뉴스:
제목: 삼성전자 DS부문, AI 메모리 수요로 실적 확대
작성일: 2026-07-30
내용: 삼성전자 DS부문은 2026년 2분기 매출 127조5천억원, 영업이익 89조2천억원을 기록했다. 메모리 사업은 AI 수요에 대응해 서버 제품 중심 판매를 확대했고, 업계 전반의 가격 상승도 실적에 기여했다.

질문: 왜 이런 흐름이 나타났어?","제공된 뉴스 기준으로는 AI 수요 증가와 서버 제품 판매 확대, 메모리 가격 상승이 주요 원인이다."
"참고 뉴스:
제목: 삼성전자, AI 인프라용 PM1763 SSD 양산 시작
작성일: 2026-07-08
내용: 삼성전자는 차세대 AI 인프라에 최적화한 PM1763 SSD의 양산을 시작했다고 발표했다.

질문: 참고 뉴스에서 확인되는 내용만 말해줘",확인되는 사실은 삼성전자는 AI 데이터센터 수요에 대응하기 위해 차세대 SSD 양산을 시작했다. 주요 수치는 기사 목록에는 생산량과 매출 기여액이 제시되지 않았다.입니다. 기사에 없는 목표주가나 현재 시세는 확인할 수 없습니다.
"참고 뉴스:
제목: 삼성바이오로직스, 스위스 폴리펩타이드 인수 추진
작성일: 2026-07-20
내용: 삼성바이오로직스는 스위스 의약품 위탁생산 기업 폴리펩타이드를 약 18억달러에 전액 현금으로 인수하는 공개매수를 추진했다. 회사는 펩타이드 치료제와 비만·당뇨 분야의 생산 역량 확대를 기대했다.

질문: 이 기사에 나온 적정 주가가 얼마야?",기사에 증권사 목표가격이 제시되지 않아 답할 수 없습니다.
"참고 뉴스:
제목: 한화에어로스페이스, 2026년 2분기 이익 증가
작성일: 2026-07-31
내용: 한화에어로스페이스는 2026년 2분기 순이익 1조800억원을 기록해 전년 동기 대비 277.5% 증가했다. 실적은 시장 예상치를 웃돌았다고 보도됐다.

질문: 이 뉴스에 나온 수치가 뭐야?","제공된 자료에 나온 숫자는 2분기 순이익 1조800억원, 전년 동기 대비 277.5% 증가입니다."
"참고 뉴스:
제목: 현대차, 하반기 신차 출시로 회복 추진
작성일: 2026-07-23
내용: 현대차는 2분기 영업이익이 감소했지만 연간 전망은 유지했다. 회사는 하반기 투싼과 아반떼 등 주요 신차 출시를 통해 판매 회복을 추진할 계획이라고 밝혔다.

질문: 이 기사만 보고 투자 판단을 해줘",매수 여부는 이 뉴스만으로 판단할 수 없습니다. 목표 수익과 손실 가능성까지 별도로 검토해야 합니다.
"참고 뉴스:
제목: 현대차, 하반기 신차 출시로 회복 추진
작성일: 2026-07-23
내용: 현대차는 2분기 영업이익이 감소했지만 연간 전망은 유지했다. 회사는 하반기 투싼과 아반떼 등 주요 신차 출시를 통해 판매 회복을 추진할 계획이라고 밝혔다.

질문: 뉴스에서 확인되는 성장 요인을 알려줘",확인되는 긍정 요인은 연간 전망을 유지하고 주요 신차 출시를 준비하는 점입니다.
"참고 뉴스:
제목: 현대차, 2026년 2분기 매출 증가에도 영업이익 감소
작성일: 2026-07-23
내용: 현대차의 2026년 2분기 매출은 49조2150억원으로 전년 동기 대비 1.9% 증가했다. 영업이익은 2조8510억원으로 20.8% 감소했고, 글로벌 판매량은 6.9% 줄었다.

질문: 긍정적인 내용만 근거를 들어 정리해줘",제공된 뉴스 기준 성장 요인은 매출이 전년 동기 대비 1.9% 증가한 점입니다.
"참고 뉴스:
제목: SK하이닉스, 2026년 2분기 사상 최대 실적
작성일: 2026-07-29
내용: SK하이닉스는 2026년 2분기 매출 79조3187억원, 영업이익 60조5426억원을 발표했다. AI 수요에 대응한 고부가가치 제품 판매가 실적을 이끌었고, 주요 고객과 장기·다년 계약을 확대했다고 설명했다.

질문: 이 뉴스만으로 투자 결정을 내려도 될까?",기사만으로 특정 매수·매도 결론을 내릴 수 없습니다. 뉴스에 없는 정보까지 추측해서 판단하면 안 됩니다.
"참고 뉴스:
제목: 2026년 하반기 국내 증시, 반도체 쏠림에서 업종 확산 가능성
작성일: 2026-07-23
내용: 2026년 상반기 국내 증시는 반도체가 상승을 주도했지만 하반기에는 전력기기, 조선·방산, 바이오, 화장품, 금융 등으로 관심이 확산될 가능성이 제시됐다. 주요 변수로 AI 설비투자, 미국 금리, 기업 실적과 중국 메모리 업체의 추격이 언급됐다.

질문: 국내 증시 주가가 오늘 얼마나 올랐어?",실시간 가격은 제공된 뉴스 범위를 벗어나므로 확인할 수 없습니다.
"참고 뉴스 1:
제목: 셀트리온, 2026년 2분기 분기 최대 매출
작성일: 2026-07-27
내용: 셀트리온은 2026년 2분기 매출 1조3937억원, 영업이익 4518억원을 기록했다. 매출은 전년 동기 대비 45%, 영업이익은 86.3% 증가했고, 고수익 신제품이 바이오의약품 매출의 65%를 차지했다.

참고 뉴스 2:
제목: HD현대중공업, 2026년 2분기 영업이익 급증
작성일: 2026-07-29
내용: HD현대중공업은 2026년 2분기 영업이익 1조399억원을 기록해 전년 동기 대비 120.6% 증가했다고 발표했다.

질문: 두 뉴스의 위험 요인을 나눠서 설명해줘",첫 번째 뉴스의 부담 요인은 기사에는 제품별 경쟁 심화나 환율 변화의 구체적인 손익 영향은 제시되지 않았다. 두 번째 뉴스의 부담 요인은 기사에는 신규 수주 금액과 후판 가격의 향후 영향은 구체적으로 제시되지 않았다.
"참고 뉴스:
제목: 현대차, 2026년 2분기 매출 증가에도 영업이익 감소
작성일: 2026-07-23
내용: 현대차의 2026년 2분기 매출은 49조2150억원으로 전년 동기 대비 1.9% 증가했다. 영업이익은 2조8510억원으로 20.8% 감소했고, 글로벌 판매량은 6.9% 줄었다.

질문: 현대차 목표주가가 얼마야?",제공된 기사에는 목표주가가 없습니다. 자료에 없는 가격을 임의로 만들 수 없습니다.
"참고 뉴스:
제목: SK하이닉스, 2026년 2분기 사상 최대 실적
작성일: 2026-07-29
내용: SK하이닉스는 2026년 2분기 매출 79조3187억원, 영업이익 60조5426억원을 발표했다. AI 수요에 대응한 고부가가치 제품 판매가 실적을 이끌었고, 주요 고객과 장기·다년 계약을 확대했다고 설명했다.

질문: 기사에서 확인되는 정량 정보만 말해줘","핵심 수치만 정리하면 매출 79조3187억원, 영업이익 60조5426억원입니다."
"참고 뉴스:
제목: 7월 국내 증시, 소외 업종으로 자금 이동 가능성
작성일: 2026-07-01
내용: 7월에는 상반기 주도주였던 반도체에서 자동차, 2차전지, 바이오 등 상대적으로 소외됐던 업종으로 자금이 이동할 수 있다는 전망이 나왔다. 반도체 조정이 곧 업황 훼손을 의미하는 것은 아니라는 분석도 제시됐다.

질문: 매수와 매도 중 어느 쪽이 맞아?",이 자료만으로 투자 결정을 권하기 어렵습니다. 회사 실적과 시장 환경을 함께 검토해야 합니다.
"참고 뉴스:
제목: 삼성바이오로직스, 스위스 폴리펩타이드 인수 추진
작성일: 2026-07-20
내용: 삼성바이오로직스는 스위스 의약품 위탁생산 기업 폴리펩타이드를 약 18억달러에 전액 현금으로 인수하는 공개매수를 추진했다. 회사는 펩타이드 치료제와 비만·당뇨 분야의 생산 역량 확대를 기대했다.

질문: 삼성바이오로직스에 불리할 수 있는 내용을 알려줘",긍정 요인과 별개로 대규모 현금 인수에 따른 자금 부담과 인수 후 통합 위험
"참고 뉴스:
제목: HD현대, 2026년 2분기 높은 영업이익 기록
작성일: 2026-07-31
내용: HD현대는 2026년 2분기 연결 매출 22조4094억원, 영업이익 4조1246억원을 기록했다. 영업이익률은 18.4%로 발표됐다.

질문: 이 뉴스에서 확인되는 사실을 요약해줘",기사에서 확인되는 핵심은 HD현대는 2분기에 높은 영업이익과 영업이익률을 기록했다.
"참고 뉴스 1:
제목: 코스닥, 2차전지·바이오 순환매로 급등
작성일: 2026-06-29
내용: 2026년 6월 29일 코스피는 외국인의 대규모 매도 속에 0.2% 하락했고, 코스닥은 2차전지와 바이오주 강세로 8.13% 상승했다. 장중 코스닥 매수 사이드카가 발동됐다.

참고 뉴스 2:
제목: 삼성SDI, 미국 ESS용 각형 배터리 공급 계약
작성일: 2026-03-16
내용: 삼성SDI는 미국에서 1조5000억원 규모의 ESS용 각형 배터리 공급 계약을 수주했다고 발표했다.

질문: 어느 쪽이 더 좋다고 단정할 수 있는지 말해줘",두 뉴스는 기업과 상황이 달라 어느 쪽이 더 좋다고 단정하기 어렵습니다. 첫 번째는 외국인 매도로 코스피가 약세를 보인 반면 코스닥은 2차전지와 바이오 순환매로 급등했다. 두 번째는 삼성SDI는 미국 ESS 시장에서 대규모 각형 배터리 공급 계약을 확보했다.
"참고 뉴스 1:
제목: 삼성바이오로직스, 2026년 2분기 실적 발표
작성일: 2026-07-23
내용: 삼성바이오로직스는 2026년 2분기 매출 1조3210억원, 영업이익 5860억원을 기록했다. 1공장부터 4공장까지 안정적인 생산 운영과 고객 프로젝트 수행이 실적에 반영됐다.

참고 뉴스 2:
제목: 2026년 하반기 국내 증시, 반도체 쏠림에서 업종 확산 가능성
작성일: 2026-07-23
내용: 2026년 상반기 국내 증시는 반도체가 상승을 주도했지만 하반기에는 전력기기, 조선·방산, 바이오, 화장품, 금융 등으로 관심이 확산될 가능성이 제시됐다. 주요 변수로 AI 설비투자, 미국 금리, 기업 실적과 중국 메모리 업체의 추격이 언급됐다.

질문: 어느 쪽이 더 좋다고 단정할 수 있는지 말해줘",두 뉴스는 기업과 상황이 달라 어느 쪽이 더 좋다고 단정하기 어렵습니다. 첫 번째는 삼성바이오로직스는 안정적인 공장 운영을 바탕으로 견조한 2분기 실적을 기록했다. 두 번째는 하반기 국내 증시는 반도체 중심 장세에서 실적 개선 업종으로 관심이 분산될 가능성이 있다.
"참고 뉴스:
제목: 신한금융, 2026년 2분기 분기 최대 순이익
작성일: 2026-07-23
내용: 신한금융의 2026년 2분기 순이익은 1조8201억원으로 전 분기 대비 12.2% 증가했다. 상반기 순이익은 3조4427억원으로 전년 동기 대비 13.3% 늘었다.

질문: 매수와 매도 중 어느 쪽이 맞아?",이 자료만으로 투자 결정을 권하기 어렵습니다. 회사 실적과 시장 환경을 함께 검토해야 합니다.
"참고 뉴스:
제목: 신한금융, 2026년 2분기 분기 최대 순이익
작성일: 2026-07-23
내용: 신한금융의 2026년 2분기 순이익은 1조8201억원으로 전 분기 대비 12.2% 증가했다. 상반기 순이익은 3조4427억원으로 전년 동기 대비 13.3% 늘었다.

질문: 신한금융에 불리할 수 있는 내용을 알려줘",긍정 요인과 별개로 기사에는 향후 대손비용과 금리 하락이 순이자마진에 미칠 구체적 영향은 포함되지 않았다.
"참고 뉴스:
제목: HD현대, 2026년 2분기 높은 영업이익 기록
작성일: 2026-07-31
내용: HD현대는 2026년 2분기 연결 매출 22조4094억원, 영업이익 4조1246억원을 기록했다. 영업이익률은 18.4%로 발표됐다.

질문: 뉴스에서 확인되는 성장 요인을 알려줘",확인되는 긍정 요인은 높은 영업이익과 18.4%의 영업이익률입니다.
"참고 뉴스:
제목: HD현대, 2026년 2분기 높은 영업이익 기록
작성일: 2026-07-31
내용: HD현대는 2026년 2분기 연결 매출 22조4094억원, 영업이익 4조1246억원을 기록했다. 영업이익률은 18.4%로 발표됐다.

질문: HD현대 목표주가가 얼마야?",제공된 기사에는 목표주가가 없습니다. 자료에 없는 가격을 임의로 만들 수 없습니다.
"참고 뉴스:
제목: 7월 국내 증시, 소외 업종으로 자금 이동 가능성
작성일: 2026-07-01
내용: 7월에는 상반기 주도주였던 반도체에서 자동차, 2차전지, 바이오 등 상대적으로 소외됐던 업종으로 자금이 이동할 수 있다는 전망이 나왔다. 반도체 조정이 곧 업황 훼손을 의미하는 것은 아니라는 분석도 제시됐다.

질문: 기사에서 제시한 원인이 무엇인지 알려줘",주된 원인은 기관투자자의 하반기 포트폴리오 재구성과 상반기 수익 확정 수요가 배경으로 제시됐다.
"참고 뉴스 1:
제목: 코스닥, 2차전지·바이오 순환매로 급등
작성일: 2026-06-29
내용: 2026년 6월 29일 코스피는 외국인의 대규모 매도 속에 0.2% 하락했고, 코스닥은 2차전지와 바이오주 강세로 8.13% 상승했다. 장중 코스닥 매수 사이드카가 발동됐다.

참고 뉴스 2:
제목: 삼성SDI, 미국 ESS용 각형 배터리 공급 계약
작성일: 2026-03-16
내용: 삼성SDI는 미국에서 1조5000억원 규모의 ESS용 각형 배터리 공급 계약을 수주했다고 발표했다.

질문: 두 기사에서 확인되는 긍정 요인을 비교해줘","첫 번째 뉴스의 긍정 요인은 2차전지와 바이오 업종으로의 강한 순환매이고, 두 번째 뉴스의 긍정 요인은 미국 ESS 시장에서 대규모 공급 계약을 확보한 점입니다."
"참고 뉴스:
제목: 엔비디아, 네이버 AI 인프라 프로젝트에 투자 추진
작성일: 2026-07-27
내용: 엔비디아는 네이버의 대규모 AI 데이터센터 프로젝트에 약 10억달러를 투자할 계획이다. 네이버는 엔비디아를 대상으로 약 1조4810억원 규모의 신주를 발행하며, 거래 완료 후 엔비디아의 지분율은 약 4.5%가 될 예정이다.

질문: 리스크 중심으로 정리해줘",주의할 부분은 신주 발행에 따른 기존 주주 지분 희석 가능성과 대규모 투자 부담
"참고 뉴스:
제목: 7월 국내 증시, 소외 업종으로 자금 이동 가능성
작성일: 2026-07-01
내용: 7월에는 상반기 주도주였던 반도체에서 자동차, 2차전지, 바이오 등 상대적으로 소외됐던 업종으로 자금이 이동할 수 있다는 전망이 나왔다. 반도체 조정이 곧 업황 훼손을 의미하는 것은 아니라는 분석도 제시됐다.

질문: 이 기사에서 주의할 부분이 있어?",기사 기준 리스크는 순환매가 실제 실적 개선으로 이어지지 않으면 변동성이 커질 수 있다.
"참고 뉴스 1:
제목: 삼성SDI, 7개 분기 만에 영업이익 흑자 전환
작성일: 2026-07-30
내용: 삼성SDI는 2026년 2분기 매출 3조7700억원, 영업이익 2038억원을 기록했다. 매출은 전년 동기 대비 18.5%, 전 분기 대비 5.4% 증가했고, 영업이익은 7개 분기 만에 흑자로 전환했다.

참고 뉴스 2:
제목: 삼성전자, AI 인프라용 PM1763 SSD 양산 시작
작성일: 2026-07-08
내용: 삼성전자는 차세대 AI 인프라에 최적화한 PM1763 SSD의 양산을 시작했다고 발표했다.

질문: 어느 쪽이 더 좋다고 단정할 수 있는지 말해줘",두 뉴스는 기업과 상황이 달라 어느 쪽이 더 좋다고 단정하기 어렵습니다. 첫 번째는 삼성SDI는 매출 증가와 함께 7개 분기 만에 영업이익 흑자 전환에 성공했다. 두 번째는 삼성전자는 AI 데이터센터 수요에 대응하기 위해 차세대 SSD 양산을 시작했다.
"참고 뉴스:
제목: 엔비디아, 네이버 AI 인프라 프로젝트에 투자 추진
작성일: 2026-07-27
내용: 엔비디아는 네이버의 대규모 AI 데이터센터 프로젝트에 약 10억달러를 투자할 계획이다. 네이버는 엔비디아를 대상으로 약 1조4810억원 규모의 신주를 발행하며, 거래 완료 후 엔비디아의 지분율은 약 4.5%가 될 예정이다.

질문: 매수와 매도 중 어느 쪽이 맞아?",이 자료만으로 투자 결정을 권하기 어렵습니다. 회사 실적과 시장 환경을 함께 검토해야 합니다.
"참고 뉴스:
제목: 신한금융, 2026년 2분기 분기 최대 순이익
작성일: 2026-07-23
내용: 신한금융의 2026년 2분기 순이익은 1조8201억원으로 전 분기 대비 12.2% 증가했다. 상반기 순이익은 3조4427억원으로 전년 동기 대비 13.3% 늘었다.

질문: 이 뉴스에서 확인되는 사실을 요약해줘",기사에서 확인되는 핵심은 신한금융은 2분기와 상반기 순이익이 모두 증가하며 높은 실적을 기록했다.
"참고 뉴스:
제목: 삼성SDI, 7개 분기 만에 영업이익 흑자 전환
작성일: 2026-07-30
내용: 삼성SDI는 2026년 2분기 매출 3조7700억원, 영업이익 2038억원을 기록했다. 매출은 전년 동기 대비 18.5%, 전 분기 대비 5.4% 증가했고, 영업이익은 7개 분기 만에 흑자로 전환했다.

질문: 뉴스에서 확인되는 성장 요인을 알려줘",확인되는 긍정 요인은 7개 분기 만의 영업이익 흑자 전환과 매출 증가입니다.
"참고 뉴스:
제목: 2026년 하반기 국내 증시, 반도체 쏠림에서 업종 확산 가능성
작성일: 2026-07-23
내용: 2026년 상반기 국내 증시는 반도체가 상승을 주도했지만 하반기에는 전력기기, 조선·방산, 바이오, 화장품, 금융 등으로 관심이 확산될 가능성이 제시됐다. 주요 변수로 AI 설비투자, 미국 금리, 기업 실적과 중국 메모리 업체의 추격이 언급됐다.

질문: 이 뉴스는 언제 발표된 내용이야?",이 자료의 발표일은 2026-07-23입니다.
"참고 뉴스:
제목: 현대차, 하반기 신차 출시로 회복 추진
작성일: 2026-07-23
내용: 현대차는 2분기 영업이익이 감소했지만 연간 전망은 유지했다. 회사는 하반기 투싼과 아반떼 등 주요 신차 출시를 통해 판매 회복을 추진할 계획이라고 밝혔다.

질문: 이 뉴스만으로 투자 결정을 내려도 될까?",기사만으로 특정 매수·매도 결론을 내릴 수 없습니다. 뉴스에 없는 정보까지 추측해서 판단하면 안 됩니다.
"참고 뉴스:
제목: 엔비디아, 네이버 AI 인프라 프로젝트에 투자 추진
작성일: 2026-07-27
내용: 엔비디아는 네이버의 대규모 AI 데이터센터 프로젝트에 약 10억달러를 투자할 계획이다. 네이버는 엔비디아를 대상으로 약 1조4810억원 규모의 신주를 발행하며, 거래 완료 후 엔비디아의 지분율은 약 4.5%가 될 예정이다.

질문: 참고 뉴스에서 확인되는 내용만 말해줘","확인되는 사실은 네이버는 엔비디아 투자와 신주 발행을 통해 대규모 AI 인프라 구축을 추진한다. 주요 수치는 엔비디아 투자 약 10억달러, 신주 발행 약 1조4810억원, 예상 지분율 약 4.5%입니다. 기사에 없는 목표주가나 현재 시세는 확인할 수 없습니다."
"참고 뉴스:
제목: 2026년 하반기 국내 증시, 반도체 쏠림에서 업종 확산 가능성
작성일: 2026-07-23
내용: 2026년 상반기 국내 증시는 반도체가 상승을 주도했지만 하반기에는 전력기기, 조선·방산, 바이오, 화장품, 금융 등으로 관심이 확산될 가능성이 제시됐다. 주요 변수로 AI 설비투자, 미국 금리, 기업 실적과 중국 메모리 업체의 추격이 언급됐다.

질문: 실적 숫자만 정리해줘",정량 정보는 기사에는 특정 지수 목표치나 개별 종목 목표주가가 제시되지 않았다.입니다.
"참고 뉴스:
제목: 현대차, 2026년 2분기 매출 증가에도 영업이익 감소
작성일: 2026-07-23
내용: 현대차의 2026년 2분기 매출은 49조2150억원으로 전년 동기 대비 1.9% 증가했다. 영업이익은 2조8510억원으로 20.8% 감소했고, 글로벌 판매량은 6.9% 줄었다.

질문: 기사 작성일을 알려줘",기사 기준 날짜는 2026-07-23입니다.
"참고 뉴스 1:
제목: 현대차, 하반기 신차 출시로 회복 추진
작성일: 2026-07-23
내용: 현대차는 2분기 영업이익이 감소했지만 연간 전망은 유지했다. 회사는 하반기 투싼과 아반떼 등 주요 신차 출시를 통해 판매 회복을 추진할 계획이라고 밝혔다.

참고 뉴스 2:
제목: 신한금융, 2026년 2분기 분기 최대 순이익
작성일: 2026-07-23
내용: 신한금융의 2026년 2분기 순이익은 1조8201억원으로 전 분기 대비 12.2% 증가했다. 상반기 순이익은 3조4427억원으로 전년 동기 대비 13.3% 늘었다.

질문: 두 뉴스의 핵심 내용을 비교해줘",첫 번째 뉴스는 현대차는 실적 부담에도 연간 전망을 유지하고 하반기 신차로 회복을 추진한다. 두 번째 뉴스는 신한금융은 2분기와 상반기 순이익이 모두 증가하며 높은 실적을 기록했다.
"참고 뉴스:
제목: HD현대중공업, 2026년 2분기 영업이익 급증
작성일: 2026-07-29
내용: HD현대중공업은 2026년 2분기 영업이익 1조399억원을 기록해 전년 동기 대비 120.6% 증가했다고 발표했다.

질문: HD현대중공업의 부담 요인은 뭐야?",부담 요인은 기사에는 신규 수주 금액과 후판 가격의 향후 영향은 구체적으로 제시되지 않았다.
"참고 뉴스:
제목: 코스닥, 2차전지·바이오 순환매로 급등
작성일: 2026-06-29
내용: 2026년 6월 29일 코스피는 외국인의 대규모 매도 속에 0.2% 하락했고, 코스닥은 2차전지와 바이오주 강세로 8.13% 상승했다. 장중 코스닥 매수 사이드카가 발동됐다.

질문: 국내 증시의 목표주가를 숫자로 말해줘",제공된 자료에는 적정 주가나 목표주가 정보가 포함되지 않았습니다.
"참고 뉴스:
제목: 삼성바이오로직스, 스위스 폴리펩타이드 인수 추진
작성일: 2026-07-20
내용: 삼성바이오로직스는 스위스 의약품 위탁생산 기업 폴리펩타이드를 약 18억달러에 전액 현금으로 인수하는 공개매수를 추진했다. 회사는 펩타이드 치료제와 비만·당뇨 분야의 생산 역량 확대를 기대했다.

질문: 참고 뉴스에서 확인되는 내용만 말해줘",확인되는 사실은 삼성바이오로직스는 펩타이드 의약품 사업 강화를 위해 폴리펩타이드 인수를 추진한다. 주요 수치는 인수 제안 규모 약 18억달러입니다. 기사에 없는 목표주가나 현재 시세는 확인할 수 없습니다.
"참고 뉴스:
제목: 삼성전자 DS부문, AI 메모리 수요로 실적 확대
작성일: 2026-07-30
내용: 삼성전자 DS부문은 2026년 2분기 매출 127조5천억원, 영업이익 89조2천억원을 기록했다. 메모리 사업은 AI 수요에 대응해 서버 제품 중심 판매를 확대했고, 업계 전반의 가격 상승도 실적에 기여했다.

질문: 이 기사에서 호재로 볼 수 있는 부분을 말해줘",기사에서 긍정적으로 볼 수 있는 부분은 AI 서버 제품 중심 판매 확대와 메모리 가격 상승입니다.
"참고 뉴스:
제목: 삼성SDI, 7개 분기 만에 영업이익 흑자 전환
작성일: 2026-07-30
내용: 삼성SDI는 2026년 2분기 매출 3조7700억원, 영업이익 2038억원을 기록했다. 매출은 전년 동기 대비 18.5%, 전 분기 대비 5.4% 증가했고, 영업이익은 7개 분기 만에 흑자로 전환했다.

질문: 기사에서 제시한 원인이 무엇인지 알려줘",주된 원인은 매출 회복과 사업 수익성 개선이 흑자 전환으로 이어졌다.
"참고 뉴스 1:
제목: SK하이닉스, 2026년 2분기 사상 최대 실적
작성일: 2026-07-29
내용: SK하이닉스는 2026년 2분기 매출 79조3187억원, 영업이익 60조5426억원을 발표했다. AI 수요에 대응한 고부가가치 제품 판매가 실적을 이끌었고, 주요 고객과 장기·다년 계약을 확대했다고 설명했다.

참고 뉴스 2:
제목: KB금융, 2026년 상반기 순이익 증가
작성일: 2026-07-23
내용: KB금융은 2026년 상반기 실적 발표 자료를 공개했다. 외부 보도에 따르면 상반기 순이익은 3조8846억원으로 전년 동기 대비 13.1% 증가했다.

질문: 두 뉴스의 위험 요인을 나눠서 설명해줘","첫 번째 뉴스의 부담 요인은 기사에는 현재 주가나 목표주가, 구체적인 수요 둔화 전망은 포함되지 않았다. 두 번째 뉴스의 부담 요인은 기사에는 연체율, 대손비용과 향후 금리 변화의 세부 영향이 모두 제시되지는 않았다."
"참고 뉴스:
제목: 삼성SDI, 7개 분기 만에 영업이익 흑자 전환
작성일: 2026-07-30
내용: 삼성SDI는 2026년 2분기 매출 3조7700억원, 영업이익 2038억원을 기록했다. 매출은 전년 동기 대비 18.5%, 전 분기 대비 5.4% 증가했고, 영업이익은 7개 분기 만에 흑자로 전환했다.

질문: 언제 나온 소식인지 확인해줘",이 뉴스는 2026-07-30 기준입니다.
"참고 뉴스:
제목: 7월 국내 증시, 소외 업종으로 자금 이동 가능성
작성일: 2026-07-01
내용: 7월에는 상반기 주도주였던 반도체에서 자동차, 2차전지, 바이오 등 상대적으로 소외됐던 업종으로 자금이 이동할 수 있다는 전망이 나왔다. 반도체 조정이 곧 업황 훼손을 의미하는 것은 아니라는 분석도 제시됐다.

질문: 긍정적인 내용 말고 위험 요인도 확인해줘",제공된 자료에서 확인되는 부담은 순환매가 실제 실적 개선으로 이어지지 않으면 변동성이 커질 수 있다.
"참고 뉴스:
제목: 한화에어로스페이스, 2026년 2분기 이익 증가
작성일: 2026-07-31
내용: 한화에어로스페이스는 2026년 2분기 순이익 1조800억원을 기록해 전년 동기 대비 277.5% 증가했다. 실적은 시장 예상치를 웃돌았다고 보도됐다.

질문: 현재 시세와 등락률을 말해줘",현재 주가는 기사 작성 시점과 달라질 수 있어 별도 시세 조회가 필요합니다.
"참고 뉴스:
제목: 엔비디아, 네이버 AI 인프라 프로젝트에 투자 추진
작성일: 2026-07-27
내용: 엔비디아는 네이버의 대규모 AI 데이터센터 프로젝트에 약 10억달러를 투자할 계획이다. 네이버는 엔비디아를 대상으로 약 1조4810억원 규모의 신주를 발행하며, 거래 완료 후 엔비디아의 지분율은 약 4.5%가 될 예정이다.

질문: 네이버에 불리할 수 있는 내용을 알려줘",긍정 요인과 별개로 신주 발행에 따른 기존 주주 지분 희석 가능성과 대규모 투자 부담
"참고 뉴스:
제목: 삼성SDI, 미국 ESS용 각형 배터리 공급 계약
작성일: 2026-03-16
내용: 삼성SDI는 미국에서 1조5000억원 규모의 ESS용 각형 배터리 공급 계약을 수주했다고 발표했다.

질문: 긍정적인 내용 말고 위험 요인도 확인해줘","제공된 자료에서 확인되는 부담은 기사 목록에는 계약 기간, 고객사와 예상 이익 기여액이 구체적으로 제시되지 않았다."
"참고 뉴스:
제목: 코스닥, 2차전지·바이오 순환매로 급등
작성일: 2026-06-29
내용: 2026년 6월 29일 코스피는 외국인의 대규모 매도 속에 0.2% 하락했고, 코스닥은 2차전지와 바이오주 강세로 8.13% 상승했다. 장중 코스닥 매수 사이드카가 발동됐다.

질문: 국내 증시 주가가 오늘 얼마나 올랐어?",실시간 가격은 제공된 뉴스 범위를 벗어나므로 확인할 수 없습니다.
"참고 뉴스:
제목: 7월 국내 증시, 소외 업종으로 자금 이동 가능성
작성일: 2026-07-01
내용: 7월에는 상반기 주도주였던 반도체에서 자동차, 2차전지, 바이오 등 상대적으로 소외됐던 업종으로 자금이 이동할 수 있다는 전망이 나왔다. 반도체 조정이 곧 업황 훼손을 의미하는 것은 아니라는 분석도 제시됐다.

질문: 국내 증시의 현재 주가를 알려줘",제공된 기사에는 실시간 주가나 오늘 종가가 없습니다. 현재 시세는 별도의 실시간 데이터가 필요합니다.
"참고 뉴스:
제목: HD현대중공업, 2026년 2분기 영업이익 급증
작성일: 2026-07-29
내용: HD현대중공업은 2026년 2분기 영업이익 1조399억원을 기록해 전년 동기 대비 120.6% 증가했다고 발표했다.

질문: 이 기사만 보고 HD현대중공업를 매수해도 돼?","이 기사 하나만으로 매수나 매도를 결정하기는 어렵습니다. 실적 추세, 밸류에이션, 수급과 추가 공시를 함께 확인해야 합니다."
"참고 뉴스:
제목: 2026년 하반기 국내 증시, 반도체 쏠림에서 업종 확산 가능성
작성일: 2026-07-23
내용: 2026년 상반기 국내 증시는 반도체가 상승을 주도했지만 하반기에는 전력기기, 조선·방산, 바이오, 화장품, 금융 등으로 관심이 확산될 가능성이 제시됐다. 주요 변수로 AI 설비투자, 미국 금리, 기업 실적과 중국 메모리 업체의 추격이 언급됐다.

질문: 앞으로 어느 가격까지 갈 수 있어?",목표주가 수치는 기사에서 확인되지 않습니다.
"참고 뉴스:
제목: 삼성바이오로직스, 2026년 2분기 실적 발표
작성일: 2026-07-23
내용: 삼성바이오로직스는 2026년 2분기 매출 1조3210억원, 영업이익 5860억원을 기록했다. 1공장부터 4공장까지 안정적인 생산 운영과 고객 프로젝트 수행이 실적에 반영됐다.

질문: 뉴스 근거를 들어 설명해줘",기사 근거만 사용하면 삼성바이오로직스는 안정적인 공장 운영을 바탕으로 견조한 2분기 실적을 기록했다. 추가적인 주가 전망은 이 자료만으로 단정할 수 없습니다.
"참고 뉴스:
제목: 삼성SDI, 미국 ESS용 각형 배터리 공급 계약
작성일: 2026-03-16
내용: 삼성SDI는 미국에서 1조5000억원 규모의 ESS용 각형 배터리 공급 계약을 수주했다고 발표했다.

질문: 긍정적인 내용만 근거를 들어 정리해줘",제공된 뉴스 기준 성장 요인은 미국 ESS 시장에서 대규모 공급 계약을 확보한 점입니다.
"참고 뉴스:
제목: 한화에어로스페이스, 2026년 2분기 이익 증가
작성일: 2026-07-31
내용: 한화에어로스페이스는 2026년 2분기 순이익 1조800억원을 기록해 전년 동기 대비 277.5% 증가했다. 실적은 시장 예상치를 웃돌았다고 보도됐다.

질문: 한화에어로스페이스의 목표주가를 숫자로 말해줘",제공된 자료에는 적정 주가나 목표주가 정보가 포함되지 않았습니다.
"참고 뉴스:
제목: 삼성SDI, 미국 ESS용 각형 배터리 공급 계약
작성일: 2026-03-16
내용: 삼성SDI는 미국에서 1조5000억원 규모의 ESS용 각형 배터리 공급 계약을 수주했다고 발표했다.

질문: 매수와 매도 중 어느 쪽이 맞아?",이 자료만으로 투자 결정을 권하기 어렵습니다. 회사 실적과 시장 환경을 함께 검토해야 합니다.
"참고 뉴스:
제목: 신한금융, 2026년 2분기 분기 최대 순이익
작성일: 2026-07-23
내용: 신한금융의 2026년 2분기 순이익은 1조8201억원으로 전 분기 대비 12.2% 증가했다. 상반기 순이익은 3조4427억원으로 전년 동기 대비 13.3% 늘었다.

질문: 실적 숫자만 정리해줘","정량 정보는 2분기 순이익 1조8201억원, 상반기 순이익 3조4427억원입니다."
"참고 뉴스:
제목: 엔비디아, 네이버 AI 인프라 프로젝트에 투자 추진
작성일: 2026-07-27
내용: 엔비디아는 네이버의 대규모 AI 데이터센터 프로젝트에 약 10억달러를 투자할 계획이다. 네이버는 엔비디아를 대상으로 약 1조4810억원 규모의 신주를 발행하며, 거래 완료 후 엔비디아의 지분율은 약 4.5%가 될 예정이다.

질문: 네이버 주가가 오늘 얼마나 올랐어?",실시간 가격은 제공된 뉴스 범위를 벗어나므로 확인할 수 없습니다.
"참고 뉴스:
제목: 한화에어로스페이스, 2026년 2분기 이익 증가
작성일: 2026-07-31
내용: 한화에어로스페이스는 2026년 2분기 순이익 1조800억원을 기록해 전년 동기 대비 277.5% 증가했다. 실적은 시장 예상치를 웃돌았다고 보도됐다.

질문: 이 뉴스는 언제 발표된 내용이야?",이 자료의 발표일은 2026-07-31입니다.
"참고 뉴스:
제목: 삼성SDI, 미국 ESS용 각형 배터리 공급 계약
작성일: 2026-03-16
내용: 삼성SDI는 미국에서 1조5000억원 규모의 ESS용 각형 배터리 공급 계약을 수주했다고 발표했다.

질문: 기사에 없는 내용은 추측하지 말고 답해줘","자료 안에서 확인되는 내용은 삼성SDI는 미국 ESS 시장에서 대규모 각형 배터리 공급 계약을 확보했다. 긍정 요인은 미국 ESS 시장에서 대규모 공급 계약을 확보한 점이며, 부담 요인은 기사 목록에는 계약 기간, 고객사와 예상 이익 기여액이 구체적으로 제시되지 않았다."
"참고 뉴스:
제목: HD현대, 2026년 2분기 높은 영업이익 기록
작성일: 2026-07-31
내용: HD현대는 2026년 2분기 연결 매출 22조4094억원, 영업이익 4조1246억원을 기록했다. 영업이익률은 18.4%로 발표됐다.

질문: 언제 나온 소식인지 확인해줘",이 뉴스는 2026-07-31 기준입니다.
"참고 뉴스:
제목: 엔비디아, 네이버 AI 인프라 프로젝트에 투자 추진
작성일: 2026-07-27
내용: 엔비디아는 네이버의 대규모 AI 데이터센터 프로젝트에 약 10억달러를 투자할 계획이다. 네이버는 엔비디아를 대상으로 약 1조4810억원 규모의 신주를 발행하며, 거래 완료 후 엔비디아의 지분율은 약 4.5%가 될 예정이다.

질문: 이 뉴스는 언제 발표된 내용이야?",이 자료의 발표일은 2026-07-27입니다.
"참고 뉴스:
제목: 삼성전자 DS부문, AI 메모리 수요로 실적 확대
작성일: 2026-07-30
내용: 삼성전자 DS부문은 2026년 2분기 매출 127조5천억원, 영업이익 89조2천억원을 기록했다. 메모리 사업은 AI 수요에 대응해 서버 제품 중심 판매를 확대했고, 업계 전반의 가격 상승도 실적에 기여했다.

질문: 뉴스에 나온 근거를 바탕으로 배경을 정리해줘","이 흐름의 배경은 AI 수요 증가와 서버 제품 판매 확대, 메모리 가격 상승이 주요 원인이다."
"참고 뉴스 1:
제목: 삼성바이오로직스, 스위스 폴리펩타이드 인수 추진
작성일: 2026-07-20
내용: 삼성바이오로직스는 스위스 의약품 위탁생산 기업 폴리펩타이드를 약 18억달러에 전액 현금으로 인수하는 공개매수를 추진했다. 회사는 펩타이드 치료제와 비만·당뇨 분야의 생산 역량 확대를 기대했다.

참고 뉴스 2:
제목: 2026년 하반기 국내 증시, 반도체 쏠림에서 업종 확산 가능성
작성일: 2026-07-23
내용: 2026년 상반기 국내 증시는 반도체가 상승을 주도했지만 하반기에는 전력기기, 조선·방산, 바이오, 화장품, 금융 등으로 관심이 확산될 가능성이 제시됐다. 주요 변수로 AI 설비투자, 미국 금리, 기업 실적과 중국 메모리 업체의 추격이 언급됐다.

질문: 두 뉴스의 위험 요인을 나눠서 설명해줘","첫 번째 뉴스의 부담 요인은 대규모 현금 인수에 따른 자금 부담과 인수 후 통합 위험 두 번째 뉴스의 부담 요인은 미국 금리, 기업 실적, 중국 메모리 업체의 추격과 반도체 기대 조정"
"참고 뉴스:
제목: 7월 국내 증시, 소외 업종으로 자금 이동 가능성
작성일: 2026-07-01
내용: 7월에는 상반기 주도주였던 반도체에서 자동차, 2차전지, 바이오 등 상대적으로 소외됐던 업종으로 자금이 이동할 수 있다는 전망이 나왔다. 반도체 조정이 곧 업황 훼손을 의미하는 것은 아니라는 분석도 제시됐다.

질문: 국내 증시 주가가 오늘 얼마나 올랐어?",실시간 가격은 제공된 뉴스 범위를 벗어나므로 확인할 수 없습니다.
"참고 뉴스:
제목: 삼성바이오로직스, 2026년 2분기 실적 발표
작성일: 2026-07-23
내용: 삼성바이오로직스는 2026년 2분기 매출 1조3210억원, 영업이익 5860억원을 기록했다. 1공장부터 4공장까지 안정적인 생산 운영과 고객 프로젝트 수행이 실적에 반영됐다.

질문: 삼성바이오로직스 뉴스 핵심을 한 문장으로 정리해줘",삼성바이오로직스는 안정적인 공장 운영을 바탕으로 견조한 2분기 실적을 기록했다.
"참고 뉴스:
제목: 코스닥, 2차전지·바이오 순환매로 급등
작성일: 2026-06-29
내용: 2026년 6월 29일 코스피는 외국인의 대규모 매도 속에 0.2% 하락했고, 코스닥은 2차전지와 바이오주 강세로 8.13% 상승했다. 장중 코스닥 매수 사이드카가 발동됐다.

질문: 왜 이런 흐름이 나타났어?",제공된 뉴스 기준으로는 반도체 약세 속에서 2차전지와 바이오로 매수세가 이동했다.
"참고 뉴스:
제목: SK하이닉스, 2026년 2분기 사상 최대 실적
작성일: 2026-07-29
내용: SK하이닉스는 2026년 2분기 매출 79조3187억원, 영업이익 60조5426억원을 발표했다. AI 수요에 대응한 고부가가치 제품 판매가 실적을 이끌었고, 주요 고객과 장기·다년 계약을 확대했다고 설명했다.

질문: 뉴스에서 확인되는 성장 요인을 알려줘",확인되는 긍정 요인은 AI용 고부가가치 제품 판매와 주요 고객과의 장기 계약 확대입니다.
"참고 뉴스:
제목: 삼성전자 DS부문, AI 메모리 수요로 실적 확대
작성일: 2026-07-30
내용: 삼성전자 DS부문은 2026년 2분기 매출 127조5천억원, 영업이익 89조2천억원을 기록했다. 메모리 사업은 AI 수요에 대응해 서버 제품 중심 판매를 확대했고, 업계 전반의 가격 상승도 실적에 기여했다.

질문: 앞으로 어느 가격까지 갈 수 있어?",목표주가 수치는 기사에서 확인되지 않습니다.
"참고 뉴스:
제목: 코스닥, 2차전지·바이오 순환매로 급등
작성일: 2026-06-29
내용: 2026년 6월 29일 코스피는 외국인의 대규모 매도 속에 0.2% 하락했고, 코스닥은 2차전지와 바이오주 강세로 8.13% 상승했다. 장중 코스닥 매수 사이드카가 발동됐다.

질문: 확실히 확인되는 사실과 확인되지 않는 내용을 나눠줘",제공된 뉴스 기준 핵심은 외국인 매도로 코스피가 약세를 보인 반면 코스닥은 2차전지와 바이오 순환매로 급등했다. 그 밖의 실시간 주가나 목표가격은 확인되지 않습니다.
"참고 뉴스 1:
제목: HD현대중공업, 2026년 2분기 영업이익 급증
작성일: 2026-07-29
내용: HD현대중공업은 2026년 2분기 영업이익 1조399억원을 기록해 전년 동기 대비 120.6% 증가했다고 발표했다.

참고 뉴스 2:
제목: 2026년 하반기 국내 증시, 반도체 쏠림에서 업종 확산 가능성
작성일: 2026-07-23
내용: 2026년 상반기 국내 증시는 반도체가 상승을 주도했지만 하반기에는 전력기기, 조선·방산, 바이오, 화장품, 금융 등으로 관심이 확산될 가능성이 제시됐다. 주요 변수로 AI 설비투자, 미국 금리, 기업 실적과 중국 메모리 업체의 추격이 언급됐다.

질문: 두 기사에서 확인되는 긍정 요인을 비교해줘","첫 번째 뉴스의 긍정 요인은 영업이익의 큰 폭 증가이고, 두 번째 뉴스의 긍정 요인은 AI 설비투자 확대가 전력기기·조선·방산 등 국내 공급망에 기회가 될 수 있다.입니다."
"참고 뉴스:
제목: HD현대중공업, 2026년 2분기 영업이익 급증
작성일: 2026-07-29
내용: HD현대중공업은 2026년 2분기 영업이익 1조399억원을 기록해 전년 동기 대비 120.6% 증가했다고 발표했다.

질문: 참고 뉴스의 핵심만 설명해줘",이 뉴스의 중심 내용은 HD현대중공업은 조선 부문 수익성 개선으로 영업이익이 큰 폭으로 증가했다.
"참고 뉴스:
제목: 신한금융, 2026년 2분기 분기 최대 순이익
작성일: 2026-07-23
내용: 신한금융의 2026년 2분기 순이익은 1조8201억원으로 전 분기 대비 12.2% 증가했다. 상반기 순이익은 3조4427억원으로 전년 동기 대비 13.3% 늘었다.

질문: 제공된 자료 범위 안에서만 답해줘",확실히 확인되는 사실은 신한금융은 2분기와 상반기 순이익이 모두 증가하며 높은 실적을 기록했다. 다만 기사에 없는 투자 의견이나 가격 정보는 추측할 수 없습니다.
"참고 뉴스:
제목: 삼성SDI, 미국 ESS용 각형 배터리 공급 계약
작성일: 2026-03-16
내용: 삼성SDI는 미국에서 1조5000억원 규모의 ESS용 각형 배터리 공급 계약을 수주했다고 발표했다.

질문: 기사에서 확인되는 정량 정보만 말해줘",핵심 수치만 정리하면 계약 규모 1조5000억원입니다.
"참고 뉴스:
제목: 삼성SDI, 미국 ESS용 각형 배터리 공급 계약
작성일: 2026-03-16
내용: 삼성SDI는 미국에서 1조5000억원 규모의 ESS용 각형 배터리 공급 계약을 수주했다고 발표했다.

질문: 삼성SDI의 부담 요인은 뭐야?","부담 요인은 기사 목록에는 계약 기간, 고객사와 예상 이익 기여액이 구체적으로 제시되지 않았다."
"참고 뉴스:
제목: 삼성SDI, 미국 ESS용 각형 배터리 공급 계약
작성일: 2026-03-16
내용: 삼성SDI는 미국에서 1조5000억원 규모의 ESS용 각형 배터리 공급 계약을 수주했다고 발표했다.

질문: 삼성SDI에 유리한 내용이 있어?",호재로 해석할 수 있는 내용은 미국 ESS 시장에서 대규모 공급 계약을 확보한 점입니다.
"참고 뉴스:
제목: 엔비디아, 네이버 AI 인프라 프로젝트에 투자 추진
작성일: 2026-07-27
내용: 엔비디아는 네이버의 대규모 AI 데이터센터 프로젝트에 약 10억달러를 투자할 계획이다. 네이버는 엔비디아를 대상으로 약 1조4810억원 규모의 신주를 발행하며, 거래 완료 후 엔비디아의 지분율은 약 4.5%가 될 예정이다.

질문: 기사에 없는 내용은 추측하지 말고 답해줘","자료 안에서 확인되는 내용은 네이버는 엔비디아 투자와 신주 발행을 통해 대규모 AI 인프라 구축을 추진한다. 긍정 요인은 글로벌 AI 기업과의 협력 및 AI 데이터센터 인프라 확대이며, 부담 요인은 신주 발행에 따른 기존 주주 지분 희석 가능성과 대규모 투자 부담"
"참고 뉴스:
제목: 코스닥, 2차전지·바이오 순환매로 급등
작성일: 2026-06-29
내용: 2026년 6월 29일 코스피는 외국인의 대규모 매도 속에 0.2% 하락했고, 코스닥은 2차전지와 바이오주 강세로 8.13% 상승했다. 장중 코스닥 매수 사이드카가 발동됐다.

질문: 이 기사에서 주의할 부분이 있어?",기사 기준 리스크는 외국인 대규모 매도와 시장 변동성 확대
"참고 뉴스:
제목: 삼성바이오로직스, 스위스 폴리펩타이드 인수 추진
작성일: 2026-07-20
내용: 삼성바이오로직스는 스위스 의약품 위탁생산 기업 폴리펩타이드를 약 18억달러에 전액 현금으로 인수하는 공개매수를 추진했다. 회사는 펩타이드 치료제와 비만·당뇨 분야의 생산 역량 확대를 기대했다.

질문: 삼성바이오로직스의 기사 속 주요 수치를 알려줘",기사에서 확인되는 주요 수치는 인수 제안 규모 약 18억달러입니다.
"참고 뉴스:
제목: 현대차, 2026년 2분기 매출 증가에도 영업이익 감소
작성일: 2026-07-23
내용: 현대차의 2026년 2분기 매출은 49조2150억원으로 전년 동기 대비 1.9% 증가했다. 영업이익은 2조8510억원으로 20.8% 감소했고, 글로벌 판매량은 6.9% 줄었다.

질문: 이 기사에서 주의할 부분이 있어?",기사 기준 리스크는 영업이익이 20.8% 감소했고 글로벌 판매량도 6.9% 줄었다.
"참고 뉴스:
제목: 삼성바이오로직스, 스위스 폴리펩타이드 인수 추진
작성일: 2026-07-20
내용: 삼성바이오로직스는 스위스 의약품 위탁생산 기업 폴리펩타이드를 약 18억달러에 전액 현금으로 인수하는 공개매수를 추진했다. 회사는 펩타이드 치료제와 비만·당뇨 분야의 생산 역량 확대를 기대했다.

질문: 기사 작성일을 알려줘",기사 기준 날짜는 2026-07-20입니다.
"참고 뉴스:
제목: 삼성SDI, 7개 분기 만에 영업이익 흑자 전환
작성일: 2026-07-30
내용: 삼성SDI는 2026년 2분기 매출 3조7700억원, 영업이익 2038억원을 기록했다. 매출은 전년 동기 대비 18.5%, 전 분기 대비 5.4% 증가했고, 영업이익은 7개 분기 만에 흑자로 전환했다.

질문: 이 기사에서 주의할 부분이 있어?",기사 기준 리스크는 기사에는 향후 배터리 수요와 원재료 가격에 대한 구체적인 전망은 제시되지 않았다.
"참고 뉴스 1:
제목: 현대차, 2026년 2분기 매출 증가에도 영업이익 감소
작성일: 2026-07-23
내용: 현대차의 2026년 2분기 매출은 49조2150억원으로 전년 동기 대비 1.9% 증가했다. 영업이익은 2조8510억원으로 20.8% 감소했고, 글로벌 판매량은 6.9% 줄었다.

참고 뉴스 2:
제목: KB금융, 2026년 상반기 순이익 증가
작성일: 2026-07-23
내용: KB금융은 2026년 상반기 실적 발표 자료를 공개했다. 외부 보도에 따르면 상반기 순이익은 3조8846억원으로 전년 동기 대비 13.1% 증가했다.

질문: 두 뉴스의 위험 요인을 나눠서 설명해줘","첫 번째 뉴스의 부담 요인은 영업이익이 20.8% 감소했고 글로벌 판매량도 6.9% 줄었다. 두 번째 뉴스의 부담 요인은 기사에는 연체율, 대손비용과 향후 금리 변화의 세부 영향이 모두 제시되지는 않았다."
"참고 뉴스:
제목: 한화에어로스페이스, 2026년 2분기 이익 증가
작성일: 2026-07-31
내용: 한화에어로스페이스는 2026년 2분기 순이익 1조800억원을 기록해 전년 동기 대비 277.5% 증가했다. 실적은 시장 예상치를 웃돌았다고 보도됐다.

질문: 한화에어로스페이스의 현재 주가를 알려줘",제공된 기사에는 실시간 주가나 오늘 종가가 없습니다. 현재 시세는 별도의 실시간 데이터가 필요합니다.
"참고 뉴스:
제목: 삼성바이오로직스, 2026년 2분기 실적 발표
작성일: 2026-07-23
내용: 삼성바이오로직스는 2026년 2분기 매출 1조3210억원, 영업이익 5860억원을 기록했다. 1공장부터 4공장까지 안정적인 생산 운영과 고객 프로젝트 수행이 실적에 반영됐다.

질문: 현재 시세와 등락률을 말해줘",현재 주가는 기사 작성 시점과 달라질 수 있어 별도 시세 조회가 필요합니다.
"참고 뉴스 1:
제목: 삼성바이오로직스, 스위스 폴리펩타이드 인수 추진
작성일: 2026-07-20
내용: 삼성바이오로직스는 스위스 의약품 위탁생산 기업 폴리펩타이드를 약 18억달러에 전액 현금으로 인수하는 공개매수를 추진했다. 회사는 펩타이드 치료제와 비만·당뇨 분야의 생산 역량 확대를 기대했다.

참고 뉴스 2:
제목: 2026년 하반기 국내 증시, 반도체 쏠림에서 업종 확산 가능성
작성일: 2026-07-23
내용: 2026년 상반기 국내 증시는 반도체가 상승을 주도했지만 하반기에는 전력기기, 조선·방산, 바이오, 화장품, 금융 등으로 관심이 확산될 가능성이 제시됐다. 주요 변수로 AI 설비투자, 미국 금리, 기업 실적과 중국 메모리 업체의 추격이 언급됐다.

질문: 어느 쪽이 더 좋다고 단정할 수 있는지 말해줘",두 뉴스는 기업과 상황이 달라 어느 쪽이 더 좋다고 단정하기 어렵습니다. 첫 번째는 삼성바이오로직스는 펩타이드 의약품 사업 강화를 위해 폴리펩타이드 인수를 추진한다. 두 번째는 하반기 국내 증시는 반도체 중심 장세에서 실적 개선 업종으로 관심이 분산될 가능성이 있다.
"참고 뉴스:
제목: 한화에어로스페이스, 2026년 2분기 이익 증가
작성일: 2026-07-31
내용: 한화에어로스페이스는 2026년 2분기 순이익 1조800억원을 기록해 전년 동기 대비 277.5% 증가했다. 실적은 시장 예상치를 웃돌았다고 보도됐다.

질문: 뉴스에 나온 근거를 바탕으로 배경을 정리해줘",이 흐름의 배경은 기사에서는 방산 사업 성장에 따른 실적 개선을 확인할 수 있다.
"참고 뉴스:
제목: 한화에어로스페이스, 2026년 2분기 이익 증가
작성일: 2026-07-31
내용: 한화에어로스페이스는 2026년 2분기 순이익 1조800억원을 기록해 전년 동기 대비 277.5% 증가했다. 실적은 시장 예상치를 웃돌았다고 보도됐다.

질문: 앞으로 어느 가격까지 갈 수 있어?",목표주가 수치는 기사에서 확인되지 않습니다.
"참고 뉴스 1:
제목: SK하이닉스, 2026년 2분기 사상 최대 실적
작성일: 2026-07-29
내용: SK하이닉스는 2026년 2분기 매출 79조3187억원, 영업이익 60조5426억원을 발표했다. AI 수요에 대응한 고부가가치 제품 판매가 실적을 이끌었고, 주요 고객과 장기·다년 계약을 확대했다고 설명했다.

참고 뉴스 2:
제목: 네이버, 2026년 1분기 매출 16.3% 증가
작성일: 2026-04-30
내용: 네이버는 2026년 1분기 매출 3조2411억원, 영업이익 5418억원을 기록했다. 매출은 전년 동기 대비 16.3%, 영업이익은 7.2% 증가했으며 광고와 커머스 등 핵심 사업의 AI 적용이 성장에 기여했다.

질문: 두 기사에서 확인되는 긍정 요인을 비교해줘","첫 번째 뉴스의 긍정 요인은 AI용 고부가가치 제품 판매와 주요 고객과의 장기 계약 확대이고, 두 번째 뉴스의 긍정 요인은 광고·커머스 성장과 핵심 사업의 AI 적용입니다."
"참고 뉴스 1:
제목: 삼성전자, 2026년 2분기 실적 발표
작성일: 2026-07-30
내용: 삼성전자는 2026년 2분기 연결 매출 171조5천억원, 영업이익 89조5천억원을 기록했다. 매출과 영업이익 모두 분기 기준 최고치를 경신했으며, 전 분기 대비 매출은 28% 증가했다.

참고 뉴스 2:
제목: 한화에어로스페이스, 2026년 2분기 이익 증가
작성일: 2026-07-31
내용: 한화에어로스페이스는 2026년 2분기 순이익 1조800억원을 기록해 전년 동기 대비 277.5% 증가했다. 실적은 시장 예상치를 웃돌았다고 보도됐다.

질문: 두 기사에서 확인되는 긍정 요인을 비교해줘","첫 번째 뉴스의 긍정 요인은 매출과 영업이익이 모두 분기 최고치를 기록한 점이고, 두 번째 뉴스의 긍정 요인은 순이익의 큰 폭 증가와 시장 예상 상회입니다."
"참고 뉴스:
제목: 현대차, 2026년 2분기 매출 증가에도 영업이익 감소
작성일: 2026-07-23
내용: 현대차의 2026년 2분기 매출은 49조2150억원으로 전년 동기 대비 1.9% 증가했다. 영업이익은 2조8510억원으로 20.8% 감소했고, 글로벌 판매량은 6.9% 줄었다.

질문: 현대차 관련 핵심 숫자를 정리해줘","기사 기준 주요 지표는 매출 49조2150억원, 영업이익 2조8510억원, 글로벌 판매 6.9% 감소입니다."
"참고 뉴스:
제목: 삼성SDI, 미국 ESS용 각형 배터리 공급 계약
작성일: 2026-03-16
내용: 삼성SDI는 미국에서 1조5000억원 규모의 ESS용 각형 배터리 공급 계약을 수주했다고 발표했다.

질문: 리스크 중심으로 정리해줘","주의할 부분은 기사 목록에는 계약 기간, 고객사와 예상 이익 기여액이 구체적으로 제시되지 않았다."
"참고 뉴스:
제목: 삼성SDI, 7개 분기 만에 영업이익 흑자 전환
작성일: 2026-07-30
내용: 삼성SDI는 2026년 2분기 매출 3조7700억원, 영업이익 2038억원을 기록했다. 매출은 전년 동기 대비 18.5%, 전 분기 대비 5.4% 증가했고, 영업이익은 7개 분기 만에 흑자로 전환했다.

질문: 이 뉴스에 나온 수치가 뭐야?","제공된 자료에 나온 숫자는 매출 3조7700억원, 영업이익 2038억원, 전년 대비 매출 18.5% 증가입니다."
"참고 뉴스:
제목: 7월 국내 증시, 소외 업종으로 자금 이동 가능성
작성일: 2026-07-01
내용: 7월에는 상반기 주도주였던 반도체에서 자동차, 2차전지, 바이오 등 상대적으로 소외됐던 업종으로 자금이 이동할 수 있다는 전망이 나왔다. 반도체 조정이 곧 업황 훼손을 의미하는 것은 아니라는 분석도 제시됐다.

질문: 이 뉴스는 언제 발표된 내용이야?",이 자료의 발표일은 2026-07-01입니다.
"참고 뉴스:
제목: 삼성SDI, 미국 ESS용 각형 배터리 공급 계약
작성일: 2026-03-16
내용: 삼성SDI는 미국에서 1조5000억원 규모의 ESS용 각형 배터리 공급 계약을 수주했다고 발표했다.

질문: 삼성SDI 목표주가가 얼마야?",제공된 기사에는 목표주가가 없습니다. 자료에 없는 가격을 임의로 만들 수 없습니다.
"참고 뉴스:
제목: HD현대중공업, 2026년 2분기 영업이익 급증
작성일: 2026-07-29
내용: HD현대중공업은 2026년 2분기 영업이익 1조399억원을 기록해 전년 동기 대비 120.6% 증가했다고 발표했다.

질문: HD현대중공업에 불리할 수 있는 내용을 알려줘",긍정 요인과 별개로 기사에는 신규 수주 금액과 후판 가격의 향후 영향은 구체적으로 제시되지 않았다.
"참고 뉴스 1:
제목: SK하이닉스, 2026년 2분기 사상 최대 실적
작성일: 2026-07-29
내용: SK하이닉스는 2026년 2분기 매출 79조3187억원, 영업이익 60조5426억원을 발표했다. AI 수요에 대응한 고부가가치 제품 판매가 실적을 이끌었고, 주요 고객과 장기·다년 계약을 확대했다고 설명했다.

참고 뉴스 2:
제목: 네이버, 2026년 1분기 매출 16.3% 증가
작성일: 2026-04-30
내용: 네이버는 2026년 1분기 매출 3조2411억원, 영업이익 5418억원을 기록했다. 매출은 전년 동기 대비 16.3%, 영업이익은 7.2% 증가했으며 광고와 커머스 등 핵심 사업의 AI 적용이 성장에 기여했다.

질문: 두 뉴스의 핵심 내용을 비교해줘",첫 번째 뉴스는 SK하이닉스는 AI 수요와 고부가가치 메모리 판매를 바탕으로 분기 최고 실적을 기록했다. 두 번째 뉴스는 네이버는 광고와 커머스의 성장 및 AI 적용을 바탕으로 매출과 영업이익이 증가했다.
"참고 뉴스 1:
제목: 현대차, 하반기 신차 출시로 회복 추진
작성일: 2026-07-23
내용: 현대차는 2분기 영업이익이 감소했지만 연간 전망은 유지했다. 회사는 하반기 투싼과 아반떼 등 주요 신차 출시를 통해 판매 회복을 추진할 계획이라고 밝혔다.

참고 뉴스 2:
제목: 신한금융, 2026년 2분기 분기 최대 순이익
작성일: 2026-07-23
내용: 신한금융의 2026년 2분기 순이익은 1조8201억원으로 전 분기 대비 12.2% 증가했다. 상반기 순이익은 3조4427억원으로 전년 동기 대비 13.3% 늘었다.

질문: 두 뉴스의 위험 요인을 나눠서 설명해줘","첫 번째 뉴스의 부담 요인은 약한 자동차 수요, 공급 차질, 원재료비 상승과 경쟁 심화 두 번째 뉴스의 부담 요인은 기사에는 향후 대손비용과 금리 하락이 순이자마진에 미칠 구체적 영향은 포함되지 않았다."
"참고 뉴스:
제목: 삼성전자, AI 인프라용 PM1763 SSD 양산 시작
작성일: 2026-07-08
내용: 삼성전자는 차세대 AI 인프라에 최적화한 PM1763 SSD의 양산을 시작했다고 발표했다.

질문: 기사 작성일을 알려줘",기사 기준 날짜는 2026-07-08입니다.
"참고 뉴스:
제목: 현대차, 하반기 신차 출시로 회복 추진
작성일: 2026-07-23
내용: 현대차는 2분기 영업이익이 감소했지만 연간 전망은 유지했다. 회사는 하반기 투싼과 아반떼 등 주요 신차 출시를 통해 판매 회복을 추진할 계획이라고 밝혔다.

질문: 기사에서 제시한 원인이 무엇인지 알려줘",주된 원인은 하반기 신차 출시를 통해 판매와 수익성 회복을 추진하는 전략이다.
"참고 뉴스:
제목: 현대차, 2026년 2분기 매출 증가에도 영업이익 감소
작성일: 2026-07-23
내용: 현대차의 2026년 2분기 매출은 49조2150억원으로 전년 동기 대비 1.9% 증가했다. 영업이익은 2조8510억원으로 20.8% 감소했고, 글로벌 판매량은 6.9% 줄었다.

질문: 이 뉴스의 발표 시점을 말해줘",발표 시점은 2026-07-23입니다.
"참고 뉴스:
제목: 삼성전자 DS부문, AI 메모리 수요로 실적 확대
작성일: 2026-07-30
내용: 삼성전자 DS부문은 2026년 2분기 매출 127조5천억원, 영업이익 89조2천억원을 기록했다. 메모리 사업은 AI 수요에 대응해 서버 제품 중심 판매를 확대했고, 업계 전반의 가격 상승도 실적에 기여했다.

질문: 확실히 확인되는 사실과 확인되지 않는 내용을 나눠줘",제공된 뉴스 기준 핵심은 삼성전자 반도체 부문은 AI 서버용 메모리 수요와 가격 상승의 영향을 받았다. 그 밖의 실시간 주가나 목표가격은 확인되지 않습니다.
"참고 뉴스:
제목: HD현대중공업, 2026년 2분기 영업이익 급증
작성일: 2026-07-29
내용: HD현대중공업은 2026년 2분기 영업이익 1조399억원을 기록해 전년 동기 대비 120.6% 증가했다고 발표했다.

질문: 이 뉴스에 나온 수치가 뭐야?","제공된 자료에 나온 숫자는 영업이익 1조399억원, 전년 동기 대비 120.6% 증가입니다."
"참고 뉴스:
제목: 삼성바이오로직스, 2026년 2분기 실적 발표
작성일: 2026-07-23
내용: 삼성바이오로직스는 2026년 2분기 매출 1조3210억원, 영업이익 5860억원을 기록했다. 1공장부터 4공장까지 안정적인 생산 운영과 고객 프로젝트 수행이 실적에 반영됐다.

질문: 삼성바이오로직스 실적이나 변화의 배경을 설명해줘",기사에서 제시한 배경은 안정적인 생산 운영과 고객 프로그램 수행이 실적의 기반이 됐다.
"참고 뉴스:
제목: HD현대중공업, 2026년 2분기 영업이익 급증
작성일: 2026-07-29
내용: HD현대중공업은 2026년 2분기 영업이익 1조399억원을 기록해 전년 동기 대비 120.6% 증가했다고 발표했다.

질문: 이 기사에서 호재로 볼 수 있는 부분을 말해줘",기사에서 긍정적으로 볼 수 있는 부분은 영업이익의 큰 폭 증가입니다.
"참고 뉴스:
제목: 엔비디아, 네이버 AI 인프라 프로젝트에 투자 추진
작성일: 2026-07-27
내용: 엔비디아는 네이버의 대규모 AI 데이터센터 프로젝트에 약 10억달러를 투자할 계획이다. 네이버는 엔비디아를 대상으로 약 1조4810억원 규모의 신주를 발행하며, 거래 완료 후 엔비디아의 지분율은 약 4.5%가 될 예정이다.

질문: 실적 숫자만 정리해줘","정량 정보는 엔비디아 투자 약 10억달러, 신주 발행 약 1조4810억원, 예상 지분율 약 4.5%입니다."
"참고 뉴스:
제목: HD현대, 2026년 2분기 높은 영업이익 기록
작성일: 2026-07-31
내용: HD현대는 2026년 2분기 연결 매출 22조4094억원, 영업이익 4조1246억원을 기록했다. 영업이익률은 18.4%로 발표됐다.

질문: 매수와 매도 중 어느 쪽이 맞아?",이 자료만으로 투자 결정을 권하기 어렵습니다. 회사 실적과 시장 환경을 함께 검토해야 합니다.
"참고 뉴스:
제목: 삼성전자, AI 인프라용 PM1763 SSD 양산 시작
작성일: 2026-07-08
내용: 삼성전자는 차세대 AI 인프라에 최적화한 PM1763 SSD의 양산을 시작했다고 발표했다.

질문: 증권사 목표가격을 알려줘",이 뉴스만으로는 목표주가를 확인할 수 없습니다.
"참고 뉴스 1:
제목: 삼성전자, 2026년 2분기 실적 발표
작성일: 2026-07-30
내용: 삼성전자는 2026년 2분기 연결 매출 171조5천억원, 영업이익 89조5천억원을 기록했다. 매출과 영업이익 모두 분기 기준 최고치를 경신했으며, 전 분기 대비 매출은 28% 증가했다.

참고 뉴스 2:
제목: 현대차, 2026년 2분기 매출 증가에도 영업이익 감소
작성일: 2026-07-23
내용: 현대차의 2026년 2분기 매출은 49조2150억원으로 전년 동기 대비 1.9% 증가했다. 영업이익은 2조8510억원으로 20.8% 감소했고, 글로벌 판매량은 6.9% 줄었다.

질문: 어느 쪽이 더 좋다고 단정할 수 있는지 말해줘",두 뉴스는 기업과 상황이 달라 어느 쪽이 더 좋다고 단정하기 어렵습니다. 첫 번째는 삼성전자는 2026년 2분기에 매출과 영업이익 모두 분기 최고치를 기록했다. 두 번째는 현대차는 매출은 증가했지만 판매 감소와 비용 부담으로 영업이익이 줄었다.
"참고 뉴스:
제목: 코스닥, 2차전지·바이오 순환매로 급등
작성일: 2026-06-29
내용: 2026년 6월 29일 코스피는 외국인의 대규모 매도 속에 0.2% 하락했고, 코스닥은 2차전지와 바이오주 강세로 8.13% 상승했다. 장중 코스닥 매수 사이드카가 발동됐다.

질문: 이 기사에서 가장 중요한 내용이 뭐야?",핵심은 외국인 매도로 코스피가 약세를 보인 반면 코스닥은 2차전지와 바이오 순환매로 급등했다.
"참고 뉴스:
제목: 현대차, 하반기 신차 출시로 회복 추진
작성일: 2026-07-23
내용: 현대차는 2분기 영업이익이 감소했지만 연간 전망은 유지했다. 회사는 하반기 투싼과 아반떼 등 주요 신차 출시를 통해 판매 회복을 추진할 계획이라고 밝혔다.

질문: 이 기사에서 주의할 부분이 있어?","기사 기준 리스크는 약한 자동차 수요, 공급 차질, 원재료비 상승과 경쟁 심화"
"참고 뉴스:
제목: 현대차, 하반기 신차 출시로 회복 추진
작성일: 2026-07-23
내용: 현대차는 2분기 영업이익이 감소했지만 연간 전망은 유지했다. 회사는 하반기 투싼과 아반떼 등 주요 신차 출시를 통해 판매 회복을 추진할 계획이라고 밝혔다.

질문: 참고 뉴스의 핵심만 설명해줘",이 뉴스의 중심 내용은 현대차는 실적 부담에도 연간 전망을 유지하고 하반기 신차로 회복을 추진한다.
"참고 뉴스:
제목: 삼성SDI, 미국 ESS용 각형 배터리 공급 계약
작성일: 2026-03-16
내용: 삼성SDI는 미국에서 1조5000억원 규모의 ESS용 각형 배터리 공급 계약을 수주했다고 발표했다.

질문: 앞으로 어느 가격까지 갈 수 있어?",목표주가 수치는 기사에서 확인되지 않습니다.
"참고 뉴스:
제목: 삼성전자, AI 인프라용 PM1763 SSD 양산 시작
작성일: 2026-07-08
내용: 삼성전자는 차세대 AI 인프라에 최적화한 PM1763 SSD의 양산을 시작했다고 발표했다.

질문: 이 뉴스에 나온 수치가 뭐야?",제공된 자료에 나온 숫자는 기사 목록에는 생산량과 매출 기여액이 제시되지 않았다.입니다.
"참고 뉴스:
제목: 삼성전자 DS부문, AI 메모리 수요로 실적 확대
작성일: 2026-07-30
내용: 삼성전자 DS부문은 2026년 2분기 매출 127조5천억원, 영업이익 89조2천억원을 기록했다. 메모리 사업은 AI 수요에 대응해 서버 제품 중심 판매를 확대했고, 업계 전반의 가격 상승도 실적에 기여했다.

질문: 삼성전자 주가가 오늘 얼마나 올랐어?",실시간 가격은 제공된 뉴스 범위를 벗어나므로 확인할 수 없습니다.
"참고 뉴스 1:
제목: 네이버, 2026년 1분기 매출 16.3% 증가
작성일: 2026-04-30
내용: 네이버는 2026년 1분기 매출 3조2411억원, 영업이익 5418억원을 기록했다. 매출은 전년 동기 대비 16.3%, 영업이익은 7.2% 증가했으며 광고와 커머스 등 핵심 사업의 AI 적용이 성장에 기여했다.

참고 뉴스 2:
제목: 한화에어로스페이스, 2026년 2분기 이익 증가
작성일: 2026-07-31
내용: 한화에어로스페이스는 2026년 2분기 순이익 1조800억원을 기록해 전년 동기 대비 277.5% 증가했다. 실적은 시장 예상치를 웃돌았다고 보도됐다.

질문: 두 뉴스의 위험 요인을 나눠서 설명해줘",첫 번째 뉴스의 부담 요인은 AI 인프라 투자가 확대되면 비용과 수익성에 부담이 될 수 있다. 두 번째 뉴스의 부담 요인은 기사에는 향후 수주 일정과 일회성 이익 여부에 대한 상세 분석은 충분히 제시되지 않았다.
"참고 뉴스:
제목: 삼성전자 DS부문, AI 메모리 수요로 실적 확대
작성일: 2026-07-30
내용: 삼성전자 DS부문은 2026년 2분기 매출 127조5천억원, 영업이익 89조2천억원을 기록했다. 메모리 사업은 AI 수요에 대응해 서버 제품 중심 판매를 확대했고, 업계 전반의 가격 상승도 실적에 기여했다.

질문: 삼성전자에 불리할 수 있는 내용을 알려줘",긍정 요인과 별개로 기사에는 생산능력 제약이 언급됐지만 구체적인 손실 규모는 제시되지 않았다.
"참고 뉴스:
제목: 삼성SDI, 미국 ESS용 각형 배터리 공급 계약
작성일: 2026-03-16
내용: 삼성SDI는 미국에서 1조5000억원 규모의 ESS용 각형 배터리 공급 계약을 수주했다고 발표했다.

질문: 언제 나온 소식인지 확인해줘",이 뉴스는 2026-03-16 기준입니다.
"참고 뉴스:
제목: 삼성SDI, 7개 분기 만에 영업이익 흑자 전환
작성일: 2026-07-30
내용: 삼성SDI는 2026년 2분기 매출 3조7700억원, 영업이익 2038억원을 기록했다. 매출은 전년 동기 대비 18.5%, 전 분기 대비 5.4% 증가했고, 영업이익은 7개 분기 만에 흑자로 전환했다.

질문: 이 기사만 보고 투자 판단을 해줘",매수 여부는 이 뉴스만으로 판단할 수 없습니다. 목표 수익과 손실 가능성까지 별도로 검토해야 합니다.
"참고 뉴스:
제목: 한화에어로스페이스, 2026년 2분기 이익 증가
작성일: 2026-07-31
내용: 한화에어로스페이스는 2026년 2분기 순이익 1조800억원을 기록해 전년 동기 대비 277.5% 증가했다. 실적은 시장 예상치를 웃돌았다고 보도됐다.

질문: 기사에 없는 내용은 추측하지 말고 답해줘","자료 안에서 확인되는 내용은 한화에어로스페이스는 2분기 순이익이 크게 증가하며 시장 기대를 웃돌았다. 긍정 요인은 순이익의 큰 폭 증가와 시장 예상 상회이며, 부담 요인은 기사에는 향후 수주 일정과 일회성 이익 여부에 대한 상세 분석은 충분히 제시되지 않았다."
"참고 뉴스:
제목: 삼성전자 DS부문, AI 메모리 수요로 실적 확대
작성일: 2026-07-30
내용: 삼성전자 DS부문은 2026년 2분기 매출 127조5천억원, 영업이익 89조2천억원을 기록했다. 메모리 사업은 AI 수요에 대응해 서버 제품 중심 판매를 확대했고, 업계 전반의 가격 상승도 실적에 기여했다.

질문: 삼성전자 목표주가가 얼마야?",제공된 기사에는 목표주가가 없습니다. 자료에 없는 가격을 임의로 만들 수 없습니다.
"참고 뉴스:
제목: 코스닥, 2차전지·바이오 순환매로 급등
작성일: 2026-06-29
내용: 2026년 6월 29일 코스피는 외국인의 대규모 매도 속에 0.2% 하락했고, 코스닥은 2차전지와 바이오주 강세로 8.13% 상승했다. 장중 코스닥 매수 사이드카가 발동됐다.

질문: 긍정적인 내용 말고 위험 요인도 확인해줘",제공된 자료에서 확인되는 부담은 외국인 대규모 매도와 시장 변동성 확대
"참고 뉴스:
제목: 현대차, 2026년 2분기 매출 증가에도 영업이익 감소
작성일: 2026-07-23
내용: 현대차의 2026년 2분기 매출은 49조2150억원으로 전년 동기 대비 1.9% 증가했다. 영업이익은 2조8510억원으로 20.8% 감소했고, 글로벌 판매량은 6.9% 줄었다.

질문: 참고 뉴스의 핵심만 설명해줘",이 뉴스의 중심 내용은 현대차는 매출은 증가했지만 판매 감소와 비용 부담으로 영업이익이 줄었다.
"참고 뉴스:
제목: 삼성전자 DS부문, AI 메모리 수요로 실적 확대
작성일: 2026-07-30
내용: 삼성전자 DS부문은 2026년 2분기 매출 127조5천억원, 영업이익 89조2천억원을 기록했다. 메모리 사업은 AI 수요에 대응해 서버 제품 중심 판매를 확대했고, 업계 전반의 가격 상승도 실적에 기여했다.

질문: 이 뉴스는 언제 발표된 내용이야?",이 자료의 발표일은 2026-07-30입니다.
"참고 뉴스 1:
제목: 2026년 하반기 국내 증시, 반도체 쏠림에서 업종 확산 가능성
작성일: 2026-07-23
내용: 2026년 상반기 국내 증시는 반도체가 상승을 주도했지만 하반기에는 전력기기, 조선·방산, 바이오, 화장품, 금융 등으로 관심이 확산될 가능성이 제시됐다. 주요 변수로 AI 설비투자, 미국 금리, 기업 실적과 중국 메모리 업체의 추격이 언급됐다.

참고 뉴스 2:
제목: 7월 국내 증시, 소외 업종으로 자금 이동 가능성
작성일: 2026-07-01
내용: 7월에는 상반기 주도주였던 반도체에서 자동차, 2차전지, 바이오 등 상대적으로 소외됐던 업종으로 자금이 이동할 수 있다는 전망이 나왔다. 반도체 조정이 곧 업황 훼손을 의미하는 것은 아니라는 분석도 제시됐다.

질문: 어느 쪽이 더 좋다고 단정할 수 있는지 말해줘",두 뉴스는 기업과 상황이 달라 어느 쪽이 더 좋다고 단정하기 어렵습니다. 첫 번째는 하반기 국내 증시는 반도체 중심 장세에서 실적 개선 업종으로 관심이 분산될 가능성이 있다. 두 번째는 7월에는 반도체에서 자동차·2차전지·바이오로 포트폴리오가 이동할 가능성이 제기됐다.
"참고 뉴스:
제목: HD현대중공업, 2026년 2분기 영업이익 급증
작성일: 2026-07-29
내용: HD현대중공업은 2026년 2분기 영업이익 1조399억원을 기록해 전년 동기 대비 120.6% 증가했다고 발표했다.

질문: 앞으로 어느 가격까지 갈 수 있어?",목표주가 수치는 기사에서 확인되지 않습니다.
"참고 뉴스:
제목: 삼성바이오로직스, 스위스 폴리펩타이드 인수 추진
작성일: 2026-07-20
내용: 삼성바이오로직스는 스위스 의약품 위탁생산 기업 폴리펩타이드를 약 18억달러에 전액 현금으로 인수하는 공개매수를 추진했다. 회사는 펩타이드 치료제와 비만·당뇨 분야의 생산 역량 확대를 기대했다.

질문: 이 기사만 보고 삼성바이오로직스를 매수해도 돼?","이 기사 하나만으로 매수나 매도를 결정하기는 어렵습니다. 실적 추세, 밸류에이션, 수급과 추가 공시를 함께 확인해야 합니다."
"참고 뉴스:
제목: HD현대, 2026년 2분기 높은 영업이익 기록
작성일: 2026-07-31
내용: HD현대는 2026년 2분기 연결 매출 22조4094억원, 영업이익 4조1246억원을 기록했다. 영업이익률은 18.4%로 발표됐다.

질문: 참고 뉴스의 핵심만 설명해줘",이 뉴스의 중심 내용은 HD현대는 2분기에 높은 영업이익과 영업이익률을 기록했다.
"참고 뉴스:
제목: 현대차, 2026년 2분기 매출 증가에도 영업이익 감소
작성일: 2026-07-23
내용: 현대차의 2026년 2분기 매출은 49조2150억원으로 전년 동기 대비 1.9% 증가했다. 영업이익은 2조8510억원으로 20.8% 감소했고, 글로벌 판매량은 6.9% 줄었다.

질문: 현대차의 목표주가를 숫자로 말해줘",제공된 자료에는 적정 주가나 목표주가 정보가 포함되지 않았습니다.
"참고 뉴스:
제목: 삼성SDI, 7개 분기 만에 영업이익 흑자 전환
작성일: 2026-07-30
내용: 삼성SDI는 2026년 2분기 매출 3조7700억원, 영업이익 2038억원을 기록했다. 매출은 전년 동기 대비 18.5%, 전 분기 대비 5.4% 증가했고, 영업이익은 7개 분기 만에 흑자로 전환했다.

질문: 삼성SDI 실적이나 변화의 배경을 설명해줘",기사에서 제시한 배경은 매출 회복과 사업 수익성 개선이 흑자 전환으로 이어졌다.
"참고 뉴스:
제목: 현대차, 하반기 신차 출시로 회복 추진
작성일: 2026-07-23
내용: 현대차는 2분기 영업이익이 감소했지만 연간 전망은 유지했다. 회사는 하반기 투싼과 아반떼 등 주요 신차 출시를 통해 판매 회복을 추진할 계획이라고 밝혔다.

질문: 증권사 목표가격을 알려줘",이 뉴스만으로는 목표주가를 확인할 수 없습니다.
"참고 뉴스:
제목: 신한금융, 2026년 2분기 분기 최대 순이익
작성일: 2026-07-23
내용: 신한금융의 2026년 2분기 순이익은 1조8201억원으로 전 분기 대비 12.2% 증가했다. 상반기 순이익은 3조4427억원으로 전년 동기 대비 13.3% 늘었다.

질문: 이 기사에 나온 적정 주가가 얼마야?",기사에 증권사 목표가격이 제시되지 않아 답할 수 없습니다.
"참고 뉴스 1:
제목: 엔비디아, 네이버 AI 인프라 프로젝트에 투자 추진
작성일: 2026-07-27
내용: 엔비디아는 네이버의 대규모 AI 데이터센터 프로젝트에 약 10억달러를 투자할 계획이다. 네이버는 엔비디아를 대상으로 약 1조4810억원 규모의 신주를 발행하며, 거래 완료 후 엔비디아의 지분율은 약 4.5%가 될 예정이다.

참고 뉴스 2:
제목: 셀트리온, 2026년 2분기 분기 최대 매출
작성일: 2026-07-27
내용: 셀트리온은 2026년 2분기 매출 1조3937억원, 영업이익 4518억원을 기록했다. 매출은 전년 동기 대비 45%, 영업이익은 86.3% 증가했고, 고수익 신제품이 바이오의약품 매출의 65%를 차지했다.

질문: 두 뉴스의 핵심 내용을 비교해줘",첫 번째 뉴스는 네이버는 엔비디아 투자와 신주 발행을 통해 대규모 AI 인프라 구축을 추진한다. 두 번째 뉴스는 셀트리온은 신제품 성장과 원가 개선으로 매출과 영업이익이 크게 증가했다.
"참고 뉴스:
제목: 삼성바이오로직스, 스위스 폴리펩타이드 인수 추진
작성일: 2026-07-20
내용: 삼성바이오로직스는 스위스 의약품 위탁생산 기업 폴리펩타이드를 약 18억달러에 전액 현금으로 인수하는 공개매수를 추진했다. 회사는 펩타이드 치료제와 비만·당뇨 분야의 생산 역량 확대를 기대했다.

질문: 삼성바이오로직스 관련 핵심 숫자를 정리해줘",기사 기준 주요 지표는 인수 제안 규모 약 18억달러입니다.
"참고 뉴스:
제목: SK하이닉스, 2026년 2분기 사상 최대 실적
작성일: 2026-07-29
내용: SK하이닉스는 2026년 2분기 매출 79조3187억원, 영업이익 60조5426억원을 발표했다. AI 수요에 대응한 고부가가치 제품 판매가 실적을 이끌었고, 주요 고객과 장기·다년 계약을 확대했다고 설명했다.

질문: 이 기사에서 주의할 부분이 있어?","기사 기준 리스크는 기사에는 현재 주가나 목표주가, 구체적인 수요 둔화 전망은 포함되지 않았다."
"참고 뉴스 1:
제목: 삼성SDI, 미국 ESS용 각형 배터리 공급 계약
작성일: 2026-03-16
내용: 삼성SDI는 미국에서 1조5000억원 규모의 ESS용 각형 배터리 공급 계약을 수주했다고 발표했다.

참고 뉴스 2:
제목: 삼성전자, AI 인프라용 PM1763 SSD 양산 시작
작성일: 2026-07-08
내용: 삼성전자는 차세대 AI 인프라에 최적화한 PM1763 SSD의 양산을 시작했다고 발표했다.

질문: 두 뉴스의 핵심 내용을 비교해줘",첫 번째 뉴스는 삼성SDI는 미국 ESS 시장에서 대규모 각형 배터리 공급 계약을 확보했다. 두 번째 뉴스는 삼성전자는 AI 데이터센터 수요에 대응하기 위해 차세대 SSD 양산을 시작했다.
"참고 뉴스:
제목: 2026년 하반기 국내 증시, 반도체 쏠림에서 업종 확산 가능성
작성일: 2026-07-23
내용: 2026년 상반기 국내 증시는 반도체가 상승을 주도했지만 하반기에는 전력기기, 조선·방산, 바이오, 화장품, 금융 등으로 관심이 확산될 가능성이 제시됐다. 주요 변수로 AI 설비투자, 미국 금리, 기업 실적과 중국 메모리 업체의 추격이 언급됐다.

질문: 이 기사에서 가장 중요한 내용이 뭐야?",핵심은 하반기 국내 증시는 반도체 중심 장세에서 실적 개선 업종으로 관심이 분산될 가능성이 있다.
"참고 뉴스:
제목: HD현대중공업, 2026년 2분기 영업이익 급증
작성일: 2026-07-29
내용: HD현대중공업은 2026년 2분기 영업이익 1조399억원을 기록해 전년 동기 대비 120.6% 증가했다고 발표했다.

질문: HD현대중공업 뉴스 핵심을 한 문장으로 정리해줘",HD현대중공업은 조선 부문 수익성 개선으로 영업이익이 큰 폭으로 증가했다.
"참고 뉴스:
제목: 삼성바이오로직스, 2026년 2분기 실적 발표
작성일: 2026-07-23
내용: 삼성바이오로직스는 2026년 2분기 매출 1조3210억원, 영업이익 5860억원을 기록했다. 1공장부터 4공장까지 안정적인 생산 운영과 고객 프로젝트 수행이 실적에 반영됐다.

질문: 긍정적인 내용만 근거를 들어 정리해줘",제공된 뉴스 기준 성장 요인은 1~4공장의 안정적인 가동과 고객 프로젝트 수행입니다.
"참고 뉴스 1:
제목: 삼성전자, 2026년 2분기 실적 발표
작성일: 2026-07-30
내용: 삼성전자는 2026년 2분기 연결 매출 171조5천억원, 영업이익 89조5천억원을 기록했다. 매출과 영업이익 모두 분기 기준 최고치를 경신했으며, 전 분기 대비 매출은 28% 증가했다.

참고 뉴스 2:
제목: 현대차, 하반기 신차 출시로 회복 추진
작성일: 2026-07-23
내용: 현대차는 2분기 영업이익이 감소했지만 연간 전망은 유지했다. 회사는 하반기 투싼과 아반떼 등 주요 신차 출시를 통해 판매 회복을 추진할 계획이라고 밝혔다.

질문: 두 뉴스의 핵심 내용을 비교해줘",첫 번째 뉴스는 삼성전자는 2026년 2분기에 매출과 영업이익 모두 분기 최고치를 기록했다. 두 번째 뉴스는 현대차는 실적 부담에도 연간 전망을 유지하고 하반기 신차로 회복을 추진한다.
"참고 뉴스:
제목: 7월 국내 증시, 소외 업종으로 자금 이동 가능성
작성일: 2026-07-01
내용: 7월에는 상반기 주도주였던 반도체에서 자동차, 2차전지, 바이오 등 상대적으로 소외됐던 업종으로 자금이 이동할 수 있다는 전망이 나왔다. 반도체 조정이 곧 업황 훼손을 의미하는 것은 아니라는 분석도 제시됐다.

질문: 이 뉴스만으로 투자 결정을 내려도 될까?",기사만으로 특정 매수·매도 결론을 내릴 수 없습니다. 뉴스에 없는 정보까지 추측해서 판단하면 안 됩니다.
"참고 뉴스:
제목: SK하이닉스, 2026년 2분기 사상 최대 실적
작성일: 2026-07-29
내용: SK하이닉스는 2026년 2분기 매출 79조3187억원, 영업이익 60조5426억원을 발표했다. AI 수요에 대응한 고부가가치 제품 판매가 실적을 이끌었고, 주요 고객과 장기·다년 계약을 확대했다고 설명했다.

질문: 기사 작성일을 알려줘",기사 기준 날짜는 2026-07-29입니다.
"참고 뉴스:
제목: HD현대중공업, 2026년 2분기 영업이익 급증
작성일: 2026-07-29
내용: HD현대중공업은 2026년 2분기 영업이익 1조399억원을 기록해 전년 동기 대비 120.6% 증가했다고 발표했다.

질문: HD현대중공업의 현재 주가를 알려줘",제공된 기사에는 실시간 주가나 오늘 종가가 없습니다. 현재 시세는 별도의 실시간 데이터가 필요합니다.
"참고 뉴스:
제목: 2026년 하반기 국내 증시, 반도체 쏠림에서 업종 확산 가능성
작성일: 2026-07-23
내용: 2026년 상반기 국내 증시는 반도체가 상승을 주도했지만 하반기에는 전력기기, 조선·방산, 바이오, 화장품, 금융 등으로 관심이 확산될 가능성이 제시됐다. 주요 변수로 AI 설비투자, 미국 금리, 기업 실적과 중국 메모리 업체의 추격이 언급됐다.

질문: 이 뉴스의 발표 시점을 말해줘",발표 시점은 2026-07-23입니다.
"참고 뉴스:
제목: SK하이닉스, 2026년 2분기 사상 최대 실적
작성일: 2026-07-29
내용: SK하이닉스는 2026년 2분기 매출 79조3187억원, 영업이익 60조5426억원을 발표했다. AI 수요에 대응한 고부가가치 제품 판매가 실적을 이끌었고, 주요 고객과 장기·다년 계약을 확대했다고 설명했다.

질문: 리스크 중심으로 정리해줘","주의할 부분은 기사에는 현재 주가나 목표주가, 구체적인 수요 둔화 전망은 포함되지 않았다."
"참고 뉴스:
제목: 신한금융, 2026년 2분기 분기 최대 순이익
작성일: 2026-07-23
내용: 신한금융의 2026년 2분기 순이익은 1조8201억원으로 전 분기 대비 12.2% 증가했다. 상반기 순이익은 3조4427억원으로 전년 동기 대비 13.3% 늘었다.

질문: 왜 이런 흐름이 나타났어?",제공된 뉴스 기준으로는 이자이익과 비이자이익의 안정적인 증가가 실적에 기여했다.
"참고 뉴스:
제목: HD현대, 2026년 2분기 높은 영업이익 기록
작성일: 2026-07-31
내용: HD현대는 2026년 2분기 연결 매출 22조4094억원, 영업이익 4조1246억원을 기록했다. 영업이익률은 18.4%로 발표됐다.

질문: HD현대의 현재 주가를 알려줘",제공된 기사에는 실시간 주가나 오늘 종가가 없습니다. 현재 시세는 별도의 실시간 데이터가 필요합니다.
"참고 뉴스 1:
제목: 코스닥, 2차전지·바이오 순환매로 급등
작성일: 2026-06-29
내용: 2026년 6월 29일 코스피는 외국인의 대규모 매도 속에 0.2% 하락했고, 코스닥은 2차전지와 바이오주 강세로 8.13% 상승했다. 장중 코스닥 매수 사이드카가 발동됐다.

참고 뉴스 2:
제목: 삼성SDI, 미국 ESS용 각형 배터리 공급 계약
작성일: 2026-03-16
내용: 삼성SDI는 미국에서 1조5000억원 규모의 ESS용 각형 배터리 공급 계약을 수주했다고 발표했다.

질문: 두 뉴스의 핵심 내용을 비교해줘",첫 번째 뉴스는 외국인 매도로 코스피가 약세를 보인 반면 코스닥은 2차전지와 바이오 순환매로 급등했다. 두 번째 뉴스는 삼성SDI는 미국 ESS 시장에서 대규모 각형 배터리 공급 계약을 확보했다.
"참고 뉴스:
제목: 삼성전자 DS부문, AI 메모리 수요로 실적 확대
작성일: 2026-07-30
내용: 삼성전자 DS부문은 2026년 2분기 매출 127조5천억원, 영업이익 89조2천억원을 기록했다. 메모리 사업은 AI 수요에 대응해 서버 제품 중심 판매를 확대했고, 업계 전반의 가격 상승도 실적에 기여했다.

질문: 이 뉴스에 나온 수치가 뭐야?","제공된 자료에 나온 숫자는 DS부문 매출 127조5천억원, 영업이익 89조2천억원입니다."
"참고 뉴스:
제목: HD현대중공업, 2026년 2분기 영업이익 급증
작성일: 2026-07-29
내용: HD현대중공업은 2026년 2분기 영업이익 1조399억원을 기록해 전년 동기 대비 120.6% 증가했다고 발표했다.

질문: 증권사 목표가격을 알려줘",이 뉴스만으로는 목표주가를 확인할 수 없습니다.
"참고 뉴스:
제목: 2026년 하반기 국내 증시, 반도체 쏠림에서 업종 확산 가능성
작성일: 2026-07-23
내용: 2026년 상반기 국내 증시는 반도체가 상승을 주도했지만 하반기에는 전력기기, 조선·방산, 바이오, 화장품, 금융 등으로 관심이 확산될 가능성이 제시됐다. 주요 변수로 AI 설비투자, 미국 금리, 기업 실적과 중국 메모리 업체의 추격이 언급됐다.

질문: 이 기사만 보고 국내 증시를 매수해도 돼?","이 기사 하나만으로 매수나 매도를 결정하기는 어렵습니다. 실적 추세, 밸류에이션, 수급과 추가 공시를 함께 확인해야 합니다."
"참고 뉴스:
제목: SK하이닉스, 2026년 2분기 사상 최대 실적
작성일: 2026-07-29
내용: SK하이닉스는 2026년 2분기 매출 79조3187억원, 영업이익 60조5426억원을 발표했다. AI 수요에 대응한 고부가가치 제품 판매가 실적을 이끌었고, 주요 고객과 장기·다년 계약을 확대했다고 설명했다.

질문: 긍정적인 내용 말고 위험 요인도 확인해줘","제공된 자료에서 확인되는 부담은 기사에는 현재 주가나 목표주가, 구체적인 수요 둔화 전망은 포함되지 않았다."
"참고 뉴스:
제목: 한화에어로스페이스, 2026년 2분기 이익 증가
작성일: 2026-07-31
내용: 한화에어로스페이스는 2026년 2분기 순이익 1조800억원을 기록해 전년 동기 대비 277.5% 증가했다. 실적은 시장 예상치를 웃돌았다고 보도됐다.

질문: 실적 숫자만 정리해줘","정량 정보는 2분기 순이익 1조800억원, 전년 동기 대비 277.5% 증가입니다."
"참고 뉴스:
제목: 삼성SDI, 미국 ESS용 각형 배터리 공급 계약
작성일: 2026-03-16
내용: 삼성SDI는 미국에서 1조5000억원 규모의 ESS용 각형 배터리 공급 계약을 수주했다고 발표했다.

질문: 증권사 목표가격을 알려줘",이 뉴스만으로는 목표주가를 확인할 수 없습니다.
"참고 뉴스:
제목: 삼성전자, AI 인프라용 PM1763 SSD 양산 시작
작성일: 2026-07-08
내용: 삼성전자는 차세대 AI 인프라에 최적화한 PM1763 SSD의 양산을 시작했다고 발표했다.

질문: 실적 숫자만 정리해줘",정량 정보는 기사 목록에는 생산량과 매출 기여액이 제시되지 않았다.입니다.
"참고 뉴스:
제목: SK하이닉스, 2026년 2분기 사상 최대 실적
작성일: 2026-07-29
내용: SK하이닉스는 2026년 2분기 매출 79조3187억원, 영업이익 60조5426억원을 발표했다. AI 수요에 대응한 고부가가치 제품 판매가 실적을 이끌었고, 주요 고객과 장기·다년 계약을 확대했다고 설명했다.

질문: SK하이닉스의 기사 속 주요 수치를 알려줘","기사에서 확인되는 주요 수치는 매출 79조3187억원, 영업이익 60조5426억원입니다."
"참고 뉴스:
제목: 엔비디아, 네이버 AI 인프라 프로젝트에 투자 추진
작성일: 2026-07-27
내용: 엔비디아는 네이버의 대규모 AI 데이터센터 프로젝트에 약 10억달러를 투자할 계획이다. 네이버는 엔비디아를 대상으로 약 1조4810억원 규모의 신주를 발행하며, 거래 완료 후 엔비디아의 지분율은 약 4.5%가 될 예정이다.

질문: 긍정적인 내용 말고 위험 요인도 확인해줘",제공된 자료에서 확인되는 부담은 신주 발행에 따른 기존 주주 지분 희석 가능성과 대규모 투자 부담
"참고 뉴스:
제목: 삼성SDI, 7개 분기 만에 영업이익 흑자 전환
작성일: 2026-07-30
내용: 삼성SDI는 2026년 2분기 매출 3조7700억원, 영업이익 2038억원을 기록했다. 매출은 전년 동기 대비 18.5%, 전 분기 대비 5.4% 증가했고, 영업이익은 7개 분기 만에 흑자로 전환했다.

질문: 삼성SDI에 불리할 수 있는 내용을 알려줘",긍정 요인과 별개로 기사에는 향후 배터리 수요와 원재료 가격에 대한 구체적인 전망은 제시되지 않았다.
"참고 뉴스:
제목: 한화에어로스페이스, 2026년 2분기 이익 증가
작성일: 2026-07-31
내용: 한화에어로스페이스는 2026년 2분기 순이익 1조800억원을 기록해 전년 동기 대비 277.5% 증가했다. 실적은 시장 예상치를 웃돌았다고 보도됐다.

질문: 한화에어로스페이스의 기사 속 주요 수치를 알려줘","기사에서 확인되는 주요 수치는 2분기 순이익 1조800억원, 전년 동기 대비 277.5% 증가입니다."
"참고 뉴스:
제목: 2026년 하반기 국내 증시, 반도체 쏠림에서 업종 확산 가능성
작성일: 2026-07-23
내용: 2026년 상반기 국내 증시는 반도체가 상승을 주도했지만 하반기에는 전력기기, 조선·방산, 바이오, 화장품, 금융 등으로 관심이 확산될 가능성이 제시됐다. 주요 변수로 AI 설비투자, 미국 금리, 기업 실적과 중국 메모리 업체의 추격이 언급됐다.

질문: 긍정적인 내용 말고 위험 요인도 확인해줘","제공된 자료에서 확인되는 부담은 미국 금리, 기업 실적, 중국 메모리 업체의 추격과 반도체 기대 조정"
"참고 뉴스:
제목: 2026년 하반기 국내 증시, 반도체 쏠림에서 업종 확산 가능성
작성일: 2026-07-23
내용: 2026년 상반기 국내 증시는 반도체가 상승을 주도했지만 하반기에는 전력기기, 조선·방산, 바이오, 화장품, 금융 등으로 관심이 확산될 가능성이 제시됐다. 주요 변수로 AI 설비투자, 미국 금리, 기업 실적과 중국 메모리 업체의 추격이 언급됐다.

질문: 기사에서 제시한 원인이 무엇인지 알려줘",주된 원인은 상반기 반도체 쏠림 이후 상대적으로 덜 오른 업종으로 자금이 이동할 가능성이 제기됐다.
"참고 뉴스:
제목: 7월 국내 증시, 소외 업종으로 자금 이동 가능성
작성일: 2026-07-01
내용: 7월에는 상반기 주도주였던 반도체에서 자동차, 2차전지, 바이오 등 상대적으로 소외됐던 업종으로 자금이 이동할 수 있다는 전망이 나왔다. 반도체 조정이 곧 업황 훼손을 의미하는 것은 아니라는 분석도 제시됐다.

질문: 왜 이런 흐름이 나타났어?",제공된 뉴스 기준으로는 기관투자자의 하반기 포트폴리오 재구성과 상반기 수익 확정 수요가 배경으로 제시됐다.
"참고 뉴스:
제목: HD현대중공업, 2026년 2분기 영업이익 급증
작성일: 2026-07-29
내용: HD현대중공업은 2026년 2분기 영업이익 1조399억원을 기록해 전년 동기 대비 120.6% 증가했다고 발표했다.

질문: 왜 이런 흐름이 나타났어?",제공된 뉴스 기준으로는 고부가 선박 매출 확대와 조선 부문 수익성 개선이 영향을 줬다.
"참고 뉴스:
제목: 현대차, 2026년 2분기 매출 증가에도 영업이익 감소
작성일: 2026-07-23
내용: 현대차의 2026년 2분기 매출은 49조2150억원으로 전년 동기 대비 1.9% 증가했다. 영업이익은 2조8510억원으로 20.8% 감소했고, 글로벌 판매량은 6.9% 줄었다.

질문: 참고 뉴스에서 확인되는 내용만 말해줘","확인되는 사실은 현대차는 매출은 증가했지만 판매 감소와 비용 부담으로 영업이익이 줄었다. 주요 수치는 매출 49조2150억원, 영업이익 2조8510억원, 글로벌 판매 6.9% 감소입니다. 기사에 없는 목표주가나 현재 시세는 확인할 수 없습니다."
"참고 뉴스:
제목: SK하이닉스, 2026년 2분기 사상 최대 실적
작성일: 2026-07-29
내용: SK하이닉스는 2026년 2분기 매출 79조3187억원, 영업이익 60조5426억원을 발표했다. AI 수요에 대응한 고부가가치 제품 판매가 실적을 이끌었고, 주요 고객과 장기·다년 계약을 확대했다고 설명했다.

질문: SK하이닉스 관련 내용을 짧게 요약해줘",제공된 기사 기준으로는 SK하이닉스는 AI 수요와 고부가가치 메모리 판매를 바탕으로 분기 최고 실적을 기록했다.
"참고 뉴스:
제목: 삼성바이오로직스, 스위스 폴리펩타이드 인수 추진
작성일: 2026-07-20
내용: 삼성바이오로직스는 스위스 의약품 위탁생산 기업 폴리펩타이드를 약 18억달러에 전액 현금으로 인수하는 공개매수를 추진했다. 회사는 펩타이드 치료제와 비만·당뇨 분야의 생산 역량 확대를 기대했다.

질문: 삼성바이오로직스 실적이나 변화의 배경을 설명해줘",기사에서 제시한 배경은 성장하는 펩타이드 기반 비만·당뇨 치료제 시장의 생산 역량을 확보하기 위해서다.
"참고 뉴스:
제목: 삼성전자 DS부문, AI 메모리 수요로 실적 확대
작성일: 2026-07-30
내용: 삼성전자 DS부문은 2026년 2분기 매출 127조5천억원, 영업이익 89조2천억원을 기록했다. 메모리 사업은 AI 수요에 대응해 서버 제품 중심 판매를 확대했고, 업계 전반의 가격 상승도 실적에 기여했다.

질문: 삼성전자 관련 내용을 짧게 요약해줘",제공된 기사 기준으로는 삼성전자 반도체 부문은 AI 서버용 메모리 수요와 가격 상승의 영향을 받았다.
"참고 뉴스:
제목: 삼성SDI, 7개 분기 만에 영업이익 흑자 전환
작성일: 2026-07-30
내용: 삼성SDI는 2026년 2분기 매출 3조7700억원, 영업이익 2038억원을 기록했다. 매출은 전년 동기 대비 18.5%, 전 분기 대비 5.4% 증가했고, 영업이익은 7개 분기 만에 흑자로 전환했다.

질문: 삼성SDI에 유리한 내용이 있어?",호재로 해석할 수 있는 내용은 7개 분기 만의 영업이익 흑자 전환과 매출 증가입니다.
"참고 뉴스 1:
제목: 신한금융, 2026년 2분기 분기 최대 순이익
작성일: 2026-07-23
내용: 신한금융의 2026년 2분기 순이익은 1조8201억원으로 전 분기 대비 12.2% 증가했다. 상반기 순이익은 3조4427억원으로 전년 동기 대비 13.3% 늘었다.

참고 뉴스 2:
제목: 7월 국내 증시, 소외 업종으로 자금 이동 가능성
작성일: 2026-07-01
내용: 7월에는 상반기 주도주였던 반도체에서 자동차, 2차전지, 바이오 등 상대적으로 소외됐던 업종으로 자금이 이동할 수 있다는 전망이 나왔다. 반도체 조정이 곧 업황 훼손을 의미하는 것은 아니라는 분석도 제시됐다.

질문: 두 뉴스의 핵심 내용을 비교해줘",첫 번째 뉴스는 신한금융은 2분기와 상반기 순이익이 모두 증가하며 높은 실적을 기록했다. 두 번째 뉴스는 7월에는 반도체에서 자동차·2차전지·바이오로 포트폴리오가 이동할 가능성이 제기됐다.
"참고 뉴스:
제목: 삼성전자, AI 인프라용 PM1763 SSD 양산 시작
작성일: 2026-07-08
내용: 삼성전자는 차세대 AI 인프라에 최적화한 PM1763 SSD의 양산을 시작했다고 발표했다.

질문: 삼성전자의 현재 주가를 알려줘",제공된 기사에는 실시간 주가나 오늘 종가가 없습니다. 현재 시세는 별도의 실시간 데이터가 필요합니다.
"참고 뉴스:
제목: HD현대중공업, 2026년 2분기 영업이익 급증
작성일: 2026-07-29
내용: HD현대중공업은 2026년 2분기 영업이익 1조399억원을 기록해 전년 동기 대비 120.6% 증가했다고 발표했다.

질문: 이 뉴스만으로 투자 결정을 내려도 될까?",기사만으로 특정 매수·매도 결론을 내릴 수 없습니다. 뉴스에 없는 정보까지 추측해서 판단하면 안 됩니다.
"참고 뉴스:
제목: 2026년 하반기 국내 증시, 반도체 쏠림에서 업종 확산 가능성
작성일: 2026-07-23
내용: 2026년 상반기 국내 증시는 반도체가 상승을 주도했지만 하반기에는 전력기기, 조선·방산, 바이오, 화장품, 금융 등으로 관심이 확산될 가능성이 제시됐다. 주요 변수로 AI 설비투자, 미국 금리, 기업 실적과 중국 메모리 업체의 추격이 언급됐다.

질문: 이 기사에 나온 적정 주가가 얼마야?",기사에 증권사 목표가격이 제시되지 않아 답할 수 없습니다.
"참고 뉴스:
제목: 7월 국내 증시, 소외 업종으로 자금 이동 가능성
작성일: 2026-07-01
내용: 7월에는 상반기 주도주였던 반도체에서 자동차, 2차전지, 바이오 등 상대적으로 소외됐던 업종으로 자금이 이동할 수 있다는 전망이 나왔다. 반도체 조정이 곧 업황 훼손을 의미하는 것은 아니라는 분석도 제시됐다.

질문: 기사 작성일을 알려줘",기사 기준 날짜는 2026-07-01입니다.
"참고 뉴스:
제목: 한화에어로스페이스, 2026년 2분기 이익 증가
작성일: 2026-07-31
내용: 한화에어로스페이스는 2026년 2분기 순이익 1조800억원을 기록해 전년 동기 대비 277.5% 증가했다. 실적은 시장 예상치를 웃돌았다고 보도됐다.

질문: 지금 주식 가격이 얼마야?",이 자료만으로 현재 주가와 등락률을 확인할 수 없습니다.
"참고 뉴스:
제목: 7월 국내 증시, 소외 업종으로 자금 이동 가능성
작성일: 2026-07-01
내용: 7월에는 상반기 주도주였던 반도체에서 자동차, 2차전지, 바이오 등 상대적으로 소외됐던 업종으로 자금이 이동할 수 있다는 전망이 나왔다. 반도체 조정이 곧 업황 훼손을 의미하는 것은 아니라는 분석도 제시됐다.

질문: 제공된 자료 범위 안에서만 답해줘",확실히 확인되는 사실은 7월에는 반도체에서 자동차·2차전지·바이오로 포트폴리오가 이동할 가능성이 제기됐다. 다만 기사에 없는 투자 의견이나 가격 정보는 추측할 수 없습니다.
"참고 뉴스:
제목: SK하이닉스, 2026년 2분기 사상 최대 실적
작성일: 2026-07-29
내용: SK하이닉스는 2026년 2분기 매출 79조3187억원, 영업이익 60조5426억원을 발표했다. AI 수요에 대응한 고부가가치 제품 판매가 실적을 이끌었고, 주요 고객과 장기·다년 계약을 확대했다고 설명했다.

질문: 확실히 확인되는 사실과 확인되지 않는 내용을 나눠줘",제공된 뉴스 기준 핵심은 SK하이닉스는 AI 수요와 고부가가치 메모리 판매를 바탕으로 분기 최고 실적을 기록했다. 그 밖의 실시간 주가나 목표가격은 확인되지 않습니다.
"참고 뉴스:
제목: SK하이닉스, 2026년 2분기 사상 최대 실적
작성일: 2026-07-29
내용: SK하이닉스는 2026년 2분기 매출 79조3187억원, 영업이익 60조5426억원을 발표했다. AI 수요에 대응한 고부가가치 제품 판매가 실적을 이끌었고, 주요 고객과 장기·다년 계약을 확대했다고 설명했다.

질문: 뉴스에 나온 근거를 바탕으로 배경을 정리해줘",이 흐름의 배경은 강한 AI 메모리 수요와 고부가가치 제품 비중 확대가 실적을 견인했다.
"참고 뉴스 1:
제목: 현대차, 2026년 2분기 매출 증가에도 영업이익 감소
작성일: 2026-07-23
내용: 현대차의 2026년 2분기 매출은 49조2150억원으로 전년 동기 대비 1.9% 증가했다. 영업이익은 2조8510억원으로 20.8% 감소했고, 글로벌 판매량은 6.9% 줄었다.

참고 뉴스 2:
제목: KB금융, 2026년 상반기 순이익 증가
작성일: 2026-07-23
내용: KB금융은 2026년 상반기 실적 발표 자료를 공개했다. 외부 보도에 따르면 상반기 순이익은 3조8846억원으로 전년 동기 대비 13.1% 증가했다.

질문: 두 기사에서 확인되는 긍정 요인을 비교해줘","첫 번째 뉴스의 긍정 요인은 매출이 전년 동기 대비 1.9% 증가한 점이고, 두 번째 뉴스의 긍정 요인은 상반기 순이익 증가입니다."
"참고 뉴스:
제목: 삼성바이오로직스, 스위스 폴리펩타이드 인수 추진
작성일: 2026-07-20
내용: 삼성바이오로직스는 스위스 의약품 위탁생산 기업 폴리펩타이드를 약 18억달러에 전액 현금으로 인수하는 공개매수를 추진했다. 회사는 펩타이드 치료제와 비만·당뇨 분야의 생산 역량 확대를 기대했다.

질문: 뉴스에 나온 근거를 바탕으로 배경을 정리해줘",이 흐름의 배경은 성장하는 펩타이드 기반 비만·당뇨 치료제 시장의 생산 역량을 확보하기 위해서다.
"참고 뉴스:
제목: 한화에어로스페이스, 2026년 2분기 이익 증가
작성일: 2026-07-31
내용: 한화에어로스페이스는 2026년 2분기 순이익 1조800억원을 기록해 전년 동기 대비 277.5% 증가했다. 실적은 시장 예상치를 웃돌았다고 보도됐다.

질문: 뉴스 근거를 들어 설명해줘",기사 근거만 사용하면 한화에어로스페이스는 2분기 순이익이 크게 증가하며 시장 기대를 웃돌았다. 추가적인 주가 전망은 이 자료만으로 단정할 수 없습니다.
"참고 뉴스:
제목: 한화에어로스페이스, 2026년 2분기 이익 증가
작성일: 2026-07-31
내용: 한화에어로스페이스는 2026년 2분기 순이익 1조800억원을 기록해 전년 동기 대비 277.5% 증가했다. 실적은 시장 예상치를 웃돌았다고 보도됐다.

질문: 뉴스에서 확인되는 성장 요인을 알려줘",확인되는 긍정 요인은 순이익의 큰 폭 증가와 시장 예상 상회입니다.
"참고 뉴스:
제목: 삼성전자 DS부문, AI 메모리 수요로 실적 확대
작성일: 2026-07-30
내용: 삼성전자 DS부문은 2026년 2분기 매출 127조5천억원, 영업이익 89조2천억원을 기록했다. 메모리 사업은 AI 수요에 대응해 서버 제품 중심 판매를 확대했고, 업계 전반의 가격 상승도 실적에 기여했다.

질문: 삼성전자 뉴스 핵심을 한 문장으로 정리해줘",삼성전자 반도체 부문은 AI 서버용 메모리 수요와 가격 상승의 영향을 받았다.
"참고 뉴스:
제목: 7월 국내 증시, 소외 업종으로 자금 이동 가능성
작성일: 2026-07-01
내용: 7월에는 상반기 주도주였던 반도체에서 자동차, 2차전지, 바이오 등 상대적으로 소외됐던 업종으로 자금이 이동할 수 있다는 전망이 나왔다. 반도체 조정이 곧 업황 훼손을 의미하는 것은 아니라는 분석도 제시됐다.

질문: 지금 주식 가격이 얼마야?",이 자료만으로 현재 주가와 등락률을 확인할 수 없습니다.
"참고 뉴스:
제목: HD현대, 2026년 2분기 높은 영업이익 기록
작성일: 2026-07-31
내용: HD현대는 2026년 2분기 연결 매출 22조4094억원, 영업이익 4조1246억원을 기록했다. 영업이익률은 18.4%로 발표됐다.

질문: 기사 작성일을 알려줘",기사 기준 날짜는 2026-07-31입니다.
"참고 뉴스:
제목: HD현대중공업, 2026년 2분기 영업이익 급증
작성일: 2026-07-29
내용: HD현대중공업은 2026년 2분기 영업이익 1조399억원을 기록해 전년 동기 대비 120.6% 증가했다고 발표했다.

질문: 확실히 확인되는 사실과 확인되지 않는 내용을 나눠줘",제공된 뉴스 기준 핵심은 HD현대중공업은 조선 부문 수익성 개선으로 영업이익이 큰 폭으로 증가했다. 그 밖의 실시간 주가나 목표가격은 확인되지 않습니다.
"참고 뉴스:
제목: 2026년 하반기 국내 증시, 반도체 쏠림에서 업종 확산 가능성
작성일: 2026-07-23
내용: 2026년 상반기 국내 증시는 반도체가 상승을 주도했지만 하반기에는 전력기기, 조선·방산, 바이오, 화장품, 금융 등으로 관심이 확산될 가능성이 제시됐다. 주요 변수로 AI 설비투자, 미국 금리, 기업 실적과 중국 메모리 업체의 추격이 언급됐다.

질문: 매수와 매도 중 어느 쪽이 맞아?",이 자료만으로 투자 결정을 권하기 어렵습니다. 회사 실적과 시장 환경을 함께 검토해야 합니다.
"참고 뉴스:
제목: 엔비디아, 네이버 AI 인프라 프로젝트에 투자 추진
작성일: 2026-07-27
내용: 엔비디아는 네이버의 대규모 AI 데이터센터 프로젝트에 약 10억달러를 투자할 계획이다. 네이버는 엔비디아를 대상으로 약 1조4810억원 규모의 신주를 발행하며, 거래 완료 후 엔비디아의 지분율은 약 4.5%가 될 예정이다.

질문: 참고 뉴스의 핵심만 설명해줘",이 뉴스의 중심 내용은 네이버는 엔비디아 투자와 신주 발행을 통해 대규모 AI 인프라 구축을 추진한다.
"참고 뉴스 1:
제목: 삼성바이오로직스, 2026년 2분기 실적 발표
작성일: 2026-07-23
내용: 삼성바이오로직스는 2026년 2분기 매출 1조3210억원, 영업이익 5860억원을 기록했다. 1공장부터 4공장까지 안정적인 생산 운영과 고객 프로젝트 수행이 실적에 반영됐다.

참고 뉴스 2:
제목: 2026년 하반기 국내 증시, 반도체 쏠림에서 업종 확산 가능성
작성일: 2026-07-23
내용: 2026년 상반기 국내 증시는 반도체가 상승을 주도했지만 하반기에는 전력기기, 조선·방산, 바이오, 화장품, 금융 등으로 관심이 확산될 가능성이 제시됐다. 주요 변수로 AI 설비투자, 미국 금리, 기업 실적과 중국 메모리 업체의 추격이 언급됐다.

질문: 두 기사에서 확인되는 긍정 요인을 비교해줘","첫 번째 뉴스의 긍정 요인은 1~4공장의 안정적인 가동과 고객 프로젝트 수행이고, 두 번째 뉴스의 긍정 요인은 AI 설비투자 확대가 전력기기·조선·방산 등 국내 공급망에 기회가 될 수 있다.입니다."
"참고 뉴스:
제목: SK하이닉스, 2026년 2분기 사상 최대 실적
작성일: 2026-07-29
내용: SK하이닉스는 2026년 2분기 매출 79조3187억원, 영업이익 60조5426억원을 발표했다. AI 수요에 대응한 고부가가치 제품 판매가 실적을 이끌었고, 주요 고객과 장기·다년 계약을 확대했다고 설명했다.

질문: 오늘 종가를 확인해줘",기사에는 오늘의 시세 정보가 포함되지 않았습니다.
"참고 뉴스:
제목: 신한금융, 2026년 2분기 분기 최대 순이익
작성일: 2026-07-23
내용: 신한금융의 2026년 2분기 순이익은 1조8201억원으로 전 분기 대비 12.2% 증가했다. 상반기 순이익은 3조4427억원으로 전년 동기 대비 13.3% 늘었다.

질문: 이런 결과가 나온 이유가 뭐야?",이자이익과 비이자이익의 안정적인 증가가 실적에 기여했다.
"참고 뉴스:
제목: 삼성전자, AI 인프라용 PM1763 SSD 양산 시작
작성일: 2026-07-08
내용: 삼성전자는 차세대 AI 인프라에 최적화한 PM1763 SSD의 양산을 시작했다고 발표했다.

질문: 이 기사에서 호재로 볼 수 있는 부분을 말해줘",기사에서 긍정적으로 볼 수 있는 부분은 AI 인프라용 고성능 저장장치 제품군 확대입니다.
"참고 뉴스:
제목: 한화에어로스페이스, 2026년 2분기 이익 증가
작성일: 2026-07-31
내용: 한화에어로스페이스는 2026년 2분기 순이익 1조800억원을 기록해 전년 동기 대비 277.5% 증가했다. 실적은 시장 예상치를 웃돌았다고 보도됐다.

질문: 참고 뉴스의 핵심만 설명해줘",이 뉴스의 중심 내용은 한화에어로스페이스는 2분기 순이익이 크게 증가하며 시장 기대를 웃돌았다.
"참고 뉴스:
제목: 엔비디아, 네이버 AI 인프라 프로젝트에 투자 추진
작성일: 2026-07-27
내용: 엔비디아는 네이버의 대규모 AI 데이터센터 프로젝트에 약 10억달러를 투자할 계획이다. 네이버는 엔비디아를 대상으로 약 1조4810억원 규모의 신주를 발행하며, 거래 완료 후 엔비디아의 지분율은 약 4.5%가 될 예정이다.

질문: 확실히 확인되는 사실과 확인되지 않는 내용을 나눠줘",제공된 뉴스 기준 핵심은 네이버는 엔비디아 투자와 신주 발행을 통해 대규모 AI 인프라 구축을 추진한다. 그 밖의 실시간 주가나 목표가격은 확인되지 않습니다.
"참고 뉴스 1:
제목: 현대차, 하반기 신차 출시로 회복 추진
작성일: 2026-07-23
내용: 현대차는 2분기 영업이익이 감소했지만 연간 전망은 유지했다. 회사는 하반기 투싼과 아반떼 등 주요 신차 출시를 통해 판매 회복을 추진할 계획이라고 밝혔다.

참고 뉴스 2:
제목: 삼성바이오로직스, 스위스 폴리펩타이드 인수 추진
작성일: 2026-07-20
내용: 삼성바이오로직스는 스위스 의약품 위탁생산 기업 폴리펩타이드를 약 18억달러에 전액 현금으로 인수하는 공개매수를 추진했다. 회사는 펩타이드 치료제와 비만·당뇨 분야의 생산 역량 확대를 기대했다.

질문: 두 뉴스의 위험 요인을 나눠서 설명해줘","첫 번째 뉴스의 부담 요인은 약한 자동차 수요, 공급 차질, 원재료비 상승과 경쟁 심화 두 번째 뉴스의 부담 요인은 대규모 현금 인수에 따른 자금 부담과 인수 후 통합 위험"
"참고 뉴스:
제목: 삼성전자, AI 인프라용 PM1763 SSD 양산 시작
작성일: 2026-07-08
내용: 삼성전자는 차세대 AI 인프라에 최적화한 PM1763 SSD의 양산을 시작했다고 발표했다.

질문: 삼성전자 뉴스 핵심을 한 문장으로 정리해줘",삼성전자는 AI 데이터센터 수요에 대응하기 위해 차세대 SSD 양산을 시작했다.
"참고 뉴스:
제목: 한화에어로스페이스, 2026년 2분기 이익 증가
작성일: 2026-07-31
내용: 한화에어로스페이스는 2026년 2분기 순이익 1조800억원을 기록해 전년 동기 대비 277.5% 증가했다. 실적은 시장 예상치를 웃돌았다고 보도됐다.

질문: 이 기사만 보고 투자 판단을 해줘",매수 여부는 이 뉴스만으로 판단할 수 없습니다. 목표 수익과 손실 가능성까지 별도로 검토해야 합니다.
"참고 뉴스:
제목: 2026년 하반기 국내 증시, 반도체 쏠림에서 업종 확산 가능성
작성일: 2026-07-23
내용: 2026년 상반기 국내 증시는 반도체가 상승을 주도했지만 하반기에는 전력기기, 조선·방산, 바이오, 화장품, 금융 등으로 관심이 확산될 가능성이 제시됐다. 주요 변수로 AI 설비투자, 미국 금리, 기업 실적과 중국 메모리 업체의 추격이 언급됐다.

질문: 뉴스에 나온 근거를 바탕으로 배경을 정리해줘",이 흐름의 배경은 상반기 반도체 쏠림 이후 상대적으로 덜 오른 업종으로 자금이 이동할 가능성이 제기됐다.
"참고 뉴스:
제목: 7월 국내 증시, 소외 업종으로 자금 이동 가능성
작성일: 2026-07-01
내용: 7월에는 상반기 주도주였던 반도체에서 자동차, 2차전지, 바이오 등 상대적으로 소외됐던 업종으로 자금이 이동할 수 있다는 전망이 나왔다. 반도체 조정이 곧 업황 훼손을 의미하는 것은 아니라는 분석도 제시됐다.

질문: 국내 증시 관련 내용을 짧게 요약해줘",제공된 기사 기준으로는 7월에는 반도체에서 자동차·2차전지·바이오로 포트폴리오가 이동할 가능성이 제기됐다.
"참고 뉴스:
제목: 삼성바이오로직스, 2026년 2분기 실적 발표
작성일: 2026-07-23
내용: 삼성바이오로직스는 2026년 2분기 매출 1조3210억원, 영업이익 5860억원을 기록했다. 1공장부터 4공장까지 안정적인 생산 운영과 고객 프로젝트 수행이 실적에 반영됐다.

질문: 삼성바이오로직스의 기사 속 주요 수치를 알려줘","기사에서 확인되는 주요 수치는 매출 1조3210억원, 영업이익 5860억원입니다."
"참고 뉴스:
제목: 2026년 하반기 국내 증시, 반도체 쏠림에서 업종 확산 가능성
작성일: 2026-07-23
내용: 2026년 상반기 국내 증시는 반도체가 상승을 주도했지만 하반기에는 전력기기, 조선·방산, 바이오, 화장품, 금융 등으로 관심이 확산될 가능성이 제시됐다. 주요 변수로 AI 설비투자, 미국 금리, 기업 실적과 중국 메모리 업체의 추격이 언급됐다.

질문: 이 자료의 기준 날짜가 언제야?",2026-07-23에 나온 내용입니다.
"참고 뉴스:
제목: 7월 국내 증시, 소외 업종으로 자금 이동 가능성
작성일: 2026-07-01
내용: 7월에는 상반기 주도주였던 반도체에서 자동차, 2차전지, 바이오 등 상대적으로 소외됐던 업종으로 자금이 이동할 수 있다는 전망이 나왔다. 반도체 조정이 곧 업황 훼손을 의미하는 것은 아니라는 분석도 제시됐다.

질문: 이런 결과가 나온 이유가 뭐야?",기관투자자의 하반기 포트폴리오 재구성과 상반기 수익 확정 수요가 배경으로 제시됐다.
"참고 뉴스:
제목: 2026년 하반기 국내 증시, 반도체 쏠림에서 업종 확산 가능성
작성일: 2026-07-23
내용: 2026년 상반기 국내 증시는 반도체가 상승을 주도했지만 하반기에는 전력기기, 조선·방산, 바이오, 화장품, 금융 등으로 관심이 확산될 가능성이 제시됐다. 주요 변수로 AI 설비투자, 미국 금리, 기업 실적과 중국 메모리 업체의 추격이 언급됐다.

질문: 이 기사에서 주의할 부분이 있어?","기사 기준 리스크는 미국 금리, 기업 실적, 중국 메모리 업체의 추격과 반도체 기대 조정"
"참고 뉴스:
제목: 코스닥, 2차전지·바이오 순환매로 급등
작성일: 2026-06-29
내용: 2026년 6월 29일 코스피는 외국인의 대규모 매도 속에 0.2% 하락했고, 코스닥은 2차전지와 바이오주 강세로 8.13% 상승했다. 장중 코스닥 매수 사이드카가 발동됐다.

질문: 리스크 중심으로 정리해줘",주의할 부분은 외국인 대규모 매도와 시장 변동성 확대
"참고 뉴스:
제목: 삼성바이오로직스, 2026년 2분기 실적 발표
작성일: 2026-07-23
내용: 삼성바이오로직스는 2026년 2분기 매출 1조3210억원, 영업이익 5860억원을 기록했다. 1공장부터 4공장까지 안정적인 생산 운영과 고객 프로젝트 수행이 실적에 반영됐다.

질문: 이 기사에 나온 적정 주가가 얼마야?",기사에 증권사 목표가격이 제시되지 않아 답할 수 없습니다.
"참고 뉴스:
제목: HD현대중공업, 2026년 2분기 영업이익 급증
작성일: 2026-07-29
내용: HD현대중공업은 2026년 2분기 영업이익 1조399억원을 기록해 전년 동기 대비 120.6% 증가했다고 발표했다.

질문: 기사에서 확인되는 정량 정보만 말해줘","핵심 수치만 정리하면 영업이익 1조399억원, 전년 동기 대비 120.6% 증가입니다."
"참고 뉴스 1:
제목: 현대차, 2026년 2분기 매출 증가에도 영업이익 감소
작성일: 2026-07-23
내용: 현대차의 2026년 2분기 매출은 49조2150억원으로 전년 동기 대비 1.9% 증가했다. 영업이익은 2조8510억원으로 20.8% 감소했고, 글로벌 판매량은 6.9% 줄었다.

참고 뉴스 2:
제목: 삼성전자, AI 인프라용 PM1763 SSD 양산 시작
작성일: 2026-07-08
내용: 삼성전자는 차세대 AI 인프라에 최적화한 PM1763 SSD의 양산을 시작했다고 발표했다.

질문: 어느 쪽이 더 좋다고 단정할 수 있는지 말해줘",두 뉴스는 기업과 상황이 달라 어느 쪽이 더 좋다고 단정하기 어렵습니다. 첫 번째는 현대차는 매출은 증가했지만 판매 감소와 비용 부담으로 영업이익이 줄었다. 두 번째는 삼성전자는 AI 데이터센터 수요에 대응하기 위해 차세대 SSD 양산을 시작했다.
"참고 뉴스:
제목: 삼성SDI, 미국 ESS용 각형 배터리 공급 계약
작성일: 2026-03-16
내용: 삼성SDI는 미국에서 1조5000억원 규모의 ESS용 각형 배터리 공급 계약을 수주했다고 발표했다.

질문: 기사 작성일을 알려줘",기사 기준 날짜는 2026-03-16입니다.
"참고 뉴스:
제목: 현대차, 2026년 2분기 매출 증가에도 영업이익 감소
작성일: 2026-07-23
내용: 현대차의 2026년 2분기 매출은 49조2150억원으로 전년 동기 대비 1.9% 증가했다. 영업이익은 2조8510억원으로 20.8% 감소했고, 글로벌 판매량은 6.9% 줄었다.

질문: 이 뉴스는 언제 발표된 내용이야?",이 자료의 발표일은 2026-07-23입니다.
"참고 뉴스:
제목: 현대차, 하반기 신차 출시로 회복 추진
작성일: 2026-07-23
내용: 현대차는 2분기 영업이익이 감소했지만 연간 전망은 유지했다. 회사는 하반기 투싼과 아반떼 등 주요 신차 출시를 통해 판매 회복을 추진할 계획이라고 밝혔다.

질문: 참고 뉴스에서 확인되는 내용만 말해줘",확인되는 사실은 현대차는 실적 부담에도 연간 전망을 유지하고 하반기 신차로 회복을 추진한다. 주요 수치는 기사에는 구체적인 하반기 판매 목표 수치가 제시되지 않았다.입니다. 기사에 없는 목표주가나 현재 시세는 확인할 수 없습니다.
"참고 뉴스:
제목: 2026년 하반기 국내 증시, 반도체 쏠림에서 업종 확산 가능성
작성일: 2026-07-23
내용: 2026년 상반기 국내 증시는 반도체가 상승을 주도했지만 하반기에는 전력기기, 조선·방산, 바이오, 화장품, 금융 등으로 관심이 확산될 가능성이 제시됐다. 주요 변수로 AI 설비투자, 미국 금리, 기업 실적과 중국 메모리 업체의 추격이 언급됐다.

질문: 국내 증시의 긍정 요인은 뭐야?",긍정 요인은 AI 설비투자 확대가 전력기기·조선·방산 등 국내 공급망에 기회가 될 수 있다.입니다.
"참고 뉴스 1:
제목: 현대차, 하반기 신차 출시로 회복 추진
작성일: 2026-07-23
내용: 현대차는 2분기 영업이익이 감소했지만 연간 전망은 유지했다. 회사는 하반기 투싼과 아반떼 등 주요 신차 출시를 통해 판매 회복을 추진할 계획이라고 밝혔다.

참고 뉴스 2:
제목: 신한금융, 2026년 2분기 분기 최대 순이익
작성일: 2026-07-23
내용: 신한금융의 2026년 2분기 순이익은 1조8201억원으로 전 분기 대비 12.2% 증가했다. 상반기 순이익은 3조4427억원으로 전년 동기 대비 13.3% 늘었다.

질문: 두 기사에서 확인되는 긍정 요인을 비교해줘","첫 번째 뉴스의 긍정 요인은 연간 전망을 유지하고 주요 신차 출시를 준비하는 점이고, 두 번째 뉴스의 긍정 요인은 분기 최대 순이익과 상반기 이익 증가입니다."
"참고 뉴스:
제목: 삼성전자, AI 인프라용 PM1763 SSD 양산 시작
작성일: 2026-07-08
내용: 삼성전자는 차세대 AI 인프라에 최적화한 PM1763 SSD의 양산을 시작했다고 발표했다.

질문: 이 기사에 나온 적정 주가가 얼마야?",기사에 증권사 목표가격이 제시되지 않아 답할 수 없습니다.
"참고 뉴스:
제목: HD현대중공업, 2026년 2분기 영업이익 급증
작성일: 2026-07-29
내용: HD현대중공업은 2026년 2분기 영업이익 1조399억원을 기록해 전년 동기 대비 120.6% 증가했다고 발표했다.

질문: 이 기사만 보고 투자 판단을 해줘",매수 여부는 이 뉴스만으로 판단할 수 없습니다. 목표 수익과 손실 가능성까지 별도로 검토해야 합니다.
"참고 뉴스 1:
제목: KB금융, 2026년 상반기 순이익 증가
작성일: 2026-07-23
내용: KB금융은 2026년 상반기 실적 발표 자료를 공개했다. 외부 보도에 따르면 상반기 순이익은 3조8846억원으로 전년 동기 대비 13.1% 증가했다.

참고 뉴스 2:
제목: HD현대중공업, 2026년 2분기 영업이익 급증
작성일: 2026-07-29
내용: HD현대중공업은 2026년 2분기 영업이익 1조399억원을 기록해 전년 동기 대비 120.6% 증가했다고 발표했다.

질문: 어느 쪽이 더 좋다고 단정할 수 있는지 말해줘",두 뉴스는 기업과 상황이 달라 어느 쪽이 더 좋다고 단정하기 어렵습니다. 첫 번째는 KB금융은 2026년 상반기 순이익이 전년 동기보다 증가했다. 두 번째는 HD현대중공업은 조선 부문 수익성 개선으로 영업이익이 큰 폭으로 증가했다.
"참고 뉴스:
제목: 신한금융, 2026년 2분기 분기 최대 순이익
작성일: 2026-07-23
내용: 신한금융의 2026년 2분기 순이익은 1조8201억원으로 전 분기 대비 12.2% 증가했다. 상반기 순이익은 3조4427억원으로 전년 동기 대비 13.3% 늘었다.

질문: 앞으로 어느 가격까지 갈 수 있어?",목표주가 수치는 기사에서 확인되지 않습니다.
"참고 뉴스:
제목: 현대차, 2026년 2분기 매출 증가에도 영업이익 감소
작성일: 2026-07-23
내용: 현대차의 2026년 2분기 매출은 49조2150억원으로 전년 동기 대비 1.9% 증가했다. 영업이익은 2조8510억원으로 20.8% 감소했고, 글로벌 판매량은 6.9% 줄었다.

질문: 이 뉴스에서 확인되는 사실을 요약해줘",기사에서 확인되는 핵심은 현대차는 매출은 증가했지만 판매 감소와 비용 부담으로 영업이익이 줄었다.
"참고 뉴스:
제목: 한화에어로스페이스, 2026년 2분기 이익 증가
작성일: 2026-07-31
내용: 한화에어로스페이스는 2026년 2분기 순이익 1조800억원을 기록해 전년 동기 대비 277.5% 증가했다. 실적은 시장 예상치를 웃돌았다고 보도됐다.

질문: 긍정적인 내용만 근거를 들어 정리해줘",제공된 뉴스 기준 성장 요인은 순이익의 큰 폭 증가와 시장 예상 상회입니다.
"참고 뉴스:
제목: 코스닥, 2차전지·바이오 순환매로 급등
작성일: 2026-06-29
내용: 2026년 6월 29일 코스피는 외국인의 대규모 매도 속에 0.2% 하락했고, 코스닥은 2차전지와 바이오주 강세로 8.13% 상승했다. 장중 코스닥 매수 사이드카가 발동됐다.

질문: 참고 뉴스의 핵심만 설명해줘",이 뉴스의 중심 내용은 외국인 매도로 코스피가 약세를 보인 반면 코스닥은 2차전지와 바이오 순환매로 급등했다.
"참고 뉴스:
제목: 삼성SDI, 7개 분기 만에 영업이익 흑자 전환
작성일: 2026-07-30
내용: 삼성SDI는 2026년 2분기 매출 3조7700억원, 영업이익 2038억원을 기록했다. 매출은 전년 동기 대비 18.5%, 전 분기 대비 5.4% 증가했고, 영업이익은 7개 분기 만에 흑자로 전환했다.

질문: 이 기사에 나온 적정 주가가 얼마야?",기사에 증권사 목표가격이 제시되지 않아 답할 수 없습니다.
"참고 뉴스 1:
제목: SK하이닉스, 2026년 2분기 사상 최대 실적
작성일: 2026-07-29
내용: SK하이닉스는 2026년 2분기 매출 79조3187억원, 영업이익 60조5426억원을 발표했다. AI 수요에 대응한 고부가가치 제품 판매가 실적을 이끌었고, 주요 고객과 장기·다년 계약을 확대했다고 설명했다.

참고 뉴스 2:
제목: KB금융, 2026년 상반기 순이익 증가
작성일: 2026-07-23
내용: KB금융은 2026년 상반기 실적 발표 자료를 공개했다. 외부 보도에 따르면 상반기 순이익은 3조8846억원으로 전년 동기 대비 13.1% 증가했다.

질문: 어느 쪽이 더 좋다고 단정할 수 있는지 말해줘",두 뉴스는 기업과 상황이 달라 어느 쪽이 더 좋다고 단정하기 어렵습니다. 첫 번째는 SK하이닉스는 AI 수요와 고부가가치 메모리 판매를 바탕으로 분기 최고 실적을 기록했다. 두 번째는 KB금융은 2026년 상반기 순이익이 전년 동기보다 증가했다.
"참고 뉴스:
제목: 한화에어로스페이스, 2026년 2분기 이익 증가
작성일: 2026-07-31
내용: 한화에어로스페이스는 2026년 2분기 순이익 1조800억원을 기록해 전년 동기 대비 277.5% 증가했다. 실적은 시장 예상치를 웃돌았다고 보도됐다.

질문: 한화에어로스페이스 목표주가가 얼마야?",제공된 기사에는 목표주가가 없습니다. 자료에 없는 가격을 임의로 만들 수 없습니다.
"참고 뉴스 1:
제목: 삼성SDI, 7개 분기 만에 영업이익 흑자 전환
작성일: 2026-07-30
내용: 삼성SDI는 2026년 2분기 매출 3조7700억원, 영업이익 2038억원을 기록했다. 매출은 전년 동기 대비 18.5%, 전 분기 대비 5.4% 증가했고, 영업이익은 7개 분기 만에 흑자로 전환했다.

참고 뉴스 2:
제목: 2026년 하반기 국내 증시, 반도체 쏠림에서 업종 확산 가능성
작성일: 2026-07-23
내용: 2026년 상반기 국내 증시는 반도체가 상승을 주도했지만 하반기에는 전력기기, 조선·방산, 바이오, 화장품, 금융 등으로 관심이 확산될 가능성이 제시됐다. 주요 변수로 AI 설비투자, 미국 금리, 기업 실적과 중국 메모리 업체의 추격이 언급됐다.

질문: 두 뉴스의 위험 요인을 나눠서 설명해줘","첫 번째 뉴스의 부담 요인은 기사에는 향후 배터리 수요와 원재료 가격에 대한 구체적인 전망은 제시되지 않았다. 두 번째 뉴스의 부담 요인은 미국 금리, 기업 실적, 중국 메모리 업체의 추격과 반도체 기대 조정"
"참고 뉴스 1:
제목: 현대차, 2026년 2분기 매출 증가에도 영업이익 감소
작성일: 2026-07-23
내용: 현대차의 2026년 2분기 매출은 49조2150억원으로 전년 동기 대비 1.9% 증가했다. 영업이익은 2조8510억원으로 20.8% 감소했고, 글로벌 판매량은 6.9% 줄었다.

참고 뉴스 2:
제목: 삼성전자, AI 인프라용 PM1763 SSD 양산 시작
작성일: 2026-07-08
내용: 삼성전자는 차세대 AI 인프라에 최적화한 PM1763 SSD의 양산을 시작했다고 발표했다.

질문: 두 기사에서 확인되는 긍정 요인을 비교해줘","첫 번째 뉴스의 긍정 요인은 매출이 전년 동기 대비 1.9% 증가한 점이고, 두 번째 뉴스의 긍정 요인은 AI 인프라용 고성능 저장장치 제품군 확대입니다."
"참고 뉴스:
제목: 삼성바이오로직스, 스위스 폴리펩타이드 인수 추진
작성일: 2026-07-20
내용: 삼성바이오로직스는 스위스 의약품 위탁생산 기업 폴리펩타이드를 약 18억달러에 전액 현금으로 인수하는 공개매수를 추진했다. 회사는 펩타이드 치료제와 비만·당뇨 분야의 생산 역량 확대를 기대했다.

질문: 긍정적인 내용 말고 위험 요인도 확인해줘",제공된 자료에서 확인되는 부담은 대규모 현금 인수에 따른 자금 부담과 인수 후 통합 위험
"참고 뉴스 1:
제목: 셀트리온, 2026년 2분기 분기 최대 매출
작성일: 2026-07-27
내용: 셀트리온은 2026년 2분기 매출 1조3937억원, 영업이익 4518억원을 기록했다. 매출은 전년 동기 대비 45%, 영업이익은 86.3% 증가했고, 고수익 신제품이 바이오의약품 매출의 65%를 차지했다.

참고 뉴스 2:
제목: HD현대중공업, 2026년 2분기 영업이익 급증
작성일: 2026-07-29
내용: HD현대중공업은 2026년 2분기 영업이익 1조399억원을 기록해 전년 동기 대비 120.6% 증가했다고 발표했다.

질문: 두 뉴스의 핵심 내용을 비교해줘",첫 번째 뉴스는 셀트리온은 신제품 성장과 원가 개선으로 매출과 영업이익이 크게 증가했다. 두 번째 뉴스는 HD현대중공업은 조선 부문 수익성 개선으로 영업이익이 큰 폭으로 증가했다.
"참고 뉴스:
제목: HD현대, 2026년 2분기 높은 영업이익 기록
작성일: 2026-07-31
내용: HD현대는 2026년 2분기 연결 매출 22조4094억원, 영업이익 4조1246억원을 기록했다. 영업이익률은 18.4%로 발표됐다.

질문: 이 기사만 보고 투자 판단을 해줘",매수 여부는 이 뉴스만으로 판단할 수 없습니다. 목표 수익과 손실 가능성까지 별도로 검토해야 합니다.
"참고 뉴스:
제목: HD현대중공업, 2026년 2분기 영업이익 급증
작성일: 2026-07-29
내용: HD현대중공업은 2026년 2분기 영업이익 1조399억원을 기록해 전년 동기 대비 120.6% 증가했다고 발표했다.

질문: 오늘 종가를 확인해줘",기사에는 오늘의 시세 정보가 포함되지 않았습니다.
"참고 뉴스:
제목: SK하이닉스, 2026년 2분기 사상 최대 실적
작성일: 2026-07-29
내용: SK하이닉스는 2026년 2분기 매출 79조3187억원, 영업이익 60조5426억원을 발표했다. AI 수요에 대응한 고부가가치 제품 판매가 실적을 이끌었고, 주요 고객과 장기·다년 계약을 확대했다고 설명했다.

질문: 이 자료의 기준 날짜가 언제야?",2026-07-29에 나온 내용입니다.
"참고 뉴스:
제목: 삼성SDI, 7개 분기 만에 영업이익 흑자 전환
작성일: 2026-07-30
내용: 삼성SDI는 2026년 2분기 매출 3조7700억원, 영업이익 2038억원을 기록했다. 매출은 전년 동기 대비 18.5%, 전 분기 대비 5.4% 증가했고, 영업이익은 7개 분기 만에 흑자로 전환했다.

질문: 삼성SDI의 기사 속 주요 수치를 알려줘","기사에서 확인되는 주요 수치는 매출 3조7700억원, 영업이익 2038억원, 전년 대비 매출 18.5% 증가입니다."
"참고 뉴스:
제목: 삼성전자, AI 인프라용 PM1763 SSD 양산 시작
작성일: 2026-07-08
내용: 삼성전자는 차세대 AI 인프라에 최적화한 PM1763 SSD의 양산을 시작했다고 발표했다.

질문: 이 자료의 기준 날짜가 언제야?",2026-07-08에 나온 내용입니다.
"참고 뉴스:
제목: 7월 국내 증시, 소외 업종으로 자금 이동 가능성
작성일: 2026-07-01
내용: 7월에는 상반기 주도주였던 반도체에서 자동차, 2차전지, 바이오 등 상대적으로 소외됐던 업종으로 자금이 이동할 수 있다는 전망이 나왔다. 반도체 조정이 곧 업황 훼손을 의미하는 것은 아니라는 분석도 제시됐다.

질문: 이 자료의 기준 날짜가 언제야?",2026-07-01에 나온 내용입니다.
"참고 뉴스 1:
제목: 삼성전자 DS부문, AI 메모리 수요로 실적 확대
작성일: 2026-07-30
내용: 삼성전자 DS부문은 2026년 2분기 매출 127조5천억원, 영업이익 89조2천억원을 기록했다. 메모리 사업은 AI 수요에 대응해 서버 제품 중심 판매를 확대했고, 업계 전반의 가격 상승도 실적에 기여했다.

참고 뉴스 2:
제목: 삼성전자, AI 인프라용 PM1763 SSD 양산 시작
작성일: 2026-07-08
내용: 삼성전자는 차세대 AI 인프라에 최적화한 PM1763 SSD의 양산을 시작했다고 발표했다.

질문: 두 뉴스의 핵심 내용을 비교해줘",첫 번째 뉴스는 삼성전자 반도체 부문은 AI 서버용 메모리 수요와 가격 상승의 영향을 받았다. 두 번째 뉴스는 삼성전자는 AI 데이터센터 수요에 대응하기 위해 차세대 SSD 양산을 시작했다.
"참고 뉴스:
제목: 현대차, 2026년 2분기 매출 증가에도 영업이익 감소
작성일: 2026-07-23
내용: 현대차의 2026년 2분기 매출은 49조2150억원으로 전년 동기 대비 1.9% 증가했다. 영업이익은 2조8510억원으로 20.8% 감소했고, 글로벌 판매량은 6.9% 줄었다.

질문: 현대차의 현재 주가를 알려줘",제공된 기사에는 실시간 주가나 오늘 종가가 없습니다. 현재 시세는 별도의 실시간 데이터가 필요합니다.
"참고 뉴스:
제목: SK하이닉스, 2026년 2분기 사상 최대 실적
작성일: 2026-07-29
내용: SK하이닉스는 2026년 2분기 매출 79조3187억원, 영업이익 60조5426억원을 발표했다. AI 수요에 대응한 고부가가치 제품 판매가 실적을 이끌었고, 주요 고객과 장기·다년 계약을 확대했다고 설명했다.

질문: SK하이닉스의 부담 요인은 뭐야?","부담 요인은 기사에는 현재 주가나 목표주가, 구체적인 수요 둔화 전망은 포함되지 않았다."
"참고 뉴스 1:
제목: 삼성전자, 2026년 2분기 실적 발표
작성일: 2026-07-30
내용: 삼성전자는 2026년 2분기 연결 매출 171조5천억원, 영업이익 89조5천억원을 기록했다. 매출과 영업이익 모두 분기 기준 최고치를 경신했으며, 전 분기 대비 매출은 28% 증가했다.

참고 뉴스 2:
제목: 삼성바이오로직스, 2026년 2분기 실적 발표
작성일: 2026-07-23
내용: 삼성바이오로직스는 2026년 2분기 매출 1조3210억원, 영업이익 5860억원을 기록했다. 1공장부터 4공장까지 안정적인 생산 운영과 고객 프로젝트 수행이 실적에 반영됐다.

질문: 두 뉴스의 위험 요인을 나눠서 설명해줘","첫 번째 뉴스의 부담 요인은 이 기사에는 구체적인 하방 위험이나 목표주가 정보가 제시되지 않았다. 두 번째 뉴스의 부담 요인은 기사에는 목표주가나 신규 수주 금액, 환율 영향의 세부 수치는 포함되지 않았다."
"참고 뉴스 1:
제목: 셀트리온, 2026년 2분기 분기 최대 매출
작성일: 2026-07-27
내용: 셀트리온은 2026년 2분기 매출 1조3937억원, 영업이익 4518억원을 기록했다. 매출은 전년 동기 대비 45%, 영업이익은 86.3% 증가했고, 고수익 신제품이 바이오의약품 매출의 65%를 차지했다.

참고 뉴스 2:
제목: HD현대중공업, 2026년 2분기 영업이익 급증
작성일: 2026-07-29
내용: HD현대중공업은 2026년 2분기 영업이익 1조399억원을 기록해 전년 동기 대비 120.6% 증가했다고 발표했다.

질문: 어느 쪽이 더 좋다고 단정할 수 있는지 말해줘",두 뉴스는 기업과 상황이 달라 어느 쪽이 더 좋다고 단정하기 어렵습니다. 첫 번째는 셀트리온은 신제품 성장과 원가 개선으로 매출과 영업이익이 크게 증가했다. 두 번째는 HD현대중공업은 조선 부문 수익성 개선으로 영업이익이 큰 폭으로 증가했다.
"참고 뉴스:
제목: 현대차, 2026년 2분기 매출 증가에도 영업이익 감소
작성일: 2026-07-23
내용: 현대차의 2026년 2분기 매출은 49조2150억원으로 전년 동기 대비 1.9% 증가했다. 영업이익은 2조8510억원으로 20.8% 감소했고, 글로벌 판매량은 6.9% 줄었다.

질문: 이 기사만 보고 현대차를 매수해도 돼?","이 기사 하나만으로 매수나 매도를 결정하기는 어렵습니다. 실적 추세, 밸류에이션, 수급과 추가 공시를 함께 확인해야 합니다."
"참고 뉴스:
제목: 신한금융, 2026년 2분기 분기 최대 순이익
작성일: 2026-07-23
내용: 신한금융의 2026년 2분기 순이익은 1조8201억원으로 전 분기 대비 12.2% 증가했다. 상반기 순이익은 3조4427억원으로 전년 동기 대비 13.3% 늘었다.

질문: 기사에 없는 내용은 추측하지 말고 답해줘","자료 안에서 확인되는 내용은 신한금융은 2분기와 상반기 순이익이 모두 증가하며 높은 실적을 기록했다. 긍정 요인은 분기 최대 순이익과 상반기 이익 증가이며, 부담 요인은 기사에는 향후 대손비용과 금리 하락이 순이자마진에 미칠 구체적 영향은 포함되지 않았다."
"참고 뉴스 1:
제목: 2026년 하반기 국내 증시, 반도체 쏠림에서 업종 확산 가능성
작성일: 2026-07-23
내용: 2026년 상반기 국내 증시는 반도체가 상승을 주도했지만 하반기에는 전력기기, 조선·방산, 바이오, 화장품, 금융 등으로 관심이 확산될 가능성이 제시됐다. 주요 변수로 AI 설비투자, 미국 금리, 기업 실적과 중국 메모리 업체의 추격이 언급됐다.

참고 뉴스 2:
제목: 삼성SDI, 미국 ESS용 각형 배터리 공급 계약
작성일: 2026-03-16
내용: 삼성SDI는 미국에서 1조5000억원 규모의 ESS용 각형 배터리 공급 계약을 수주했다고 발표했다.

질문: 두 기사에서 확인되는 긍정 요인을 비교해줘","첫 번째 뉴스의 긍정 요인은 AI 설비투자 확대가 전력기기·조선·방산 등 국내 공급망에 기회가 될 수 있다.이고, 두 번째 뉴스의 긍정 요인은 미국 ESS 시장에서 대규모 공급 계약을 확보한 점입니다."
"참고 뉴스:
제목: HD현대, 2026년 2분기 높은 영업이익 기록
작성일: 2026-07-31
내용: HD현대는 2026년 2분기 연결 매출 22조4094억원, 영업이익 4조1246억원을 기록했다. 영업이익률은 18.4%로 발표됐다.

질문: 현재 시세와 등락률을 말해줘",현재 주가는 기사 작성 시점과 달라질 수 있어 별도 시세 조회가 필요합니다.
"참고 뉴스 1:
제목: 삼성전자 DS부문, AI 메모리 수요로 실적 확대
작성일: 2026-07-30
내용: 삼성전자 DS부문은 2026년 2분기 매출 127조5천억원, 영업이익 89조2천억원을 기록했다. 메모리 사업은 AI 수요에 대응해 서버 제품 중심 판매를 확대했고, 업계 전반의 가격 상승도 실적에 기여했다.

참고 뉴스 2:
제목: 7월 국내 증시, 소외 업종으로 자금 이동 가능성
작성일: 2026-07-01
내용: 7월에는 상반기 주도주였던 반도체에서 자동차, 2차전지, 바이오 등 상대적으로 소외됐던 업종으로 자금이 이동할 수 있다는 전망이 나왔다. 반도체 조정이 곧 업황 훼손을 의미하는 것은 아니라는 분석도 제시됐다.

질문: 두 기사에서 확인되는 긍정 요인을 비교해줘","첫 번째 뉴스의 긍정 요인은 AI 서버 제품 중심 판매 확대와 메모리 가격 상승이고, 두 번째 뉴스의 긍정 요인은 소외 업종으로의 순환매 가능성과 반도체 펀더멘털 유지 전망입니다."
"참고 뉴스:
제목: 삼성전자, AI 인프라용 PM1763 SSD 양산 시작
작성일: 2026-07-08
내용: 삼성전자는 차세대 AI 인프라에 최적화한 PM1763 SSD의 양산을 시작했다고 발표했다.

질문: 이 기사만 보고 투자 판단을 해줘",매수 여부는 이 뉴스만으로 판단할 수 없습니다. 목표 수익과 손실 가능성까지 별도로 검토해야 합니다.
"참고 뉴스:
제목: 삼성바이오로직스, 2026년 2분기 실적 발표
작성일: 2026-07-23
내용: 삼성바이오로직스는 2026년 2분기 매출 1조3210억원, 영업이익 5860억원을 기록했다. 1공장부터 4공장까지 안정적인 생산 운영과 고객 프로젝트 수행이 실적에 반영됐다.

질문: 이 기사에서 주의할 부분이 있어?","기사 기준 리스크는 기사에는 목표주가나 신규 수주 금액, 환율 영향의 세부 수치는 포함되지 않았다."
"참고 뉴스:
제목: 엔비디아, 네이버 AI 인프라 프로젝트에 투자 추진
작성일: 2026-07-27
내용: 엔비디아는 네이버의 대규모 AI 데이터센터 프로젝트에 약 10억달러를 투자할 계획이다. 네이버는 엔비디아를 대상으로 약 1조4810억원 규모의 신주를 발행하며, 거래 완료 후 엔비디아의 지분율은 약 4.5%가 될 예정이다.

질문: 기사에서 제시한 원인이 무엇인지 알려줘",주된 원인은 소버린 AI와 대규모 데이터센터 구축을 위한 자금 및 GPU 인프라 확보가 목적이다.
"참고 뉴스:
제목: 신한금융, 2026년 2분기 분기 최대 순이익
작성일: 2026-07-23
내용: 신한금융의 2026년 2분기 순이익은 1조8201억원으로 전 분기 대비 12.2% 증가했다. 상반기 순이익은 3조4427억원으로 전년 동기 대비 13.3% 늘었다.

질문: 기사 작성일을 알려줘",기사 기준 날짜는 2026-07-23입니다.
"참고 뉴스:
제목: 현대차, 2026년 2분기 매출 증가에도 영업이익 감소
작성일: 2026-07-23
내용: 현대차의 2026년 2분기 매출은 49조2150억원으로 전년 동기 대비 1.9% 증가했다. 영업이익은 2조8510억원으로 20.8% 감소했고, 글로벌 판매량은 6.9% 줄었다.

질문: 이 뉴스에 나온 수치가 뭐야?","제공된 자료에 나온 숫자는 매출 49조2150억원, 영업이익 2조8510억원, 글로벌 판매 6.9% 감소입니다."
"참고 뉴스 1:
제목: 삼성전자, 2026년 2분기 실적 발표
작성일: 2026-07-30
내용: 삼성전자는 2026년 2분기 연결 매출 171조5천억원, 영업이익 89조5천억원을 기록했다. 매출과 영업이익 모두 분기 기준 최고치를 경신했으며, 전 분기 대비 매출은 28% 증가했다.

참고 뉴스 2:
제목: 현대차, 하반기 신차 출시로 회복 추진
작성일: 2026-07-23
내용: 현대차는 2분기 영업이익이 감소했지만 연간 전망은 유지했다. 회사는 하반기 투싼과 아반떼 등 주요 신차 출시를 통해 판매 회복을 추진할 계획이라고 밝혔다.

질문: 두 기사에서 확인되는 긍정 요인을 비교해줘","첫 번째 뉴스의 긍정 요인은 매출과 영업이익이 모두 분기 최고치를 기록한 점이고, 두 번째 뉴스의 긍정 요인은 연간 전망을 유지하고 주요 신차 출시를 준비하는 점입니다."
"참고 뉴스:
제목: 현대차, 2026년 2분기 매출 증가에도 영업이익 감소
작성일: 2026-07-23
내용: 현대차의 2026년 2분기 매출은 49조2150억원으로 전년 동기 대비 1.9% 증가했다. 영업이익은 2조8510억원으로 20.8% 감소했고, 글로벌 판매량은 6.9% 줄었다.

질문: 현대차 실적이나 변화의 배경을 설명해줘","기사에서 제시한 배경은 판매 감소와 공급 차질, 비용 상승이 수익성에 부담을 줬다."
"참고 뉴스:
제목: 삼성바이오로직스, 2026년 2분기 실적 발표
작성일: 2026-07-23
내용: 삼성바이오로직스는 2026년 2분기 매출 1조3210억원, 영업이익 5860억원을 기록했다. 1공장부터 4공장까지 안정적인 생산 운영과 고객 프로젝트 수행이 실적에 반영됐다.

질문: 이 기사에서 호재로 볼 수 있는 부분을 말해줘",기사에서 긍정적으로 볼 수 있는 부분은 1~4공장의 안정적인 가동과 고객 프로젝트 수행입니다.
"참고 뉴스:
제목: 현대차, 2026년 2분기 매출 증가에도 영업이익 감소
작성일: 2026-07-23
내용: 현대차의 2026년 2분기 매출은 49조2150억원으로 전년 동기 대비 1.9% 증가했다. 영업이익은 2조8510억원으로 20.8% 감소했고, 글로벌 판매량은 6.9% 줄었다.

질문: 지금 주식 가격이 얼마야?",이 자료만으로 현재 주가와 등락률을 확인할 수 없습니다.
"참고 뉴스:
제목: 삼성바이오로직스, 2026년 2분기 실적 발표
작성일: 2026-07-23
내용: 삼성바이오로직스는 2026년 2분기 매출 1조3210억원, 영업이익 5860억원을 기록했다. 1공장부터 4공장까지 안정적인 생산 운영과 고객 프로젝트 수행이 실적에 반영됐다.

질문: 기사에 없는 내용은 추측하지 말고 답해줘","자료 안에서 확인되는 내용은 삼성바이오로직스는 안정적인 공장 운영을 바탕으로 견조한 2분기 실적을 기록했다. 긍정 요인은 1~4공장의 안정적인 가동과 고객 프로젝트 수행이며, 부담 요인은 기사에는 목표주가나 신규 수주 금액, 환율 영향의 세부 수치는 포함되지 않았다."
"참고 뉴스:
제목: 삼성바이오로직스, 2026년 2분기 실적 발표
작성일: 2026-07-23
내용: 삼성바이오로직스는 2026년 2분기 매출 1조3210억원, 영업이익 5860억원을 기록했다. 1공장부터 4공장까지 안정적인 생산 운영과 고객 프로젝트 수행이 실적에 반영됐다.

질문: 삼성바이오로직스의 부담 요인은 뭐야?","부담 요인은 기사에는 목표주가나 신규 수주 금액, 환율 영향의 세부 수치는 포함되지 않았다."
"참고 뉴스:
제목: 한화에어로스페이스, 2026년 2분기 이익 증가
작성일: 2026-07-31
내용: 한화에어로스페이스는 2026년 2분기 순이익 1조800억원을 기록해 전년 동기 대비 277.5% 증가했다. 실적은 시장 예상치를 웃돌았다고 보도됐다.

질문: 기사에서 확인되는 정량 정보만 말해줘","핵심 수치만 정리하면 2분기 순이익 1조800억원, 전년 동기 대비 277.5% 증가입니다."
"참고 뉴스:
제목: 삼성전자, AI 인프라용 PM1763 SSD 양산 시작
작성일: 2026-07-08
내용: 삼성전자는 차세대 AI 인프라에 최적화한 PM1763 SSD의 양산을 시작했다고 발표했다.

질문: 뉴스에 나온 근거를 바탕으로 배경을 정리해줘",이 흐름의 배경은 차세대 AI 인프라의 고성능 저장장치 수요에 대응하기 위해서다.
"참고 뉴스:
제목: 2026년 하반기 국내 증시, 반도체 쏠림에서 업종 확산 가능성
작성일: 2026-07-23
내용: 2026년 상반기 국내 증시는 반도체가 상승을 주도했지만 하반기에는 전력기기, 조선·방산, 바이오, 화장품, 금융 등으로 관심이 확산될 가능성이 제시됐다. 주요 변수로 AI 설비투자, 미국 금리, 기업 실적과 중국 메모리 업체의 추격이 언급됐다.

질문: 언제 나온 소식인지 확인해줘",이 뉴스는 2026-07-23 기준입니다.
"참고 뉴스:
제목: 삼성전자, AI 인프라용 PM1763 SSD 양산 시작
작성일: 2026-07-08
내용: 삼성전자는 차세대 AI 인프라에 최적화한 PM1763 SSD의 양산을 시작했다고 발표했다.

질문: 뉴스 근거를 들어 설명해줘",기사 근거만 사용하면 삼성전자는 AI 데이터센터 수요에 대응하기 위해 차세대 SSD 양산을 시작했다. 추가적인 주가 전망은 이 자료만으로 단정할 수 없습니다.
"참고 뉴스:
제목: 신한금융, 2026년 2분기 분기 최대 순이익
작성일: 2026-07-23
내용: 신한금융의 2026년 2분기 순이익은 1조8201억원으로 전 분기 대비 12.2% 증가했다. 상반기 순이익은 3조4427억원으로 전년 동기 대비 13.3% 늘었다.

질문: 이 기사만 보고 신한금융를 매수해도 돼?","이 기사 하나만으로 매수나 매도를 결정하기는 어렵습니다. 실적 추세, 밸류에이션, 수급과 추가 공시를 함께 확인해야 합니다."
"참고 뉴스:
제목: 삼성SDI, 미국 ESS용 각형 배터리 공급 계약
작성일: 2026-03-16
내용: 삼성SDI는 미국에서 1조5000억원 규모의 ESS용 각형 배터리 공급 계약을 수주했다고 발표했다.

질문: 삼성SDI 관련 핵심 숫자를 정리해줘",기사 기준 주요 지표는 계약 규모 1조5000억원입니다.
"참고 뉴스 1:
제목: SK하이닉스, 2026년 2분기 사상 최대 실적
작성일: 2026-07-29
내용: SK하이닉스는 2026년 2분기 매출 79조3187억원, 영업이익 60조5426억원을 발표했다. AI 수요에 대응한 고부가가치 제품 판매가 실적을 이끌었고, 주요 고객과 장기·다년 계약을 확대했다고 설명했다.

참고 뉴스 2:
제목: 삼성바이오로직스, 스위스 폴리펩타이드 인수 추진
작성일: 2026-07-20
내용: 삼성바이오로직스는 스위스 의약품 위탁생산 기업 폴리펩타이드를 약 18억달러에 전액 현금으로 인수하는 공개매수를 추진했다. 회사는 펩타이드 치료제와 비만·당뇨 분야의 생산 역량 확대를 기대했다.

질문: 두 기사에서 확인되는 긍정 요인을 비교해줘","첫 번째 뉴스의 긍정 요인은 AI용 고부가가치 제품 판매와 주요 고객과의 장기 계약 확대이고, 두 번째 뉴스의 긍정 요인은 펩타이드 치료제와 GLP-1 계열 의약품 생산 역량 확대 가능성입니다."
"참고 뉴스:
제목: 삼성SDI, 7개 분기 만에 영업이익 흑자 전환
작성일: 2026-07-30
내용: 삼성SDI는 2026년 2분기 매출 3조7700억원, 영업이익 2038억원을 기록했다. 매출은 전년 동기 대비 18.5%, 전 분기 대비 5.4% 증가했고, 영업이익은 7개 분기 만에 흑자로 전환했다.

질문: 매수와 매도 중 어느 쪽이 맞아?",이 자료만으로 투자 결정을 권하기 어렵습니다. 회사 실적과 시장 환경을 함께 검토해야 합니다.
"참고 뉴스 1:
제목: 삼성바이오로직스, 스위스 폴리펩타이드 인수 추진
작성일: 2026-07-20
내용: 삼성바이오로직스는 스위스 의약품 위탁생산 기업 폴리펩타이드를 약 18억달러에 전액 현금으로 인수하는 공개매수를 추진했다. 회사는 펩타이드 치료제와 비만·당뇨 분야의 생산 역량 확대를 기대했다.

참고 뉴스 2:
제목: HD현대, 2026년 2분기 높은 영업이익 기록
작성일: 2026-07-31
내용: HD현대는 2026년 2분기 연결 매출 22조4094억원, 영업이익 4조1246억원을 기록했다. 영업이익률은 18.4%로 발표됐다.

질문: 어느 쪽이 더 좋다고 단정할 수 있는지 말해줘",두 뉴스는 기업과 상황이 달라 어느 쪽이 더 좋다고 단정하기 어렵습니다. 첫 번째는 삼성바이오로직스는 펩타이드 의약품 사업 강화를 위해 폴리펩타이드 인수를 추진한다. 두 번째는 HD현대는 2분기에 높은 영업이익과 영업이익률을 기록했다.
"참고 뉴스:
제목: HD현대중공업, 2026년 2분기 영업이익 급증
작성일: 2026-07-29
내용: HD현대중공업은 2026년 2분기 영업이익 1조399억원을 기록해 전년 동기 대비 120.6% 증가했다고 발표했다.

질문: 뉴스 근거를 들어 설명해줘",기사 근거만 사용하면 HD현대중공업은 조선 부문 수익성 개선으로 영업이익이 큰 폭으로 증가했다. 추가적인 주가 전망은 이 자료만으로 단정할 수 없습니다.
"참고 뉴스 1:
제목: KB금융, 2026년 상반기 순이익 증가
작성일: 2026-07-23
내용: KB금융은 2026년 상반기 실적 발표 자료를 공개했다. 외부 보도에 따르면 상반기 순이익은 3조8846억원으로 전년 동기 대비 13.1% 증가했다.

참고 뉴스 2:
제목: HD현대중공업, 2026년 2분기 영업이익 급증
작성일: 2026-07-29
내용: HD현대중공업은 2026년 2분기 영업이익 1조399억원을 기록해 전년 동기 대비 120.6% 증가했다고 발표했다.

질문: 두 뉴스의 핵심 내용을 비교해줘",첫 번째 뉴스는 KB금융은 2026년 상반기 순이익이 전년 동기보다 증가했다. 두 번째 뉴스는 HD현대중공업은 조선 부문 수익성 개선으로 영업이익이 큰 폭으로 증가했다.
"참고 뉴스:
제목: 현대차, 하반기 신차 출시로 회복 추진
작성일: 2026-07-23
내용: 현대차는 2분기 영업이익이 감소했지만 연간 전망은 유지했다. 회사는 하반기 투싼과 아반떼 등 주요 신차 출시를 통해 판매 회복을 추진할 계획이라고 밝혔다.

질문: 이 뉴스는 언제 발표된 내용이야?",이 자료의 발표일은 2026-07-23입니다.
"참고 뉴스:
제목: 삼성SDI, 7개 분기 만에 영업이익 흑자 전환
작성일: 2026-07-30
내용: 삼성SDI는 2026년 2분기 매출 3조7700억원, 영업이익 2038억원을 기록했다. 매출은 전년 동기 대비 18.5%, 전 분기 대비 5.4% 증가했고, 영업이익은 7개 분기 만에 흑자로 전환했다.

질문: 이 뉴스만으로 투자 결정을 내려도 될까?",기사만으로 특정 매수·매도 결론을 내릴 수 없습니다. 뉴스에 없는 정보까지 추측해서 판단하면 안 됩니다.
"참고 뉴스 1:
제목: HD현대중공업, 2026년 2분기 영업이익 급증
작성일: 2026-07-29
내용: HD현대중공업은 2026년 2분기 영업이익 1조399억원을 기록해 전년 동기 대비 120.6% 증가했다고 발표했다.

참고 뉴스 2:
제목: 2026년 하반기 국내 증시, 반도체 쏠림에서 업종 확산 가능성
작성일: 2026-07-23
내용: 2026년 상반기 국내 증시는 반도체가 상승을 주도했지만 하반기에는 전력기기, 조선·방산, 바이오, 화장품, 금융 등으로 관심이 확산될 가능성이 제시됐다. 주요 변수로 AI 설비투자, 미국 금리, 기업 실적과 중국 메모리 업체의 추격이 언급됐다.

질문: 두 뉴스의 위험 요인을 나눠서 설명해줘","첫 번째 뉴스의 부담 요인은 기사에는 신규 수주 금액과 후판 가격의 향후 영향은 구체적으로 제시되지 않았다. 두 번째 뉴스의 부담 요인은 미국 금리, 기업 실적, 중국 메모리 업체의 추격과 반도체 기대 조정"
"참고 뉴스 1:
제목: 삼성바이오로직스, 스위스 폴리펩타이드 인수 추진
작성일: 2026-07-20
내용: 삼성바이오로직스는 스위스 의약품 위탁생산 기업 폴리펩타이드를 약 18억달러에 전액 현금으로 인수하는 공개매수를 추진했다. 회사는 펩타이드 치료제와 비만·당뇨 분야의 생산 역량 확대를 기대했다.

참고 뉴스 2:
제목: 셀트리온, 2026년 2분기 분기 최대 매출
작성일: 2026-07-27
내용: 셀트리온은 2026년 2분기 매출 1조3937억원, 영업이익 4518억원을 기록했다. 매출은 전년 동기 대비 45%, 영업이익은 86.3% 증가했고, 고수익 신제품이 바이오의약품 매출의 65%를 차지했다.

질문: 두 뉴스의 핵심 내용을 비교해줘",첫 번째 뉴스는 삼성바이오로직스는 펩타이드 의약품 사업 강화를 위해 폴리펩타이드 인수를 추진한다. 두 번째 뉴스는 셀트리온은 신제품 성장과 원가 개선으로 매출과 영업이익이 크게 증가했다.
"참고 뉴스:
제목: 엔비디아, 네이버 AI 인프라 프로젝트에 투자 추진
작성일: 2026-07-27
내용: 엔비디아는 네이버의 대규모 AI 데이터센터 프로젝트에 약 10억달러를 투자할 계획이다. 네이버는 엔비디아를 대상으로 약 1조4810억원 규모의 신주를 발행하며, 거래 완료 후 엔비디아의 지분율은 약 4.5%가 될 예정이다.

질문: 뉴스에서 확인되는 성장 요인을 알려줘",확인되는 긍정 요인은 글로벌 AI 기업과의 협력 및 AI 데이터센터 인프라 확대입니다.
"참고 뉴스:
제목: 현대차, 하반기 신차 출시로 회복 추진
작성일: 2026-07-23
내용: 현대차는 2분기 영업이익이 감소했지만 연간 전망은 유지했다. 회사는 하반기 투싼과 아반떼 등 주요 신차 출시를 통해 판매 회복을 추진할 계획이라고 밝혔다.

질문: 이 뉴스의 발표 시점을 말해줘",발표 시점은 2026-07-23입니다.
"참고 뉴스:
제목: 한화에어로스페이스, 2026년 2분기 이익 증가
작성일: 2026-07-31
내용: 한화에어로스페이스는 2026년 2분기 순이익 1조800억원을 기록해 전년 동기 대비 277.5% 증가했다. 실적은 시장 예상치를 웃돌았다고 보도됐다.

질문: 긍정적인 내용 말고 위험 요인도 확인해줘",제공된 자료에서 확인되는 부담은 기사에는 향후 수주 일정과 일회성 이익 여부에 대한 상세 분석은 충분히 제시되지 않았다.
"참고 뉴스:
제목: HD현대, 2026년 2분기 높은 영업이익 기록
작성일: 2026-07-31
내용: HD현대는 2026년 2분기 연결 매출 22조4094억원, 영업이익 4조1246억원을 기록했다. 영업이익률은 18.4%로 발표됐다.

질문: 확실히 확인되는 사실과 확인되지 않는 내용을 나눠줘",제공된 뉴스 기준 핵심은 HD현대는 2분기에 높은 영업이익과 영업이익률을 기록했다. 그 밖의 실시간 주가나 목표가격은 확인되지 않습니다.
"참고 뉴스 1:
제목: 삼성전자 DS부문, AI 메모리 수요로 실적 확대
작성일: 2026-07-30
내용: 삼성전자 DS부문은 2026년 2분기 매출 127조5천억원, 영업이익 89조2천억원을 기록했다. 메모리 사업은 AI 수요에 대응해 서버 제품 중심 판매를 확대했고, 업계 전반의 가격 상승도 실적에 기여했다.

참고 뉴스 2:
제목: 삼성전자, AI 인프라용 PM1763 SSD 양산 시작
작성일: 2026-07-08
내용: 삼성전자는 차세대 AI 인프라에 최적화한 PM1763 SSD의 양산을 시작했다고 발표했다.

질문: 두 기사에서 확인되는 긍정 요인을 비교해줘","첫 번째 뉴스의 긍정 요인은 AI 서버 제품 중심 판매 확대와 메모리 가격 상승이고, 두 번째 뉴스의 긍정 요인은 AI 인프라용 고성능 저장장치 제품군 확대입니다."
"참고 뉴스:
제목: 엔비디아, 네이버 AI 인프라 프로젝트에 투자 추진
작성일: 2026-07-27
내용: 엔비디아는 네이버의 대규모 AI 데이터센터 프로젝트에 약 10억달러를 투자할 계획이다. 네이버는 엔비디아를 대상으로 약 1조4810억원 규모의 신주를 발행하며, 거래 완료 후 엔비디아의 지분율은 약 4.5%가 될 예정이다.

질문: 뉴스에 나온 근거를 바탕으로 배경을 정리해줘",이 흐름의 배경은 소버린 AI와 대규모 데이터센터 구축을 위한 자금 및 GPU 인프라 확보가 목적이다.
"참고 뉴스:
제목: 신한금융, 2026년 2분기 분기 최대 순이익
작성일: 2026-07-23
내용: 신한금융의 2026년 2분기 순이익은 1조8201억원으로 전 분기 대비 12.2% 증가했다. 상반기 순이익은 3조4427억원으로 전년 동기 대비 13.3% 늘었다.

질문: 긍정적인 내용 말고 위험 요인도 확인해줘",제공된 자료에서 확인되는 부담은 기사에는 향후 대손비용과 금리 하락이 순이자마진에 미칠 구체적 영향은 포함되지 않았다.
"참고 뉴스:
제목: 코스닥, 2차전지·바이오 순환매로 급등
작성일: 2026-06-29
내용: 2026년 6월 29일 코스피는 외국인의 대규모 매도 속에 0.2% 하락했고, 코스닥은 2차전지와 바이오주 강세로 8.13% 상승했다. 장중 코스닥 매수 사이드카가 발동됐다.

질문: 이 뉴스만으로 투자 결정을 내려도 될까?",기사만으로 특정 매수·매도 결론을 내릴 수 없습니다. 뉴스에 없는 정보까지 추측해서 판단하면 안 됩니다.
"참고 뉴스 1:
제목: HD현대중공업, 2026년 2분기 영업이익 급증
작성일: 2026-07-29
내용: HD현대중공업은 2026년 2분기 영업이익 1조399억원을 기록해 전년 동기 대비 120.6% 증가했다고 발표했다.

참고 뉴스 2:
제목: 코스닥, 2차전지·바이오 순환매로 급등
작성일: 2026-06-29
내용: 2026년 6월 29일 코스피는 외국인의 대규모 매도 속에 0.2% 하락했고, 코스닥은 2차전지와 바이오주 강세로 8.13% 상승했다. 장중 코스닥 매수 사이드카가 발동됐다.

질문: 두 뉴스의 위험 요인을 나눠서 설명해줘",첫 번째 뉴스의 부담 요인은 기사에는 신규 수주 금액과 후판 가격의 향후 영향은 구체적으로 제시되지 않았다. 두 번째 뉴스의 부담 요인은 외국인 대규모 매도와 시장 변동성 확대
"참고 뉴스 1:
제목: 삼성전자 DS부문, AI 메모리 수요로 실적 확대
작성일: 2026-07-30
내용: 삼성전자 DS부문은 2026년 2분기 매출 127조5천억원, 영업이익 89조2천억원을 기록했다. 메모리 사업은 AI 수요에 대응해 서버 제품 중심 판매를 확대했고, 업계 전반의 가격 상승도 실적에 기여했다.

참고 뉴스 2:
제목: 삼성전자, AI 인프라용 PM1763 SSD 양산 시작
작성일: 2026-07-08
내용: 삼성전자는 차세대 AI 인프라에 최적화한 PM1763 SSD의 양산을 시작했다고 발표했다.

질문: 두 뉴스의 위험 요인을 나눠서 설명해줘","첫 번째 뉴스의 부담 요인은 기사에는 생산능력 제약이 언급됐지만 구체적인 손실 규모는 제시되지 않았다. 두 번째 뉴스의 부담 요인은 시장 점유율, 판매 가격과 실제 수익 기여 규모는 확인할 수 없다."
"참고 뉴스:
제목: 한화에어로스페이스, 2026년 2분기 이익 증가
작성일: 2026-07-31
내용: 한화에어로스페이스는 2026년 2분기 순이익 1조800억원을 기록해 전년 동기 대비 277.5% 증가했다. 실적은 시장 예상치를 웃돌았다고 보도됐다.

질문: 이 기사에 나온 적정 주가가 얼마야?",기사에 증권사 목표가격이 제시되지 않아 답할 수 없습니다.
"참고 뉴스 1:
제목: 삼성전자, 2026년 2분기 실적 발표
작성일: 2026-07-30
내용: 삼성전자는 2026년 2분기 연결 매출 171조5천억원, 영업이익 89조5천억원을 기록했다. 매출과 영업이익 모두 분기 기준 최고치를 경신했으며, 전 분기 대비 매출은 28% 증가했다.

참고 뉴스 2:
제목: 한화에어로스페이스, 2026년 2분기 이익 증가
작성일: 2026-07-31
내용: 한화에어로스페이스는 2026년 2분기 순이익 1조800억원을 기록해 전년 동기 대비 277.5% 증가했다. 실적은 시장 예상치를 웃돌았다고 보도됐다.

질문: 두 뉴스의 핵심 내용을 비교해줘",첫 번째 뉴스는 삼성전자는 2026년 2분기에 매출과 영업이익 모두 분기 최고치를 기록했다. 두 번째 뉴스는 한화에어로스페이스는 2분기 순이익이 크게 증가하며 시장 기대를 웃돌았다.
"참고 뉴스:
제목: 현대차, 2026년 2분기 매출 증가에도 영업이익 감소
작성일: 2026-07-23
내용: 현대차의 2026년 2분기 매출은 49조2150억원으로 전년 동기 대비 1.9% 증가했다. 영업이익은 2조8510억원으로 20.8% 감소했고, 글로벌 판매량은 6.9% 줄었다.

질문: 현재 시세와 등락률을 말해줘",현재 주가는 기사 작성 시점과 달라질 수 있어 별도 시세 조회가 필요합니다.
"참고 뉴스 1:
제목: 2026년 하반기 국내 증시, 반도체 쏠림에서 업종 확산 가능성
작성일: 2026-07-23
내용: 2026년 상반기 국내 증시는 반도체가 상승을 주도했지만 하반기에는 전력기기, 조선·방산, 바이오, 화장품, 금융 등으로 관심이 확산될 가능성이 제시됐다. 주요 변수로 AI 설비투자, 미국 금리, 기업 실적과 중국 메모리 업체의 추격이 언급됐다.

참고 뉴스 2:
제목: 7월 국내 증시, 소외 업종으로 자금 이동 가능성
작성일: 2026-07-01
내용: 7월에는 상반기 주도주였던 반도체에서 자동차, 2차전지, 바이오 등 상대적으로 소외됐던 업종으로 자금이 이동할 수 있다는 전망이 나왔다. 반도체 조정이 곧 업황 훼손을 의미하는 것은 아니라는 분석도 제시됐다.

질문: 두 기사에서 확인되는 긍정 요인을 비교해줘","첫 번째 뉴스의 긍정 요인은 AI 설비투자 확대가 전력기기·조선·방산 등 국내 공급망에 기회가 될 수 있다.이고, 두 번째 뉴스의 긍정 요인은 소외 업종으로의 순환매 가능성과 반도체 펀더멘털 유지 전망입니다."
"참고 뉴스:
제목: 코스닥, 2차전지·바이오 순환매로 급등
작성일: 2026-06-29
내용: 2026년 6월 29일 코스피는 외국인의 대규모 매도 속에 0.2% 하락했고, 코스닥은 2차전지와 바이오주 강세로 8.13% 상승했다. 장중 코스닥 매수 사이드카가 발동됐다.

질문: 참고 뉴스에서 확인되는 내용만 말해줘","확인되는 사실은 외국인 매도로 코스피가 약세를 보인 반면 코스닥은 2차전지와 바이오 순환매로 급등했다. 주요 수치는 코스피 0.2% 하락, 코스닥 8.13% 상승입니다. 기사에 없는 목표주가나 현재 시세는 확인할 수 없습니다."
"참고 뉴스:
제목: 삼성바이오로직스, 2026년 2분기 실적 발표
작성일: 2026-07-23
내용: 삼성바이오로직스는 2026년 2분기 매출 1조3210억원, 영업이익 5860억원을 기록했다. 1공장부터 4공장까지 안정적인 생산 운영과 고객 프로젝트 수행이 실적에 반영됐다.

질문: 참고 뉴스의 핵심만 설명해줘",이 뉴스의 중심 내용은 삼성바이오로직스는 안정적인 공장 운영을 바탕으로 견조한 2분기 실적을 기록했다.
"참고 뉴스:
제목: 7월 국내 증시, 소외 업종으로 자금 이동 가능성
작성일: 2026-07-01
내용: 7월에는 상반기 주도주였던 반도체에서 자동차, 2차전지, 바이오 등 상대적으로 소외됐던 업종으로 자금이 이동할 수 있다는 전망이 나왔다. 반도체 조정이 곧 업황 훼손을 의미하는 것은 아니라는 분석도 제시됐다.

질문: 국내 증시의 부담 요인은 뭐야?",부담 요인은 순환매가 실제 실적 개선으로 이어지지 않으면 변동성이 커질 수 있다.
"참고 뉴스 1:
제목: 삼성SDI, 7개 분기 만에 영업이익 흑자 전환
작성일: 2026-07-30
내용: 삼성SDI는 2026년 2분기 매출 3조7700억원, 영업이익 2038억원을 기록했다. 매출은 전년 동기 대비 18.5%, 전 분기 대비 5.4% 증가했고, 영업이익은 7개 분기 만에 흑자로 전환했다.

참고 뉴스 2:
제목: 7월 국내 증시, 소외 업종으로 자금 이동 가능성
작성일: 2026-07-01
내용: 7월에는 상반기 주도주였던 반도체에서 자동차, 2차전지, 바이오 등 상대적으로 소외됐던 업종으로 자금이 이동할 수 있다는 전망이 나왔다. 반도체 조정이 곧 업황 훼손을 의미하는 것은 아니라는 분석도 제시됐다.

질문: 어느 쪽이 더 좋다고 단정할 수 있는지 말해줘",두 뉴스는 기업과 상황이 달라 어느 쪽이 더 좋다고 단정하기 어렵습니다. 첫 번째는 삼성SDI는 매출 증가와 함께 7개 분기 만에 영업이익 흑자 전환에 성공했다. 두 번째는 7월에는 반도체에서 자동차·2차전지·바이오로 포트폴리오가 이동할 가능성이 제기됐다.
"참고 뉴스 1:
제목: 네이버, 2026년 1분기 매출 16.3% 증가
작성일: 2026-04-30
내용: 네이버는 2026년 1분기 매출 3조2411억원, 영업이익 5418억원을 기록했다. 매출은 전년 동기 대비 16.3%, 영업이익은 7.2% 증가했으며 광고와 커머스 등 핵심 사업의 AI 적용이 성장에 기여했다.

참고 뉴스 2:
제목: 한화에어로스페이스, 2026년 2분기 이익 증가
작성일: 2026-07-31
내용: 한화에어로스페이스는 2026년 2분기 순이익 1조800억원을 기록해 전년 동기 대비 277.5% 증가했다. 실적은 시장 예상치를 웃돌았다고 보도됐다.

질문: 어느 쪽이 더 좋다고 단정할 수 있는지 말해줘",두 뉴스는 기업과 상황이 달라 어느 쪽이 더 좋다고 단정하기 어렵습니다. 첫 번째는 네이버는 광고와 커머스의 성장 및 AI 적용을 바탕으로 매출과 영업이익이 증가했다. 두 번째는 한화에어로스페이스는 2분기 순이익이 크게 증가하며 시장 기대를 웃돌았다.
"참고 뉴스:
제목: 2026년 하반기 국내 증시, 반도체 쏠림에서 업종 확산 가능성
작성일: 2026-07-23
내용: 2026년 상반기 국내 증시는 반도체가 상승을 주도했지만 하반기에는 전력기기, 조선·방산, 바이오, 화장품, 금융 등으로 관심이 확산될 가능성이 제시됐다. 주요 변수로 AI 설비투자, 미국 금리, 기업 실적과 중국 메모리 업체의 추격이 언급됐다.

질문: 국내 증시 뉴스 핵심을 한 문장으로 정리해줘",하반기 국내 증시는 반도체 중심 장세에서 실적 개선 업종으로 관심이 분산될 가능성이 있다.
"참고 뉴스:
제목: 현대차, 2026년 2분기 매출 증가에도 영업이익 감소
작성일: 2026-07-23
내용: 현대차의 2026년 2분기 매출은 49조2150억원으로 전년 동기 대비 1.9% 증가했다. 영업이익은 2조8510억원으로 20.8% 감소했고, 글로벌 판매량은 6.9% 줄었다.

질문: 현대차의 긍정 요인은 뭐야?",긍정 요인은 매출이 전년 동기 대비 1.9% 증가한 점입니다.
"참고 뉴스:
제목: 삼성SDI, 미국 ESS용 각형 배터리 공급 계약
작성일: 2026-03-16
내용: 삼성SDI는 미국에서 1조5000억원 규모의 ESS용 각형 배터리 공급 계약을 수주했다고 발표했다.

질문: 실적 숫자만 정리해줘",정량 정보는 계약 규모 1조5000억원입니다.
"참고 뉴스:
제목: 2026년 하반기 국내 증시, 반도체 쏠림에서 업종 확산 가능성
작성일: 2026-07-23
내용: 2026년 상반기 국내 증시는 반도체가 상승을 주도했지만 하반기에는 전력기기, 조선·방산, 바이오, 화장품, 금융 등으로 관심이 확산될 가능성이 제시됐다. 주요 변수로 AI 설비투자, 미국 금리, 기업 실적과 중국 메모리 업체의 추격이 언급됐다.

질문: 국내 증시 실적이나 변화의 배경을 설명해줘",기사에서 제시한 배경은 상반기 반도체 쏠림 이후 상대적으로 덜 오른 업종으로 자금이 이동할 가능성이 제기됐다.
"참고 뉴스 1:
제목: 삼성SDI, 7개 분기 만에 영업이익 흑자 전환
작성일: 2026-07-30
내용: 삼성SDI는 2026년 2분기 매출 3조7700억원, 영업이익 2038억원을 기록했다. 매출은 전년 동기 대비 18.5%, 전 분기 대비 5.4% 증가했고, 영업이익은 7개 분기 만에 흑자로 전환했다.

참고 뉴스 2:
제목: 2026년 하반기 국내 증시, 반도체 쏠림에서 업종 확산 가능성
작성일: 2026-07-23
내용: 2026년 상반기 국내 증시는 반도체가 상승을 주도했지만 하반기에는 전력기기, 조선·방산, 바이오, 화장품, 금융 등으로 관심이 확산될 가능성이 제시됐다. 주요 변수로 AI 설비투자, 미국 금리, 기업 실적과 중국 메모리 업체의 추격이 언급됐다.

질문: 어느 쪽이 더 좋다고 단정할 수 있는지 말해줘",두 뉴스는 기업과 상황이 달라 어느 쪽이 더 좋다고 단정하기 어렵습니다. 첫 번째는 삼성SDI는 매출 증가와 함께 7개 분기 만에 영업이익 흑자 전환에 성공했다. 두 번째는 하반기 국내 증시는 반도체 중심 장세에서 실적 개선 업종으로 관심이 분산될 가능성이 있다.
"참고 뉴스:
제목: 코스닥, 2차전지·바이오 순환매로 급등
작성일: 2026-06-29
내용: 2026년 6월 29일 코스피는 외국인의 대규모 매도 속에 0.2% 하락했고, 코스닥은 2차전지와 바이오주 강세로 8.13% 상승했다. 장중 코스닥 매수 사이드카가 발동됐다.

질문: 이 자료의 기준 날짜가 언제야?",2026-06-29에 나온 내용입니다.
"참고 뉴스:
제목: 7월 국내 증시, 소외 업종으로 자금 이동 가능성
작성일: 2026-07-01
내용: 7월에는 상반기 주도주였던 반도체에서 자동차, 2차전지, 바이오 등 상대적으로 소외됐던 업종으로 자금이 이동할 수 있다는 전망이 나왔다. 반도체 조정이 곧 업황 훼손을 의미하는 것은 아니라는 분석도 제시됐다.

질문: 국내 증시에 유리한 내용이 있어?",호재로 해석할 수 있는 내용은 소외 업종으로의 순환매 가능성과 반도체 펀더멘털 유지 전망입니다.
"참고 뉴스:
제목: 현대차, 2026년 2분기 매출 증가에도 영업이익 감소
작성일: 2026-07-23
내용: 현대차의 2026년 2분기 매출은 49조2150억원으로 전년 동기 대비 1.9% 증가했다. 영업이익은 2조8510억원으로 20.8% 감소했고, 글로벌 판매량은 6.9% 줄었다.

질문: 현대차 관련 내용을 짧게 요약해줘",제공된 기사 기준으로는 현대차는 매출은 증가했지만 판매 감소와 비용 부담으로 영업이익이 줄었다.
"참고 뉴스 1:
제목: 삼성전자, 2026년 2분기 실적 발표
작성일: 2026-07-30
내용: 삼성전자는 2026년 2분기 연결 매출 171조5천억원, 영업이익 89조5천억원을 기록했다. 매출과 영업이익 모두 분기 기준 최고치를 경신했으며, 전 분기 대비 매출은 28% 증가했다.

참고 뉴스 2:
제목: 2026년 하반기 국내 증시, 반도체 쏠림에서 업종 확산 가능성
작성일: 2026-07-23
내용: 2026년 상반기 국내 증시는 반도체가 상승을 주도했지만 하반기에는 전력기기, 조선·방산, 바이오, 화장품, 금융 등으로 관심이 확산될 가능성이 제시됐다. 주요 변수로 AI 설비투자, 미국 금리, 기업 실적과 중국 메모리 업체의 추격이 언급됐다.

질문: 두 뉴스의 핵심 내용을 비교해줘",첫 번째 뉴스는 삼성전자는 2026년 2분기에 매출과 영업이익 모두 분기 최고치를 기록했다. 두 번째 뉴스는 하반기 국내 증시는 반도체 중심 장세에서 실적 개선 업종으로 관심이 분산될 가능성이 있다.
"참고 뉴스:
제목: 삼성바이오로직스, 2026년 2분기 실적 발표
작성일: 2026-07-23
내용: 삼성바이오로직스는 2026년 2분기 매출 1조3210억원, 영업이익 5860억원을 기록했다. 1공장부터 4공장까지 안정적인 생산 운영과 고객 프로젝트 수행이 실적에 반영됐다.

질문: 삼성바이오로직스 관련 핵심 숫자를 정리해줘","기사 기준 주요 지표는 매출 1조3210억원, 영업이익 5860억원입니다."
"참고 뉴스:
제목: 삼성전자, AI 인프라용 PM1763 SSD 양산 시작
작성일: 2026-07-08
내용: 삼성전자는 차세대 AI 인프라에 최적화한 PM1763 SSD의 양산을 시작했다고 발표했다.

질문: 제공된 자료 범위 안에서만 답해줘",확실히 확인되는 사실은 삼성전자는 AI 데이터센터 수요에 대응하기 위해 차세대 SSD 양산을 시작했다. 다만 기사에 없는 투자 의견이나 가격 정보는 추측할 수 없습니다.
"참고 뉴스:
제목: SK하이닉스, 2026년 2분기 사상 최대 실적
작성일: 2026-07-29
내용: SK하이닉스는 2026년 2분기 매출 79조3187억원, 영업이익 60조5426억원을 발표했다. AI 수요에 대응한 고부가가치 제품 판매가 실적을 이끌었고, 주요 고객과 장기·다년 계약을 확대했다고 설명했다.

질문: 참고 뉴스의 핵심만 설명해줘",이 뉴스의 중심 내용은 SK하이닉스는 AI 수요와 고부가가치 메모리 판매를 바탕으로 분기 최고 실적을 기록했다.
"참고 뉴스:
제목: 삼성바이오로직스, 스위스 폴리펩타이드 인수 추진
작성일: 2026-07-20
내용: 삼성바이오로직스는 스위스 의약품 위탁생산 기업 폴리펩타이드를 약 18억달러에 전액 현금으로 인수하는 공개매수를 추진했다. 회사는 펩타이드 치료제와 비만·당뇨 분야의 생산 역량 확대를 기대했다.

질문: 증권사 목표가격을 알려줘",이 뉴스만으로는 목표주가를 확인할 수 없습니다.
"참고 뉴스 1:
제목: 삼성전자, 2026년 2분기 실적 발표
작성일: 2026-07-30
내용: 삼성전자는 2026년 2분기 연결 매출 171조5천억원, 영업이익 89조5천억원을 기록했다. 매출과 영업이익 모두 분기 기준 최고치를 경신했으며, 전 분기 대비 매출은 28% 증가했다.

참고 뉴스 2:
제목: HD현대, 2026년 2분기 높은 영업이익 기록
작성일: 2026-07-31
내용: HD현대는 2026년 2분기 연결 매출 22조4094억원, 영업이익 4조1246억원을 기록했다. 영업이익률은 18.4%로 발표됐다.

질문: 어느 쪽이 더 좋다고 단정할 수 있는지 말해줘",두 뉴스는 기업과 상황이 달라 어느 쪽이 더 좋다고 단정하기 어렵습니다. 첫 번째는 삼성전자는 2026년 2분기에 매출과 영업이익 모두 분기 최고치를 기록했다. 두 번째는 HD현대는 2분기에 높은 영업이익과 영업이익률을 기록했다.
"참고 뉴스:
제목: 삼성전자 DS부문, AI 메모리 수요로 실적 확대
작성일: 2026-07-30
내용: 삼성전자 DS부문은 2026년 2분기 매출 127조5천억원, 영업이익 89조2천억원을 기록했다. 메모리 사업은 AI 수요에 대응해 서버 제품 중심 판매를 확대했고, 업계 전반의 가격 상승도 실적에 기여했다.

질문: 참고 뉴스의 핵심만 설명해줘",이 뉴스의 중심 내용은 삼성전자 반도체 부문은 AI 서버용 메모리 수요와 가격 상승의 영향을 받았다.
"참고 뉴스:
제목: 현대차, 2026년 2분기 매출 증가에도 영업이익 감소
작성일: 2026-07-23
내용: 현대차의 2026년 2분기 매출은 49조2150억원으로 전년 동기 대비 1.9% 증가했다. 영업이익은 2조8510억원으로 20.8% 감소했고, 글로벌 판매량은 6.9% 줄었다.

질문: 이 기사에서 가장 중요한 내용이 뭐야?",핵심은 현대차는 매출은 증가했지만 판매 감소와 비용 부담으로 영업이익이 줄었다.
"참고 뉴스:
제목: 현대차, 하반기 신차 출시로 회복 추진
작성일: 2026-07-23
내용: 현대차는 2분기 영업이익이 감소했지만 연간 전망은 유지했다. 회사는 하반기 투싼과 아반떼 등 주요 신차 출시를 통해 판매 회복을 추진할 계획이라고 밝혔다.

질문: 이 뉴스에 나온 수치가 뭐야?",제공된 자료에 나온 숫자는 기사에는 구체적인 하반기 판매 목표 수치가 제시되지 않았다.입니다.
"참고 뉴스 1:
제목: 엔비디아, 네이버 AI 인프라 프로젝트에 투자 추진
작성일: 2026-07-27
내용: 엔비디아는 네이버의 대규모 AI 데이터센터 프로젝트에 약 10억달러를 투자할 계획이다. 네이버는 엔비디아를 대상으로 약 1조4810억원 규모의 신주를 발행하며, 거래 완료 후 엔비디아의 지분율은 약 4.5%가 될 예정이다.

참고 뉴스 2:
제목: 한화에어로스페이스, 2026년 2분기 이익 증가
작성일: 2026-07-31
내용: 한화에어로스페이스는 2026년 2분기 순이익 1조800억원을 기록해 전년 동기 대비 277.5% 증가했다. 실적은 시장 예상치를 웃돌았다고 보도됐다.

질문: 어느 쪽이 더 좋다고 단정할 수 있는지 말해줘",두 뉴스는 기업과 상황이 달라 어느 쪽이 더 좋다고 단정하기 어렵습니다. 첫 번째는 네이버는 엔비디아 투자와 신주 발행을 통해 대규모 AI 인프라 구축을 추진한다. 두 번째는 한화에어로스페이스는 2분기 순이익이 크게 증가하며 시장 기대를 웃돌았다.
"참고 뉴스:
제목: 삼성전자, AI 인프라용 PM1763 SSD 양산 시작
작성일: 2026-07-08
내용: 삼성전자는 차세대 AI 인프라에 최적화한 PM1763 SSD의 양산을 시작했다고 발표했다.

질문: 뉴스에서 확인되는 성장 요인을 알려줘",확인되는 긍정 요인은 AI 인프라용 고성능 저장장치 제품군 확대입니다.
"참고 뉴스:
제목: 신한금융, 2026년 2분기 분기 최대 순이익
작성일: 2026-07-23
내용: 신한금융의 2026년 2분기 순이익은 1조8201억원으로 전 분기 대비 12.2% 증가했다. 상반기 순이익은 3조4427억원으로 전년 동기 대비 13.3% 늘었다.

질문: 신한금융 관련 내용을 짧게 요약해줘",제공된 기사 기준으로는 신한금융은 2분기와 상반기 순이익이 모두 증가하며 높은 실적을 기록했다.
"참고 뉴스:
제목: 삼성SDI, 7개 분기 만에 영업이익 흑자 전환
작성일: 2026-07-30
내용: 삼성SDI는 2026년 2분기 매출 3조7700억원, 영업이익 2038억원을 기록했다. 매출은 전년 동기 대비 18.5%, 전 분기 대비 5.4% 증가했고, 영업이익은 7개 분기 만에 흑자로 전환했다.

질문: 참고 뉴스의 핵심만 설명해줘",이 뉴스의 중심 내용은 삼성SDI는 매출 증가와 함께 7개 분기 만에 영업이익 흑자 전환에 성공했다.
"참고 뉴스:
제목: 코스닥, 2차전지·바이오 순환매로 급등
작성일: 2026-06-29
내용: 2026년 6월 29일 코스피는 외국인의 대규모 매도 속에 0.2% 하락했고, 코스닥은 2차전지와 바이오주 강세로 8.13% 상승했다. 장중 코스닥 매수 사이드카가 발동됐다.

질문: 기사에 없는 내용은 추측하지 말고 답해줘","자료 안에서 확인되는 내용은 외국인 매도로 코스피가 약세를 보인 반면 코스닥은 2차전지와 바이오 순환매로 급등했다. 긍정 요인은 2차전지와 바이오 업종으로의 강한 순환매이며, 부담 요인은 외국인 대규모 매도와 시장 변동성 확대"
"참고 뉴스 1:
제목: 삼성전자, 2026년 2분기 실적 발표
작성일: 2026-07-30
내용: 삼성전자는 2026년 2분기 연결 매출 171조5천억원, 영업이익 89조5천억원을 기록했다. 매출과 영업이익 모두 분기 기준 최고치를 경신했으며, 전 분기 대비 매출은 28% 증가했다.

참고 뉴스 2:
제목: 현대차, 하반기 신차 출시로 회복 추진
작성일: 2026-07-23
내용: 현대차는 2분기 영업이익이 감소했지만 연간 전망은 유지했다. 회사는 하반기 투싼과 아반떼 등 주요 신차 출시를 통해 판매 회복을 추진할 계획이라고 밝혔다.

질문: 어느 쪽이 더 좋다고 단정할 수 있는지 말해줘",두 뉴스는 기업과 상황이 달라 어느 쪽이 더 좋다고 단정하기 어렵습니다. 첫 번째는 삼성전자는 2026년 2분기에 매출과 영업이익 모두 분기 최고치를 기록했다. 두 번째는 현대차는 실적 부담에도 연간 전망을 유지하고 하반기 신차로 회복을 추진한다.
"참고 뉴스:
제목: 코스닥, 2차전지·바이오 순환매로 급등
작성일: 2026-06-29
내용: 2026년 6월 29일 코스피는 외국인의 대규모 매도 속에 0.2% 하락했고, 코스닥은 2차전지와 바이오주 강세로 8.13% 상승했다. 장중 코스닥 매수 사이드카가 발동됐다.

질문: 이 기사만 보고 국내 증시를 매수해도 돼?","이 기사 하나만으로 매수나 매도를 결정하기는 어렵습니다. 실적 추세, 밸류에이션, 수급과 추가 공시를 함께 확인해야 합니다."
"참고 뉴스 1:
제목: 엔비디아, 네이버 AI 인프라 프로젝트에 투자 추진
작성일: 2026-07-27
내용: 엔비디아는 네이버의 대규모 AI 데이터센터 프로젝트에 약 10억달러를 투자할 계획이다. 네이버는 엔비디아를 대상으로 약 1조4810억원 규모의 신주를 발행하며, 거래 완료 후 엔비디아의 지분율은 약 4.5%가 될 예정이다.

참고 뉴스 2:
제목: 한화에어로스페이스, 2026년 2분기 이익 증가
작성일: 2026-07-31
내용: 한화에어로스페이스는 2026년 2분기 순이익 1조800억원을 기록해 전년 동기 대비 277.5% 증가했다. 실적은 시장 예상치를 웃돌았다고 보도됐다.

질문: 두 기사에서 확인되는 긍정 요인을 비교해줘","첫 번째 뉴스의 긍정 요인은 글로벌 AI 기업과의 협력 및 AI 데이터센터 인프라 확대이고, 두 번째 뉴스의 긍정 요인은 순이익의 큰 폭 증가와 시장 예상 상회입니다."
"참고 뉴스 1:
제목: 현대차, 2026년 2분기 매출 증가에도 영업이익 감소
작성일: 2026-07-23
내용: 현대차의 2026년 2분기 매출은 49조2150억원으로 전년 동기 대비 1.9% 증가했다. 영업이익은 2조8510억원으로 20.8% 감소했고, 글로벌 판매량은 6.9% 줄었다.

참고 뉴스 2:
제목: 삼성바이오로직스, 스위스 폴리펩타이드 인수 추진
작성일: 2026-07-20
내용: 삼성바이오로직스는 스위스 의약품 위탁생산 기업 폴리펩타이드를 약 18억달러에 전액 현금으로 인수하는 공개매수를 추진했다. 회사는 펩타이드 치료제와 비만·당뇨 분야의 생산 역량 확대를 기대했다.

질문: 두 뉴스의 핵심 내용을 비교해줘",첫 번째 뉴스는 현대차는 매출은 증가했지만 판매 감소와 비용 부담으로 영업이익이 줄었다. 두 번째 뉴스는 삼성바이오로직스는 펩타이드 의약품 사업 강화를 위해 폴리펩타이드 인수를 추진한다.
"참고 뉴스:
제목: 삼성SDI, 7개 분기 만에 영업이익 흑자 전환
작성일: 2026-07-30
내용: 삼성SDI는 2026년 2분기 매출 3조7700억원, 영업이익 2038억원을 기록했다. 매출은 전년 동기 대비 18.5%, 전 분기 대비 5.4% 증가했고, 영업이익은 7개 분기 만에 흑자로 전환했다.

질문: 긍정적인 내용만 근거를 들어 정리해줘",제공된 뉴스 기준 성장 요인은 7개 분기 만의 영업이익 흑자 전환과 매출 증가입니다.
"참고 뉴스:
제목: 현대차, 2026년 2분기 매출 증가에도 영업이익 감소
작성일: 2026-07-23
내용: 현대차의 2026년 2분기 매출은 49조2150억원으로 전년 동기 대비 1.9% 증가했다. 영업이익은 2조8510억원으로 20.8% 감소했고, 글로벌 판매량은 6.9% 줄었다.

질문: 현대차 뉴스 핵심을 한 문장으로 정리해줘",현대차는 매출은 증가했지만 판매 감소와 비용 부담으로 영업이익이 줄었다.
"참고 뉴스:
제목: 신한금융, 2026년 2분기 분기 최대 순이익
작성일: 2026-07-23
내용: 신한금융의 2026년 2분기 순이익은 1조8201억원으로 전 분기 대비 12.2% 증가했다. 상반기 순이익은 3조4427억원으로 전년 동기 대비 13.3% 늘었다.

질문: 기사에서 제시한 원인이 무엇인지 알려줘",주된 원인은 이자이익과 비이자이익의 안정적인 증가가 실적에 기여했다.
"참고 뉴스 1:
제목: 삼성SDI, 7개 분기 만에 영업이익 흑자 전환
작성일: 2026-07-30
내용: 삼성SDI는 2026년 2분기 매출 3조7700억원, 영업이익 2038억원을 기록했다. 매출은 전년 동기 대비 18.5%, 전 분기 대비 5.4% 증가했고, 영업이익은 7개 분기 만에 흑자로 전환했다.

참고 뉴스 2:
제목: 7월 국내 증시, 소외 업종으로 자금 이동 가능성
작성일: 2026-07-01
내용: 7월에는 상반기 주도주였던 반도체에서 자동차, 2차전지, 바이오 등 상대적으로 소외됐던 업종으로 자금이 이동할 수 있다는 전망이 나왔다. 반도체 조정이 곧 업황 훼손을 의미하는 것은 아니라는 분석도 제시됐다.

질문: 두 뉴스의 핵심 내용을 비교해줘",첫 번째 뉴스는 삼성SDI는 매출 증가와 함께 7개 분기 만에 영업이익 흑자 전환에 성공했다. 두 번째 뉴스는 7월에는 반도체에서 자동차·2차전지·바이오로 포트폴리오가 이동할 가능성이 제기됐다.
"참고 뉴스 1:
제목: SK하이닉스, 2026년 2분기 사상 최대 실적
작성일: 2026-07-29
내용: SK하이닉스는 2026년 2분기 매출 79조3187억원, 영업이익 60조5426억원을 발표했다. AI 수요에 대응한 고부가가치 제품 판매가 실적을 이끌었고, 주요 고객과 장기·다년 계약을 확대했다고 설명했다.

참고 뉴스 2:
제목: 삼성바이오로직스, 스위스 폴리펩타이드 인수 추진
작성일: 2026-07-20
내용: 삼성바이오로직스는 스위스 의약품 위탁생산 기업 폴리펩타이드를 약 18억달러에 전액 현금으로 인수하는 공개매수를 추진했다. 회사는 펩타이드 치료제와 비만·당뇨 분야의 생산 역량 확대를 기대했다.

질문: 두 뉴스의 위험 요인을 나눠서 설명해줘","첫 번째 뉴스의 부담 요인은 기사에는 현재 주가나 목표주가, 구체적인 수요 둔화 전망은 포함되지 않았다. 두 번째 뉴스의 부담 요인은 대규모 현금 인수에 따른 자금 부담과 인수 후 통합 위험"
"참고 뉴스:
제목: 삼성바이오로직스, 스위스 폴리펩타이드 인수 추진
작성일: 2026-07-20
내용: 삼성바이오로직스는 스위스 의약품 위탁생산 기업 폴리펩타이드를 약 18억달러에 전액 현금으로 인수하는 공개매수를 추진했다. 회사는 펩타이드 치료제와 비만·당뇨 분야의 생산 역량 확대를 기대했다.

질문: 삼성바이오로직스 뉴스 핵심을 한 문장으로 정리해줘",삼성바이오로직스는 펩타이드 의약품 사업 강화를 위해 폴리펩타이드 인수를 추진한다.
"참고 뉴스:
제목: 7월 국내 증시, 소외 업종으로 자금 이동 가능성
작성일: 2026-07-01
내용: 7월에는 상반기 주도주였던 반도체에서 자동차, 2차전지, 바이오 등 상대적으로 소외됐던 업종으로 자금이 이동할 수 있다는 전망이 나왔다. 반도체 조정이 곧 업황 훼손을 의미하는 것은 아니라는 분석도 제시됐다.

질문: 언제 나온 소식인지 확인해줘",이 뉴스는 2026-07-01 기준입니다.
"참고 뉴스:
제목: 신한금융, 2026년 2분기 분기 최대 순이익
작성일: 2026-07-23
내용: 신한금융의 2026년 2분기 순이익은 1조8201억원으로 전 분기 대비 12.2% 증가했다. 상반기 순이익은 3조4427억원으로 전년 동기 대비 13.3% 늘었다.

질문: 신한금융의 목표주가를 숫자로 말해줘",제공된 자료에는 적정 주가나 목표주가 정보가 포함되지 않았습니다.
"참고 뉴스 1:
제목: 현대차, 하반기 신차 출시로 회복 추진
작성일: 2026-07-23
내용: 현대차는 2분기 영업이익이 감소했지만 연간 전망은 유지했다. 회사는 하반기 투싼과 아반떼 등 주요 신차 출시를 통해 판매 회복을 추진할 계획이라고 밝혔다.

참고 뉴스 2:
제목: 신한금융, 2026년 2분기 분기 최대 순이익
작성일: 2026-07-23
내용: 신한금융의 2026년 2분기 순이익은 1조8201억원으로 전 분기 대비 12.2% 증가했다. 상반기 순이익은 3조4427억원으로 전년 동기 대비 13.3% 늘었다.

질문: 어느 쪽이 더 좋다고 단정할 수 있는지 말해줘",두 뉴스는 기업과 상황이 달라 어느 쪽이 더 좋다고 단정하기 어렵습니다. 첫 번째는 현대차는 실적 부담에도 연간 전망을 유지하고 하반기 신차로 회복을 추진한다. 두 번째는 신한금융은 2분기와 상반기 순이익이 모두 증가하며 높은 실적을 기록했다.
"참고 뉴스:
제목: SK하이닉스, 2026년 2분기 사상 최대 실적
작성일: 2026-07-29
내용: SK하이닉스는 2026년 2분기 매출 79조3187억원, 영업이익 60조5426억원을 발표했다. AI 수요에 대응한 고부가가치 제품 판매가 실적을 이끌었고, 주요 고객과 장기·다년 계약을 확대했다고 설명했다.

질문: 기사에 없는 내용은 추측하지 말고 답해줘","자료 안에서 확인되는 내용은 SK하이닉스는 AI 수요와 고부가가치 메모리 판매를 바탕으로 분기 최고 실적을 기록했다. 긍정 요인은 AI용 고부가가치 제품 판매와 주요 고객과의 장기 계약 확대이며, 부담 요인은 기사에는 현재 주가나 목표주가, 구체적인 수요 둔화 전망은 포함되지 않았다."
"참고 뉴스:
제목: 삼성SDI, 미국 ESS용 각형 배터리 공급 계약
작성일: 2026-03-16
내용: 삼성SDI는 미국에서 1조5000억원 규모의 ESS용 각형 배터리 공급 계약을 수주했다고 발표했다.

질문: 이 뉴스에서 확인되는 사실을 요약해줘",기사에서 확인되는 핵심은 삼성SDI는 미국 ESS 시장에서 대규모 각형 배터리 공급 계약을 확보했다.
"참고 뉴스 1:
제목: SK하이닉스, 2026년 2분기 사상 최대 실적
작성일: 2026-07-29
내용: SK하이닉스는 2026년 2분기 매출 79조3187억원, 영업이익 60조5426억원을 발표했다. AI 수요에 대응한 고부가가치 제품 판매가 실적을 이끌었고, 주요 고객과 장기·다년 계약을 확대했다고 설명했다.

참고 뉴스 2:
제목: KB금융, 2026년 상반기 순이익 증가
작성일: 2026-07-23
내용: KB금융은 2026년 상반기 실적 발표 자료를 공개했다. 외부 보도에 따르면 상반기 순이익은 3조8846억원으로 전년 동기 대비 13.1% 증가했다.

질문: 두 기사에서 확인되는 긍정 요인을 비교해줘","첫 번째 뉴스의 긍정 요인은 AI용 고부가가치 제품 판매와 주요 고객과의 장기 계약 확대이고, 두 번째 뉴스의 긍정 요인은 상반기 순이익 증가입니다."
"참고 뉴스:
제목: 한화에어로스페이스, 2026년 2분기 이익 증가
작성일: 2026-07-31
내용: 한화에어로스페이스는 2026년 2분기 순이익 1조800억원을 기록해 전년 동기 대비 277.5% 증가했다. 실적은 시장 예상치를 웃돌았다고 보도됐다.

질문: 한화에어로스페이스 관련 핵심 숫자를 정리해줘","기사 기준 주요 지표는 2분기 순이익 1조800억원, 전년 동기 대비 277.5% 증가입니다."
"참고 뉴스:
제목: 신한금융, 2026년 2분기 분기 최대 순이익
작성일: 2026-07-23
내용: 신한금융의 2026년 2분기 순이익은 1조8201억원으로 전 분기 대비 12.2% 증가했다. 상반기 순이익은 3조4427억원으로 전년 동기 대비 13.3% 늘었다.

질문: 신한금융에 유리한 내용이 있어?",호재로 해석할 수 있는 내용은 분기 최대 순이익과 상반기 이익 증가입니다.
"참고 뉴스:
제목: 현대차, 2026년 2분기 매출 증가에도 영업이익 감소
작성일: 2026-07-23
내용: 현대차의 2026년 2분기 매출은 49조2150억원으로 전년 동기 대비 1.9% 증가했다. 영업이익은 2조8510억원으로 20.8% 감소했고, 글로벌 판매량은 6.9% 줄었다.

질문: 증권사 목표가격을 알려줘",이 뉴스만으로는 목표주가를 확인할 수 없습니다.
"참고 뉴스:
제목: SK하이닉스, 2026년 2분기 사상 최대 실적
작성일: 2026-07-29
내용: SK하이닉스는 2026년 2분기 매출 79조3187억원, 영업이익 60조5426억원을 발표했다. AI 수요에 대응한 고부가가치 제품 판매가 실적을 이끌었고, 주요 고객과 장기·다년 계약을 확대했다고 설명했다.

질문: SK하이닉스 주가가 오늘 얼마나 올랐어?",실시간 가격은 제공된 뉴스 범위를 벗어나므로 확인할 수 없습니다.
"참고 뉴스:
제목: HD현대중공업, 2026년 2분기 영업이익 급증
작성일: 2026-07-29
내용: HD현대중공업은 2026년 2분기 영업이익 1조399억원을 기록해 전년 동기 대비 120.6% 증가했다고 발표했다.

질문: 이 기사에서 가장 중요한 내용이 뭐야?",핵심은 HD현대중공업은 조선 부문 수익성 개선으로 영업이익이 큰 폭으로 증가했다.
"참고 뉴스:
제목: 삼성SDI, 미국 ESS용 각형 배터리 공급 계약
작성일: 2026-03-16
내용: 삼성SDI는 미국에서 1조5000억원 규모의 ESS용 각형 배터리 공급 계약을 수주했다고 발표했다.

질문: 삼성SDI 주식을 지금 사는 게 좋아?","제공된 뉴스는 투자 판단의 일부 근거일 뿐입니다. 현재 가격과 재무 상태, 위험 요인을 추가로 확인해야 합니다."
"참고 뉴스:
제목: 현대차, 2026년 2분기 매출 증가에도 영업이익 감소
작성일: 2026-07-23
내용: 현대차의 2026년 2분기 매출은 49조2150억원으로 전년 동기 대비 1.9% 증가했다. 영업이익은 2조8510억원으로 20.8% 감소했고, 글로벌 판매량은 6.9% 줄었다.

질문: 뉴스 근거를 들어 설명해줘",기사 근거만 사용하면 현대차는 매출은 증가했지만 판매 감소와 비용 부담으로 영업이익이 줄었다. 추가적인 주가 전망은 이 자료만으로 단정할 수 없습니다.
"참고 뉴스:
제목: 코스닥, 2차전지·바이오 순환매로 급등
작성일: 2026-06-29
내용: 2026년 6월 29일 코스피는 외국인의 대규모 매도 속에 0.2% 하락했고, 코스닥은 2차전지와 바이오주 강세로 8.13% 상승했다. 장중 코스닥 매수 사이드카가 발동됐다.

질문: 매수와 매도 중 어느 쪽이 맞아?",이 자료만으로 투자 결정을 권하기 어렵습니다. 회사 실적과 시장 환경을 함께 검토해야 합니다.
"참고 뉴스:
제목: 삼성SDI, 7개 분기 만에 영업이익 흑자 전환
작성일: 2026-07-30
내용: 삼성SDI는 2026년 2분기 매출 3조7700억원, 영업이익 2038억원을 기록했다. 매출은 전년 동기 대비 18.5%, 전 분기 대비 5.4% 증가했고, 영업이익은 7개 분기 만에 흑자로 전환했다.

질문: 이 뉴스의 발표 시점을 말해줘",발표 시점은 2026-07-30입니다.
"참고 뉴스:
제목: 삼성SDI, 7개 분기 만에 영업이익 흑자 전환
작성일: 2026-07-30
내용: 삼성SDI는 2026년 2분기 매출 3조7700억원, 영업이익 2038억원을 기록했다. 매출은 전년 동기 대비 18.5%, 전 분기 대비 5.4% 증가했고, 영업이익은 7개 분기 만에 흑자로 전환했다.

질문: 삼성SDI 주가가 오늘 얼마나 올랐어?",실시간 가격은 제공된 뉴스 범위를 벗어나므로 확인할 수 없습니다.
"참고 뉴스 1:
제목: KB금융, 2026년 상반기 순이익 증가
작성일: 2026-07-23
내용: KB금융은 2026년 상반기 실적 발표 자료를 공개했다. 외부 보도에 따르면 상반기 순이익은 3조8846억원으로 전년 동기 대비 13.1% 증가했다.

참고 뉴스 2:
제목: 코스닥, 2차전지·바이오 순환매로 급등
작성일: 2026-06-29
내용: 2026년 6월 29일 코스피는 외국인의 대규모 매도 속에 0.2% 하락했고, 코스닥은 2차전지와 바이오주 강세로 8.13% 상승했다. 장중 코스닥 매수 사이드카가 발동됐다.

질문: 두 뉴스의 핵심 내용을 비교해줘",첫 번째 뉴스는 KB금융은 2026년 상반기 순이익이 전년 동기보다 증가했다. 두 번째 뉴스는 외국인 매도로 코스피가 약세를 보인 반면 코스닥은 2차전지와 바이오 순환매로 급등했다.
"참고 뉴스:
제목: SK하이닉스, 2026년 2분기 사상 최대 실적
작성일: 2026-07-29
내용: SK하이닉스는 2026년 2분기 매출 79조3187억원, 영업이익 60조5426억원을 발표했다. AI 수요에 대응한 고부가가치 제품 판매가 실적을 이끌었고, 주요 고객과 장기·다년 계약을 확대했다고 설명했다.

질문: 기사에서 제시한 원인이 무엇인지 알려줘",주된 원인은 강한 AI 메모리 수요와 고부가가치 제품 비중 확대가 실적을 견인했다.
"참고 뉴스:
제목: 현대차, 하반기 신차 출시로 회복 추진
작성일: 2026-07-23
내용: 현대차는 2분기 영업이익이 감소했지만 연간 전망은 유지했다. 회사는 하반기 투싼과 아반떼 등 주요 신차 출시를 통해 판매 회복을 추진할 계획이라고 밝혔다.

질문: 현대차 관련 내용을 짧게 요약해줘",제공된 기사 기준으로는 현대차는 실적 부담에도 연간 전망을 유지하고 하반기 신차로 회복을 추진한다.
"참고 뉴스:
제목: 2026년 하반기 국내 증시, 반도체 쏠림에서 업종 확산 가능성
작성일: 2026-07-23
내용: 2026년 상반기 국내 증시는 반도체가 상승을 주도했지만 하반기에는 전력기기, 조선·방산, 바이오, 화장품, 금융 등으로 관심이 확산될 가능성이 제시됐다. 주요 변수로 AI 설비투자, 미국 금리, 기업 실적과 중국 메모리 업체의 추격이 언급됐다.

질문: 국내 증시 목표주가가 얼마야?",제공된 기사에는 목표주가가 없습니다. 자료에 없는 가격을 임의로 만들 수 없습니다.
"참고 뉴스:
제목: 현대차, 하반기 신차 출시로 회복 추진
작성일: 2026-07-23
내용: 현대차는 2분기 영업이익이 감소했지만 연간 전망은 유지했다. 회사는 하반기 투싼과 아반떼 등 주요 신차 출시를 통해 판매 회복을 추진할 계획이라고 밝혔다.

질문: 기사에 없는 내용은 추측하지 말고 답해줘","자료 안에서 확인되는 내용은 현대차는 실적 부담에도 연간 전망을 유지하고 하반기 신차로 회복을 추진한다. 긍정 요인은 연간 전망을 유지하고 주요 신차 출시를 준비하는 점이며, 부담 요인은 약한 자동차 수요, 공급 차질, 원재료비 상승과 경쟁 심화"
"참고 뉴스 1:
제목: 현대차, 2026년 2분기 매출 증가에도 영업이익 감소
작성일: 2026-07-23
내용: 현대차의 2026년 2분기 매출은 49조2150억원으로 전년 동기 대비 1.9% 증가했다. 영업이익은 2조8510억원으로 20.8% 감소했고, 글로벌 판매량은 6.9% 줄었다.

참고 뉴스 2:
제목: 2026년 하반기 국내 증시, 반도체 쏠림에서 업종 확산 가능성
작성일: 2026-07-23
내용: 2026년 상반기 국내 증시는 반도체가 상승을 주도했지만 하반기에는 전력기기, 조선·방산, 바이오, 화장품, 금융 등으로 관심이 확산될 가능성이 제시됐다. 주요 변수로 AI 설비투자, 미국 금리, 기업 실적과 중국 메모리 업체의 추격이 언급됐다.

질문: 두 뉴스의 핵심 내용을 비교해줘",첫 번째 뉴스는 현대차는 매출은 증가했지만 판매 감소와 비용 부담으로 영업이익이 줄었다. 두 번째 뉴스는 하반기 국내 증시는 반도체 중심 장세에서 실적 개선 업종으로 관심이 분산될 가능성이 있다.
"참고 뉴스 1:
제목: SK하이닉스, 2026년 2분기 사상 최대 실적
작성일: 2026-07-29
내용: SK하이닉스는 2026년 2분기 매출 79조3187억원, 영업이익 60조5426억원을 발표했다. AI 수요에 대응한 고부가가치 제품 판매가 실적을 이끌었고, 주요 고객과 장기·다년 계약을 확대했다고 설명했다.

참고 뉴스 2:
제목: 삼성바이오로직스, 스위스 폴리펩타이드 인수 추진
작성일: 2026-07-20
내용: 삼성바이오로직스는 스위스 의약품 위탁생산 기업 폴리펩타이드를 약 18억달러에 전액 현금으로 인수하는 공개매수를 추진했다. 회사는 펩타이드 치료제와 비만·당뇨 분야의 생산 역량 확대를 기대했다.

질문: 두 뉴스의 핵심 내용을 비교해줘",첫 번째 뉴스는 SK하이닉스는 AI 수요와 고부가가치 메모리 판매를 바탕으로 분기 최고 실적을 기록했다. 두 번째 뉴스는 삼성바이오로직스는 펩타이드 의약품 사업 강화를 위해 폴리펩타이드 인수를 추진한다.
"참고 뉴스:
제목: 엔비디아, 네이버 AI 인프라 프로젝트에 투자 추진
작성일: 2026-07-27
내용: 엔비디아는 네이버의 대규모 AI 데이터센터 프로젝트에 약 10억달러를 투자할 계획이다. 네이버는 엔비디아를 대상으로 약 1조4810억원 규모의 신주를 발행하며, 거래 완료 후 엔비디아의 지분율은 약 4.5%가 될 예정이다.

질문: 이 기사만 보고 투자 판단을 해줘",매수 여부는 이 뉴스만으로 판단할 수 없습니다. 목표 수익과 손실 가능성까지 별도로 검토해야 합니다.
"참고 뉴스:
제목: 코스닥, 2차전지·바이오 순환매로 급등
작성일: 2026-06-29
내용: 2026년 6월 29일 코스피는 외국인의 대규모 매도 속에 0.2% 하락했고, 코스닥은 2차전지와 바이오주 강세로 8.13% 상승했다. 장중 코스닥 매수 사이드카가 발동됐다.

질문: 이 뉴스에서 확인되는 사실을 요약해줘",기사에서 확인되는 핵심은 외국인 매도로 코스피가 약세를 보인 반면 코스닥은 2차전지와 바이오 순환매로 급등했다.
"참고 뉴스:
제목: 현대차, 하반기 신차 출시로 회복 추진
작성일: 2026-07-23
내용: 현대차는 2분기 영업이익이 감소했지만 연간 전망은 유지했다. 회사는 하반기 투싼과 아반떼 등 주요 신차 출시를 통해 판매 회복을 추진할 계획이라고 밝혔다.

질문: 긍정적인 내용 말고 위험 요인도 확인해줘","제공된 자료에서 확인되는 부담은 약한 자동차 수요, 공급 차질, 원재료비 상승과 경쟁 심화"
"참고 뉴스:
제목: SK하이닉스, 2026년 2분기 사상 최대 실적
작성일: 2026-07-29
내용: SK하이닉스는 2026년 2분기 매출 79조3187억원, 영업이익 60조5426억원을 발표했다. AI 수요에 대응한 고부가가치 제품 판매가 실적을 이끌었고, 주요 고객과 장기·다년 계약을 확대했다고 설명했다.

질문: 긍정적인 내용만 근거를 들어 정리해줘",제공된 뉴스 기준 성장 요인은 AI용 고부가가치 제품 판매와 주요 고객과의 장기 계약 확대입니다.
"참고 뉴스:
제목: 한화에어로스페이스, 2026년 2분기 이익 증가
작성일: 2026-07-31
내용: 한화에어로스페이스는 2026년 2분기 순이익 1조800억원을 기록해 전년 동기 대비 277.5% 증가했다. 실적은 시장 예상치를 웃돌았다고 보도됐다.

질문: 제공된 자료 범위 안에서만 답해줘",확실히 확인되는 사실은 한화에어로스페이스는 2분기 순이익이 크게 증가하며 시장 기대를 웃돌았다. 다만 기사에 없는 투자 의견이나 가격 정보는 추측할 수 없습니다.
"참고 뉴스:
제목: 삼성SDI, 미국 ESS용 각형 배터리 공급 계약
작성일: 2026-03-16
내용: 삼성SDI는 미국에서 1조5000억원 규모의 ESS용 각형 배터리 공급 계약을 수주했다고 발표했다.

질문: 이 기사에서 가장 중요한 내용이 뭐야?",핵심은 삼성SDI는 미국 ESS 시장에서 대규모 각형 배터리 공급 계약을 확보했다.
"참고 뉴스 1:
제목: 삼성SDI, 미국 ESS용 각형 배터리 공급 계약
작성일: 2026-03-16
내용: 삼성SDI는 미국에서 1조5000억원 규모의 ESS용 각형 배터리 공급 계약을 수주했다고 발표했다.

참고 뉴스 2:
제목: 삼성전자, AI 인프라용 PM1763 SSD 양산 시작
작성일: 2026-07-08
내용: 삼성전자는 차세대 AI 인프라에 최적화한 PM1763 SSD의 양산을 시작했다고 발표했다.

질문: 두 뉴스의 위험 요인을 나눠서 설명해줘","첫 번째 뉴스의 부담 요인은 기사 목록에는 계약 기간, 고객사와 예상 이익 기여액이 구체적으로 제시되지 않았다. 두 번째 뉴스의 부담 요인은 시장 점유율, 판매 가격과 실제 수익 기여 규모는 확인할 수 없다."
"참고 뉴스:
제목: 한화에어로스페이스, 2026년 2분기 이익 증가
작성일: 2026-07-31
내용: 한화에어로스페이스는 2026년 2분기 순이익 1조800억원을 기록해 전년 동기 대비 277.5% 증가했다. 실적은 시장 예상치를 웃돌았다고 보도됐다.

질문: 한화에어로스페이스에 유리한 내용이 있어?",호재로 해석할 수 있는 내용은 순이익의 큰 폭 증가와 시장 예상 상회입니다.
"참고 뉴스 1:
제목: 신한금융, 2026년 2분기 분기 최대 순이익
작성일: 2026-07-23
내용: 신한금융의 2026년 2분기 순이익은 1조8201억원으로 전 분기 대비 12.2% 증가했다. 상반기 순이익은 3조4427억원으로 전년 동기 대비 13.3% 늘었다.

참고 뉴스 2:
제목: 7월 국내 증시, 소외 업종으로 자금 이동 가능성
작성일: 2026-07-01
내용: 7월에는 상반기 주도주였던 반도체에서 자동차, 2차전지, 바이오 등 상대적으로 소외됐던 업종으로 자금이 이동할 수 있다는 전망이 나왔다. 반도체 조정이 곧 업황 훼손을 의미하는 것은 아니라는 분석도 제시됐다.

질문: 어느 쪽이 더 좋다고 단정할 수 있는지 말해줘",두 뉴스는 기업과 상황이 달라 어느 쪽이 더 좋다고 단정하기 어렵습니다. 첫 번째는 신한금융은 2분기와 상반기 순이익이 모두 증가하며 높은 실적을 기록했다. 두 번째는 7월에는 반도체에서 자동차·2차전지·바이오로 포트폴리오가 이동할 가능성이 제기됐다.
"참고 뉴스:
제목: HD현대, 2026년 2분기 높은 영업이익 기록
작성일: 2026-07-31
내용: HD현대는 2026년 2분기 연결 매출 22조4094억원, 영업이익 4조1246억원을 기록했다. 영업이익률은 18.4%로 발표됐다.

질문: HD현대 관련 핵심 숫자를 정리해줘","기사 기준 주요 지표는 매출 22조4094억원, 영업이익 4조1246억원, 영업이익률 18.4%입니다."
"참고 뉴스:
제목: 삼성SDI, 미국 ESS용 각형 배터리 공급 계약
작성일: 2026-03-16
내용: 삼성SDI는 미국에서 1조5000억원 규모의 ESS용 각형 배터리 공급 계약을 수주했다고 발표했다.

질문: 기사에서 제시한 원인이 무엇인지 알려줘",주된 원인은 ESS 시장 확대에 대응해 각형 배터리 공급을 늘리기 위한 계약이다.
"참고 뉴스 1:
제목: 삼성전자, 2026년 2분기 실적 발표
작성일: 2026-07-30
내용: 삼성전자는 2026년 2분기 연결 매출 171조5천억원, 영업이익 89조5천억원을 기록했다. 매출과 영업이익 모두 분기 기준 최고치를 경신했으며, 전 분기 대비 매출은 28% 증가했다.

참고 뉴스 2:
제목: 삼성바이오로직스, 2026년 2분기 실적 발표
작성일: 2026-07-23
내용: 삼성바이오로직스는 2026년 2분기 매출 1조3210억원, 영업이익 5860억원을 기록했다. 1공장부터 4공장까지 안정적인 생산 운영과 고객 프로젝트 수행이 실적에 반영됐다.

질문: 두 뉴스의 핵심 내용을 비교해줘",첫 번째 뉴스는 삼성전자는 2026년 2분기에 매출과 영업이익 모두 분기 최고치를 기록했다. 두 번째 뉴스는 삼성바이오로직스는 안정적인 공장 운영을 바탕으로 견조한 2분기 실적을 기록했다.
"참고 뉴스 1:
제목: 삼성전자 DS부문, AI 메모리 수요로 실적 확대
작성일: 2026-07-30
내용: 삼성전자 DS부문은 2026년 2분기 매출 127조5천억원, 영업이익 89조2천억원을 기록했다. 메모리 사업은 AI 수요에 대응해 서버 제품 중심 판매를 확대했고, 업계 전반의 가격 상승도 실적에 기여했다.

참고 뉴스 2:
제목: 셀트리온, 2026년 2분기 분기 최대 매출
작성일: 2026-07-27
내용: 셀트리온은 2026년 2분기 매출 1조3937억원, 영업이익 4518억원을 기록했다. 매출은 전년 동기 대비 45%, 영업이익은 86.3% 증가했고, 고수익 신제품이 바이오의약품 매출의 65%를 차지했다.

질문: 두 기사에서 확인되는 긍정 요인을 비교해줘","첫 번째 뉴스의 긍정 요인은 AI 서버 제품 중심 판매 확대와 메모리 가격 상승이고, 두 번째 뉴스의 긍정 요인은 고수익 신제품 성장과 원가율 개선입니다."
"참고 뉴스:
제목: HD현대중공업, 2026년 2분기 영업이익 급증
작성일: 2026-07-29
내용: HD현대중공업은 2026년 2분기 영업이익 1조399억원을 기록해 전년 동기 대비 120.6% 증가했다고 발표했다.

질문: 참고 뉴스에서 확인되는 내용만 말해줘","확인되는 사실은 HD현대중공업은 조선 부문 수익성 개선으로 영업이익이 큰 폭으로 증가했다. 주요 수치는 영업이익 1조399억원, 전년 동기 대비 120.6% 증가입니다. 기사에 없는 목표주가나 현재 시세는 확인할 수 없습니다."
"참고 뉴스:
제목: 삼성전자, AI 인프라용 PM1763 SSD 양산 시작
작성일: 2026-07-08
내용: 삼성전자는 차세대 AI 인프라에 최적화한 PM1763 SSD의 양산을 시작했다고 발표했다.

질문: 긍정적인 내용만 근거를 들어 정리해줘",제공된 뉴스 기준 성장 요인은 AI 인프라용 고성능 저장장치 제품군 확대입니다.
"참고 뉴스:
제목: 삼성바이오로직스, 스위스 폴리펩타이드 인수 추진
작성일: 2026-07-20
내용: 삼성바이오로직스는 스위스 의약품 위탁생산 기업 폴리펩타이드를 약 18억달러에 전액 현금으로 인수하는 공개매수를 추진했다. 회사는 펩타이드 치료제와 비만·당뇨 분야의 생산 역량 확대를 기대했다.

질문: 실적 숫자만 정리해줘",정량 정보는 인수 제안 규모 약 18억달러입니다.
"참고 뉴스:
제목: 한화에어로스페이스, 2026년 2분기 이익 증가
작성일: 2026-07-31
내용: 한화에어로스페이스는 2026년 2분기 순이익 1조800억원을 기록해 전년 동기 대비 277.5% 증가했다. 실적은 시장 예상치를 웃돌았다고 보도됐다.

질문: 한화에어로스페이스 주식을 지금 사는 게 좋아?","제공된 뉴스는 투자 판단의 일부 근거일 뿐입니다. 현재 가격과 재무 상태, 위험 요인을 추가로 확인해야 합니다."
"참고 뉴스:
제목: 삼성바이오로직스, 스위스 폴리펩타이드 인수 추진
작성일: 2026-07-20
내용: 삼성바이오로직스는 스위스 의약품 위탁생산 기업 폴리펩타이드를 약 18억달러에 전액 현금으로 인수하는 공개매수를 추진했다. 회사는 펩타이드 치료제와 비만·당뇨 분야의 생산 역량 확대를 기대했다.

질문: 이 자료의 기준 날짜가 언제야?",2026-07-20에 나온 내용입니다.
"참고 뉴스 1:
제목: 현대차, 2026년 2분기 매출 증가에도 영업이익 감소
작성일: 2026-07-23
내용: 현대차의 2026년 2분기 매출은 49조2150억원으로 전년 동기 대비 1.9% 증가했다. 영업이익은 2조8510억원으로 20.8% 감소했고, 글로벌 판매량은 6.9% 줄었다.

참고 뉴스 2:
제목: KB금융, 2026년 상반기 순이익 증가
작성일: 2026-07-23
내용: KB금융은 2026년 상반기 실적 발표 자료를 공개했다. 외부 보도에 따르면 상반기 순이익은 3조8846억원으로 전년 동기 대비 13.1% 증가했다.

질문: 어느 쪽이 더 좋다고 단정할 수 있는지 말해줘",두 뉴스는 기업과 상황이 달라 어느 쪽이 더 좋다고 단정하기 어렵습니다. 첫 번째는 현대차는 매출은 증가했지만 판매 감소와 비용 부담으로 영업이익이 줄었다. 두 번째는 KB금융은 2026년 상반기 순이익이 전년 동기보다 증가했다.
"참고 뉴스:
제목: 삼성바이오로직스, 2026년 2분기 실적 발표
작성일: 2026-07-23
내용: 삼성바이오로직스는 2026년 2분기 매출 1조3210억원, 영업이익 5860억원을 기록했다. 1공장부터 4공장까지 안정적인 생산 운영과 고객 프로젝트 수행이 실적에 반영됐다.

질문: 뉴스에 나온 근거를 바탕으로 배경을 정리해줘",이 흐름의 배경은 안정적인 생산 운영과 고객 프로그램 수행이 실적의 기반이 됐다.
"참고 뉴스 1:
제목: 삼성SDI, 7개 분기 만에 영업이익 흑자 전환
작성일: 2026-07-30
내용: 삼성SDI는 2026년 2분기 매출 3조7700억원, 영업이익 2038억원을 기록했다. 매출은 전년 동기 대비 18.5%, 전 분기 대비 5.4% 증가했고, 영업이익은 7개 분기 만에 흑자로 전환했다.

참고 뉴스 2:
제목: 2026년 하반기 국내 증시, 반도체 쏠림에서 업종 확산 가능성
작성일: 2026-07-23
내용: 2026년 상반기 국내 증시는 반도체가 상승을 주도했지만 하반기에는 전력기기, 조선·방산, 바이오, 화장품, 금융 등으로 관심이 확산될 가능성이 제시됐다. 주요 변수로 AI 설비투자, 미국 금리, 기업 실적과 중국 메모리 업체의 추격이 언급됐다.

질문: 두 기사에서 확인되는 긍정 요인을 비교해줘","첫 번째 뉴스의 긍정 요인은 7개 분기 만의 영업이익 흑자 전환과 매출 증가이고, 두 번째 뉴스의 긍정 요인은 AI 설비투자 확대가 전력기기·조선·방산 등 국내 공급망에 기회가 될 수 있다.입니다."
"참고 뉴스:
제목: 삼성바이오로직스, 2026년 2분기 실적 발표
작성일: 2026-07-23
내용: 삼성바이오로직스는 2026년 2분기 매출 1조3210억원, 영업이익 5860억원을 기록했다. 1공장부터 4공장까지 안정적인 생산 운영과 고객 프로젝트 수행이 실적에 반영됐다.

질문: 삼성바이오로직스의 현재 주가를 알려줘",제공된 기사에는 실시간 주가나 오늘 종가가 없습니다. 현재 시세는 별도의 실시간 데이터가 필요합니다.
"참고 뉴스:
제목: HD현대, 2026년 2분기 높은 영업이익 기록
작성일: 2026-07-31
내용: HD현대는 2026년 2분기 연결 매출 22조4094억원, 영업이익 4조1246억원을 기록했다. 영업이익률은 18.4%로 발표됐다.

질문: 제공된 자료 범위 안에서만 답해줘",확실히 확인되는 사실은 HD현대는 2분기에 높은 영업이익과 영업이익률을 기록했다. 다만 기사에 없는 투자 의견이나 가격 정보는 추측할 수 없습니다.
"참고 뉴스 1:
제목: 삼성전자, 2026년 2분기 실적 발표
작성일: 2026-07-30
내용: 삼성전자는 2026년 2분기 연결 매출 171조5천억원, 영업이익 89조5천억원을 기록했다. 매출과 영업이익 모두 분기 기준 최고치를 경신했으며, 전 분기 대비 매출은 28% 증가했다.

참고 뉴스 2:
제목: 현대차, 2026년 2분기 매출 증가에도 영업이익 감소
작성일: 2026-07-23
내용: 현대차의 2026년 2분기 매출은 49조2150억원으로 전년 동기 대비 1.9% 증가했다. 영업이익은 2조8510억원으로 20.8% 감소했고, 글로벌 판매량은 6.9% 줄었다.

질문: 두 기사에서 확인되는 긍정 요인을 비교해줘","첫 번째 뉴스의 긍정 요인은 매출과 영업이익이 모두 분기 최고치를 기록한 점이고, 두 번째 뉴스의 긍정 요인은 매출이 전년 동기 대비 1.9% 증가한 점입니다."
"참고 뉴스:
제목: 신한금융, 2026년 2분기 분기 최대 순이익
작성일: 2026-07-23
내용: 신한금융의 2026년 2분기 순이익은 1조8201억원으로 전 분기 대비 12.2% 증가했다. 상반기 순이익은 3조4427억원으로 전년 동기 대비 13.3% 늘었다.

질문: 이 기사만 보고 투자 판단을 해줘",매수 여부는 이 뉴스만으로 판단할 수 없습니다. 목표 수익과 손실 가능성까지 별도로 검토해야 합니다.
"참고 뉴스:
제목: 삼성전자 DS부문, AI 메모리 수요로 실적 확대
작성일: 2026-07-30
내용: 삼성전자 DS부문은 2026년 2분기 매출 127조5천억원, 영업이익 89조2천억원을 기록했다. 메모리 사업은 AI 수요에 대응해 서버 제품 중심 판매를 확대했고, 업계 전반의 가격 상승도 실적에 기여했다.

질문: 참고 뉴스에서 확인되는 내용만 말해줘","확인되는 사실은 삼성전자 반도체 부문은 AI 서버용 메모리 수요와 가격 상승의 영향을 받았다. 주요 수치는 DS부문 매출 127조5천억원, 영업이익 89조2천억원입니다. 기사에 없는 목표주가나 현재 시세는 확인할 수 없습니다."
"참고 뉴스:
제목: 삼성전자, AI 인프라용 PM1763 SSD 양산 시작
작성일: 2026-07-08
내용: 삼성전자는 차세대 AI 인프라에 최적화한 PM1763 SSD의 양산을 시작했다고 발표했다.

질문: 이런 결과가 나온 이유가 뭐야?",차세대 AI 인프라의 고성능 저장장치 수요에 대응하기 위해서다.
"참고 뉴스:
제목: 삼성바이오로직스, 스위스 폴리펩타이드 인수 추진
작성일: 2026-07-20
내용: 삼성바이오로직스는 스위스 의약품 위탁생산 기업 폴리펩타이드를 약 18억달러에 전액 현금으로 인수하는 공개매수를 추진했다. 회사는 펩타이드 치료제와 비만·당뇨 분야의 생산 역량 확대를 기대했다.

질문: 삼성바이오로직스에 유리한 내용이 있어?",호재로 해석할 수 있는 내용은 펩타이드 치료제와 GLP-1 계열 의약품 생산 역량 확대 가능성입니다.
"참고 뉴스:
제목: HD현대, 2026년 2분기 높은 영업이익 기록
작성일: 2026-07-31
내용: HD현대는 2026년 2분기 연결 매출 22조4094억원, 영업이익 4조1246억원을 기록했다. 영업이익률은 18.4%로 발표됐다.

질문: 오늘 종가를 확인해줘",기사에는 오늘의 시세 정보가 포함되지 않았습니다.
"참고 뉴스:
제목: 코스닥, 2차전지·바이오 순환매로 급등
작성일: 2026-06-29
내용: 2026년 6월 29일 코스피는 외국인의 대규모 매도 속에 0.2% 하락했고, 코스닥은 2차전지와 바이오주 강세로 8.13% 상승했다. 장중 코스닥 매수 사이드카가 발동됐다.

질문: 국내 증시에 유리한 내용이 있어?",호재로 해석할 수 있는 내용은 2차전지와 바이오 업종으로의 강한 순환매입니다.
"참고 뉴스:
제목: 코스닥, 2차전지·바이오 순환매로 급등
작성일: 2026-06-29
내용: 2026년 6월 29일 코스피는 외국인의 대규모 매도 속에 0.2% 하락했고, 코스닥은 2차전지와 바이오주 강세로 8.13% 상승했다. 장중 코스닥 매수 사이드카가 발동됐다.

질문: 지금 주식 가격이 얼마야?",이 자료만으로 현재 주가와 등락률을 확인할 수 없습니다.
"참고 뉴스:
제목: 삼성전자, AI 인프라용 PM1763 SSD 양산 시작
작성일: 2026-07-08
내용: 삼성전자는 차세대 AI 인프라에 최적화한 PM1763 SSD의 양산을 시작했다고 발표했다.

질문: 삼성전자의 목표주가를 숫자로 말해줘",제공된 자료에는 적정 주가나 목표주가 정보가 포함되지 않았습니다.
"참고 뉴스:
제목: 현대차, 하반기 신차 출시로 회복 추진
작성일: 2026-07-23
내용: 현대차는 2분기 영업이익이 감소했지만 연간 전망은 유지했다. 회사는 하반기 투싼과 아반떼 등 주요 신차 출시를 통해 판매 회복을 추진할 계획이라고 밝혔다.

질문: 실적 숫자만 정리해줘",정량 정보는 기사에는 구체적인 하반기 판매 목표 수치가 제시되지 않았다.입니다.
"참고 뉴스:
제목: 엔비디아, 네이버 AI 인프라 프로젝트에 투자 추진
작성일: 2026-07-27
내용: 엔비디아는 네이버의 대규모 AI 데이터센터 프로젝트에 약 10억달러를 투자할 계획이다. 네이버는 엔비디아를 대상으로 약 1조4810억원 규모의 신주를 발행하며, 거래 완료 후 엔비디아의 지분율은 약 4.5%가 될 예정이다.

질문: 오늘 종가를 확인해줘",기사에는 오늘의 시세 정보가 포함되지 않았습니다.
"참고 뉴스:
제목: HD현대중공업, 2026년 2분기 영업이익 급증
작성일: 2026-07-29
내용: HD현대중공업은 2026년 2분기 영업이익 1조399억원을 기록해 전년 동기 대비 120.6% 증가했다고 발표했다.

질문: 현재 시세와 등락률을 말해줘",현재 주가는 기사 작성 시점과 달라질 수 있어 별도 시세 조회가 필요합니다.
"참고 뉴스:
제목: 코스닥, 2차전지·바이오 순환매로 급등
작성일: 2026-06-29
내용: 2026년 6월 29일 코스피는 외국인의 대규모 매도 속에 0.2% 하락했고, 코스닥은 2차전지와 바이오주 강세로 8.13% 상승했다. 장중 코스닥 매수 사이드카가 발동됐다.

질문: 이런 결과가 나온 이유가 뭐야?",반도체 약세 속에서 2차전지와 바이오로 매수세가 이동했다.
"참고 뉴스:
제목: 엔비디아, 네이버 AI 인프라 프로젝트에 투자 추진
작성일: 2026-07-27
내용: 엔비디아는 네이버의 대규모 AI 데이터센터 프로젝트에 약 10억달러를 투자할 계획이다. 네이버는 엔비디아를 대상으로 약 1조4810억원 규모의 신주를 발행하며, 거래 완료 후 엔비디아의 지분율은 약 4.5%가 될 예정이다.

질문: 뉴스 근거를 들어 설명해줘",기사 근거만 사용하면 네이버는 엔비디아 투자와 신주 발행을 통해 대규모 AI 인프라 구축을 추진한다. 추가적인 주가 전망은 이 자료만으로 단정할 수 없습니다.
"참고 뉴스:
제목: HD현대중공업, 2026년 2분기 영업이익 급증
작성일: 2026-07-29
내용: HD현대중공업은 2026년 2분기 영업이익 1조399억원을 기록해 전년 동기 대비 120.6% 증가했다고 발표했다.

질문: 리스크 중심으로 정리해줘",주의할 부분은 기사에는 신규 수주 금액과 후판 가격의 향후 영향은 구체적으로 제시되지 않았다.
"참고 뉴스 1:
제목: 삼성전자, 2026년 2분기 실적 발표
작성일: 2026-07-30
내용: 삼성전자는 2026년 2분기 연결 매출 171조5천억원, 영업이익 89조5천억원을 기록했다. 매출과 영업이익 모두 분기 기준 최고치를 경신했으며, 전 분기 대비 매출은 28% 증가했다.

참고 뉴스 2:
제목: 2026년 하반기 국내 증시, 반도체 쏠림에서 업종 확산 가능성
작성일: 2026-07-23
내용: 2026년 상반기 국내 증시는 반도체가 상승을 주도했지만 하반기에는 전력기기, 조선·방산, 바이오, 화장품, 금융 등으로 관심이 확산될 가능성이 제시됐다. 주요 변수로 AI 설비투자, 미국 금리, 기업 실적과 중국 메모리 업체의 추격이 언급됐다.

질문: 어느 쪽이 더 좋다고 단정할 수 있는지 말해줘",두 뉴스는 기업과 상황이 달라 어느 쪽이 더 좋다고 단정하기 어렵습니다. 첫 번째는 삼성전자는 2026년 2분기에 매출과 영업이익 모두 분기 최고치를 기록했다. 두 번째는 하반기 국내 증시는 반도체 중심 장세에서 실적 개선 업종으로 관심이 분산될 가능성이 있다.
"참고 뉴스:
제목: 삼성전자, AI 인프라용 PM1763 SSD 양산 시작
작성일: 2026-07-08
내용: 삼성전자는 차세대 AI 인프라에 최적화한 PM1763 SSD의 양산을 시작했다고 발표했다.

질문: 언제 나온 소식인지 확인해줘",이 뉴스는 2026-07-08 기준입니다.
"참고 뉴스:
제목: 삼성SDI, 미국 ESS용 각형 배터리 공급 계약
작성일: 2026-03-16
내용: 삼성SDI는 미국에서 1조5000억원 규모의 ESS용 각형 배터리 공급 계약을 수주했다고 발표했다.

질문: 삼성SDI의 긍정 요인은 뭐야?",긍정 요인은 미국 ESS 시장에서 대규모 공급 계약을 확보한 점입니다.
"참고 뉴스:
제목: HD현대, 2026년 2분기 높은 영업이익 기록
작성일: 2026-07-31
내용: HD현대는 2026년 2분기 연결 매출 22조4094억원, 영업이익 4조1246억원을 기록했다. 영업이익률은 18.4%로 발표됐다.

질문: 이 뉴스는 언제 발표된 내용이야?",이 자료의 발표일은 2026-07-31입니다.
"참고 뉴스:
제목: 한화에어로스페이스, 2026년 2분기 이익 증가
작성일: 2026-07-31
내용: 한화에어로스페이스는 2026년 2분기 순이익 1조800억원을 기록해 전년 동기 대비 277.5% 증가했다. 실적은 시장 예상치를 웃돌았다고 보도됐다.

질문: 매수와 매도 중 어느 쪽이 맞아?",이 자료만으로 투자 결정을 권하기 어렵습니다. 회사 실적과 시장 환경을 함께 검토해야 합니다.
"참고 뉴스:
제목: 삼성전자 DS부문, AI 메모리 수요로 실적 확대
작성일: 2026-07-30
내용: 삼성전자 DS부문은 2026년 2분기 매출 127조5천억원, 영업이익 89조2천억원을 기록했다. 메모리 사업은 AI 수요에 대응해 서버 제품 중심 판매를 확대했고, 업계 전반의 가격 상승도 실적에 기여했다.

질문: 제공된 자료 범위 안에서만 답해줘",확실히 확인되는 사실은 삼성전자 반도체 부문은 AI 서버용 메모리 수요와 가격 상승의 영향을 받았다. 다만 기사에 없는 투자 의견이나 가격 정보는 추측할 수 없습니다.
"참고 뉴스:
제목: 2026년 하반기 국내 증시, 반도체 쏠림에서 업종 확산 가능성
작성일: 2026-07-23
내용: 2026년 상반기 국내 증시는 반도체가 상승을 주도했지만 하반기에는 전력기기, 조선·방산, 바이오, 화장품, 금융 등으로 관심이 확산될 가능성이 제시됐다. 주요 변수로 AI 설비투자, 미국 금리, 기업 실적과 중국 메모리 업체의 추격이 언급됐다.

질문: 이 뉴스에서 확인되는 사실을 요약해줘",기사에서 확인되는 핵심은 하반기 국내 증시는 반도체 중심 장세에서 실적 개선 업종으로 관심이 분산될 가능성이 있다.
"참고 뉴스:
제목: 삼성바이오로직스, 2026년 2분기 실적 발표
작성일: 2026-07-23
내용: 삼성바이오로직스는 2026년 2분기 매출 1조3210억원, 영업이익 5860억원을 기록했다. 1공장부터 4공장까지 안정적인 생산 운영과 고객 프로젝트 수행이 실적에 반영됐다.

질문: 삼성바이오로직스 관련 내용을 짧게 요약해줘",제공된 기사 기준으로는 삼성바이오로직스는 안정적인 공장 운영을 바탕으로 견조한 2분기 실적을 기록했다.
"참고 뉴스 1:
제목: 삼성바이오로직스, 스위스 폴리펩타이드 인수 추진
작성일: 2026-07-20
내용: 삼성바이오로직스는 스위스 의약품 위탁생산 기업 폴리펩타이드를 약 18억달러에 전액 현금으로 인수하는 공개매수를 추진했다. 회사는 펩타이드 치료제와 비만·당뇨 분야의 생산 역량 확대를 기대했다.

참고 뉴스 2:
제목: HD현대, 2026년 2분기 높은 영업이익 기록
작성일: 2026-07-31
내용: HD현대는 2026년 2분기 연결 매출 22조4094억원, 영업이익 4조1246억원을 기록했다. 영업이익률은 18.4%로 발표됐다.

질문: 두 기사에서 확인되는 긍정 요인을 비교해줘","첫 번째 뉴스의 긍정 요인은 펩타이드 치료제와 GLP-1 계열 의약품 생산 역량 확대 가능성이고, 두 번째 뉴스의 긍정 요인은 높은 영업이익과 18.4%의 영업이익률입니다."
"참고 뉴스 1:
제목: 코스닥, 2차전지·바이오 순환매로 급등
작성일: 2026-06-29
내용: 2026년 6월 29일 코스피는 외국인의 대규모 매도 속에 0.2% 하락했고, 코스닥은 2차전지와 바이오주 강세로 8.13% 상승했다. 장중 코스닥 매수 사이드카가 발동됐다.

참고 뉴스 2:
제목: 삼성SDI, 미국 ESS용 각형 배터리 공급 계약
작성일: 2026-03-16
내용: 삼성SDI는 미국에서 1조5000억원 규모의 ESS용 각형 배터리 공급 계약을 수주했다고 발표했다.

질문: 두 뉴스의 위험 요인을 나눠서 설명해줘","첫 번째 뉴스의 부담 요인은 외국인 대규모 매도와 시장 변동성 확대 두 번째 뉴스의 부담 요인은 기사 목록에는 계약 기간, 고객사와 예상 이익 기여액이 구체적으로 제시되지 않았다."
"참고 뉴스:
제목: 7월 국내 증시, 소외 업종으로 자금 이동 가능성
작성일: 2026-07-01
내용: 7월에는 상반기 주도주였던 반도체에서 자동차, 2차전지, 바이오 등 상대적으로 소외됐던 업종으로 자금이 이동할 수 있다는 전망이 나왔다. 반도체 조정이 곧 업황 훼손을 의미하는 것은 아니라는 분석도 제시됐다.

질문: 이 뉴스의 발표 시점을 말해줘",발표 시점은 2026-07-01입니다.
"참고 뉴스:
제목: HD현대중공업, 2026년 2분기 영업이익 급증
작성일: 2026-07-29
내용: HD현대중공업은 2026년 2분기 영업이익 1조399억원을 기록해 전년 동기 대비 120.6% 증가했다고 발표했다.

질문: 이 뉴스의 발표 시점을 말해줘",발표 시점은 2026-07-29입니다.
"참고 뉴스:
제목: 현대차, 하반기 신차 출시로 회복 추진
작성일: 2026-07-23
내용: 현대차는 2분기 영업이익이 감소했지만 연간 전망은 유지했다. 회사는 하반기 투싼과 아반떼 등 주요 신차 출시를 통해 판매 회복을 추진할 계획이라고 밝혔다.

질문: 현대차 뉴스 핵심을 한 문장으로 정리해줘",현대차는 실적 부담에도 연간 전망을 유지하고 하반기 신차로 회복을 추진한다.
"참고 뉴스:
제목: SK하이닉스, 2026년 2분기 사상 최대 실적
작성일: 2026-07-29
내용: SK하이닉스는 2026년 2분기 매출 79조3187억원, 영업이익 60조5426억원을 발표했다. AI 수요에 대응한 고부가가치 제품 판매가 실적을 이끌었고, 주요 고객과 장기·다년 계약을 확대했다고 설명했다.

질문: 이 기사만 보고 투자 판단을 해줘",매수 여부는 이 뉴스만으로 판단할 수 없습니다. 목표 수익과 손실 가능성까지 별도로 검토해야 합니다.
"참고 뉴스 1:
제목: 삼성전자 DS부문, AI 메모리 수요로 실적 확대
작성일: 2026-07-30
내용: 삼성전자 DS부문은 2026년 2분기 매출 127조5천억원, 영업이익 89조2천억원을 기록했다. 메모리 사업은 AI 수요에 대응해 서버 제품 중심 판매를 확대했고, 업계 전반의 가격 상승도 실적에 기여했다.

참고 뉴스 2:
제목: 삼성SDI, 미국 ESS용 각형 배터리 공급 계약
작성일: 2026-03-16
내용: 삼성SDI는 미국에서 1조5000억원 규모의 ESS용 각형 배터리 공급 계약을 수주했다고 발표했다.

질문: 두 기사에서 확인되는 긍정 요인을 비교해줘","첫 번째 뉴스의 긍정 요인은 AI 서버 제품 중심 판매 확대와 메모리 가격 상승이고, 두 번째 뉴스의 긍정 요인은 미국 ESS 시장에서 대규모 공급 계약을 확보한 점입니다."
"참고 뉴스:
제목: 삼성전자, AI 인프라용 PM1763 SSD 양산 시작
작성일: 2026-07-08
내용: 삼성전자는 차세대 AI 인프라에 최적화한 PM1763 SSD의 양산을 시작했다고 발표했다.

질문: 이 기사에서 주의할 부분이 있어?","기사 기준 리스크는 시장 점유율, 판매 가격과 실제 수익 기여 규모는 확인할 수 없다."
"참고 뉴스:
제목: 현대차, 하반기 신차 출시로 회복 추진
작성일: 2026-07-23
내용: 현대차는 2분기 영업이익이 감소했지만 연간 전망은 유지했다. 회사는 하반기 투싼과 아반떼 등 주요 신차 출시를 통해 판매 회복을 추진할 계획이라고 밝혔다.

질문: 이 기사만 보고 현대차를 매수해도 돼?","이 기사 하나만으로 매수나 매도를 결정하기는 어렵습니다. 실적 추세, 밸류에이션, 수급과 추가 공시를 함께 확인해야 합니다."
"참고 뉴스:
제목: 엔비디아, 네이버 AI 인프라 프로젝트에 투자 추진
작성일: 2026-07-27
내용: 엔비디아는 네이버의 대규모 AI 데이터센터 프로젝트에 약 10억달러를 투자할 계획이다. 네이버는 엔비디아를 대상으로 약 1조4810억원 규모의 신주를 발행하며, 거래 완료 후 엔비디아의 지분율은 약 4.5%가 될 예정이다.

질문: 언제 나온 소식인지 확인해줘",이 뉴스는 2026-07-27 기준입니다.
"참고 뉴스:
제목: 삼성SDI, 7개 분기 만에 영업이익 흑자 전환
작성일: 2026-07-30
내용: 삼성SDI는 2026년 2분기 매출 3조7700억원, 영업이익 2038억원을 기록했다. 매출은 전년 동기 대비 18.5%, 전 분기 대비 5.4% 증가했고, 영업이익은 7개 분기 만에 흑자로 전환했다.

질문: 삼성SDI의 목표주가를 숫자로 말해줘",제공된 자료에는 적정 주가나 목표주가 정보가 포함되지 않았습니다.
"참고 뉴스:
제목: 엔비디아, 네이버 AI 인프라 프로젝트에 투자 추진
작성일: 2026-07-27
내용: 엔비디아는 네이버의 대규모 AI 데이터센터 프로젝트에 약 10억달러를 투자할 계획이다. 네이버는 엔비디아를 대상으로 약 1조4810억원 규모의 신주를 발행하며, 거래 완료 후 엔비디아의 지분율은 약 4.5%가 될 예정이다.

질문: 지금 주식 가격이 얼마야?",이 자료만으로 현재 주가와 등락률을 확인할 수 없습니다.
"참고 뉴스:
제목: 삼성바이오로직스, 스위스 폴리펩타이드 인수 추진
작성일: 2026-07-20
내용: 삼성바이오로직스는 스위스 의약품 위탁생산 기업 폴리펩타이드를 약 18억달러에 전액 현금으로 인수하는 공개매수를 추진했다. 회사는 펩타이드 치료제와 비만·당뇨 분야의 생산 역량 확대를 기대했다.

질문: 오늘 종가를 확인해줘",기사에는 오늘의 시세 정보가 포함되지 않았습니다.
"참고 뉴스 1:
제목: 현대차, 하반기 신차 출시로 회복 추진
작성일: 2026-07-23
내용: 현대차는 2분기 영업이익이 감소했지만 연간 전망은 유지했다. 회사는 하반기 투싼과 아반떼 등 주요 신차 출시를 통해 판매 회복을 추진할 계획이라고 밝혔다.

참고 뉴스 2:
제목: 삼성바이오로직스, 스위스 폴리펩타이드 인수 추진
작성일: 2026-07-20
내용: 삼성바이오로직스는 스위스 의약품 위탁생산 기업 폴리펩타이드를 약 18억달러에 전액 현금으로 인수하는 공개매수를 추진했다. 회사는 펩타이드 치료제와 비만·당뇨 분야의 생산 역량 확대를 기대했다.

질문: 두 뉴스의 핵심 내용을 비교해줘",첫 번째 뉴스는 현대차는 실적 부담에도 연간 전망을 유지하고 하반기 신차로 회복을 추진한다. 두 번째 뉴스는 삼성바이오로직스는 펩타이드 의약품 사업 강화를 위해 폴리펩타이드 인수를 추진한다.
"참고 뉴스:
제목: 삼성바이오로직스, 2026년 2분기 실적 발표
작성일: 2026-07-23
내용: 삼성바이오로직스는 2026년 2분기 매출 1조3210억원, 영업이익 5860억원을 기록했다. 1공장부터 4공장까지 안정적인 생산 운영과 고객 프로젝트 수행이 실적에 반영됐다.

질문: 이런 결과가 나온 이유가 뭐야?",안정적인 생산 운영과 고객 프로그램 수행이 실적의 기반이 됐다.
"참고 뉴스:
제목: 삼성전자 DS부문, AI 메모리 수요로 실적 확대
작성일: 2026-07-30
내용: 삼성전자 DS부문은 2026년 2분기 매출 127조5천억원, 영업이익 89조2천억원을 기록했다. 메모리 사업은 AI 수요에 대응해 서버 제품 중심 판매를 확대했고, 업계 전반의 가격 상승도 실적에 기여했다.

질문: 뉴스에서 확인되는 성장 요인을 알려줘",확인되는 긍정 요인은 AI 서버 제품 중심 판매 확대와 메모리 가격 상승입니다.
"참고 뉴스:
제목: 신한금융, 2026년 2분기 분기 최대 순이익
작성일: 2026-07-23
내용: 신한금융의 2026년 2분기 순이익은 1조8201억원으로 전 분기 대비 12.2% 증가했다. 상반기 순이익은 3조4427억원으로 전년 동기 대비 13.3% 늘었다.

질문: 오늘 종가를 확인해줘",기사에는 오늘의 시세 정보가 포함되지 않았습니다.
"참고 뉴스:
제목: 엔비디아, 네이버 AI 인프라 프로젝트에 투자 추진
작성일: 2026-07-27
내용: 엔비디아는 네이버의 대규모 AI 데이터센터 프로젝트에 약 10억달러를 투자할 계획이다. 네이버는 엔비디아를 대상으로 약 1조4810억원 규모의 신주를 발행하며, 거래 완료 후 엔비디아의 지분율은 약 4.5%가 될 예정이다.

질문: 이 뉴스의 발표 시점을 말해줘",발표 시점은 2026-07-27입니다.
"참고 뉴스:
제목: 현대차, 2026년 2분기 매출 증가에도 영업이익 감소
작성일: 2026-07-23
내용: 현대차의 2026년 2분기 매출은 49조2150억원으로 전년 동기 대비 1.9% 증가했다. 영업이익은 2조8510억원으로 20.8% 감소했고, 글로벌 판매량은 6.9% 줄었다.

질문: 이 기사에 나온 적정 주가가 얼마야?",기사에 증권사 목표가격이 제시되지 않아 답할 수 없습니다.
"참고 뉴스:
제목: HD현대중공업, 2026년 2분기 영업이익 급증
작성일: 2026-07-29
내용: HD현대중공업은 2026년 2분기 영업이익 1조399억원을 기록해 전년 동기 대비 120.6% 증가했다고 발표했다.

질문: HD현대중공업에 유리한 내용이 있어?",호재로 해석할 수 있는 내용은 영업이익의 큰 폭 증가입니다.
"참고 뉴스:
제목: 현대차, 하반기 신차 출시로 회복 추진
작성일: 2026-07-23
내용: 현대차는 2분기 영업이익이 감소했지만 연간 전망은 유지했다. 회사는 하반기 투싼과 아반떼 등 주요 신차 출시를 통해 판매 회복을 추진할 계획이라고 밝혔다.

질문: 리스크 중심으로 정리해줘","주의할 부분은 약한 자동차 수요, 공급 차질, 원재료비 상승과 경쟁 심화"
"참고 뉴스:
제목: HD현대중공업, 2026년 2분기 영업이익 급증
작성일: 2026-07-29
내용: HD현대중공업은 2026년 2분기 영업이익 1조399억원을 기록해 전년 동기 대비 120.6% 증가했다고 발표했다.

질문: 지금 주식 가격이 얼마야?",이 자료만으로 현재 주가와 등락률을 확인할 수 없습니다.
"참고 뉴스 1:
제목: 현대차, 2026년 2분기 매출 증가에도 영업이익 감소
작성일: 2026-07-23
내용: 현대차의 2026년 2분기 매출은 49조2150억원으로 전년 동기 대비 1.9% 증가했다. 영업이익은 2조8510억원으로 20.8% 감소했고, 글로벌 판매량은 6.9% 줄었다.

참고 뉴스 2:
제목: 삼성바이오로직스, 스위스 폴리펩타이드 인수 추진
작성일: 2026-07-20
내용: 삼성바이오로직스는 스위스 의약품 위탁생산 기업 폴리펩타이드를 약 18억달러에 전액 현금으로 인수하는 공개매수를 추진했다. 회사는 펩타이드 치료제와 비만·당뇨 분야의 생산 역량 확대를 기대했다.

질문: 두 뉴스의 위험 요인을 나눠서 설명해줘",첫 번째 뉴스의 부담 요인은 영업이익이 20.8% 감소했고 글로벌 판매량도 6.9% 줄었다. 두 번째 뉴스의 부담 요인은 대규모 현금 인수에 따른 자금 부담과 인수 후 통합 위험
"참고 뉴스:
제목: 코스닥, 2차전지·바이오 순환매로 급등
작성일: 2026-06-29
내용: 2026년 6월 29일 코스피는 외국인의 대규모 매도 속에 0.2% 하락했고, 코스닥은 2차전지와 바이오주 강세로 8.13% 상승했다. 장중 코스닥 매수 사이드카가 발동됐다.

질문: 언제 나온 소식인지 확인해줘",이 뉴스는 2026-06-29 기준입니다.
"참고 뉴스:
제목: HD현대, 2026년 2분기 높은 영업이익 기록
작성일: 2026-07-31
내용: HD현대는 2026년 2분기 연결 매출 22조4094억원, 영업이익 4조1246억원을 기록했다. 영업이익률은 18.4%로 발표됐다.

질문: 긍정적인 내용 말고 위험 요인도 확인해줘",제공된 자료에서 확인되는 부담은 기사에는 사업부별 수주잔고와 원가 변동의 상세 내용은 포함되지 않았다.
"참고 뉴스:
제목: 삼성SDI, 7개 분기 만에 영업이익 흑자 전환
작성일: 2026-07-30
내용: 삼성SDI는 2026년 2분기 매출 3조7700억원, 영업이익 2038억원을 기록했다. 매출은 전년 동기 대비 18.5%, 전 분기 대비 5.4% 증가했고, 영업이익은 7개 분기 만에 흑자로 전환했다.

질문: 참고 뉴스에서 확인되는 내용만 말해줘","확인되는 사실은 삼성SDI는 매출 증가와 함께 7개 분기 만에 영업이익 흑자 전환에 성공했다. 주요 수치는 매출 3조7700억원, 영업이익 2038억원, 전년 대비 매출 18.5% 증가입니다. 기사에 없는 목표주가나 현재 시세는 확인할 수 없습니다."
"참고 뉴스:
제목: 삼성전자, AI 인프라용 PM1763 SSD 양산 시작
작성일: 2026-07-08
내용: 삼성전자는 차세대 AI 인프라에 최적화한 PM1763 SSD의 양산을 시작했다고 발표했다.

질문: 리스크 중심으로 정리해줘","주의할 부분은 시장 점유율, 판매 가격과 실제 수익 기여 규모는 확인할 수 없다."
"참고 뉴스:
제목: 신한금융, 2026년 2분기 분기 최대 순이익
작성일: 2026-07-23
내용: 신한금융의 2026년 2분기 순이익은 1조8201억원으로 전 분기 대비 12.2% 증가했다. 상반기 순이익은 3조4427억원으로 전년 동기 대비 13.3% 늘었다.

질문: 신한금융의 기사 속 주요 수치를 알려줘","기사에서 확인되는 주요 수치는 2분기 순이익 1조8201억원, 상반기 순이익 3조4427억원입니다."
"참고 뉴스:
제목: 2026년 하반기 국내 증시, 반도체 쏠림에서 업종 확산 가능성
작성일: 2026-07-23
내용: 2026년 상반기 국내 증시는 반도체가 상승을 주도했지만 하반기에는 전력기기, 조선·방산, 바이오, 화장품, 금융 등으로 관심이 확산될 가능성이 제시됐다. 주요 변수로 AI 설비투자, 미국 금리, 기업 실적과 중국 메모리 업체의 추격이 언급됐다.

질문: 국내 증시의 부담 요인은 뭐야?","부담 요인은 미국 금리, 기업 실적, 중국 메모리 업체의 추격과 반도체 기대 조정"
"참고 뉴스:
제목: 삼성SDI, 7개 분기 만에 영업이익 흑자 전환
작성일: 2026-07-30
내용: 삼성SDI는 2026년 2분기 매출 3조7700억원, 영업이익 2038억원을 기록했다. 매출은 전년 동기 대비 18.5%, 전 분기 대비 5.4% 증가했고, 영업이익은 7개 분기 만에 흑자로 전환했다.

질문: 긍정적인 내용 말고 위험 요인도 확인해줘",제공된 자료에서 확인되는 부담은 기사에는 향후 배터리 수요와 원재료 가격에 대한 구체적인 전망은 제시되지 않았다.
"참고 뉴스:
제목: 삼성SDI, 미국 ESS용 각형 배터리 공급 계약
작성일: 2026-03-16
내용: 삼성SDI는 미국에서 1조5000억원 규모의 ESS용 각형 배터리 공급 계약을 수주했다고 발표했다.

질문: 참고 뉴스에서 확인되는 내용만 말해줘",확인되는 사실은 삼성SDI는 미국 ESS 시장에서 대규모 각형 배터리 공급 계약을 확보했다. 주요 수치는 계약 규모 1조5000억원입니다. 기사에 없는 목표주가나 현재 시세는 확인할 수 없습니다.
"참고 뉴스:
제목: 현대차, 하반기 신차 출시로 회복 추진
작성일: 2026-07-23
내용: 현대차는 2분기 영업이익이 감소했지만 연간 전망은 유지했다. 회사는 하반기 투싼과 아반떼 등 주요 신차 출시를 통해 판매 회복을 추진할 계획이라고 밝혔다.

질문: 이 기사에서 가장 중요한 내용이 뭐야?",핵심은 현대차는 실적 부담에도 연간 전망을 유지하고 하반기 신차로 회복을 추진한다.
"참고 뉴스:
제목: 현대차, 2026년 2분기 매출 증가에도 영업이익 감소
작성일: 2026-07-23
내용: 현대차의 2026년 2분기 매출은 49조2150억원으로 전년 동기 대비 1.9% 증가했다. 영업이익은 2조8510억원으로 20.8% 감소했고, 글로벌 판매량은 6.9% 줄었다.

질문: 이 기사에서 호재로 볼 수 있는 부분을 말해줘",기사에서 긍정적으로 볼 수 있는 부분은 매출이 전년 동기 대비 1.9% 증가한 점입니다.
"참고 뉴스:
제목: HD현대, 2026년 2분기 높은 영업이익 기록
작성일: 2026-07-31
내용: HD현대는 2026년 2분기 연결 매출 22조4094억원, 영업이익 4조1246억원을 기록했다. 영업이익률은 18.4%로 발표됐다.

질문: 이 뉴스의 발표 시점을 말해줘",발표 시점은 2026-07-31입니다.
"참고 뉴스:
제목: HD현대, 2026년 2분기 높은 영업이익 기록
작성일: 2026-07-31
내용: HD현대는 2026년 2분기 연결 매출 22조4094억원, 영업이익 4조1246억원을 기록했다. 영업이익률은 18.4%로 발표됐다.

질문: HD현대 관련 내용을 짧게 요약해줘",제공된 기사 기준으로는 HD현대는 2분기에 높은 영업이익과 영업이익률을 기록했다.
"참고 뉴스 1:
제목: 삼성전자 DS부문, AI 메모리 수요로 실적 확대
작성일: 2026-07-30
내용: 삼성전자 DS부문은 2026년 2분기 매출 127조5천억원, 영업이익 89조2천억원을 기록했다. 메모리 사업은 AI 수요에 대응해 서버 제품 중심 판매를 확대했고, 업계 전반의 가격 상승도 실적에 기여했다.

참고 뉴스 2:
제목: 7월 국내 증시, 소외 업종으로 자금 이동 가능성
작성일: 2026-07-01
내용: 7월에는 상반기 주도주였던 반도체에서 자동차, 2차전지, 바이오 등 상대적으로 소외됐던 업종으로 자금이 이동할 수 있다는 전망이 나왔다. 반도체 조정이 곧 업황 훼손을 의미하는 것은 아니라는 분석도 제시됐다.

질문: 어느 쪽이 더 좋다고 단정할 수 있는지 말해줘",두 뉴스는 기업과 상황이 달라 어느 쪽이 더 좋다고 단정하기 어렵습니다. 첫 번째는 삼성전자 반도체 부문은 AI 서버용 메모리 수요와 가격 상승의 영향을 받았다. 두 번째는 7월에는 반도체에서 자동차·2차전지·바이오로 포트폴리오가 이동할 가능성이 제기됐다.
"참고 뉴스:
제목: 삼성바이오로직스, 스위스 폴리펩타이드 인수 추진
작성일: 2026-07-20
내용: 삼성바이오로직스는 스위스 의약품 위탁생산 기업 폴리펩타이드를 약 18억달러에 전액 현금으로 인수하는 공개매수를 추진했다. 회사는 펩타이드 치료제와 비만·당뇨 분야의 생산 역량 확대를 기대했다.

질문: 삼성바이오로직스의 부담 요인은 뭐야?",부담 요인은 대규모 현금 인수에 따른 자금 부담과 인수 후 통합 위험
"참고 뉴스:
제목: 삼성전자, AI 인프라용 PM1763 SSD 양산 시작
작성일: 2026-07-08
내용: 삼성전자는 차세대 AI 인프라에 최적화한 PM1763 SSD의 양산을 시작했다고 발표했다.

질문: 삼성전자 실적이나 변화의 배경을 설명해줘",기사에서 제시한 배경은 차세대 AI 인프라의 고성능 저장장치 수요에 대응하기 위해서다.
"참고 뉴스:
제목: 삼성전자, AI 인프라용 PM1763 SSD 양산 시작
작성일: 2026-07-08
내용: 삼성전자는 차세대 AI 인프라에 최적화한 PM1763 SSD의 양산을 시작했다고 발표했다.

질문: 이 뉴스는 언제 발표된 내용이야?",이 자료의 발표일은 2026-07-08입니다.
"참고 뉴스 1:
제목: 삼성전자, 2026년 2분기 실적 발표
작성일: 2026-07-30
내용: 삼성전자는 2026년 2분기 연결 매출 171조5천억원, 영업이익 89조5천억원을 기록했다. 매출과 영업이익 모두 분기 기준 최고치를 경신했으며, 전 분기 대비 매출은 28% 증가했다.

참고 뉴스 2:
제목: HD현대, 2026년 2분기 높은 영업이익 기록
작성일: 2026-07-31
내용: HD현대는 2026년 2분기 연결 매출 22조4094억원, 영업이익 4조1246억원을 기록했다. 영업이익률은 18.4%로 발표됐다.

질문: 두 뉴스의 위험 요인을 나눠서 설명해줘",첫 번째 뉴스의 부담 요인은 이 기사에는 구체적인 하방 위험이나 목표주가 정보가 제시되지 않았다. 두 번째 뉴스의 부담 요인은 기사에는 사업부별 수주잔고와 원가 변동의 상세 내용은 포함되지 않았다.
"참고 뉴스:
제목: 현대차, 하반기 신차 출시로 회복 추진
작성일: 2026-07-23
내용: 현대차는 2분기 영업이익이 감소했지만 연간 전망은 유지했다. 회사는 하반기 투싼과 아반떼 등 주요 신차 출시를 통해 판매 회복을 추진할 계획이라고 밝혔다.

질문: 현대차의 기사 속 주요 수치를 알려줘",기사에서 확인되는 주요 수치는 기사에는 구체적인 하반기 판매 목표 수치가 제시되지 않았다.입니다.
"참고 뉴스:
제목: HD현대중공업, 2026년 2분기 영업이익 급증
작성일: 2026-07-29
내용: HD현대중공업은 2026년 2분기 영업이익 1조399억원을 기록해 전년 동기 대비 120.6% 증가했다고 발표했다.

질문: 이 뉴스는 언제 발표된 내용이야?",이 자료의 발표일은 2026-07-29입니다.
"참고 뉴스:
제목: 삼성바이오로직스, 2026년 2분기 실적 발표
작성일: 2026-07-23
내용: 삼성바이오로직스는 2026년 2분기 매출 1조3210억원, 영업이익 5860억원을 기록했다. 1공장부터 4공장까지 안정적인 생산 운영과 고객 프로젝트 수행이 실적에 반영됐다.

질문: 기사에서 확인되는 정량 정보만 말해줘","핵심 수치만 정리하면 매출 1조3210억원, 영업이익 5860억원입니다."
"참고 뉴스 1:
제목: KB금융, 2026년 상반기 순이익 증가
작성일: 2026-07-23
내용: KB금융은 2026년 상반기 실적 발표 자료를 공개했다. 외부 보도에 따르면 상반기 순이익은 3조8846억원으로 전년 동기 대비 13.1% 증가했다.

참고 뉴스 2:
제목: HD현대중공업, 2026년 2분기 영업이익 급증
작성일: 2026-07-29
내용: HD현대중공업은 2026년 2분기 영업이익 1조399억원을 기록해 전년 동기 대비 120.6% 증가했다고 발표했다.

질문: 두 기사에서 확인되는 긍정 요인을 비교해줘","첫 번째 뉴스의 긍정 요인은 상반기 순이익 증가이고, 두 번째 뉴스의 긍정 요인은 영업이익의 큰 폭 증가입니다."
"참고 뉴스:
제목: 삼성전자 DS부문, AI 메모리 수요로 실적 확대
작성일: 2026-07-30
내용: 삼성전자 DS부문은 2026년 2분기 매출 127조5천억원, 영업이익 89조2천억원을 기록했다. 메모리 사업은 AI 수요에 대응해 서버 제품 중심 판매를 확대했고, 업계 전반의 가격 상승도 실적에 기여했다.

질문: 지금 주식 가격이 얼마야?",이 자료만으로 현재 주가와 등락률을 확인할 수 없습니다.
"참고 뉴스:
제목: 코스닥, 2차전지·바이오 순환매로 급등
작성일: 2026-06-29
내용: 2026년 6월 29일 코스피는 외국인의 대규모 매도 속에 0.2% 하락했고, 코스닥은 2차전지와 바이오주 강세로 8.13% 상승했다. 장중 코스닥 매수 사이드카가 발동됐다.

질문: 뉴스 근거를 들어 설명해줘",기사 근거만 사용하면 외국인 매도로 코스피가 약세를 보인 반면 코스닥은 2차전지와 바이오 순환매로 급등했다. 추가적인 주가 전망은 이 자료만으로 단정할 수 없습니다.
"참고 뉴스:
제목: 삼성바이오로직스, 스위스 폴리펩타이드 인수 추진
작성일: 2026-07-20
내용: 삼성바이오로직스는 스위스 의약품 위탁생산 기업 폴리펩타이드를 약 18억달러에 전액 현금으로 인수하는 공개매수를 추진했다. 회사는 펩타이드 치료제와 비만·당뇨 분야의 생산 역량 확대를 기대했다.

질문: 뉴스에서 확인되는 성장 요인을 알려줘",확인되는 긍정 요인은 펩타이드 치료제와 GLP-1 계열 의약품 생산 역량 확대 가능성입니다.
"참고 뉴스:
제목: HD현대중공업, 2026년 2분기 영업이익 급증
작성일: 2026-07-29
내용: HD현대중공업은 2026년 2분기 영업이익 1조399억원을 기록해 전년 동기 대비 120.6% 증가했다고 발표했다.

질문: 기사 작성일을 알려줘",기사 기준 날짜는 2026-07-29입니다.
"참고 뉴스:
제목: 현대차, 하반기 신차 출시로 회복 추진
작성일: 2026-07-23
내용: 현대차는 2분기 영업이익이 감소했지만 연간 전망은 유지했다. 회사는 하반기 투싼과 아반떼 등 주요 신차 출시를 통해 판매 회복을 추진할 계획이라고 밝혔다.

질문: 지금 주식 가격이 얼마야?",이 자료만으로 현재 주가와 등락률을 확인할 수 없습니다.
"참고 뉴스:
제목: 엔비디아, 네이버 AI 인프라 프로젝트에 투자 추진
작성일: 2026-07-27
내용: 엔비디아는 네이버의 대규모 AI 데이터센터 프로젝트에 약 10억달러를 투자할 계획이다. 네이버는 엔비디아를 대상으로 약 1조4810억원 규모의 신주를 발행하며, 거래 완료 후 엔비디아의 지분율은 약 4.5%가 될 예정이다.

질문: 이 기사에 나온 적정 주가가 얼마야?",기사에 증권사 목표가격이 제시되지 않아 답할 수 없습니다.
"참고 뉴스:
제목: 현대차, 2026년 2분기 매출 증가에도 영업이익 감소
작성일: 2026-07-23
내용: 현대차의 2026년 2분기 매출은 49조2150억원으로 전년 동기 대비 1.9% 증가했다. 영업이익은 2조8510억원으로 20.8% 감소했고, 글로벌 판매량은 6.9% 줄었다.

질문: 리스크 중심으로 정리해줘",주의할 부분은 영업이익이 20.8% 감소했고 글로벌 판매량도 6.9% 줄었다.
"참고 뉴스:
제목: 2026년 하반기 국내 증시, 반도체 쏠림에서 업종 확산 가능성
작성일: 2026-07-23
내용: 2026년 상반기 국내 증시는 반도체가 상승을 주도했지만 하반기에는 전력기기, 조선·방산, 바이오, 화장품, 금융 등으로 관심이 확산될 가능성이 제시됐다. 주요 변수로 AI 설비투자, 미국 금리, 기업 실적과 중국 메모리 업체의 추격이 언급됐다.

질문: 국내 증시의 현재 주가를 알려줘",제공된 기사에는 실시간 주가나 오늘 종가가 없습니다. 현재 시세는 별도의 실시간 데이터가 필요합니다.
"참고 뉴스 1:
제목: 삼성전자, 2026년 2분기 실적 발표
작성일: 2026-07-30
내용: 삼성전자는 2026년 2분기 연결 매출 171조5천억원, 영업이익 89조5천억원을 기록했다. 매출과 영업이익 모두 분기 기준 최고치를 경신했으며, 전 분기 대비 매출은 28% 증가했다.

참고 뉴스 2:
제목: 현대차, 2026년 2분기 매출 증가에도 영업이익 감소
작성일: 2026-07-23
내용: 현대차의 2026년 2분기 매출은 49조2150억원으로 전년 동기 대비 1.9% 증가했다. 영업이익은 2조8510억원으로 20.8% 감소했고, 글로벌 판매량은 6.9% 줄었다.

질문: 두 뉴스의 핵심 내용을 비교해줘",첫 번째 뉴스는 삼성전자는 2026년 2분기에 매출과 영업이익 모두 분기 최고치를 기록했다. 두 번째 뉴스는 현대차는 매출은 증가했지만 판매 감소와 비용 부담으로 영업이익이 줄었다.
"참고 뉴스:
제목: 2026년 하반기 국내 증시, 반도체 쏠림에서 업종 확산 가능성
작성일: 2026-07-23
내용: 2026년 상반기 국내 증시는 반도체가 상승을 주도했지만 하반기에는 전력기기, 조선·방산, 바이오, 화장품, 금융 등으로 관심이 확산될 가능성이 제시됐다. 주요 변수로 AI 설비투자, 미국 금리, 기업 실적과 중국 메모리 업체의 추격이 언급됐다.

질문: 국내 증시 주식을 지금 사는 게 좋아?","제공된 뉴스는 투자 판단의 일부 근거일 뿐입니다. 현재 가격과 재무 상태, 위험 요인을 추가로 확인해야 합니다."
"참고 뉴스:
제목: 삼성바이오로직스, 스위스 폴리펩타이드 인수 추진
작성일: 2026-07-20
내용: 삼성바이오로직스는 스위스 의약품 위탁생산 기업 폴리펩타이드를 약 18억달러에 전액 현금으로 인수하는 공개매수를 추진했다. 회사는 펩타이드 치료제와 비만·당뇨 분야의 생산 역량 확대를 기대했다.

질문: 긍정적인 내용만 근거를 들어 정리해줘",제공된 뉴스 기준 성장 요인은 펩타이드 치료제와 GLP-1 계열 의약품 생산 역량 확대 가능성입니다.
"참고 뉴스 1:
제목: 삼성바이오로직스, 스위스 폴리펩타이드 인수 추진
작성일: 2026-07-20
내용: 삼성바이오로직스는 스위스 의약품 위탁생산 기업 폴리펩타이드를 약 18억달러에 전액 현금으로 인수하는 공개매수를 추진했다. 회사는 펩타이드 치료제와 비만·당뇨 분야의 생산 역량 확대를 기대했다.

참고 뉴스 2:
제목: 셀트리온, 2026년 2분기 분기 최대 매출
작성일: 2026-07-27
내용: 셀트리온은 2026년 2분기 매출 1조3937억원, 영업이익 4518억원을 기록했다. 매출은 전년 동기 대비 45%, 영업이익은 86.3% 증가했고, 고수익 신제품이 바이오의약품 매출의 65%를 차지했다.

질문: 어느 쪽이 더 좋다고 단정할 수 있는지 말해줘",두 뉴스는 기업과 상황이 달라 어느 쪽이 더 좋다고 단정하기 어렵습니다. 첫 번째는 삼성바이오로직스는 펩타이드 의약품 사업 강화를 위해 폴리펩타이드 인수를 추진한다. 두 번째는 셀트리온은 신제품 성장과 원가 개선으로 매출과 영업이익이 크게 증가했다.
"참고 뉴스:
제목: 한화에어로스페이스, 2026년 2분기 이익 증가
작성일: 2026-07-31
내용: 한화에어로스페이스는 2026년 2분기 순이익 1조800억원을 기록해 전년 동기 대비 277.5% 증가했다. 실적은 시장 예상치를 웃돌았다고 보도됐다.

질문: 증권사 목표가격을 알려줘",이 뉴스만으로는 목표주가를 확인할 수 없습니다.
"참고 뉴스:
제목: 삼성SDI, 미국 ESS용 각형 배터리 공급 계약
작성일: 2026-03-16
내용: 삼성SDI는 미국에서 1조5000억원 규모의 ESS용 각형 배터리 공급 계약을 수주했다고 발표했다.

질문: 이 뉴스에 나온 수치가 뭐야?",제공된 자료에 나온 숫자는 계약 규모 1조5000억원입니다.
"참고 뉴스:
제목: 현대차, 2026년 2분기 매출 증가에도 영업이익 감소
작성일: 2026-07-23
내용: 현대차의 2026년 2분기 매출은 49조2150억원으로 전년 동기 대비 1.9% 증가했다. 영업이익은 2조8510억원으로 20.8% 감소했고, 글로벌 판매량은 6.9% 줄었다.

질문: 앞으로 어느 가격까지 갈 수 있어?",목표주가 수치는 기사에서 확인되지 않습니다.
"참고 뉴스:
제목: 삼성SDI, 미국 ESS용 각형 배터리 공급 계약
작성일: 2026-03-16
내용: 삼성SDI는 미국에서 1조5000억원 규모의 ESS용 각형 배터리 공급 계약을 수주했다고 발표했다.

질문: 이 뉴스는 언제 발표된 내용이야?",이 자료의 발표일은 2026-03-16입니다.
"참고 뉴스:
제목: 한화에어로스페이스, 2026년 2분기 이익 증가
작성일: 2026-07-31
내용: 한화에어로스페이스는 2026년 2분기 순이익 1조800억원을 기록해 전년 동기 대비 277.5% 증가했다. 실적은 시장 예상치를 웃돌았다고 보도됐다.

질문: 확실히 확인되는 사실과 확인되지 않는 내용을 나눠줘",제공된 뉴스 기준 핵심은 한화에어로스페이스는 2분기 순이익이 크게 증가하며 시장 기대를 웃돌았다. 그 밖의 실시간 주가나 목표가격은 확인되지 않습니다.
"참고 뉴스:
제목: 삼성바이오로직스, 2026년 2분기 실적 발표
작성일: 2026-07-23
내용: 삼성바이오로직스는 2026년 2분기 매출 1조3210억원, 영업이익 5860억원을 기록했다. 1공장부터 4공장까지 안정적인 생산 운영과 고객 프로젝트 수행이 실적에 반영됐다.

질문: 삼성바이오로직스의 긍정 요인은 뭐야?",긍정 요인은 1~4공장의 안정적인 가동과 고객 프로젝트 수행입니다.
"참고 뉴스 1:
제목: 삼성바이오로직스, 스위스 폴리펩타이드 인수 추진
작성일: 2026-07-20
내용: 삼성바이오로직스는 스위스 의약품 위탁생산 기업 폴리펩타이드를 약 18억달러에 전액 현금으로 인수하는 공개매수를 추진했다. 회사는 펩타이드 치료제와 비만·당뇨 분야의 생산 역량 확대를 기대했다.

참고 뉴스 2:
제목: HD현대중공업, 2026년 2분기 영업이익 급증
작성일: 2026-07-29
내용: HD현대중공업은 2026년 2분기 영업이익 1조399억원을 기록해 전년 동기 대비 120.6% 증가했다고 발표했다.

질문: 두 뉴스의 핵심 내용을 비교해줘",첫 번째 뉴스는 삼성바이오로직스는 펩타이드 의약품 사업 강화를 위해 폴리펩타이드 인수를 추진한다. 두 번째 뉴스는 HD현대중공업은 조선 부문 수익성 개선으로 영업이익이 큰 폭으로 증가했다.
"참고 뉴스:
제목: 신한금융, 2026년 2분기 분기 최대 순이익
작성일: 2026-07-23
내용: 신한금융의 2026년 2분기 순이익은 1조8201억원으로 전 분기 대비 12.2% 증가했다. 상반기 순이익은 3조4427억원으로 전년 동기 대비 13.3% 늘었다.

질문: 뉴스에 나온 근거를 바탕으로 배경을 정리해줘",이 흐름의 배경은 이자이익과 비이자이익의 안정적인 증가가 실적에 기여했다.
"참고 뉴스:
제목: 코스닥, 2차전지·바이오 순환매로 급등
작성일: 2026-06-29
내용: 2026년 6월 29일 코스피는 외국인의 대규모 매도 속에 0.2% 하락했고, 코스닥은 2차전지와 바이오주 강세로 8.13% 상승했다. 장중 코스닥 매수 사이드카가 발동됐다.

질문: 실적 숫자만 정리해줘","정량 정보는 코스피 0.2% 하락, 코스닥 8.13% 상승입니다."
"참고 뉴스:
제목: HD현대, 2026년 2분기 높은 영업이익 기록
작성일: 2026-07-31
내용: HD현대는 2026년 2분기 연결 매출 22조4094억원, 영업이익 4조1246억원을 기록했다. 영업이익률은 18.4%로 발표됐다.

질문: 뉴스 근거를 들어 설명해줘",기사 근거만 사용하면 HD현대는 2분기에 높은 영업이익과 영업이익률을 기록했다. 추가적인 주가 전망은 이 자료만으로 단정할 수 없습니다.
"참고 뉴스:
제목: 삼성SDI, 7개 분기 만에 영업이익 흑자 전환
작성일: 2026-07-30
내용: 삼성SDI는 2026년 2분기 매출 3조7700억원, 영업이익 2038억원을 기록했다. 매출은 전년 동기 대비 18.5%, 전 분기 대비 5.4% 증가했고, 영업이익은 7개 분기 만에 흑자로 전환했다.

질문: 삼성SDI 관련 내용을 짧게 요약해줘",제공된 기사 기준으로는 삼성SDI는 매출 증가와 함께 7개 분기 만에 영업이익 흑자 전환에 성공했다.
"참고 뉴스:
제목: 신한금융, 2026년 2분기 분기 최대 순이익
작성일: 2026-07-23
내용: 신한금융의 2026년 2분기 순이익은 1조8201억원으로 전 분기 대비 12.2% 증가했다. 상반기 순이익은 3조4427억원으로 전년 동기 대비 13.3% 늘었다.

질문: 신한금융 관련 핵심 숫자를 정리해줘","기사 기준 주요 지표는 2분기 순이익 1조8201억원, 상반기 순이익 3조4427억원입니다."
"참고 뉴스 1:
제목: 셀트리온, 2026년 2분기 분기 최대 매출
작성일: 2026-07-27
내용: 셀트리온은 2026년 2분기 매출 1조3937억원, 영업이익 4518억원을 기록했다. 매출은 전년 동기 대비 45%, 영업이익은 86.3% 증가했고, 고수익 신제품이 바이오의약품 매출의 65%를 차지했다.

참고 뉴스 2:
제목: 2026년 하반기 국내 증시, 반도체 쏠림에서 업종 확산 가능성
작성일: 2026-07-23
내용: 2026년 상반기 국내 증시는 반도체가 상승을 주도했지만 하반기에는 전력기기, 조선·방산, 바이오, 화장품, 금융 등으로 관심이 확산될 가능성이 제시됐다. 주요 변수로 AI 설비투자, 미국 금리, 기업 실적과 중국 메모리 업체의 추격이 언급됐다.

질문: 두 뉴스의 위험 요인을 나눠서 설명해줘","첫 번째 뉴스의 부담 요인은 기사에는 제품별 경쟁 심화나 환율 변화의 구체적인 손익 영향은 제시되지 않았다. 두 번째 뉴스의 부담 요인은 미국 금리, 기업 실적, 중국 메모리 업체의 추격과 반도체 기대 조정"
"참고 뉴스:
제목: 삼성SDI, 7개 분기 만에 영업이익 흑자 전환
작성일: 2026-07-30
내용: 삼성SDI는 2026년 2분기 매출 3조7700억원, 영업이익 2038억원을 기록했다. 매출은 전년 동기 대비 18.5%, 전 분기 대비 5.4% 증가했고, 영업이익은 7개 분기 만에 흑자로 전환했다.

질문: 기사 작성일을 알려줘",기사 기준 날짜는 2026-07-30입니다.
"참고 뉴스:
제목: 삼성SDI, 미국 ESS용 각형 배터리 공급 계약
작성일: 2026-03-16
내용: 삼성SDI는 미국에서 1조5000억원 규모의 ESS용 각형 배터리 공급 계약을 수주했다고 발표했다.

질문: 삼성SDI의 기사 속 주요 수치를 알려줘",기사에서 확인되는 주요 수치는 계약 규모 1조5000억원입니다.
"참고 뉴스 1:
제목: 삼성바이오로직스, 스위스 폴리펩타이드 인수 추진
작성일: 2026-07-20
내용: 삼성바이오로직스는 스위스 의약품 위탁생산 기업 폴리펩타이드를 약 18억달러에 전액 현금으로 인수하는 공개매수를 추진했다. 회사는 펩타이드 치료제와 비만·당뇨 분야의 생산 역량 확대를 기대했다.

참고 뉴스 2:
제목: 셀트리온, 2026년 2분기 분기 최대 매출
작성일: 2026-07-27
내용: 셀트리온은 2026년 2분기 매출 1조3937억원, 영업이익 4518억원을 기록했다. 매출은 전년 동기 대비 45%, 영업이익은 86.3% 증가했고, 고수익 신제품이 바이오의약품 매출의 65%를 차지했다.

질문: 두 기사에서 확인되는 긍정 요인을 비교해줘","첫 번째 뉴스의 긍정 요인은 펩타이드 치료제와 GLP-1 계열 의약품 생산 역량 확대 가능성이고, 두 번째 뉴스의 긍정 요인은 고수익 신제품 성장과 원가율 개선입니다."
"참고 뉴스:
제목: 엔비디아, 네이버 AI 인프라 프로젝트에 투자 추진
작성일: 2026-07-27
내용: 엔비디아는 네이버의 대규모 AI 데이터센터 프로젝트에 약 10억달러를 투자할 계획이다. 네이버는 엔비디아를 대상으로 약 1조4810억원 규모의 신주를 발행하며, 거래 완료 후 엔비디아의 지분율은 약 4.5%가 될 예정이다.

질문: 네이버 목표주가가 얼마야?",제공된 기사에는 목표주가가 없습니다. 자료에 없는 가격을 임의로 만들 수 없습니다.
"참고 뉴스:
제목: 2026년 하반기 국내 증시, 반도체 쏠림에서 업종 확산 가능성
작성일: 2026-07-23
내용: 2026년 상반기 국내 증시는 반도체가 상승을 주도했지만 하반기에는 전력기기, 조선·방산, 바이오, 화장품, 금융 등으로 관심이 확산될 가능성이 제시됐다. 주요 변수로 AI 설비투자, 미국 금리, 기업 실적과 중국 메모리 업체의 추격이 언급됐다.

질문: 국내 증시의 기사 속 주요 수치를 알려줘",기사에서 확인되는 주요 수치는 기사에는 특정 지수 목표치나 개별 종목 목표주가가 제시되지 않았다.입니다.
"참고 뉴스:
제목: HD현대중공업, 2026년 2분기 영업이익 급증
작성일: 2026-07-29
내용: HD현대중공업은 2026년 2분기 영업이익 1조399억원을 기록해 전년 동기 대비 120.6% 증가했다고 발표했다.

질문: 긍정적인 내용 말고 위험 요인도 확인해줘",제공된 자료에서 확인되는 부담은 기사에는 신규 수주 금액과 후판 가격의 향후 영향은 구체적으로 제시되지 않았다.
"참고 뉴스:
제목: SK하이닉스, 2026년 2분기 사상 최대 실적
작성일: 2026-07-29
내용: SK하이닉스는 2026년 2분기 매출 79조3187억원, 영업이익 60조5426억원을 발표했다. AI 수요에 대응한 고부가가치 제품 판매가 실적을 이끌었고, 주요 고객과 장기·다년 계약을 확대했다고 설명했다.

질문: 이 기사만 보고 SK하이닉스를 매수해도 돼?","이 기사 하나만으로 매수나 매도를 결정하기는 어렵습니다. 실적 추세, 밸류에이션, 수급과 추가 공시를 함께 확인해야 합니다."
"참고 뉴스:
제목: 코스닥, 2차전지·바이오 순환매로 급등
작성일: 2026-06-29
내용: 2026년 6월 29일 코스피는 외국인의 대규모 매도 속에 0.2% 하락했고, 코스닥은 2차전지와 바이오주 강세로 8.13% 상승했다. 장중 코스닥 매수 사이드카가 발동됐다.

질문: 국내 증시 실적이나 변화의 배경을 설명해줘",기사에서 제시한 배경은 반도체 약세 속에서 2차전지와 바이오로 매수세가 이동했다.
"참고 뉴스 1:
제목: 삼성SDI, 미국 ESS용 각형 배터리 공급 계약
작성일: 2026-03-16
내용: 삼성SDI는 미국에서 1조5000억원 규모의 ESS용 각형 배터리 공급 계약을 수주했다고 발표했다.

참고 뉴스 2:
제목: 삼성전자, AI 인프라용 PM1763 SSD 양산 시작
작성일: 2026-07-08
내용: 삼성전자는 차세대 AI 인프라에 최적화한 PM1763 SSD의 양산을 시작했다고 발표했다.

질문: 두 기사에서 확인되는 긍정 요인을 비교해줘","첫 번째 뉴스의 긍정 요인은 미국 ESS 시장에서 대규모 공급 계약을 확보한 점이고, 두 번째 뉴스의 긍정 요인은 AI 인프라용 고성능 저장장치 제품군 확대입니다."
"참고 뉴스:
제목: 삼성전자 DS부문, AI 메모리 수요로 실적 확대
작성일: 2026-07-30
내용: 삼성전자 DS부문은 2026년 2분기 매출 127조5천억원, 영업이익 89조2천억원을 기록했다. 메모리 사업은 AI 수요에 대응해 서버 제품 중심 판매를 확대했고, 업계 전반의 가격 상승도 실적에 기여했다.

질문: 이 기사에 나온 적정 주가가 얼마야?",기사에 증권사 목표가격이 제시되지 않아 답할 수 없습니다.
"참고 뉴스 1:
제목: 현대차, 하반기 신차 출시로 회복 추진
작성일: 2026-07-23
내용: 현대차는 2분기 영업이익이 감소했지만 연간 전망은 유지했다. 회사는 하반기 투싼과 아반떼 등 주요 신차 출시를 통해 판매 회복을 추진할 계획이라고 밝혔다.

참고 뉴스 2:
제목: 엔비디아, 네이버 AI 인프라 프로젝트에 투자 추진
작성일: 2026-07-27
내용: 엔비디아는 네이버의 대규모 AI 데이터센터 프로젝트에 약 10억달러를 투자할 계획이다. 네이버는 엔비디아를 대상으로 약 1조4810억원 규모의 신주를 발행하며, 거래 완료 후 엔비디아의 지분율은 약 4.5%가 될 예정이다.

질문: 두 뉴스의 핵심 내용을 비교해줘",첫 번째 뉴스는 현대차는 실적 부담에도 연간 전망을 유지하고 하반기 신차로 회복을 추진한다. 두 번째 뉴스는 네이버는 엔비디아 투자와 신주 발행을 통해 대규모 AI 인프라 구축을 추진한다.
"참고 뉴스:
제목: 신한금융, 2026년 2분기 분기 최대 순이익
작성일: 2026-07-23
내용: 신한금융의 2026년 2분기 순이익은 1조8201억원으로 전 분기 대비 12.2% 증가했다. 상반기 순이익은 3조4427억원으로 전년 동기 대비 13.3% 늘었다.

질문: 리스크 중심으로 정리해줘",주의할 부분은 기사에는 향후 대손비용과 금리 하락이 순이자마진에 미칠 구체적 영향은 포함되지 않았다.
"참고 뉴스:
제목: SK하이닉스, 2026년 2분기 사상 최대 실적
작성일: 2026-07-29
내용: SK하이닉스는 2026년 2분기 매출 79조3187억원, 영업이익 60조5426억원을 발표했다. AI 수요에 대응한 고부가가치 제품 판매가 실적을 이끌었고, 주요 고객과 장기·다년 계약을 확대했다고 설명했다.

질문: SK하이닉스 실적이나 변화의 배경을 설명해줘",기사에서 제시한 배경은 강한 AI 메모리 수요와 고부가가치 제품 비중 확대가 실적을 견인했다.
"참고 뉴스:
제목: 삼성전자, AI 인프라용 PM1763 SSD 양산 시작
작성일: 2026-07-08
내용: 삼성전자는 차세대 AI 인프라에 최적화한 PM1763 SSD의 양산을 시작했다고 발표했다.

질문: 현재 시세와 등락률을 말해줘",현재 주가는 기사 작성 시점과 달라질 수 있어 별도 시세 조회가 필요합니다.
"참고 뉴스 1:
제목: 삼성SDI, 7개 분기 만에 영업이익 흑자 전환
작성일: 2026-07-30
내용: 삼성SDI는 2026년 2분기 매출 3조7700억원, 영업이익 2038억원을 기록했다. 매출은 전년 동기 대비 18.5%, 전 분기 대비 5.4% 증가했고, 영업이익은 7개 분기 만에 흑자로 전환했다.

참고 뉴스 2:
제목: 삼성전자, AI 인프라용 PM1763 SSD 양산 시작
작성일: 2026-07-08
내용: 삼성전자는 차세대 AI 인프라에 최적화한 PM1763 SSD의 양산을 시작했다고 발표했다.

질문: 두 기사에서 확인되는 긍정 요인을 비교해줘","첫 번째 뉴스의 긍정 요인은 7개 분기 만의 영업이익 흑자 전환과 매출 증가이고, 두 번째 뉴스의 긍정 요인은 AI 인프라용 고성능 저장장치 제품군 확대입니다."
"참고 뉴스 1:
제목: 네이버, 2026년 1분기 매출 16.3% 증가
작성일: 2026-04-30
내용: 네이버는 2026년 1분기 매출 3조2411억원, 영업이익 5418억원을 기록했다. 매출은 전년 동기 대비 16.3%, 영업이익은 7.2% 증가했으며 광고와 커머스 등 핵심 사업의 AI 적용이 성장에 기여했다.

참고 뉴스 2:
제목: 한화에어로스페이스, 2026년 2분기 이익 증가
작성일: 2026-07-31
내용: 한화에어로스페이스는 2026년 2분기 순이익 1조800억원을 기록해 전년 동기 대비 277.5% 증가했다. 실적은 시장 예상치를 웃돌았다고 보도됐다.

질문: 두 뉴스의 핵심 내용을 비교해줘",첫 번째 뉴스는 네이버는 광고와 커머스의 성장 및 AI 적용을 바탕으로 매출과 영업이익이 증가했다. 두 번째 뉴스는 한화에어로스페이스는 2분기 순이익이 크게 증가하며 시장 기대를 웃돌았다.
"참고 뉴스:
제목: 코스닥, 2차전지·바이오 순환매로 급등
작성일: 2026-06-29
내용: 2026년 6월 29일 코스피는 외국인의 대규모 매도 속에 0.2% 하락했고, 코스닥은 2차전지와 바이오주 강세로 8.13% 상승했다. 장중 코스닥 매수 사이드카가 발동됐다.

질문: 국내 증시의 긍정 요인은 뭐야?",긍정 요인은 2차전지와 바이오 업종으로의 강한 순환매입니다.
"참고 뉴스 1:
제목: 삼성전자 DS부문, AI 메모리 수요로 실적 확대
작성일: 2026-07-30
내용: 삼성전자 DS부문은 2026년 2분기 매출 127조5천억원, 영업이익 89조2천억원을 기록했다. 메모리 사업은 AI 수요에 대응해 서버 제품 중심 판매를 확대했고, 업계 전반의 가격 상승도 실적에 기여했다.

참고 뉴스 2:
제목: 7월 국내 증시, 소외 업종으로 자금 이동 가능성
작성일: 2026-07-01
내용: 7월에는 상반기 주도주였던 반도체에서 자동차, 2차전지, 바이오 등 상대적으로 소외됐던 업종으로 자금이 이동할 수 있다는 전망이 나왔다. 반도체 조정이 곧 업황 훼손을 의미하는 것은 아니라는 분석도 제시됐다.

질문: 두 뉴스의 핵심 내용을 비교해줘",첫 번째 뉴스는 삼성전자 반도체 부문은 AI 서버용 메모리 수요와 가격 상승의 영향을 받았다. 두 번째 뉴스는 7월에는 반도체에서 자동차·2차전지·바이오로 포트폴리오가 이동할 가능성이 제기됐다.
