question,answer
"참고 뉴스:
제목: 한화에어로스페이스, 2026년 2분기 이익 증가
작성일: 2026-07-31
내용: 한화에어로스페이스는 2026년 2분기 순이익 1조800억원을 기록해 전년 동기 대비 277.5% 증가했다. 실적은 시장 예상치를 웃돌았다고 보도됐다.

질문: 이 기사만 보고 한화에어로스페이스를 매수해도 돼?","이 기사 하나만으로 매수나 매도를 결정하기는 어렵습니다. 실적 추세, 밸류에이션, 수급과 추가 공시를 함께 확인해야 합니다."
"참고 뉴스 1:
제목: 삼성전자, 2026년 2분기 실적 발표
작성일: 2026-07-30
내용: 삼성전자는 2026년 2분기 연결 매출 171조5천억원, 영업이익 89조5천억원을 기록했다. 매출과 영업이익 모두 분기 기준 최고치를 경신했으며, 전 분기 대비 매출은 28% 증가했다.

참고 뉴스 2:
제목: HD현대, 2026년 2분기 높은 영업이익 기록
작성일: 2026-07-31
내용: HD현대는 2026년 2분기 연결 매출 22조4094억원, 영업이익 4조1246억원을 기록했다. 영업이익률은 18.4%로 발표됐다.

질문: 두 뉴스의 핵심 내용을 비교해줘",첫 번째 뉴스는 삼성전자는 2026년 2분기에 매출과 영업이익 모두 분기 최고치를 기록했다. 두 번째 뉴스는 HD현대는 2분기에 높은 영업이익과 영업이익률을 기록했다.
"참고 뉴스:
제목: 엔비디아, 네이버 AI 인프라 프로젝트에 투자 추진
작성일: 2026-07-27
내용: 엔비디아는 네이버의 대규모 AI 데이터센터 프로젝트에 약 10억달러를 투자할 계획이다. 네이버는 엔비디아를 대상으로 약 1조4810억원 규모의 신주를 발행하며, 거래 완료 후 엔비디아의 지분율은 약 4.5%가 될 예정이다.

질문: 현재 시세와 등락률을 말해줘",현재 주가는 기사 작성 시점과 달라질 수 있어 별도 시세 조회가 필요합니다.
"참고 뉴스:
제목: 7월 국내 증시, 소외 업종으로 자금 이동 가능성
작성일: 2026-07-01
내용: 7월에는 상반기 주도주였던 반도체에서 자동차, 2차전지, 바이오 등 상대적으로 소외됐던 업종으로 자금이 이동할 수 있다는 전망이 나왔다. 반도체 조정이 곧 업황 훼손을 의미하는 것은 아니라는 분석도 제시됐다.

질문: 이 기사만 보고 국내 증시를 매수해도 돼?","이 기사 하나만으로 매수나 매도를 결정하기는 어렵습니다. 실적 추세, 밸류에이션, 수급과 추가 공시를 함께 확인해야 합니다."
"참고 뉴스:
제목: 신한금융, 2026년 2분기 분기 최대 순이익
작성일: 2026-07-23
내용: 신한금융의 2026년 2분기 순이익은 1조8201억원으로 전 분기 대비 12.2% 증가했다. 상반기 순이익은 3조4427억원으로 전년 동기 대비 13.3% 늘었다.

질문: 뉴스 근거를 들어 설명해줘",기사 근거만 사용하면 신한금융은 2분기와 상반기 순이익이 모두 증가하며 높은 실적을 기록했다. 추가적인 주가 전망은 이 자료만으로 단정할 수 없습니다.
"참고 뉴스:
제목: 신한금융, 2026년 2분기 분기 최대 순이익
작성일: 2026-07-23
내용: 신한금융의 2026년 2분기 순이익은 1조8201억원으로 전 분기 대비 12.2% 증가했다. 상반기 순이익은 3조4427억원으로 전년 동기 대비 13.3% 늘었다.

질문: 긍정적인 내용만 근거를 들어 정리해줘",제공된 뉴스 기준 성장 요인은 분기 최대 순이익과 상반기 이익 증가입니다.
"참고 뉴스:
제목: 삼성SDI, 미국 ESS용 각형 배터리 공급 계약
작성일: 2026-03-16
내용: 삼성SDI는 미국에서 1조5000억원 규모의 ESS용 각형 배터리 공급 계약을 수주했다고 발표했다.

질문: 삼성SDI 뉴스 핵심을 한 문장으로 정리해줘",삼성SDI는 미국 ESS 시장에서 대규모 각형 배터리 공급 계약을 확보했다.
"참고 뉴스:
제목: 삼성전자 DS부문, AI 메모리 수요로 실적 확대
작성일: 2026-07-30
내용: 삼성전자 DS부문은 2026년 2분기 매출 127조5천억원, 영업이익 89조2천억원을 기록했다. 메모리 사업은 AI 수요에 대응해 서버 제품 중심 판매를 확대했고, 업계 전반의 가격 상승도 실적에 기여했다.

질문: 삼성전자 주식을 지금 사는 게 좋아?","제공된 뉴스는 투자 판단의 일부 근거일 뿐입니다. 현재 가격과 재무 상태, 위험 요인을 추가로 확인해야 합니다."
"참고 뉴스:
제목: SK하이닉스, 2026년 2분기 사상 최대 실적
작성일: 2026-07-29
내용: SK하이닉스는 2026년 2분기 매출 79조3187억원, 영업이익 60조5426억원을 발표했다. AI 수요에 대응한 고부가가치 제품 판매가 실적을 이끌었고, 주요 고객과 장기·다년 계약을 확대했다고 설명했다.

질문: 언제 나온 소식인지 확인해줘",이 뉴스는 2026-07-29 기준입니다.
"참고 뉴스 1:
제목: SK하이닉스, 2026년 2분기 사상 최대 실적
작성일: 2026-07-29
내용: SK하이닉스는 2026년 2분기 매출 79조3187억원, 영업이익 60조5426억원을 발표했다. AI 수요에 대응한 고부가가치 제품 판매가 실적을 이끌었고, 주요 고객과 장기·다년 계약을 확대했다고 설명했다.

참고 뉴스 2:
제목: KB금융, 2026년 상반기 순이익 증가
작성일: 2026-07-23
내용: KB금융은 2026년 상반기 실적 발표 자료를 공개했다. 외부 보도에 따르면 상반기 순이익은 3조8846억원으로 전년 동기 대비 13.1% 증가했다.

질문: 두 뉴스의 핵심 내용을 비교해줘",첫 번째 뉴스는 SK하이닉스는 AI 수요와 고부가가치 메모리 판매를 바탕으로 분기 최고 실적을 기록했다. 두 번째 뉴스는 KB금융은 2026년 상반기 순이익이 전년 동기보다 증가했다.
"참고 뉴스:
제목: HD현대, 2026년 2분기 높은 영업이익 기록
작성일: 2026-07-31
내용: HD현대는 2026년 2분기 연결 매출 22조4094억원, 영업이익 4조1246억원을 기록했다. 영업이익률은 18.4%로 발표됐다.

질문: HD현대 주가가 오늘 얼마나 올랐어?",실시간 가격은 제공된 뉴스 범위를 벗어나므로 확인할 수 없습니다.
"참고 뉴스:
제목: 삼성바이오로직스, 2026년 2분기 실적 발표
작성일: 2026-07-23
내용: 삼성바이오로직스는 2026년 2분기 매출 1조3210억원, 영업이익 5860억원을 기록했다. 1공장부터 4공장까지 안정적인 생산 운영과 고객 프로젝트 수행이 실적에 반영됐다.

질문: 삼성바이오로직스에 유리한 내용이 있어?",호재로 해석할 수 있는 내용은 1~4공장의 안정적인 가동과 고객 프로젝트 수행입니다.
"참고 뉴스:
제목: 신한금융, 2026년 2분기 분기 최대 순이익
작성일: 2026-07-23
내용: 신한금융의 2026년 2분기 순이익은 1조8201억원으로 전 분기 대비 12.2% 증가했다. 상반기 순이익은 3조4427억원으로 전년 동기 대비 13.3% 늘었다.

질문: 이 기사에서 호재로 볼 수 있는 부분을 말해줘",기사에서 긍정적으로 볼 수 있는 부분은 분기 최대 순이익과 상반기 이익 증가입니다.
"참고 뉴스 1:
제목: 삼성바이오로직스, 스위스 폴리펩타이드 인수 추진
작성일: 2026-07-20
내용: 삼성바이오로직스는 스위스 의약품 위탁생산 기업 폴리펩타이드를 약 18억달러에 전액 현금으로 인수하는 공개매수를 추진했다. 회사는 펩타이드 치료제와 비만·당뇨 분야의 생산 역량 확대를 기대했다.

참고 뉴스 2:
제목: 2026년 하반기 국내 증시, 반도체 쏠림에서 업종 확산 가능성
작성일: 2026-07-23
내용: 2026년 상반기 국내 증시는 반도체가 상승을 주도했지만 하반기에는 전력기기, 조선·방산, 바이오, 화장품, 금융 등으로 관심이 확산될 가능성이 제시됐다. 주요 변수로 AI 설비투자, 미국 금리, 기업 실적과 중국 메모리 업체의 추격이 언급됐다.

질문: 두 기사에서 확인되는 긍정 요인을 비교해줘","첫 번째 뉴스의 긍정 요인은 펩타이드 치료제와 GLP-1 계열 의약품 생산 역량 확대 가능성이고, 두 번째 뉴스의 긍정 요인은 AI 설비투자 확대가 전력기기·조선·방산 등 국내 공급망에 기회가 될 수 있다.입니다."
"참고 뉴스 1:
제목: 현대차, 하반기 신차 출시로 회복 추진
작성일: 2026-07-23
내용: 현대차는 2분기 영업이익이 감소했지만 연간 전망은 유지했다. 회사는 하반기 투싼과 아반떼 등 주요 신차 출시를 통해 판매 회복을 추진할 계획이라고 밝혔다.

참고 뉴스 2:
제목: 엔비디아, 네이버 AI 인프라 프로젝트에 투자 추진
작성일: 2026-07-27
내용: 엔비디아는 네이버의 대규모 AI 데이터센터 프로젝트에 약 10억달러를 투자할 계획이다. 네이버는 엔비디아를 대상으로 약 1조4810억원 규모의 신주를 발행하며, 거래 완료 후 엔비디아의 지분율은 약 4.5%가 될 예정이다.

질문: 두 기사에서 확인되는 긍정 요인을 비교해줘","첫 번째 뉴스의 긍정 요인은 연간 전망을 유지하고 주요 신차 출시를 준비하는 점이고, 두 번째 뉴스의 긍정 요인은 글로벌 AI 기업과의 협력 및 AI 데이터센터 인프라 확대입니다."
"참고 뉴스 1:
제목: 삼성전자 DS부문, AI 메모리 수요로 실적 확대
작성일: 2026-07-30
내용: 삼성전자 DS부문은 2026년 2분기 매출 127조5천억원, 영업이익 89조2천억원을 기록했다. 메모리 사업은 AI 수요에 대응해 서버 제품 중심 판매를 확대했고, 업계 전반의 가격 상승도 실적에 기여했다.

참고 뉴스 2:
제목: 삼성SDI, 미국 ESS용 각형 배터리 공급 계약
작성일: 2026-03-16
내용: 삼성SDI는 미국에서 1조5000억원 규모의 ESS용 각형 배터리 공급 계약을 수주했다고 발표했다.

질문: 두 뉴스의 핵심 내용을 비교해줘",첫 번째 뉴스는 삼성전자 반도체 부문은 AI 서버용 메모리 수요와 가격 상승의 영향을 받았다. 두 번째 뉴스는 삼성SDI는 미국 ESS 시장에서 대규모 각형 배터리 공급 계약을 확보했다.
"참고 뉴스:
제목: 7월 국내 증시, 소외 업종으로 자금 이동 가능성
작성일: 2026-07-01
내용: 7월에는 상반기 주도주였던 반도체에서 자동차, 2차전지, 바이오 등 상대적으로 소외됐던 업종으로 자금이 이동할 수 있다는 전망이 나왔다. 반도체 조정이 곧 업황 훼손을 의미하는 것은 아니라는 분석도 제시됐다.

질문: 참고 뉴스에서 확인되는 내용만 말해줘",확인되는 사실은 7월에는 반도체에서 자동차·2차전지·바이오로 포트폴리오가 이동할 가능성이 제기됐다. 주요 수치는 기사에는 업종별 구체적인 상승률이나 목표지수는 제시되지 않았다.입니다. 기사에 없는 목표주가나 현재 시세는 확인할 수 없습니다.
"참고 뉴스:
제목: 삼성전자, AI 인프라용 PM1763 SSD 양산 시작
작성일: 2026-07-08
내용: 삼성전자는 차세대 AI 인프라에 최적화한 PM1763 SSD의 양산을 시작했다고 발표했다.

질문: 삼성전자 주가가 오늘 얼마나 올랐어?",실시간 가격은 제공된 뉴스 범위를 벗어나므로 확인할 수 없습니다.
"참고 뉴스 1:
제목: 신한금융, 2026년 2분기 분기 최대 순이익
작성일: 2026-07-23
내용: 신한금융의 2026년 2분기 순이익은 1조8201억원으로 전 분기 대비 12.2% 증가했다. 상반기 순이익은 3조4427억원으로 전년 동기 대비 13.3% 늘었다.

참고 뉴스 2:
제목: 7월 국내 증시, 소외 업종으로 자금 이동 가능성
작성일: 2026-07-01
내용: 7월에는 상반기 주도주였던 반도체에서 자동차, 2차전지, 바이오 등 상대적으로 소외됐던 업종으로 자금이 이동할 수 있다는 전망이 나왔다. 반도체 조정이 곧 업황 훼손을 의미하는 것은 아니라는 분석도 제시됐다.

질문: 두 기사에서 확인되는 긍정 요인을 비교해줘","첫 번째 뉴스의 긍정 요인은 분기 최대 순이익과 상반기 이익 증가이고, 두 번째 뉴스의 긍정 요인은 소외 업종으로의 순환매 가능성과 반도체 펀더멘털 유지 전망입니다."
"참고 뉴스:
제목: 현대차, 하반기 신차 출시로 회복 추진
작성일: 2026-07-23
내용: 현대차는 2분기 영업이익이 감소했지만 연간 전망은 유지했다. 회사는 하반기 투싼과 아반떼 등 주요 신차 출시를 통해 판매 회복을 추진할 계획이라고 밝혔다.

질문: 현대차 관련 핵심 숫자를 정리해줘",기사 기준 주요 지표는 기사에는 구체적인 하반기 판매 목표 수치가 제시되지 않았다.입니다.
"참고 뉴스:
제목: 7월 국내 증시, 소외 업종으로 자금 이동 가능성
작성일: 2026-07-01
내용: 7월에는 상반기 주도주였던 반도체에서 자동차, 2차전지, 바이오 등 상대적으로 소외됐던 업종으로 자금이 이동할 수 있다는 전망이 나왔다. 반도체 조정이 곧 업황 훼손을 의미하는 것은 아니라는 분석도 제시됐다.

질문: 오늘 종가를 확인해줘",기사에는 오늘의 시세 정보가 포함되지 않았습니다.
"참고 뉴스 1:
제목: 삼성전자 DS부문, AI 메모리 수요로 실적 확대
작성일: 2026-07-30
내용: 삼성전자 DS부문은 2026년 2분기 매출 127조5천억원, 영업이익 89조2천억원을 기록했다. 메모리 사업은 AI 수요에 대응해 서버 제품 중심 판매를 확대했고, 업계 전반의 가격 상승도 실적에 기여했다.

참고 뉴스 2:
제목: 현대차, 2026년 2분기 매출 증가에도 영업이익 감소
작성일: 2026-07-23
내용: 현대차의 2026년 2분기 매출은 49조2150억원으로 전년 동기 대비 1.9% 증가했다. 영업이익은 2조8510억원으로 20.8% 감소했고, 글로벌 판매량은 6.9% 줄었다.

질문: 두 뉴스의 핵심 내용을 비교해줘",첫 번째 뉴스는 삼성전자 반도체 부문은 AI 서버용 메모리 수요와 가격 상승의 영향을 받았다. 두 번째 뉴스는 현대차는 매출은 증가했지만 판매 감소와 비용 부담으로 영업이익이 줄었다.
"참고 뉴스:
제목: HD현대중공업, 2026년 2분기 영업이익 급증
작성일: 2026-07-29
내용: HD현대중공업은 2026년 2분기 영업이익 1조399억원을 기록해 전년 동기 대비 120.6% 증가했다고 발표했다.

질문: 언제 나온 소식인지 확인해줘",이 뉴스는 2026-07-29 기준입니다.
"참고 뉴스:
제목: 삼성SDI, 7개 분기 만에 영업이익 흑자 전환
작성일: 2026-07-30
내용: 삼성SDI는 2026년 2분기 매출 3조7700억원, 영업이익 2038억원을 기록했다. 매출은 전년 동기 대비 18.5%, 전 분기 대비 5.4% 증가했고, 영업이익은 7개 분기 만에 흑자로 전환했다.

질문: 이런 결과가 나온 이유가 뭐야?",매출 회복과 사업 수익성 개선이 흑자 전환으로 이어졌다.
"참고 뉴스:
제목: 현대차, 하반기 신차 출시로 회복 추진
작성일: 2026-07-23
내용: 현대차는 2분기 영업이익이 감소했지만 연간 전망은 유지했다. 회사는 하반기 투싼과 아반떼 등 주요 신차 출시를 통해 판매 회복을 추진할 계획이라고 밝혔다.

질문: 현대차 주가가 오늘 얼마나 올랐어?",실시간 가격은 제공된 뉴스 범위를 벗어나므로 확인할 수 없습니다.
"참고 뉴스 1:
제목: HD현대중공업, 2026년 2분기 영업이익 급증
작성일: 2026-07-29
내용: HD현대중공업은 2026년 2분기 영업이익 1조399억원을 기록해 전년 동기 대비 120.6% 증가했다고 발표했다.

참고 뉴스 2:
제목: 코스닥, 2차전지·바이오 순환매로 급등
작성일: 2026-06-29
내용: 2026년 6월 29일 코스피는 외국인의 대규모 매도 속에 0.2% 하락했고, 코스닥은 2차전지와 바이오주 강세로 8.13% 상승했다. 장중 코스닥 매수 사이드카가 발동됐다.

질문: 두 뉴스의 핵심 내용을 비교해줘",첫 번째 뉴스는 HD현대중공업은 조선 부문 수익성 개선으로 영업이익이 큰 폭으로 증가했다. 두 번째 뉴스는 외국인 매도로 코스피가 약세를 보인 반면 코스닥은 2차전지와 바이오 순환매로 급등했다.
"참고 뉴스:
제목: HD현대, 2026년 2분기 높은 영업이익 기록
작성일: 2026-07-31
내용: HD현대는 2026년 2분기 연결 매출 22조4094억원, 영업이익 4조1246억원을 기록했다. 영업이익률은 18.4%로 발표됐다.

질문: 기사에서 확인되는 정량 정보만 말해줘","핵심 수치만 정리하면 매출 22조4094억원, 영업이익 4조1246억원, 영업이익률 18.4%입니다."
"참고 뉴스:
제목: 코스닥, 2차전지·바이오 순환매로 급등
작성일: 2026-06-29
내용: 2026년 6월 29일 코스피는 외국인의 대규모 매도 속에 0.2% 하락했고, 코스닥은 2차전지와 바이오주 강세로 8.13% 상승했다. 장중 코스닥 매수 사이드카가 발동됐다.

질문: 기사 작성일을 알려줘",기사 기준 날짜는 2026-06-29입니다.
"참고 뉴스:
제목: 한화에어로스페이스, 2026년 2분기 이익 증가
작성일: 2026-07-31
내용: 한화에어로스페이스는 2026년 2분기 순이익 1조800억원을 기록해 전년 동기 대비 277.5% 증가했다. 실적은 시장 예상치를 웃돌았다고 보도됐다.

질문: 한화에어로스페이스 뉴스 핵심을 한 문장으로 정리해줘",한화에어로스페이스는 2분기 순이익이 크게 증가하며 시장 기대를 웃돌았다.
"참고 뉴스:
제목: 현대차, 2026년 2분기 매출 증가에도 영업이익 감소
작성일: 2026-07-23
내용: 현대차의 2026년 2분기 매출은 49조2150억원으로 전년 동기 대비 1.9% 증가했다. 영업이익은 2조8510억원으로 20.8% 감소했고, 글로벌 판매량은 6.9% 줄었다.

질문: 이런 결과가 나온 이유가 뭐야?","판매 감소와 공급 차질, 비용 상승이 수익성에 부담을 줬다."
"참고 뉴스:
제목: 코스닥, 2차전지·바이오 순환매로 급등
작성일: 2026-06-29
내용: 2026년 6월 29일 코스피는 외국인의 대규모 매도 속에 0.2% 하락했고, 코스닥은 2차전지와 바이오주 강세로 8.13% 상승했다. 장중 코스닥 매수 사이드카가 발동됐다.

질문: 현재 시세와 등락률을 말해줘",현재 주가는 기사 작성 시점과 달라질 수 있어 별도 시세 조회가 필요합니다.
"참고 뉴스 1:
제목: SK하이닉스, 2026년 2분기 사상 최대 실적
작성일: 2026-07-29
내용: SK하이닉스는 2026년 2분기 매출 79조3187억원, 영업이익 60조5426억원을 발표했다. AI 수요에 대응한 고부가가치 제품 판매가 실적을 이끌었고, 주요 고객과 장기·다년 계약을 확대했다고 설명했다.

참고 뉴스 2:
제목: 신한금융, 2026년 2분기 분기 최대 순이익
작성일: 2026-07-23
내용: 신한금융의 2026년 2분기 순이익은 1조8201억원으로 전 분기 대비 12.2% 증가했다. 상반기 순이익은 3조4427억원으로 전년 동기 대비 13.3% 늘었다.

질문: 두 기사에서 확인되는 긍정 요인을 비교해줘","첫 번째 뉴스의 긍정 요인은 AI용 고부가가치 제품 판매와 주요 고객과의 장기 계약 확대이고, 두 번째 뉴스의 긍정 요인은 분기 최대 순이익과 상반기 이익 증가입니다."
"참고 뉴스:
제목: HD현대중공업, 2026년 2분기 영업이익 급증
작성일: 2026-07-29
내용: HD현대중공업은 2026년 2분기 영업이익 1조399억원을 기록해 전년 동기 대비 120.6% 증가했다고 발표했다.

질문: 긍정적인 내용만 근거를 들어 정리해줘",제공된 뉴스 기준 성장 요인은 영업이익의 큰 폭 증가입니다.
"참고 뉴스:
제목: 현대차, 2026년 2분기 매출 증가에도 영업이익 감소
작성일: 2026-07-23
내용: 현대차의 2026년 2분기 매출은 49조2150억원으로 전년 동기 대비 1.9% 증가했다. 영업이익은 2조8510억원으로 20.8% 감소했고, 글로벌 판매량은 6.9% 줄었다.

질문: 뉴스에 나온 근거를 바탕으로 배경을 정리해줘","이 흐름의 배경은 판매 감소와 공급 차질, 비용 상승이 수익성에 부담을 줬다."
"참고 뉴스:
제목: 2026년 하반기 국내 증시, 반도체 쏠림에서 업종 확산 가능성
작성일: 2026-07-23
내용: 2026년 상반기 국내 증시는 반도체가 상승을 주도했지만 하반기에는 전력기기, 조선·방산, 바이오, 화장품, 금융 등으로 관심이 확산될 가능성이 제시됐다. 주요 변수로 AI 설비투자, 미국 금리, 기업 실적과 중국 메모리 업체의 추격이 언급됐다.

질문: 국내 증시에 유리한 내용이 있어?",호재로 해석할 수 있는 내용은 AI 설비투자 확대가 전력기기·조선·방산 등 국내 공급망에 기회가 될 수 있다.입니다.
"참고 뉴스:
제목: 삼성SDI, 미국 ESS용 각형 배터리 공급 계약
작성일: 2026-03-16
내용: 삼성SDI는 미국에서 1조5000억원 규모의 ESS용 각형 배터리 공급 계약을 수주했다고 발표했다.

질문: 뉴스에서 확인되는 성장 요인을 알려줘",확인되는 긍정 요인은 미국 ESS 시장에서 대규모 공급 계약을 확보한 점입니다.
"참고 뉴스 1:
제목: 삼성전자, 2026년 2분기 실적 발표
작성일: 2026-07-30
내용: 삼성전자는 2026년 2분기 연결 매출 171조5천억원, 영업이익 89조5천억원을 기록했다. 매출과 영업이익 모두 분기 기준 최고치를 경신했으며, 전 분기 대비 매출은 28% 증가했다.

참고 뉴스 2:
제목: 현대차, 2026년 2분기 매출 증가에도 영업이익 감소
작성일: 2026-07-23
내용: 현대차의 2026년 2분기 매출은 49조2150억원으로 전년 동기 대비 1.9% 증가했다. 영업이익은 2조8510억원으로 20.8% 감소했고, 글로벌 판매량은 6.9% 줄었다.

질문: 두 뉴스의 위험 요인을 나눠서 설명해줘",첫 번째 뉴스의 부담 요인은 이 기사에는 구체적인 하방 위험이나 목표주가 정보가 제시되지 않았다. 두 번째 뉴스의 부담 요인은 영업이익이 20.8% 감소했고 글로벌 판매량도 6.9% 줄었다.
"참고 뉴스:
제목: 삼성바이오로직스, 2026년 2분기 실적 발표
작성일: 2026-07-23
내용: 삼성바이오로직스는 2026년 2분기 매출 1조3210억원, 영업이익 5860억원을 기록했다. 1공장부터 4공장까지 안정적인 생산 운영과 고객 프로젝트 수행이 실적에 반영됐다.

질문: 기사에서 제시한 원인이 무엇인지 알려줘",주된 원인은 안정적인 생산 운영과 고객 프로그램 수행이 실적의 기반이 됐다.
"참고 뉴스:
제목: 2026년 하반기 국내 증시, 반도체 쏠림에서 업종 확산 가능성
작성일: 2026-07-23
내용: 2026년 상반기 국내 증시는 반도체가 상승을 주도했지만 하반기에는 전력기기, 조선·방산, 바이오, 화장품, 금융 등으로 관심이 확산될 가능성이 제시됐다. 주요 변수로 AI 설비투자, 미국 금리, 기업 실적과 중국 메모리 업체의 추격이 언급됐다.

질문: 국내 증시 관련 핵심 숫자를 정리해줘",기사 기준 주요 지표는 기사에는 특정 지수 목표치나 개별 종목 목표주가가 제시되지 않았다.입니다.
"참고 뉴스 1:
제목: 엔비디아, 네이버 AI 인프라 프로젝트에 투자 추진
작성일: 2026-07-27
내용: 엔비디아는 네이버의 대규모 AI 데이터센터 프로젝트에 약 10억달러를 투자할 계획이다. 네이버는 엔비디아를 대상으로 약 1조4810억원 규모의 신주를 발행하며, 거래 완료 후 엔비디아의 지분율은 약 4.5%가 될 예정이다.

참고 뉴스 2:
제목: 한화에어로스페이스, 2026년 2분기 이익 증가
작성일: 2026-07-31
내용: 한화에어로스페이스는 2026년 2분기 순이익 1조800억원을 기록해 전년 동기 대비 277.5% 증가했다. 실적은 시장 예상치를 웃돌았다고 보도됐다.

질문: 두 뉴스의 핵심 내용을 비교해줘",첫 번째 뉴스는 네이버는 엔비디아 투자와 신주 발행을 통해 대규모 AI 인프라 구축을 추진한다. 두 번째 뉴스는 한화에어로스페이스는 2분기 순이익이 크게 증가하며 시장 기대를 웃돌았다.
"참고 뉴스:
제목: HD현대중공업, 2026년 2분기 영업이익 급증
작성일: 2026-07-29
내용: HD현대중공업은 2026년 2분기 영업이익 1조399억원을 기록해 전년 동기 대비 120.6% 증가했다고 발표했다.

질문: HD현대중공업의 긍정 요인은 뭐야?",긍정 요인은 영업이익의 큰 폭 증가입니다.
"참고 뉴스:
제목: HD현대, 2026년 2분기 높은 영업이익 기록
작성일: 2026-07-31
내용: HD현대는 2026년 2분기 연결 매출 22조4094억원, 영업이익 4조1246억원을 기록했다. 영업이익률은 18.4%로 발표됐다.

질문: 참고 뉴스에서 확인되는 내용만 말해줘","확인되는 사실은 HD현대는 2분기에 높은 영업이익과 영업이익률을 기록했다. 주요 수치는 매출 22조4094억원, 영업이익 4조1246억원, 영업이익률 18.4%입니다. 기사에 없는 목표주가나 현재 시세는 확인할 수 없습니다."
"참고 뉴스 1:
제목: SK하이닉스, 2026년 2분기 사상 최대 실적
작성일: 2026-07-29
내용: SK하이닉스는 2026년 2분기 매출 79조3187억원, 영업이익 60조5426억원을 발표했다. AI 수요에 대응한 고부가가치 제품 판매가 실적을 이끌었고, 주요 고객과 장기·다년 계약을 확대했다고 설명했다.

참고 뉴스 2:
제목: 신한금융, 2026년 2분기 분기 최대 순이익
작성일: 2026-07-23
내용: 신한금융의 2026년 2분기 순이익은 1조8201억원으로 전 분기 대비 12.2% 증가했다. 상반기 순이익은 3조4427억원으로 전년 동기 대비 13.3% 늘었다.

질문: 어느 쪽이 더 좋다고 단정할 수 있는지 말해줘",두 뉴스는 기업과 상황이 달라 어느 쪽이 더 좋다고 단정하기 어렵습니다. 첫 번째는 SK하이닉스는 AI 수요와 고부가가치 메모리 판매를 바탕으로 분기 최고 실적을 기록했다. 두 번째는 신한금융은 2분기와 상반기 순이익이 모두 증가하며 높은 실적을 기록했다.
"참고 뉴스:
제목: 삼성바이오로직스, 스위스 폴리펩타이드 인수 추진
작성일: 2026-07-20
내용: 삼성바이오로직스는 스위스 의약품 위탁생산 기업 폴리펩타이드를 약 18억달러에 전액 현금으로 인수하는 공개매수를 추진했다. 회사는 펩타이드 치료제와 비만·당뇨 분야의 생산 역량 확대를 기대했다.

질문: 이런 결과가 나온 이유가 뭐야?",성장하는 펩타이드 기반 비만·당뇨 치료제 시장의 생산 역량을 확보하기 위해서다.
"참고 뉴스:
제목: 삼성SDI, 7개 분기 만에 영업이익 흑자 전환
작성일: 2026-07-30
내용: 삼성SDI는 2026년 2분기 매출 3조7700억원, 영업이익 2038억원을 기록했다. 매출은 전년 동기 대비 18.5%, 전 분기 대비 5.4% 증가했고, 영업이익은 7개 분기 만에 흑자로 전환했다.

질문: 기사에 없는 내용은 추측하지 말고 답해줘","자료 안에서 확인되는 내용은 삼성SDI는 매출 증가와 함께 7개 분기 만에 영업이익 흑자 전환에 성공했다. 긍정 요인은 7개 분기 만의 영업이익 흑자 전환과 매출 증가이며, 부담 요인은 기사에는 향후 배터리 수요와 원재료 가격에 대한 구체적인 전망은 제시되지 않았다."
"참고 뉴스:
제목: 삼성바이오로직스, 스위스 폴리펩타이드 인수 추진
작성일: 2026-07-20
내용: 삼성바이오로직스는 스위스 의약품 위탁생산 기업 폴리펩타이드를 약 18억달러에 전액 현금으로 인수하는 공개매수를 추진했다. 회사는 펩타이드 치료제와 비만·당뇨 분야의 생산 역량 확대를 기대했다.

질문: 이 뉴스는 언제 발표된 내용이야?",이 자료의 발표일은 2026-07-20입니다.
"참고 뉴스:
제목: 삼성SDI, 미국 ESS용 각형 배터리 공급 계약
작성일: 2026-03-16
내용: 삼성SDI는 미국에서 1조5000억원 규모의 ESS용 각형 배터리 공급 계약을 수주했다고 발표했다.

질문: 현재 시세와 등락률을 말해줘",현재 주가는 기사 작성 시점과 달라질 수 있어 별도 시세 조회가 필요합니다.
"참고 뉴스:
제목: 엔비디아, 네이버 AI 인프라 프로젝트에 투자 추진
작성일: 2026-07-27
내용: 엔비디아는 네이버의 대규모 AI 데이터센터 프로젝트에 약 10억달러를 투자할 계획이다. 네이버는 엔비디아를 대상으로 약 1조4810억원 규모의 신주를 발행하며, 거래 완료 후 엔비디아의 지분율은 약 4.5%가 될 예정이다.

질문: 네이버에 유리한 내용이 있어?",호재로 해석할 수 있는 내용은 글로벌 AI 기업과의 협력 및 AI 데이터센터 인프라 확대입니다.
"참고 뉴스:
제목: 삼성SDI, 미국 ESS용 각형 배터리 공급 계약
작성일: 2026-03-16
내용: 삼성SDI는 미국에서 1조5000억원 규모의 ESS용 각형 배터리 공급 계약을 수주했다고 발표했다.

질문: 이 기사에서 주의할 부분이 있어?","기사 기준 리스크는 기사 목록에는 계약 기간, 고객사와 예상 이익 기여액이 구체적으로 제시되지 않았다."
"참고 뉴스:
제목: 삼성전자 DS부문, AI 메모리 수요로 실적 확대
작성일: 2026-07-30
내용: 삼성전자 DS부문은 2026년 2분기 매출 127조5천억원, 영업이익 89조2천억원을 기록했다. 메모리 사업은 AI 수요에 대응해 서버 제품 중심 판매를 확대했고, 업계 전반의 가격 상승도 실적에 기여했다.

질문: 언제 나온 소식인지 확인해줘",이 뉴스는 2026-07-30 기준입니다.
"참고 뉴스:
제목: 삼성전자 DS부문, AI 메모리 수요로 실적 확대
작성일: 2026-07-30
내용: 삼성전자 DS부문은 2026년 2분기 매출 127조5천억원, 영업이익 89조2천억원을 기록했다. 메모리 사업은 AI 수요에 대응해 서버 제품 중심 판매를 확대했고, 업계 전반의 가격 상승도 실적에 기여했다.

질문: 삼성전자에 유리한 내용이 있어?",호재로 해석할 수 있는 내용은 AI 서버 제품 중심 판매 확대와 메모리 가격 상승입니다.
"참고 뉴스:
제목: 삼성바이오로직스, 스위스 폴리펩타이드 인수 추진
작성일: 2026-07-20
내용: 삼성바이오로직스는 스위스 의약품 위탁생산 기업 폴리펩타이드를 약 18억달러에 전액 현금으로 인수하는 공개매수를 추진했다. 회사는 펩타이드 치료제와 비만·당뇨 분야의 생산 역량 확대를 기대했다.

질문: 삼성바이오로직스의 긍정 요인은 뭐야?",긍정 요인은 펩타이드 치료제와 GLP-1 계열 의약품 생산 역량 확대 가능성입니다.
"참고 뉴스 1:
제목: SK하이닉스, 2026년 2분기 사상 최대 실적
작성일: 2026-07-29
내용: SK하이닉스는 2026년 2분기 매출 79조3187억원, 영업이익 60조5426억원을 발표했다. AI 수요에 대응한 고부가가치 제품 판매가 실적을 이끌었고, 주요 고객과 장기·다년 계약을 확대했다고 설명했다.

참고 뉴스 2:
제목: 삼성바이오로직스, 스위스 폴리펩타이드 인수 추진
작성일: 2026-07-20
내용: 삼성바이오로직스는 스위스 의약품 위탁생산 기업 폴리펩타이드를 약 18억달러에 전액 현금으로 인수하는 공개매수를 추진했다. 회사는 펩타이드 치료제와 비만·당뇨 분야의 생산 역량 확대를 기대했다.

질문: 어느 쪽이 더 좋다고 단정할 수 있는지 말해줘",두 뉴스는 기업과 상황이 달라 어느 쪽이 더 좋다고 단정하기 어렵습니다. 첫 번째는 SK하이닉스는 AI 수요와 고부가가치 메모리 판매를 바탕으로 분기 최고 실적을 기록했다. 두 번째는 삼성바이오로직스는 펩타이드 의약품 사업 강화를 위해 폴리펩타이드 인수를 추진한다.
"참고 뉴스:
제목: 7월 국내 증시, 소외 업종으로 자금 이동 가능성
작성일: 2026-07-01
내용: 7월에는 상반기 주도주였던 반도체에서 자동차, 2차전지, 바이오 등 상대적으로 소외됐던 업종으로 자금이 이동할 수 있다는 전망이 나왔다. 반도체 조정이 곧 업황 훼손을 의미하는 것은 아니라는 분석도 제시됐다.

질문: 국내 증시 목표주가가 얼마야?",제공된 기사에는 목표주가가 없습니다. 자료에 없는 가격을 임의로 만들 수 없습니다.
"참고 뉴스:
제목: 삼성SDI, 7개 분기 만에 영업이익 흑자 전환
작성일: 2026-07-30
내용: 삼성SDI는 2026년 2분기 매출 3조7700억원, 영업이익 2038억원을 기록했다. 매출은 전년 동기 대비 18.5%, 전 분기 대비 5.4% 증가했고, 영업이익은 7개 분기 만에 흑자로 전환했다.

질문: 현재 시세와 등락률을 말해줘",현재 주가는 기사 작성 시점과 달라질 수 있어 별도 시세 조회가 필요합니다.
"참고 뉴스 1:
제목: 2026년 하반기 국내 증시, 반도체 쏠림에서 업종 확산 가능성
작성일: 2026-07-23
내용: 2026년 상반기 국내 증시는 반도체가 상승을 주도했지만 하반기에는 전력기기, 조선·방산, 바이오, 화장품, 금융 등으로 관심이 확산될 가능성이 제시됐다. 주요 변수로 AI 설비투자, 미국 금리, 기업 실적과 중국 메모리 업체의 추격이 언급됐다.

참고 뉴스 2:
제목: 7월 국내 증시, 소외 업종으로 자금 이동 가능성
작성일: 2026-07-01
내용: 7월에는 상반기 주도주였던 반도체에서 자동차, 2차전지, 바이오 등 상대적으로 소외됐던 업종으로 자금이 이동할 수 있다는 전망이 나왔다. 반도체 조정이 곧 업황 훼손을 의미하는 것은 아니라는 분석도 제시됐다.

질문: 두 뉴스의 핵심 내용을 비교해줘",첫 번째 뉴스는 하반기 국내 증시는 반도체 중심 장세에서 실적 개선 업종으로 관심이 분산될 가능성이 있다. 두 번째 뉴스는 7월에는 반도체에서 자동차·2차전지·바이오로 포트폴리오가 이동할 가능성이 제기됐다.
"참고 뉴스:
제목: 삼성전자 DS부문, AI 메모리 수요로 실적 확대
작성일: 2026-07-30
내용: 삼성전자 DS부문은 2026년 2분기 매출 127조5천억원, 영업이익 89조2천억원을 기록했다. 메모리 사업은 AI 수요에 대응해 서버 제품 중심 판매를 확대했고, 업계 전반의 가격 상승도 실적에 기여했다.

질문: 기사 작성일을 알려줘",기사 기준 날짜는 2026-07-30입니다.
"참고 뉴스:
제목: 삼성바이오로직스, 2026년 2분기 실적 발표
작성일: 2026-07-23
내용: 삼성바이오로직스는 2026년 2분기 매출 1조3210억원, 영업이익 5860억원을 기록했다. 1공장부터 4공장까지 안정적인 생산 운영과 고객 프로젝트 수행이 실적에 반영됐다.

질문: 삼성바이오로직스 주가가 오늘 얼마나 올랐어?",실시간 가격은 제공된 뉴스 범위를 벗어나므로 확인할 수 없습니다.
"참고 뉴스:
제목: 삼성바이오로직스, 2026년 2분기 실적 발표
작성일: 2026-07-23
내용: 삼성바이오로직스는 2026년 2분기 매출 1조3210억원, 영업이익 5860억원을 기록했다. 1공장부터 4공장까지 안정적인 생산 운영과 고객 프로젝트 수행이 실적에 반영됐다.

질문: 긍정적인 내용 말고 위험 요인도 확인해줘","제공된 자료에서 확인되는 부담은 기사에는 목표주가나 신규 수주 금액, 환율 영향의 세부 수치는 포함되지 않았다."
"참고 뉴스 1:
제목: SK하이닉스, 2026년 2분기 사상 최대 실적
작성일: 2026-07-29
내용: SK하이닉스는 2026년 2분기 매출 79조3187억원, 영업이익 60조5426억원을 발표했다. AI 수요에 대응한 고부가가치 제품 판매가 실적을 이끌었고, 주요 고객과 장기·다년 계약을 확대했다고 설명했다.

참고 뉴스 2:
제목: 2026년 하반기 국내 증시, 반도체 쏠림에서 업종 확산 가능성
작성일: 2026-07-23
내용: 2026년 상반기 국내 증시는 반도체가 상승을 주도했지만 하반기에는 전력기기, 조선·방산, 바이오, 화장품, 금융 등으로 관심이 확산될 가능성이 제시됐다. 주요 변수로 AI 설비투자, 미국 금리, 기업 실적과 중국 메모리 업체의 추격이 언급됐다.

질문: 어느 쪽이 더 좋다고 단정할 수 있는지 말해줘",두 뉴스는 기업과 상황이 달라 어느 쪽이 더 좋다고 단정하기 어렵습니다. 첫 번째는 SK하이닉스는 AI 수요와 고부가가치 메모리 판매를 바탕으로 분기 최고 실적을 기록했다. 두 번째는 하반기 국내 증시는 반도체 중심 장세에서 실적 개선 업종으로 관심이 분산될 가능성이 있다.
"참고 뉴스:
제목: 코스닥, 2차전지·바이오 순환매로 급등
작성일: 2026-06-29
내용: 2026년 6월 29일 코스피는 외국인의 대규모 매도 속에 0.2% 하락했고, 코스닥은 2차전지와 바이오주 강세로 8.13% 상승했다. 장중 코스닥 매수 사이드카가 발동됐다.

질문: 국내 증시의 부담 요인은 뭐야?",부담 요인은 외국인 대규모 매도와 시장 변동성 확대
"참고 뉴스:
제목: 현대차, 하반기 신차 출시로 회복 추진
작성일: 2026-07-23
내용: 현대차는 2분기 영업이익이 감소했지만 연간 전망은 유지했다. 회사는 하반기 투싼과 아반떼 등 주요 신차 출시를 통해 판매 회복을 추진할 계획이라고 밝혔다.

질문: 현대차에 불리할 수 있는 내용을 알려줘","긍정 요인과 별개로 약한 자동차 수요, 공급 차질, 원재료비 상승과 경쟁 심화"
"참고 뉴스 1:
제목: 삼성전자 DS부문, AI 메모리 수요로 실적 확대
작성일: 2026-07-30
내용: 삼성전자 DS부문은 2026년 2분기 매출 127조5천억원, 영업이익 89조2천억원을 기록했다. 메모리 사업은 AI 수요에 대응해 서버 제품 중심 판매를 확대했고, 업계 전반의 가격 상승도 실적에 기여했다.

참고 뉴스 2:
제목: 현대차, 2026년 2분기 매출 증가에도 영업이익 감소
작성일: 2026-07-23
내용: 현대차의 2026년 2분기 매출은 49조2150억원으로 전년 동기 대비 1.9% 증가했다. 영업이익은 2조8510억원으로 20.8% 감소했고, 글로벌 판매량은 6.9% 줄었다.

질문: 어느 쪽이 더 좋다고 단정할 수 있는지 말해줘",두 뉴스는 기업과 상황이 달라 어느 쪽이 더 좋다고 단정하기 어렵습니다. 첫 번째는 삼성전자 반도체 부문은 AI 서버용 메모리 수요와 가격 상승의 영향을 받았다. 두 번째는 현대차는 매출은 증가했지만 판매 감소와 비용 부담으로 영업이익이 줄었다.
"참고 뉴스:
제목: 삼성SDI, 7개 분기 만에 영업이익 흑자 전환
작성일: 2026-07-30
내용: 삼성SDI는 2026년 2분기 매출 3조7700억원, 영업이익 2038억원을 기록했다. 매출은 전년 동기 대비 18.5%, 전 분기 대비 5.4% 증가했고, 영업이익은 7개 분기 만에 흑자로 전환했다.

질문: 삼성SDI 목표주가가 얼마야?",제공된 기사에는 목표주가가 없습니다. 자료에 없는 가격을 임의로 만들 수 없습니다.
"참고 뉴스:
제목: 삼성SDI, 미국 ESS용 각형 배터리 공급 계약
작성일: 2026-03-16
내용: 삼성SDI는 미국에서 1조5000억원 규모의 ESS용 각형 배터리 공급 계약을 수주했다고 발표했다.

질문: 삼성SDI 관련 내용을 짧게 요약해줘",제공된 기사 기준으로는 삼성SDI는 미국 ESS 시장에서 대규모 각형 배터리 공급 계약을 확보했다.
"참고 뉴스:
제목: HD현대, 2026년 2분기 높은 영업이익 기록
작성일: 2026-07-31
내용: HD현대는 2026년 2분기 연결 매출 22조4094억원, 영업이익 4조1246억원을 기록했다. 영업이익률은 18.4%로 발표됐다.

질문: 이 기사에서 주의할 부분이 있어?",기사 기준 리스크는 기사에는 사업부별 수주잔고와 원가 변동의 상세 내용은 포함되지 않았다.
"참고 뉴스:
제목: 신한금융, 2026년 2분기 분기 최대 순이익
작성일: 2026-07-23
내용: 신한금융의 2026년 2분기 순이익은 1조8201억원으로 전 분기 대비 12.2% 증가했다. 상반기 순이익은 3조4427억원으로 전년 동기 대비 13.3% 늘었다.

질문: 뉴스에서 확인되는 성장 요인을 알려줘",확인되는 긍정 요인은 분기 최대 순이익과 상반기 이익 증가입니다.
"참고 뉴스:
제목: HD현대중공업, 2026년 2분기 영업이익 급증
작성일: 2026-07-29
내용: HD현대중공업은 2026년 2분기 영업이익 1조399억원을 기록해 전년 동기 대비 120.6% 증가했다고 발표했다.

질문: 이 기사에 나온 적정 주가가 얼마야?",기사에 증권사 목표가격이 제시되지 않아 답할 수 없습니다.
"참고 뉴스:
제목: 현대차, 2026년 2분기 매출 증가에도 영업이익 감소
작성일: 2026-07-23
내용: 현대차의 2026년 2분기 매출은 49조2150억원으로 전년 동기 대비 1.9% 증가했다. 영업이익은 2조8510억원으로 20.8% 감소했고, 글로벌 판매량은 6.9% 줄었다.

질문: 현대차에 불리할 수 있는 내용을 알려줘",긍정 요인과 별개로 영업이익이 20.8% 감소했고 글로벌 판매량도 6.9% 줄었다.
"참고 뉴스:
제목: 2026년 하반기 국내 증시, 반도체 쏠림에서 업종 확산 가능성
작성일: 2026-07-23
내용: 2026년 상반기 국내 증시는 반도체가 상승을 주도했지만 하반기에는 전력기기, 조선·방산, 바이오, 화장품, 금융 등으로 관심이 확산될 가능성이 제시됐다. 주요 변수로 AI 설비투자, 미국 금리, 기업 실적과 중국 메모리 업체의 추격이 언급됐다.

질문: 참고 뉴스의 핵심만 설명해줘",이 뉴스의 중심 내용은 하반기 국내 증시는 반도체 중심 장세에서 실적 개선 업종으로 관심이 분산될 가능성이 있다.
"참고 뉴스 1:
제목: HD현대중공업, 2026년 2분기 영업이익 급증
작성일: 2026-07-29
내용: HD현대중공업은 2026년 2분기 영업이익 1조399억원을 기록해 전년 동기 대비 120.6% 증가했다고 발표했다.

참고 뉴스 2:
제목: 2026년 하반기 국내 증시, 반도체 쏠림에서 업종 확산 가능성
작성일: 2026-07-23
내용: 2026년 상반기 국내 증시는 반도체가 상승을 주도했지만 하반기에는 전력기기, 조선·방산, 바이오, 화장품, 금융 등으로 관심이 확산될 가능성이 제시됐다. 주요 변수로 AI 설비투자, 미국 금리, 기업 실적과 중국 메모리 업체의 추격이 언급됐다.

질문: 어느 쪽이 더 좋다고 단정할 수 있는지 말해줘",두 뉴스는 기업과 상황이 달라 어느 쪽이 더 좋다고 단정하기 어렵습니다. 첫 번째는 HD현대중공업은 조선 부문 수익성 개선으로 영업이익이 큰 폭으로 증가했다. 두 번째는 하반기 국내 증시는 반도체 중심 장세에서 실적 개선 업종으로 관심이 분산될 가능성이 있다.
"참고 뉴스:
제목: 코스닥, 2차전지·바이오 순환매로 급등
작성일: 2026-06-29
내용: 2026년 6월 29일 코스피는 외국인의 대규모 매도 속에 0.2% 하락했고, 코스닥은 2차전지와 바이오주 강세로 8.13% 상승했다. 장중 코스닥 매수 사이드카가 발동됐다.

질문: 국내 증시의 현재 주가를 알려줘",제공된 기사에는 실시간 주가나 오늘 종가가 없습니다. 현재 시세는 별도의 실시간 데이터가 필요합니다.
"참고 뉴스 1:
제목: 삼성바이오로직스, 스위스 폴리펩타이드 인수 추진
작성일: 2026-07-20
내용: 삼성바이오로직스는 스위스 의약품 위탁생산 기업 폴리펩타이드를 약 18억달러에 전액 현금으로 인수하는 공개매수를 추진했다. 회사는 펩타이드 치료제와 비만·당뇨 분야의 생산 역량 확대를 기대했다.

참고 뉴스 2:
제목: HD현대중공업, 2026년 2분기 영업이익 급증
작성일: 2026-07-29
내용: HD현대중공업은 2026년 2분기 영업이익 1조399억원을 기록해 전년 동기 대비 120.6% 증가했다고 발표했다.

질문: 어느 쪽이 더 좋다고 단정할 수 있는지 말해줘",두 뉴스는 기업과 상황이 달라 어느 쪽이 더 좋다고 단정하기 어렵습니다. 첫 번째는 삼성바이오로직스는 펩타이드 의약품 사업 강화를 위해 폴리펩타이드 인수를 추진한다. 두 번째는 HD현대중공업은 조선 부문 수익성 개선으로 영업이익이 큰 폭으로 증가했다.
"참고 뉴스:
제목: 삼성바이오로직스, 스위스 폴리펩타이드 인수 추진
작성일: 2026-07-20
내용: 삼성바이오로직스는 스위스 의약품 위탁생산 기업 폴리펩타이드를 약 18억달러에 전액 현금으로 인수하는 공개매수를 추진했다. 회사는 펩타이드 치료제와 비만·당뇨 분야의 생산 역량 확대를 기대했다.

질문: 이 뉴스에서 확인되는 사실을 요약해줘",기사에서 확인되는 핵심은 삼성바이오로직스는 펩타이드 의약품 사업 강화를 위해 폴리펩타이드 인수를 추진한다.
"참고 뉴스:
제목: SK하이닉스, 2026년 2분기 사상 최대 실적
작성일: 2026-07-29
내용: SK하이닉스는 2026년 2분기 매출 79조3187억원, 영업이익 60조5426억원을 발표했다. AI 수요에 대응한 고부가가치 제품 판매가 실적을 이끌었고, 주요 고객과 장기·다년 계약을 확대했다고 설명했다.

질문: 왜 이런 흐름이 나타났어?",제공된 뉴스 기준으로는 강한 AI 메모리 수요와 고부가가치 제품 비중 확대가 실적을 견인했다.
"참고 뉴스:
제목: 삼성전자 DS부문, AI 메모리 수요로 실적 확대
작성일: 2026-07-30
내용: 삼성전자 DS부문은 2026년 2분기 매출 127조5천억원, 영업이익 89조2천억원을 기록했다. 메모리 사업은 AI 수요에 대응해 서버 제품 중심 판매를 확대했고, 업계 전반의 가격 상승도 실적에 기여했다.

질문: 증권사 목표가격을 알려줘",이 뉴스만으로는 목표주가를 확인할 수 없습니다.
"참고 뉴스:
제목: 엔비디아, 네이버 AI 인프라 프로젝트에 투자 추진
작성일: 2026-07-27
내용: 엔비디아는 네이버의 대규모 AI 데이터센터 프로젝트에 약 10억달러를 투자할 계획이다. 네이버는 엔비디아를 대상으로 약 1조4810억원 규모의 신주를 발행하며, 거래 완료 후 엔비디아의 지분율은 약 4.5%가 될 예정이다.

질문: 네이버의 현재 주가를 알려줘",제공된 기사에는 실시간 주가나 오늘 종가가 없습니다. 현재 시세는 별도의 실시간 데이터가 필요합니다.
"참고 뉴스:
제목: 삼성바이오로직스, 스위스 폴리펩타이드 인수 추진
작성일: 2026-07-20
내용: 삼성바이오로직스는 스위스 의약품 위탁생산 기업 폴리펩타이드를 약 18억달러에 전액 현금으로 인수하는 공개매수를 추진했다. 회사는 펩타이드 치료제와 비만·당뇨 분야의 생산 역량 확대를 기대했다.

질문: 언제 나온 소식인지 확인해줘",이 뉴스는 2026-07-20 기준입니다.
"참고 뉴스:
제목: 삼성바이오로직스, 스위스 폴리펩타이드 인수 추진
작성일: 2026-07-20
내용: 삼성바이오로직스는 스위스 의약품 위탁생산 기업 폴리펩타이드를 약 18억달러에 전액 현금으로 인수하는 공개매수를 추진했다. 회사는 펩타이드 치료제와 비만·당뇨 분야의 생산 역량 확대를 기대했다.

질문: 이 기사에서 호재로 볼 수 있는 부분을 말해줘",기사에서 긍정적으로 볼 수 있는 부분은 펩타이드 치료제와 GLP-1 계열 의약품 생산 역량 확대 가능성입니다.
"참고 뉴스:
제목: SK하이닉스, 2026년 2분기 사상 최대 실적
작성일: 2026-07-29
내용: SK하이닉스는 2026년 2분기 매출 79조3187억원, 영업이익 60조5426억원을 발표했다. AI 수요에 대응한 고부가가치 제품 판매가 실적을 이끌었고, 주요 고객과 장기·다년 계약을 확대했다고 설명했다.

질문: 이 기사에서 가장 중요한 내용이 뭐야?",핵심은 SK하이닉스는 AI 수요와 고부가가치 메모리 판매를 바탕으로 분기 최고 실적을 기록했다.
"참고 뉴스:
제목: 신한금융, 2026년 2분기 분기 최대 순이익
작성일: 2026-07-23
내용: 신한금융의 2026년 2분기 순이익은 1조8201억원으로 전 분기 대비 12.2% 증가했다. 상반기 순이익은 3조4427억원으로 전년 동기 대비 13.3% 늘었다.

질문: 이 기사에서 가장 중요한 내용이 뭐야?",핵심은 신한금융은 2분기와 상반기 순이익이 모두 증가하며 높은 실적을 기록했다.
"참고 뉴스:
제목: HD현대, 2026년 2분기 높은 영업이익 기록
작성일: 2026-07-31
내용: HD현대는 2026년 2분기 연결 매출 22조4094억원, 영업이익 4조1246억원을 기록했다. 영업이익률은 18.4%로 발표됐다.

질문: 이 뉴스만으로 투자 결정을 내려도 될까?",기사만으로 특정 매수·매도 결론을 내릴 수 없습니다. 뉴스에 없는 정보까지 추측해서 판단하면 안 됩니다.
"참고 뉴스 1:
제목: 셀트리온, 2026년 2분기 분기 최대 매출
작성일: 2026-07-27
내용: 셀트리온은 2026년 2분기 매출 1조3937억원, 영업이익 4518억원을 기록했다. 매출은 전년 동기 대비 45%, 영업이익은 86.3% 증가했고, 고수익 신제품이 바이오의약품 매출의 65%를 차지했다.

참고 뉴스 2:
제목: 2026년 하반기 국내 증시, 반도체 쏠림에서 업종 확산 가능성
작성일: 2026-07-23
내용: 2026년 상반기 국내 증시는 반도체가 상승을 주도했지만 하반기에는 전력기기, 조선·방산, 바이오, 화장품, 금융 등으로 관심이 확산될 가능성이 제시됐다. 주요 변수로 AI 설비투자, 미국 금리, 기업 실적과 중국 메모리 업체의 추격이 언급됐다.

질문: 어느 쪽이 더 좋다고 단정할 수 있는지 말해줘",두 뉴스는 기업과 상황이 달라 어느 쪽이 더 좋다고 단정하기 어렵습니다. 첫 번째는 셀트리온은 신제품 성장과 원가 개선으로 매출과 영업이익이 크게 증가했다. 두 번째는 하반기 국내 증시는 반도체 중심 장세에서 실적 개선 업종으로 관심이 분산될 가능성이 있다.
"참고 뉴스:
제목: 삼성SDI, 7개 분기 만에 영업이익 흑자 전환
작성일: 2026-07-30
내용: 삼성SDI는 2026년 2분기 매출 3조7700억원, 영업이익 2038억원을 기록했다. 매출은 전년 동기 대비 18.5%, 전 분기 대비 5.4% 증가했고, 영업이익은 7개 분기 만에 흑자로 전환했다.

질문: 삼성SDI의 현재 주가를 알려줘",제공된 기사에는 실시간 주가나 오늘 종가가 없습니다. 현재 시세는 별도의 실시간 데이터가 필요합니다.
"참고 뉴스:
제목: 7월 국내 증시, 소외 업종으로 자금 이동 가능성
작성일: 2026-07-01
내용: 7월에는 상반기 주도주였던 반도체에서 자동차, 2차전지, 바이오 등 상대적으로 소외됐던 업종으로 자금이 이동할 수 있다는 전망이 나왔다. 반도체 조정이 곧 업황 훼손을 의미하는 것은 아니라는 분석도 제시됐다.

질문: 이 기사에 나온 적정 주가가 얼마야?",기사에 증권사 목표가격이 제시되지 않아 답할 수 없습니다.
"참고 뉴스:
제목: SK하이닉스, 2026년 2분기 사상 최대 실적
작성일: 2026-07-29
내용: SK하이닉스는 2026년 2분기 매출 79조3187억원, 영업이익 60조5426억원을 발표했다. AI 수요에 대응한 고부가가치 제품 판매가 실적을 이끌었고, 주요 고객과 장기·다년 계약을 확대했다고 설명했다.

질문: SK하이닉스에 유리한 내용이 있어?",호재로 해석할 수 있는 내용은 AI용 고부가가치 제품 판매와 주요 고객과의 장기 계약 확대입니다.
"참고 뉴스:
제목: 삼성바이오로직스, 2026년 2분기 실적 발표
작성일: 2026-07-23
내용: 삼성바이오로직스는 2026년 2분기 매출 1조3210억원, 영업이익 5860억원을 기록했다. 1공장부터 4공장까지 안정적인 생산 운영과 고객 프로젝트 수행이 실적에 반영됐다.

질문: 확실히 확인되는 사실과 확인되지 않는 내용을 나눠줘",제공된 뉴스 기준 핵심은 삼성바이오로직스는 안정적인 공장 운영을 바탕으로 견조한 2분기 실적을 기록했다. 그 밖의 실시간 주가나 목표가격은 확인되지 않습니다.
"참고 뉴스:
제목: 삼성바이오로직스, 스위스 폴리펩타이드 인수 추진
작성일: 2026-07-20
내용: 삼성바이오로직스는 스위스 의약품 위탁생산 기업 폴리펩타이드를 약 18억달러에 전액 현금으로 인수하는 공개매수를 추진했다. 회사는 펩타이드 치료제와 비만·당뇨 분야의 생산 역량 확대를 기대했다.

질문: 기사에서 확인되는 정량 정보만 말해줘",핵심 수치만 정리하면 인수 제안 규모 약 18억달러입니다.
"참고 뉴스 1:
제목: 삼성전자, 2026년 2분기 실적 발표
작성일: 2026-07-30
내용: 삼성전자는 2026년 2분기 연결 매출 171조5천억원, 영업이익 89조5천억원을 기록했다. 매출과 영업이익 모두 분기 기준 최고치를 경신했으며, 전 분기 대비 매출은 28% 증가했다.

참고 뉴스 2:
제목: 현대차, 하반기 신차 출시로 회복 추진
작성일: 2026-07-23
내용: 현대차는 2분기 영업이익이 감소했지만 연간 전망은 유지했다. 회사는 하반기 투싼과 아반떼 등 주요 신차 출시를 통해 판매 회복을 추진할 계획이라고 밝혔다.

질문: 두 뉴스의 위험 요인을 나눠서 설명해줘","첫 번째 뉴스의 부담 요인은 이 기사에는 구체적인 하방 위험이나 목표주가 정보가 제시되지 않았다. 두 번째 뉴스의 부담 요인은 약한 자동차 수요, 공급 차질, 원재료비 상승과 경쟁 심화"
"참고 뉴스 1:
제목: SK하이닉스, 2026년 2분기 사상 최대 실적
작성일: 2026-07-29
내용: SK하이닉스는 2026년 2분기 매출 79조3187억원, 영업이익 60조5426억원을 발표했다. AI 수요에 대응한 고부가가치 제품 판매가 실적을 이끌었고, 주요 고객과 장기·다년 계약을 확대했다고 설명했다.

참고 뉴스 2:
제목: 신한금융, 2026년 2분기 분기 최대 순이익
작성일: 2026-07-23
내용: 신한금융의 2026년 2분기 순이익은 1조8201억원으로 전 분기 대비 12.2% 증가했다. 상반기 순이익은 3조4427억원으로 전년 동기 대비 13.3% 늘었다.

질문: 두 뉴스의 위험 요인을 나눠서 설명해줘","첫 번째 뉴스의 부담 요인은 기사에는 현재 주가나 목표주가, 구체적인 수요 둔화 전망은 포함되지 않았다. 두 번째 뉴스의 부담 요인은 기사에는 향후 대손비용과 금리 하락이 순이자마진에 미칠 구체적 영향은 포함되지 않았다."
"참고 뉴스:
제목: 7월 국내 증시, 소외 업종으로 자금 이동 가능성
작성일: 2026-07-01
내용: 7월에는 상반기 주도주였던 반도체에서 자동차, 2차전지, 바이오 등 상대적으로 소외됐던 업종으로 자금이 이동할 수 있다는 전망이 나왔다. 반도체 조정이 곧 업황 훼손을 의미하는 것은 아니라는 분석도 제시됐다.

질문: 리스크 중심으로 정리해줘",주의할 부분은 순환매가 실제 실적 개선으로 이어지지 않으면 변동성이 커질 수 있다.
"참고 뉴스:
제목: 현대차, 2026년 2분기 매출 증가에도 영업이익 감소
작성일: 2026-07-23
내용: 현대차의 2026년 2분기 매출은 49조2150억원으로 전년 동기 대비 1.9% 증가했다. 영업이익은 2조8510억원으로 20.8% 감소했고, 글로벌 판매량은 6.9% 줄었다.

질문: 현대차의 기사 속 주요 수치를 알려줘","기사에서 확인되는 주요 수치는 매출 49조2150억원, 영업이익 2조8510억원, 글로벌 판매 6.9% 감소입니다."
"참고 뉴스:
제목: 삼성SDI, 미국 ESS용 각형 배터리 공급 계약
작성일: 2026-03-16
내용: 삼성SDI는 미국에서 1조5000억원 규모의 ESS용 각형 배터리 공급 계약을 수주했다고 발표했다.

질문: 이 뉴스만으로 투자 결정을 내려도 될까?",기사만으로 특정 매수·매도 결론을 내릴 수 없습니다. 뉴스에 없는 정보까지 추측해서 판단하면 안 됩니다.
"참고 뉴스:
제목: 현대차, 하반기 신차 출시로 회복 추진
작성일: 2026-07-23
내용: 현대차는 2분기 영업이익이 감소했지만 연간 전망은 유지했다. 회사는 하반기 투싼과 아반떼 등 주요 신차 출시를 통해 판매 회복을 추진할 계획이라고 밝혔다.

질문: 현대차 주식을 지금 사는 게 좋아?","제공된 뉴스는 투자 판단의 일부 근거일 뿐입니다. 현재 가격과 재무 상태, 위험 요인을 추가로 확인해야 합니다."
"참고 뉴스 1:
제목: 현대차, 하반기 신차 출시로 회복 추진
작성일: 2026-07-23
내용: 현대차는 2분기 영업이익이 감소했지만 연간 전망은 유지했다. 회사는 하반기 투싼과 아반떼 등 주요 신차 출시를 통해 판매 회복을 추진할 계획이라고 밝혔다.

참고 뉴스 2:
제목: 엔비디아, 네이버 AI 인프라 프로젝트에 투자 추진
작성일: 2026-07-27
내용: 엔비디아는 네이버의 대규모 AI 데이터센터 프로젝트에 약 10억달러를 투자할 계획이다. 네이버는 엔비디아를 대상으로 약 1조4810억원 규모의 신주를 발행하며, 거래 완료 후 엔비디아의 지분율은 약 4.5%가 될 예정이다.

질문: 두 뉴스의 위험 요인을 나눠서 설명해줘","첫 번째 뉴스의 부담 요인은 약한 자동차 수요, 공급 차질, 원재료비 상승과 경쟁 심화 두 번째 뉴스의 부담 요인은 신주 발행에 따른 기존 주주 지분 희석 가능성과 대규모 투자 부담"
"참고 뉴스:
제목: 코스닥, 2차전지·바이오 순환매로 급등
작성일: 2026-06-29
내용: 2026년 6월 29일 코스피는 외국인의 대규모 매도 속에 0.2% 하락했고, 코스닥은 2차전지와 바이오주 강세로 8.13% 상승했다. 장중 코스닥 매수 사이드카가 발동됐다.

질문: 국내 증시 주식을 지금 사는 게 좋아?","제공된 뉴스는 투자 판단의 일부 근거일 뿐입니다. 현재 가격과 재무 상태, 위험 요인을 추가로 확인해야 합니다."
"참고 뉴스:
제목: 삼성전자 DS부문, AI 메모리 수요로 실적 확대
작성일: 2026-07-30
내용: 삼성전자 DS부문은 2026년 2분기 매출 127조5천억원, 영업이익 89조2천억원을 기록했다. 메모리 사업은 AI 수요에 대응해 서버 제품 중심 판매를 확대했고, 업계 전반의 가격 상승도 실적에 기여했다.

질문: 이 기사에서 가장 중요한 내용이 뭐야?",핵심은 삼성전자 반도체 부문은 AI 서버용 메모리 수요와 가격 상승의 영향을 받았다.
"참고 뉴스:
제목: 삼성전자 DS부문, AI 메모리 수요로 실적 확대
작성일: 2026-07-30
내용: 삼성전자 DS부문은 2026년 2분기 매출 127조5천억원, 영업이익 89조2천억원을 기록했다. 메모리 사업은 AI 수요에 대응해 서버 제품 중심 판매를 확대했고, 업계 전반의 가격 상승도 실적에 기여했다.

질문: 이런 결과가 나온 이유가 뭐야?","AI 수요 증가와 서버 제품 판매 확대, 메모리 가격 상승이 주요 원인이다."
"참고 뉴스:
제목: 현대차, 하반기 신차 출시로 회복 추진
작성일: 2026-07-23
내용: 현대차는 2분기 영업이익이 감소했지만 연간 전망은 유지했다. 회사는 하반기 투싼과 아반떼 등 주요 신차 출시를 통해 판매 회복을 추진할 계획이라고 밝혔다.

질문: 현대차의 현재 주가를 알려줘",제공된 기사에는 실시간 주가나 오늘 종가가 없습니다. 현재 시세는 별도의 실시간 데이터가 필요합니다.
"참고 뉴스:
제목: 삼성바이오로직스, 스위스 폴리펩타이드 인수 추진
작성일: 2026-07-20
내용: 삼성바이오로직스는 스위스 의약품 위탁생산 기업 폴리펩타이드를 약 18억달러에 전액 현금으로 인수하는 공개매수를 추진했다. 회사는 펩타이드 치료제와 비만·당뇨 분야의 생산 역량 확대를 기대했다.

질문: 이 기사만 보고 투자 판단을 해줘",매수 여부는 이 뉴스만으로 판단할 수 없습니다. 목표 수익과 손실 가능성까지 별도로 검토해야 합니다.
"참고 뉴스:
제목: SK하이닉스, 2026년 2분기 사상 최대 실적
작성일: 2026-07-29
내용: SK하이닉스는 2026년 2분기 매출 79조3187억원, 영업이익 60조5426억원을 발표했다. AI 수요에 대응한 고부가가치 제품 판매가 실적을 이끌었고, 주요 고객과 장기·다년 계약을 확대했다고 설명했다.

질문: 이 뉴스에 나온 수치가 뭐야?","제공된 자료에 나온 숫자는 매출 79조3187억원, 영업이익 60조5426억원입니다."
"참고 뉴스:
제목: 삼성전자 DS부문, AI 메모리 수요로 실적 확대
작성일: 2026-07-30
내용: 삼성전자 DS부문은 2026년 2분기 매출 127조5천억원, 영업이익 89조2천억원을 기록했다. 메모리 사업은 AI 수요에 대응해 서버 제품 중심 판매를 확대했고, 업계 전반의 가격 상승도 실적에 기여했다.

질문: 기사에서 확인되는 정량 정보만 말해줘","핵심 수치만 정리하면 DS부문 매출 127조5천억원, 영업이익 89조2천억원입니다."
"참고 뉴스:
제목: 삼성SDI, 미국 ESS용 각형 배터리 공급 계약
작성일: 2026-03-16
내용: 삼성SDI는 미국에서 1조5000억원 규모의 ESS용 각형 배터리 공급 계약을 수주했다고 발표했다.

질문: 참고 뉴스의 핵심만 설명해줘",이 뉴스의 중심 내용은 삼성SDI는 미국 ESS 시장에서 대규모 각형 배터리 공급 계약을 확보했다.
"참고 뉴스:
제목: 삼성SDI, 미국 ESS용 각형 배터리 공급 계약
작성일: 2026-03-16
내용: 삼성SDI는 미국에서 1조5000억원 규모의 ESS용 각형 배터리 공급 계약을 수주했다고 발표했다.

질문: 이 기사만 보고 삼성SDI를 매수해도 돼?","이 기사 하나만으로 매수나 매도를 결정하기는 어렵습니다. 실적 추세, 밸류에이션, 수급과 추가 공시를 함께 확인해야 합니다."
"참고 뉴스 1:
제목: 현대차, 2026년 2분기 매출 증가에도 영업이익 감소
작성일: 2026-07-23
내용: 현대차의 2026년 2분기 매출은 49조2150억원으로 전년 동기 대비 1.9% 증가했다. 영업이익은 2조8510억원으로 20.8% 감소했고, 글로벌 판매량은 6.9% 줄었다.

참고 뉴스 2:
제목: 삼성전자, AI 인프라용 PM1763 SSD 양산 시작
작성일: 2026-07-08
내용: 삼성전자는 차세대 AI 인프라에 최적화한 PM1763 SSD의 양산을 시작했다고 발표했다.

질문: 두 뉴스의 핵심 내용을 비교해줘",첫 번째 뉴스는 현대차는 매출은 증가했지만 판매 감소와 비용 부담으로 영업이익이 줄었다. 두 번째 뉴스는 삼성전자는 AI 데이터센터 수요에 대응하기 위해 차세대 SSD 양산을 시작했다.
"참고 뉴스:
제목: 현대차, 하반기 신차 출시로 회복 추진
작성일: 2026-07-23
내용: 현대차는 2분기 영업이익이 감소했지만 연간 전망은 유지했다. 회사는 하반기 투싼과 아반떼 등 주요 신차 출시를 통해 판매 회복을 추진할 계획이라고 밝혔다.

질문: 이런 결과가 나온 이유가 뭐야?",하반기 신차 출시를 통해 판매와 수익성 회복을 추진하는 전략이다.
"참고 뉴스:
제목: HD현대, 2026년 2분기 높은 영업이익 기록
작성일: 2026-07-31
내용: HD현대는 2026년 2분기 연결 매출 22조4094억원, 영업이익 4조1246억원을 기록했다. 영업이익률은 18.4%로 발표됐다.

질문: HD현대 주식을 지금 사는 게 좋아?","제공된 뉴스는 투자 판단의 일부 근거일 뿐입니다. 현재 가격과 재무 상태, 위험 요인을 추가로 확인해야 합니다."
"참고 뉴스:
제목: 2026년 하반기 국내 증시, 반도체 쏠림에서 업종 확산 가능성
작성일: 2026-07-23
내용: 2026년 상반기 국내 증시는 반도체가 상승을 주도했지만 하반기에는 전력기기, 조선·방산, 바이오, 화장품, 금융 등으로 관심이 확산될 가능성이 제시됐다. 주요 변수로 AI 설비투자, 미국 금리, 기업 실적과 중국 메모리 업체의 추격이 언급됐다.

질문: 왜 이런 흐름이 나타났어?",제공된 뉴스 기준으로는 상반기 반도체 쏠림 이후 상대적으로 덜 오른 업종으로 자금이 이동할 가능성이 제기됐다.
"참고 뉴스:
제목: 7월 국내 증시, 소외 업종으로 자금 이동 가능성
작성일: 2026-07-01
내용: 7월에는 상반기 주도주였던 반도체에서 자동차, 2차전지, 바이오 등 상대적으로 소외됐던 업종으로 자금이 이동할 수 있다는 전망이 나왔다. 반도체 조정이 곧 업황 훼손을 의미하는 것은 아니라는 분석도 제시됐다.

질문: 국내 증시의 긍정 요인은 뭐야?",긍정 요인은 소외 업종으로의 순환매 가능성과 반도체 펀더멘털 유지 전망입니다.
"참고 뉴스:
제목: HD현대, 2026년 2분기 높은 영업이익 기록
작성일: 2026-07-31
내용: HD현대는 2026년 2분기 연결 매출 22조4094억원, 영업이익 4조1246억원을 기록했다. 영업이익률은 18.4%로 발표됐다.

질문: HD현대 실적이나 변화의 배경을 설명해줘",기사에서 제시한 배경은 조선과 에너지 등 주요 사업의 실적 개선이 연결 실적에 반영됐다.
"참고 뉴스:
제목: 한화에어로스페이스, 2026년 2분기 이익 증가
작성일: 2026-07-31
내용: 한화에어로스페이스는 2026년 2분기 순이익 1조800억원을 기록해 전년 동기 대비 277.5% 증가했다. 실적은 시장 예상치를 웃돌았다고 보도됐다.

질문: 참고 뉴스에서 확인되는 내용만 말해줘","확인되는 사실은 한화에어로스페이스는 2분기 순이익이 크게 증가하며 시장 기대를 웃돌았다. 주요 수치는 2분기 순이익 1조800억원, 전년 동기 대비 277.5% 증가입니다. 기사에 없는 목표주가나 현재 시세는 확인할 수 없습니다."
"참고 뉴스:
제목: 삼성SDI, 미국 ESS용 각형 배터리 공급 계약
작성일: 2026-03-16
내용: 삼성SDI는 미국에서 1조5000억원 규모의 ESS용 각형 배터리 공급 계약을 수주했다고 발표했다.

질문: 삼성SDI에 불리할 수 있는 내용을 알려줘","긍정 요인과 별개로 기사 목록에는 계약 기간, 고객사와 예상 이익 기여액이 구체적으로 제시되지 않았다."
"참고 뉴스:
제목: 엔비디아, 네이버 AI 인프라 프로젝트에 투자 추진
작성일: 2026-07-27
내용: 엔비디아는 네이버의 대규모 AI 데이터센터 프로젝트에 약 10억달러를 투자할 계획이다. 네이버는 엔비디아를 대상으로 약 1조4810억원 규모의 신주를 발행하며, 거래 완료 후 엔비디아의 지분율은 약 4.5%가 될 예정이다.

질문: 이 기사에서 주의할 부분이 있어?",기사 기준 리스크는 신주 발행에 따른 기존 주주 지분 희석 가능성과 대규모 투자 부담
"참고 뉴스:
제목: 삼성SDI, 미국 ESS용 각형 배터리 공급 계약
작성일: 2026-03-16
내용: 삼성SDI는 미국에서 1조5000억원 규모의 ESS용 각형 배터리 공급 계약을 수주했다고 발표했다.

질문: 이 자료의 기준 날짜가 언제야?",2026-03-16에 나온 내용입니다.
"참고 뉴스:
제목: 삼성바이오로직스, 2026년 2분기 실적 발표
작성일: 2026-07-23
내용: 삼성바이오로직스는 2026년 2분기 매출 1조3210억원, 영업이익 5860억원을 기록했다. 1공장부터 4공장까지 안정적인 생산 운영과 고객 프로젝트 수행이 실적에 반영됐다.

질문: 증권사 목표가격을 알려줘",이 뉴스만으로는 목표주가를 확인할 수 없습니다.
"참고 뉴스:
제목: 현대차, 2026년 2분기 매출 증가에도 영업이익 감소
작성일: 2026-07-23
내용: 현대차의 2026년 2분기 매출은 49조2150억원으로 전년 동기 대비 1.9% 증가했다. 영업이익은 2조8510억원으로 20.8% 감소했고, 글로벌 판매량은 6.9% 줄었다.

질문: 오늘 종가를 확인해줘",기사에는 오늘의 시세 정보가 포함되지 않았습니다.
"참고 뉴스:
제목: 삼성전자 DS부문, AI 메모리 수요로 실적 확대
작성일: 2026-07-30
내용: 삼성전자 DS부문은 2026년 2분기 매출 127조5천억원, 영업이익 89조2천억원을 기록했다. 메모리 사업은 AI 수요에 대응해 서버 제품 중심 판매를 확대했고, 업계 전반의 가격 상승도 실적에 기여했다.

질문: 이 뉴스에서 확인되는 사실을 요약해줘",기사에서 확인되는 핵심은 삼성전자 반도체 부문은 AI 서버용 메모리 수요와 가격 상승의 영향을 받았다.
"참고 뉴스:
제목: 삼성바이오로직스, 2026년 2분기 실적 발표
작성일: 2026-07-23
내용: 삼성바이오로직스는 2026년 2분기 매출 1조3210억원, 영업이익 5860억원을 기록했다. 1공장부터 4공장까지 안정적인 생산 운영과 고객 프로젝트 수행이 실적에 반영됐다.

질문: 삼성바이오로직스 목표주가가 얼마야?",제공된 기사에는 목표주가가 없습니다. 자료에 없는 가격을 임의로 만들 수 없습니다.
"참고 뉴스:
제목: 한화에어로스페이스, 2026년 2분기 이익 증가
작성일: 2026-07-31
내용: 한화에어로스페이스는 2026년 2분기 순이익 1조800억원을 기록해 전년 동기 대비 277.5% 증가했다. 실적은 시장 예상치를 웃돌았다고 보도됐다.

질문: 이 기사에서 호재로 볼 수 있는 부분을 말해줘",기사에서 긍정적으로 볼 수 있는 부분은 순이익의 큰 폭 증가와 시장 예상 상회입니다.
"참고 뉴스:
제목: 삼성전자 DS부문, AI 메모리 수요로 실적 확대
작성일: 2026-07-30
내용: 삼성전자 DS부문은 2026년 2분기 매출 127조5천억원, 영업이익 89조2천억원을 기록했다. 메모리 사업은 AI 수요에 대응해 서버 제품 중심 판매를 확대했고, 업계 전반의 가격 상승도 실적에 기여했다.

질문: 실적 숫자만 정리해줘","정량 정보는 DS부문 매출 127조5천억원, 영업이익 89조2천억원입니다."
"참고 뉴스:
제목: SK하이닉스, 2026년 2분기 사상 최대 실적
작성일: 2026-07-29
내용: SK하이닉스는 2026년 2분기 매출 79조3187억원, 영업이익 60조5426억원을 발표했다. AI 수요에 대응한 고부가가치 제품 판매가 실적을 이끌었고, 주요 고객과 장기·다년 계약을 확대했다고 설명했다.

질문: SK하이닉스 관련 핵심 숫자를 정리해줘","기사 기준 주요 지표는 매출 79조3187억원, 영업이익 60조5426억원입니다."
"참고 뉴스:
제목: 삼성SDI, 7개 분기 만에 영업이익 흑자 전환
작성일: 2026-07-30
내용: 삼성SDI는 2026년 2분기 매출 3조7700억원, 영업이익 2038억원을 기록했다. 매출은 전년 동기 대비 18.5%, 전 분기 대비 5.4% 증가했고, 영업이익은 7개 분기 만에 흑자로 전환했다.

질문: 제공된 자료 범위 안에서만 답해줘",확실히 확인되는 사실은 삼성SDI는 매출 증가와 함께 7개 분기 만에 영업이익 흑자 전환에 성공했다. 다만 기사에 없는 투자 의견이나 가격 정보는 추측할 수 없습니다.
"참고 뉴스:
제목: 삼성SDI, 7개 분기 만에 영업이익 흑자 전환
작성일: 2026-07-30
내용: 삼성SDI는 2026년 2분기 매출 3조7700억원, 영업이익 2038억원을 기록했다. 매출은 전년 동기 대비 18.5%, 전 분기 대비 5.4% 증가했고, 영업이익은 7개 분기 만에 흑자로 전환했다.

질문: 앞으로 어느 가격까지 갈 수 있어?",목표주가 수치는 기사에서 확인되지 않습니다.
"참고 뉴스:
제목: 삼성바이오로직스, 스위스 폴리펩타이드 인수 추진
작성일: 2026-07-20
내용: 삼성바이오로직스는 스위스 의약품 위탁생산 기업 폴리펩타이드를 약 18억달러에 전액 현금으로 인수하는 공개매수를 추진했다. 회사는 펩타이드 치료제와 비만·당뇨 분야의 생산 역량 확대를 기대했다.

질문: 리스크 중심으로 정리해줘",주의할 부분은 대규모 현금 인수에 따른 자금 부담과 인수 후 통합 위험
"참고 뉴스 1:
제목: 신한금융, 2026년 2분기 분기 최대 순이익
작성일: 2026-07-23
내용: 신한금융의 2026년 2분기 순이익은 1조8201억원으로 전 분기 대비 12.2% 증가했다. 상반기 순이익은 3조4427억원으로 전년 동기 대비 13.3% 늘었다.

참고 뉴스 2:
제목: 7월 국내 증시, 소외 업종으로 자금 이동 가능성
작성일: 2026-07-01
내용: 7월에는 상반기 주도주였던 반도체에서 자동차, 2차전지, 바이오 등 상대적으로 소외됐던 업종으로 자금이 이동할 수 있다는 전망이 나왔다. 반도체 조정이 곧 업황 훼손을 의미하는 것은 아니라는 분석도 제시됐다.

질문: 두 뉴스의 위험 요인을 나눠서 설명해줘",첫 번째 뉴스의 부담 요인은 기사에는 향후 대손비용과 금리 하락이 순이자마진에 미칠 구체적 영향은 포함되지 않았다. 두 번째 뉴스의 부담 요인은 순환매가 실제 실적 개선으로 이어지지 않으면 변동성이 커질 수 있다.
"참고 뉴스:
제목: 신한금융, 2026년 2분기 분기 최대 순이익
작성일: 2026-07-23
내용: 신한금융의 2026년 2분기 순이익은 1조8201억원으로 전 분기 대비 12.2% 증가했다. 상반기 순이익은 3조4427억원으로 전년 동기 대비 13.3% 늘었다.

질문: 이 뉴스의 발표 시점을 말해줘",발표 시점은 2026-07-23입니다.
"참고 뉴스:
제목: 엔비디아, 네이버 AI 인프라 프로젝트에 투자 추진
작성일: 2026-07-27
내용: 엔비디아는 네이버의 대규모 AI 데이터센터 프로젝트에 약 10억달러를 투자할 계획이다. 네이버는 엔비디아를 대상으로 약 1조4810억원 규모의 신주를 발행하며, 거래 완료 후 엔비디아의 지분율은 약 4.5%가 될 예정이다.

질문: 네이버 관련 내용을 짧게 요약해줘",제공된 기사 기준으로는 네이버는 엔비디아 투자와 신주 발행을 통해 대규모 AI 인프라 구축을 추진한다.
"참고 뉴스:
제목: 코스닥, 2차전지·바이오 순환매로 급등
작성일: 2026-06-29
내용: 2026년 6월 29일 코스피는 외국인의 대규모 매도 속에 0.2% 하락했고, 코스닥은 2차전지와 바이오주 강세로 8.13% 상승했다. 장중 코스닥 매수 사이드카가 발동됐다.

질문: 국내 증시 목표주가가 얼마야?",제공된 기사에는 목표주가가 없습니다. 자료에 없는 가격을 임의로 만들 수 없습니다.
"참고 뉴스:
제목: 한화에어로스페이스, 2026년 2분기 이익 증가
작성일: 2026-07-31
내용: 한화에어로스페이스는 2026년 2분기 순이익 1조800억원을 기록해 전년 동기 대비 277.5% 증가했다. 실적은 시장 예상치를 웃돌았다고 보도됐다.

질문: 리스크 중심으로 정리해줘",주의할 부분은 기사에는 향후 수주 일정과 일회성 이익 여부에 대한 상세 분석은 충분히 제시되지 않았다.
"참고 뉴스:
제목: 삼성바이오로직스, 스위스 폴리펩타이드 인수 추진
작성일: 2026-07-20
내용: 삼성바이오로직스는 스위스 의약품 위탁생산 기업 폴리펩타이드를 약 18억달러에 전액 현금으로 인수하는 공개매수를 추진했다. 회사는 펩타이드 치료제와 비만·당뇨 분야의 생산 역량 확대를 기대했다.

질문: 삼성바이오로직스 관련 내용을 짧게 요약해줘",제공된 기사 기준으로는 삼성바이오로직스는 펩타이드 의약품 사업 강화를 위해 폴리펩타이드 인수를 추진한다.
"참고 뉴스:
제목: HD현대중공업, 2026년 2분기 영업이익 급증
작성일: 2026-07-29
내용: HD현대중공업은 2026년 2분기 영업이익 1조399억원을 기록해 전년 동기 대비 120.6% 증가했다고 발표했다.

질문: 이런 결과가 나온 이유가 뭐야?",고부가 선박 매출 확대와 조선 부문 수익성 개선이 영향을 줬다.
"참고 뉴스:
제목: 2026년 하반기 국내 증시, 반도체 쏠림에서 업종 확산 가능성
작성일: 2026-07-23
내용: 2026년 상반기 국내 증시는 반도체가 상승을 주도했지만 하반기에는 전력기기, 조선·방산, 바이오, 화장품, 금융 등으로 관심이 확산될 가능성이 제시됐다. 주요 변수로 AI 설비투자, 미국 금리, 기업 실적과 중국 메모리 업체의 추격이 언급됐다.

질문: 증권사 목표가격을 알려줘",이 뉴스만으로는 목표주가를 확인할 수 없습니다.
"참고 뉴스:
제목: 신한금융, 2026년 2분기 분기 최대 순이익
작성일: 2026-07-23
내용: 신한금융의 2026년 2분기 순이익은 1조8201억원으로 전 분기 대비 12.2% 증가했다. 상반기 순이익은 3조4427억원으로 전년 동기 대비 13.3% 늘었다.

질문: 참고 뉴스의 핵심만 설명해줘",이 뉴스의 중심 내용은 신한금융은 2분기와 상반기 순이익이 모두 증가하며 높은 실적을 기록했다.
"참고 뉴스:
제목: 삼성바이오로직스, 2026년 2분기 실적 발표
작성일: 2026-07-23
내용: 삼성바이오로직스는 2026년 2분기 매출 1조3210억원, 영업이익 5860억원을 기록했다. 1공장부터 4공장까지 안정적인 생산 운영과 고객 프로젝트 수행이 실적에 반영됐다.

질문: 실적 숫자만 정리해줘","정량 정보는 매출 1조3210억원, 영업이익 5860억원입니다."
"참고 뉴스:
제목: 삼성바이오로직스, 2026년 2분기 실적 발표
작성일: 2026-07-23
내용: 삼성바이오로직스는 2026년 2분기 매출 1조3210억원, 영업이익 5860억원을 기록했다. 1공장부터 4공장까지 안정적인 생산 운영과 고객 프로젝트 수행이 실적에 반영됐다.

질문: 삼성바이오로직스의 목표주가를 숫자로 말해줘",제공된 자료에는 적정 주가나 목표주가 정보가 포함되지 않았습니다.
"참고 뉴스 1:
제목: 현대차, 하반기 신차 출시로 회복 추진
작성일: 2026-07-23
내용: 현대차는 2분기 영업이익이 감소했지만 연간 전망은 유지했다. 회사는 하반기 투싼과 아반떼 등 주요 신차 출시를 통해 판매 회복을 추진할 계획이라고 밝혔다.

참고 뉴스 2:
제목: 삼성바이오로직스, 스위스 폴리펩타이드 인수 추진
작성일: 2026-07-20
내용: 삼성바이오로직스는 스위스 의약품 위탁생산 기업 폴리펩타이드를 약 18억달러에 전액 현금으로 인수하는 공개매수를 추진했다. 회사는 펩타이드 치료제와 비만·당뇨 분야의 생산 역량 확대를 기대했다.

질문: 두 기사에서 확인되는 긍정 요인을 비교해줘","첫 번째 뉴스의 긍정 요인은 연간 전망을 유지하고 주요 신차 출시를 준비하는 점이고, 두 번째 뉴스의 긍정 요인은 펩타이드 치료제와 GLP-1 계열 의약품 생산 역량 확대 가능성입니다."
"참고 뉴스:
제목: 코스닥, 2차전지·바이오 순환매로 급등
작성일: 2026-06-29
내용: 2026년 6월 29일 코스피는 외국인의 대규모 매도 속에 0.2% 하락했고, 코스닥은 2차전지와 바이오주 강세로 8.13% 상승했다. 장중 코스닥 매수 사이드카가 발동됐다.

질문: 기사에서 확인되는 정량 정보만 말해줘","핵심 수치만 정리하면 코스피 0.2% 하락, 코스닥 8.13% 상승입니다."
"참고 뉴스:
제목: 삼성바이오로직스, 스위스 폴리펩타이드 인수 추진
작성일: 2026-07-20
내용: 삼성바이오로직스는 스위스 의약품 위탁생산 기업 폴리펩타이드를 약 18억달러에 전액 현금으로 인수하는 공개매수를 추진했다. 회사는 펩타이드 치료제와 비만·당뇨 분야의 생산 역량 확대를 기대했다.

질문: 삼성바이오로직스의 현재 주가를 알려줘",제공된 기사에는 실시간 주가나 오늘 종가가 없습니다. 현재 시세는 별도의 실시간 데이터가 필요합니다.
"참고 뉴스:
제목: 현대차, 2026년 2분기 매출 증가에도 영업이익 감소
작성일: 2026-07-23
내용: 현대차의 2026년 2분기 매출은 49조2150억원으로 전년 동기 대비 1.9% 증가했다. 영업이익은 2조8510억원으로 20.8% 감소했고, 글로벌 판매량은 6.9% 줄었다.

질문: 제공된 자료 범위 안에서만 답해줘",확실히 확인되는 사실은 현대차는 매출은 증가했지만 판매 감소와 비용 부담으로 영업이익이 줄었다. 다만 기사에 없는 투자 의견이나 가격 정보는 추측할 수 없습니다.
"참고 뉴스 1:
제목: 셀트리온, 2026년 2분기 분기 최대 매출
작성일: 2026-07-27
내용: 셀트리온은 2026년 2분기 매출 1조3937억원, 영업이익 4518억원을 기록했다. 매출은 전년 동기 대비 45%, 영업이익은 86.3% 증가했고, 고수익 신제품이 바이오의약품 매출의 65%를 차지했다.

참고 뉴스 2:
제목: 2026년 하반기 국내 증시, 반도체 쏠림에서 업종 확산 가능성
작성일: 2026-07-23
내용: 2026년 상반기 국내 증시는 반도체가 상승을 주도했지만 하반기에는 전력기기, 조선·방산, 바이오, 화장품, 금융 등으로 관심이 확산될 가능성이 제시됐다. 주요 변수로 AI 설비투자, 미국 금리, 기업 실적과 중국 메모리 업체의 추격이 언급됐다.

질문: 두 기사에서 확인되는 긍정 요인을 비교해줘","첫 번째 뉴스의 긍정 요인은 고수익 신제품 성장과 원가율 개선이고, 두 번째 뉴스의 긍정 요인은 AI 설비투자 확대가 전력기기·조선·방산 등 국내 공급망에 기회가 될 수 있다.입니다."
"참고 뉴스:
제목: 삼성SDI, 7개 분기 만에 영업이익 흑자 전환
작성일: 2026-07-30
내용: 삼성SDI는 2026년 2분기 매출 3조7700억원, 영업이익 2038억원을 기록했다. 매출은 전년 동기 대비 18.5%, 전 분기 대비 5.4% 증가했고, 영업이익은 7개 분기 만에 흑자로 전환했다.

질문: 이 자료의 기준 날짜가 언제야?",2026-07-30에 나온 내용입니다.
"참고 뉴스:
제목: 현대차, 2026년 2분기 매출 증가에도 영업이익 감소
작성일: 2026-07-23
내용: 현대차의 2026년 2분기 매출은 49조2150억원으로 전년 동기 대비 1.9% 증가했다. 영업이익은 2조8510억원으로 20.8% 감소했고, 글로벌 판매량은 6.9% 줄었다.

질문: 기사에 없는 내용은 추측하지 말고 답해줘","자료 안에서 확인되는 내용은 현대차는 매출은 증가했지만 판매 감소와 비용 부담으로 영업이익이 줄었다. 긍정 요인은 매출이 전년 동기 대비 1.9% 증가한 점이며, 부담 요인은 영업이익이 20.8% 감소했고 글로벌 판매량도 6.9% 줄었다."
"참고 뉴스:
제목: 신한금융, 2026년 2분기 분기 최대 순이익
작성일: 2026-07-23
내용: 신한금융의 2026년 2분기 순이익은 1조8201억원으로 전 분기 대비 12.2% 증가했다. 상반기 순이익은 3조4427억원으로 전년 동기 대비 13.3% 늘었다.

질문: 증권사 목표가격을 알려줘",이 뉴스만으로는 목표주가를 확인할 수 없습니다.
"참고 뉴스:
제목: 현대차, 하반기 신차 출시로 회복 추진
작성일: 2026-07-23
내용: 현대차는 2분기 영업이익이 감소했지만 연간 전망은 유지했다. 회사는 하반기 투싼과 아반떼 등 주요 신차 출시를 통해 판매 회복을 추진할 계획이라고 밝혔다.

질문: 현대차의 긍정 요인은 뭐야?",긍정 요인은 연간 전망을 유지하고 주요 신차 출시를 준비하는 점입니다.
"참고 뉴스:
제목: HD현대중공업, 2026년 2분기 영업이익 급증
작성일: 2026-07-29
내용: HD현대중공업은 2026년 2분기 영업이익 1조399억원을 기록해 전년 동기 대비 120.6% 증가했다고 발표했다.

질문: 뉴스에 나온 근거를 바탕으로 배경을 정리해줘",이 흐름의 배경은 고부가 선박 매출 확대와 조선 부문 수익성 개선이 영향을 줬다.
"참고 뉴스 1:
제목: 삼성전자 DS부문, AI 메모리 수요로 실적 확대
작성일: 2026-07-30
내용: 삼성전자 DS부문은 2026년 2분기 매출 127조5천억원, 영업이익 89조2천억원을 기록했다. 메모리 사업은 AI 수요에 대응해 서버 제품 중심 판매를 확대했고, 업계 전반의 가격 상승도 실적에 기여했다.

참고 뉴스 2:
제목: 셀트리온, 2026년 2분기 분기 최대 매출
작성일: 2026-07-27
내용: 셀트리온은 2026년 2분기 매출 1조3937억원, 영업이익 4518억원을 기록했다. 매출은 전년 동기 대비 45%, 영업이익은 86.3% 증가했고, 고수익 신제품이 바이오의약품 매출의 65%를 차지했다.

질문: 두 뉴스의 위험 요인을 나눠서 설명해줘",첫 번째 뉴스의 부담 요인은 기사에는 생산능력 제약이 언급됐지만 구체적인 손실 규모는 제시되지 않았다. 두 번째 뉴스의 부담 요인은 기사에는 제품별 경쟁 심화나 환율 변화의 구체적인 손익 영향은 제시되지 않았다.
"참고 뉴스 1:
제목: 삼성전자, 2026년 2분기 실적 발표
작성일: 2026-07-30
내용: 삼성전자는 2026년 2분기 연결 매출 171조5천억원, 영업이익 89조5천억원을 기록했다. 매출과 영업이익 모두 분기 기준 최고치를 경신했으며, 전 분기 대비 매출은 28% 증가했다.

참고 뉴스 2:
제목: 2026년 하반기 국내 증시, 반도체 쏠림에서 업종 확산 가능성
작성일: 2026-07-23
내용: 2026년 상반기 국내 증시는 반도체가 상승을 주도했지만 하반기에는 전력기기, 조선·방산, 바이오, 화장품, 금융 등으로 관심이 확산될 가능성이 제시됐다. 주요 변수로 AI 설비투자, 미국 금리, 기업 실적과 중국 메모리 업체의 추격이 언급됐다.

질문: 두 기사에서 확인되는 긍정 요인을 비교해줘","첫 번째 뉴스의 긍정 요인은 매출과 영업이익이 모두 분기 최고치를 기록한 점이고, 두 번째 뉴스의 긍정 요인은 AI 설비투자 확대가 전력기기·조선·방산 등 국내 공급망에 기회가 될 수 있다.입니다."
"참고 뉴스:
제목: 삼성SDI, 7개 분기 만에 영업이익 흑자 전환
작성일: 2026-07-30
내용: 삼성SDI는 2026년 2분기 매출 3조7700억원, 영업이익 2038억원을 기록했다. 매출은 전년 동기 대비 18.5%, 전 분기 대비 5.4% 증가했고, 영업이익은 7개 분기 만에 흑자로 전환했다.

질문: 삼성SDI 관련 핵심 숫자를 정리해줘","기사 기준 주요 지표는 매출 3조7700억원, 영업이익 2038억원, 전년 대비 매출 18.5% 증가입니다."
"참고 뉴스:
제목: 신한금융, 2026년 2분기 분기 최대 순이익
작성일: 2026-07-23
내용: 신한금융의 2026년 2분기 순이익은 1조8201억원으로 전 분기 대비 12.2% 증가했다. 상반기 순이익은 3조4427억원으로 전년 동기 대비 13.3% 늘었다.

질문: 이 자료의 기준 날짜가 언제야?",2026-07-23에 나온 내용입니다.
"참고 뉴스:
제목: 현대차, 하반기 신차 출시로 회복 추진
작성일: 2026-07-23
내용: 현대차는 2분기 영업이익이 감소했지만 연간 전망은 유지했다. 회사는 하반기 투싼과 아반떼 등 주요 신차 출시를 통해 판매 회복을 추진할 계획이라고 밝혔다.

질문: 뉴스 근거를 들어 설명해줘",기사 근거만 사용하면 현대차는 실적 부담에도 연간 전망을 유지하고 하반기 신차로 회복을 추진한다. 추가적인 주가 전망은 이 자료만으로 단정할 수 없습니다.
"참고 뉴스:
제목: 삼성전자, AI 인프라용 PM1763 SSD 양산 시작
작성일: 2026-07-08
내용: 삼성전자는 차세대 AI 인프라에 최적화한 PM1763 SSD의 양산을 시작했다고 발표했다.

질문: 이 뉴스만으로 투자 결정을 내려도 될까?",기사만으로 특정 매수·매도 결론을 내릴 수 없습니다. 뉴스에 없는 정보까지 추측해서 판단하면 안 됩니다.
"참고 뉴스:
제목: SK하이닉스, 2026년 2분기 사상 최대 실적
작성일: 2026-07-29
내용: SK하이닉스는 2026년 2분기 매출 79조3187억원, 영업이익 60조5426억원을 발표했다. AI 수요에 대응한 고부가가치 제품 판매가 실적을 이끌었고, 주요 고객과 장기·다년 계약을 확대했다고 설명했다.

질문: 뉴스 근거를 들어 설명해줘",기사 근거만 사용하면 SK하이닉스는 AI 수요와 고부가가치 메모리 판매를 바탕으로 분기 최고 실적을 기록했다. 추가적인 주가 전망은 이 자료만으로 단정할 수 없습니다.
"참고 뉴스:
제목: 삼성SDI, 미국 ESS용 각형 배터리 공급 계약
작성일: 2026-03-16
내용: 삼성SDI는 미국에서 1조5000억원 규모의 ESS용 각형 배터리 공급 계약을 수주했다고 발표했다.

질문: 삼성SDI 주가가 오늘 얼마나 올랐어?",실시간 가격은 제공된 뉴스 범위를 벗어나므로 확인할 수 없습니다.
"참고 뉴스:
제목: 삼성SDI, 미국 ESS용 각형 배터리 공급 계약
작성일: 2026-03-16
내용: 삼성SDI는 미국에서 1조5000억원 규모의 ESS용 각형 배터리 공급 계약을 수주했다고 발표했다.

질문: 제공된 자료 범위 안에서만 답해줘",확실히 확인되는 사실은 삼성SDI는 미국 ESS 시장에서 대규모 각형 배터리 공급 계약을 확보했다. 다만 기사에 없는 투자 의견이나 가격 정보는 추측할 수 없습니다.
"참고 뉴스:
제목: 신한금융, 2026년 2분기 분기 최대 순이익
작성일: 2026-07-23
내용: 신한금융의 2026년 2분기 순이익은 1조8201억원으로 전 분기 대비 12.2% 증가했다. 상반기 순이익은 3조4427억원으로 전년 동기 대비 13.3% 늘었다.

질문: 신한금융 목표주가가 얼마야?",제공된 기사에는 목표주가가 없습니다. 자료에 없는 가격을 임의로 만들 수 없습니다.
"참고 뉴스:
제목: 삼성SDI, 7개 분기 만에 영업이익 흑자 전환
작성일: 2026-07-30
내용: 삼성SDI는 2026년 2분기 매출 3조7700억원, 영업이익 2038억원을 기록했다. 매출은 전년 동기 대비 18.5%, 전 분기 대비 5.4% 증가했고, 영업이익은 7개 분기 만에 흑자로 전환했다.

질문: 이 뉴스는 언제 발표된 내용이야?",이 자료의 발표일은 2026-07-30입니다.
"참고 뉴스:
제목: HD현대중공업, 2026년 2분기 영업이익 급증
작성일: 2026-07-29
내용: HD현대중공업은 2026년 2분기 영업이익 1조399억원을 기록해 전년 동기 대비 120.6% 증가했다고 발표했다.

질문: HD현대중공업 관련 내용을 짧게 요약해줘",제공된 기사 기준으로는 HD현대중공업은 조선 부문 수익성 개선으로 영업이익이 큰 폭으로 증가했다.
"참고 뉴스 1:
제목: KB금융, 2026년 상반기 순이익 증가
작성일: 2026-07-23
내용: KB금융은 2026년 상반기 실적 발표 자료를 공개했다. 외부 보도에 따르면 상반기 순이익은 3조8846억원으로 전년 동기 대비 13.1% 증가했다.

참고 뉴스 2:
제목: 코스닥, 2차전지·바이오 순환매로 급등
작성일: 2026-06-29
내용: 2026년 6월 29일 코스피는 외국인의 대규모 매도 속에 0.2% 하락했고, 코스닥은 2차전지와 바이오주 강세로 8.13% 상승했다. 장중 코스닥 매수 사이드카가 발동됐다.

질문: 두 기사에서 확인되는 긍정 요인을 비교해줘","첫 번째 뉴스의 긍정 요인은 상반기 순이익 증가이고, 두 번째 뉴스의 긍정 요인은 2차전지와 바이오 업종으로의 강한 순환매입니다."
"참고 뉴스:
제목: HD현대, 2026년 2분기 높은 영업이익 기록
작성일: 2026-07-31
내용: HD현대는 2026년 2분기 연결 매출 22조4094억원, 영업이익 4조1246억원을 기록했다. 영업이익률은 18.4%로 발표됐다.

질문: 이 자료의 기준 날짜가 언제야?",2026-07-31에 나온 내용입니다.
"참고 뉴스 1:
제목: 삼성바이오로직스, 스위스 폴리펩타이드 인수 추진
작성일: 2026-07-20
내용: 삼성바이오로직스는 스위스 의약품 위탁생산 기업 폴리펩타이드를 약 18억달러에 전액 현금으로 인수하는 공개매수를 추진했다. 회사는 펩타이드 치료제와 비만·당뇨 분야의 생산 역량 확대를 기대했다.

참고 뉴스 2:
제목: HD현대, 2026년 2분기 높은 영업이익 기록
작성일: 2026-07-31
내용: HD현대는 2026년 2분기 연결 매출 22조4094억원, 영업이익 4조1246억원을 기록했다. 영업이익률은 18.4%로 발표됐다.

질문: 두 뉴스의 핵심 내용을 비교해줘",첫 번째 뉴스는 삼성바이오로직스는 펩타이드 의약품 사업 강화를 위해 폴리펩타이드 인수를 추진한다. 두 번째 뉴스는 HD현대는 2분기에 높은 영업이익과 영업이익률을 기록했다.
"참고 뉴스:
제목: 신한금융, 2026년 2분기 분기 최대 순이익
작성일: 2026-07-23
내용: 신한금융의 2026년 2분기 순이익은 1조8201억원으로 전 분기 대비 12.2% 증가했다. 상반기 순이익은 3조4427억원으로 전년 동기 대비 13.3% 늘었다.

질문: 이 기사에서 주의할 부분이 있어?",기사 기준 리스크는 기사에는 향후 대손비용과 금리 하락이 순이자마진에 미칠 구체적 영향은 포함되지 않았다.
"참고 뉴스:
제목: 엔비디아, 네이버 AI 인프라 프로젝트에 투자 추진
작성일: 2026-07-27
내용: 엔비디아는 네이버의 대규모 AI 데이터센터 프로젝트에 약 10억달러를 투자할 계획이다. 네이버는 엔비디아를 대상으로 약 1조4810억원 규모의 신주를 발행하며, 거래 완료 후 엔비디아의 지분율은 약 4.5%가 될 예정이다.

질문: 네이버 실적이나 변화의 배경을 설명해줘",기사에서 제시한 배경은 소버린 AI와 대규모 데이터센터 구축을 위한 자금 및 GPU 인프라 확보가 목적이다.
"참고 뉴스:
제목: 현대차, 하반기 신차 출시로 회복 추진
작성일: 2026-07-23
내용: 현대차는 2분기 영업이익이 감소했지만 연간 전망은 유지했다. 회사는 하반기 투싼과 아반떼 등 주요 신차 출시를 통해 판매 회복을 추진할 계획이라고 밝혔다.

질문: 기사에서 확인되는 정량 정보만 말해줘",핵심 수치만 정리하면 기사에는 구체적인 하반기 판매 목표 수치가 제시되지 않았다.입니다.
"참고 뉴스:
제목: 2026년 하반기 국내 증시, 반도체 쏠림에서 업종 확산 가능성
작성일: 2026-07-23
내용: 2026년 상반기 국내 증시는 반도체가 상승을 주도했지만 하반기에는 전력기기, 조선·방산, 바이오, 화장품, 금융 등으로 관심이 확산될 가능성이 제시됐다. 주요 변수로 AI 설비투자, 미국 금리, 기업 실적과 중국 메모리 업체의 추격이 언급됐다.

질문: 긍정적인 내용만 근거를 들어 정리해줘",제공된 뉴스 기준 성장 요인은 AI 설비투자 확대가 전력기기·조선·방산 등 국내 공급망에 기회가 될 수 있다.입니다.
"참고 뉴스:
제목: HD현대, 2026년 2분기 높은 영업이익 기록
작성일: 2026-07-31
내용: HD현대는 2026년 2분기 연결 매출 22조4094억원, 영업이익 4조1246억원을 기록했다. 영업이익률은 18.4%로 발표됐다.

질문: 이 뉴스에 나온 수치가 뭐야?","제공된 자료에 나온 숫자는 매출 22조4094억원, 영업이익 4조1246억원, 영업이익률 18.4%입니다."
"참고 뉴스:
제목: SK하이닉스, 2026년 2분기 사상 최대 실적
작성일: 2026-07-29
내용: SK하이닉스는 2026년 2분기 매출 79조3187억원, 영업이익 60조5426억원을 발표했다. AI 수요에 대응한 고부가가치 제품 판매가 실적을 이끌었고, 주요 고객과 장기·다년 계약을 확대했다고 설명했다.

질문: SK하이닉스 목표주가가 얼마야?",제공된 기사에는 목표주가가 없습니다. 자료에 없는 가격을 임의로 만들 수 없습니다.
"참고 뉴스:
제목: 엔비디아, 네이버 AI 인프라 프로젝트에 투자 추진
작성일: 2026-07-27
내용: 엔비디아는 네이버의 대규모 AI 데이터센터 프로젝트에 약 10억달러를 투자할 계획이다. 네이버는 엔비디아를 대상으로 약 1조4810억원 규모의 신주를 발행하며, 거래 완료 후 엔비디아의 지분율은 약 4.5%가 될 예정이다.

질문: 네이버의 부담 요인은 뭐야?",부담 요인은 신주 발행에 따른 기존 주주 지분 희석 가능성과 대규모 투자 부담
"참고 뉴스:
제목: 삼성SDI, 미국 ESS용 각형 배터리 공급 계약
작성일: 2026-03-16
내용: 삼성SDI는 미국에서 1조5000억원 규모의 ESS용 각형 배터리 공급 계약을 수주했다고 발표했다.

질문: 확실히 확인되는 사실과 확인되지 않는 내용을 나눠줘",제공된 뉴스 기준 핵심은 삼성SDI는 미국 ESS 시장에서 대규모 각형 배터리 공급 계약을 확보했다. 그 밖의 실시간 주가나 목표가격은 확인되지 않습니다.
"참고 뉴스:
제목: 삼성SDI, 미국 ESS용 각형 배터리 공급 계약
작성일: 2026-03-16
내용: 삼성SDI는 미국에서 1조5000억원 규모의 ESS용 각형 배터리 공급 계약을 수주했다고 발표했다.

질문: 이 기사에서 호재로 볼 수 있는 부분을 말해줘",기사에서 긍정적으로 볼 수 있는 부분은 미국 ESS 시장에서 대규모 공급 계약을 확보한 점입니다.
"참고 뉴스:
제목: 엔비디아, 네이버 AI 인프라 프로젝트에 투자 추진
작성일: 2026-07-27
내용: 엔비디아는 네이버의 대규모 AI 데이터센터 프로젝트에 약 10억달러를 투자할 계획이다. 네이버는 엔비디아를 대상으로 약 1조4810억원 규모의 신주를 발행하며, 거래 완료 후 엔비디아의 지분율은 약 4.5%가 될 예정이다.

질문: 네이버의 기사 속 주요 수치를 알려줘","기사에서 확인되는 주요 수치는 엔비디아 투자 약 10억달러, 신주 발행 약 1조4810억원, 예상 지분율 약 4.5%입니다."
"참고 뉴스:
제목: HD현대중공업, 2026년 2분기 영업이익 급증
작성일: 2026-07-29
내용: HD현대중공업은 2026년 2분기 영업이익 1조399억원을 기록해 전년 동기 대비 120.6% 증가했다고 발표했다.

질문: HD현대중공업의 목표주가를 숫자로 말해줘",제공된 자료에는 적정 주가나 목표주가 정보가 포함되지 않았습니다.
"참고 뉴스:
제목: 현대차, 2026년 2분기 매출 증가에도 영업이익 감소
작성일: 2026-07-23
내용: 현대차의 2026년 2분기 매출은 49조2150억원으로 전년 동기 대비 1.9% 증가했다. 영업이익은 2조8510억원으로 20.8% 감소했고, 글로벌 판매량은 6.9% 줄었다.

질문: 기사에서 확인되는 정량 정보만 말해줘","핵심 수치만 정리하면 매출 49조2150억원, 영업이익 2조8510억원, 글로벌 판매 6.9% 감소입니다."
"참고 뉴스:
제목: SK하이닉스, 2026년 2분기 사상 최대 실적
작성일: 2026-07-29
내용: SK하이닉스는 2026년 2분기 매출 79조3187억원, 영업이익 60조5426억원을 발표했다. AI 수요에 대응한 고부가가치 제품 판매가 실적을 이끌었고, 주요 고객과 장기·다년 계약을 확대했다고 설명했다.

질문: SK하이닉스의 현재 주가를 알려줘",제공된 기사에는 실시간 주가나 오늘 종가가 없습니다. 현재 시세는 별도의 실시간 데이터가 필요합니다.
"참고 뉴스:
제목: 삼성바이오로직스, 스위스 폴리펩타이드 인수 추진
작성일: 2026-07-20
내용: 삼성바이오로직스는 스위스 의약품 위탁생산 기업 폴리펩타이드를 약 18억달러에 전액 현금으로 인수하는 공개매수를 추진했다. 회사는 펩타이드 치료제와 비만·당뇨 분야의 생산 역량 확대를 기대했다.

질문: 이 뉴스의 발표 시점을 말해줘",발표 시점은 2026-07-20입니다.
"참고 뉴스:
제목: 신한금융, 2026년 2분기 분기 최대 순이익
작성일: 2026-07-23
내용: 신한금융의 2026년 2분기 순이익은 1조8201억원으로 전 분기 대비 12.2% 증가했다. 상반기 순이익은 3조4427억원으로 전년 동기 대비 13.3% 늘었다.

질문: 신한금융의 부담 요인은 뭐야?",부담 요인은 기사에는 향후 대손비용과 금리 하락이 순이자마진에 미칠 구체적 영향은 포함되지 않았다.
"참고 뉴스:
제목: 삼성SDI, 7개 분기 만에 영업이익 흑자 전환
작성일: 2026-07-30
내용: 삼성SDI는 2026년 2분기 매출 3조7700억원, 영업이익 2038억원을 기록했다. 매출은 전년 동기 대비 18.5%, 전 분기 대비 5.4% 증가했고, 영업이익은 7개 분기 만에 흑자로 전환했다.

질문: 이 뉴스에서 확인되는 사실을 요약해줘",기사에서 확인되는 핵심은 삼성SDI는 매출 증가와 함께 7개 분기 만에 영업이익 흑자 전환에 성공했다.
"참고 뉴스:
제목: 한화에어로스페이스, 2026년 2분기 이익 증가
작성일: 2026-07-31
내용: 한화에어로스페이스는 2026년 2분기 순이익 1조800억원을 기록해 전년 동기 대비 277.5% 증가했다. 실적은 시장 예상치를 웃돌았다고 보도됐다.

질문: 이 뉴스의 발표 시점을 말해줘",발표 시점은 2026-07-31입니다.
"참고 뉴스 1:
제목: 삼성바이오로직스, 스위스 폴리펩타이드 인수 추진
작성일: 2026-07-20
내용: 삼성바이오로직스는 스위스 의약품 위탁생산 기업 폴리펩타이드를 약 18억달러에 전액 현금으로 인수하는 공개매수를 추진했다. 회사는 펩타이드 치료제와 비만·당뇨 분야의 생산 역량 확대를 기대했다.

참고 뉴스 2:
제목: HD현대중공업, 2026년 2분기 영업이익 급증
작성일: 2026-07-29
내용: HD현대중공업은 2026년 2분기 영업이익 1조399억원을 기록해 전년 동기 대비 120.6% 증가했다고 발표했다.

질문: 두 기사에서 확인되는 긍정 요인을 비교해줘","첫 번째 뉴스의 긍정 요인은 펩타이드 치료제와 GLP-1 계열 의약품 생산 역량 확대 가능성이고, 두 번째 뉴스의 긍정 요인은 영업이익의 큰 폭 증가입니다."
"참고 뉴스:
제목: 2026년 하반기 국내 증시, 반도체 쏠림에서 업종 확산 가능성
작성일: 2026-07-23
내용: 2026년 상반기 국내 증시는 반도체가 상승을 주도했지만 하반기에는 전력기기, 조선·방산, 바이오, 화장품, 금융 등으로 관심이 확산될 가능성이 제시됐다. 주요 변수로 AI 설비투자, 미국 금리, 기업 실적과 중국 메모리 업체의 추격이 언급됐다.

질문: 이 뉴스만으로 투자 결정을 내려도 될까?",기사만으로 특정 매수·매도 결론을 내릴 수 없습니다. 뉴스에 없는 정보까지 추측해서 판단하면 안 됩니다.
"참고 뉴스:
제목: 삼성SDI, 7개 분기 만에 영업이익 흑자 전환
작성일: 2026-07-30
내용: 삼성SDI는 2026년 2분기 매출 3조7700억원, 영업이익 2038억원을 기록했다. 매출은 전년 동기 대비 18.5%, 전 분기 대비 5.4% 증가했고, 영업이익은 7개 분기 만에 흑자로 전환했다.

질문: 뉴스 근거를 들어 설명해줘",기사 근거만 사용하면 삼성SDI는 매출 증가와 함께 7개 분기 만에 영업이익 흑자 전환에 성공했다. 추가적인 주가 전망은 이 자료만으로 단정할 수 없습니다.
"참고 뉴스:
제목: 삼성전자 DS부문, AI 메모리 수요로 실적 확대
작성일: 2026-07-30
내용: 삼성전자 DS부문은 2026년 2분기 매출 127조5천억원, 영업이익 89조2천억원을 기록했다. 메모리 사업은 AI 수요에 대응해 서버 제품 중심 판매를 확대했고, 업계 전반의 가격 상승도 실적에 기여했다.

질문: 삼성전자의 부담 요인은 뭐야?",부담 요인은 기사에는 생산능력 제약이 언급됐지만 구체적인 손실 규모는 제시되지 않았다.
"참고 뉴스:
제목: HD현대중공업, 2026년 2분기 영업이익 급증
작성일: 2026-07-29
내용: HD현대중공업은 2026년 2분기 영업이익 1조399억원을 기록해 전년 동기 대비 120.6% 증가했다고 발표했다.

질문: 이 자료의 기준 날짜가 언제야?",2026-07-29에 나온 내용입니다.
"참고 뉴스:
제목: 2026년 하반기 국내 증시, 반도체 쏠림에서 업종 확산 가능성
작성일: 2026-07-23
내용: 2026년 상반기 국내 증시는 반도체가 상승을 주도했지만 하반기에는 전력기기, 조선·방산, 바이오, 화장품, 금융 등으로 관심이 확산될 가능성이 제시됐다. 주요 변수로 AI 설비투자, 미국 금리, 기업 실적과 중국 메모리 업체의 추격이 언급됐다.

질문: 지금 주식 가격이 얼마야?",이 자료만으로 현재 주가와 등락률을 확인할 수 없습니다.
"참고 뉴스:
제목: 코스닥, 2차전지·바이오 순환매로 급등
작성일: 2026-06-29
내용: 2026년 6월 29일 코스피는 외국인의 대규모 매도 속에 0.2% 하락했고, 코스닥은 2차전지와 바이오주 강세로 8.13% 상승했다. 장중 코스닥 매수 사이드카가 발동됐다.

질문: 뉴스에서 확인되는 성장 요인을 알려줘",확인되는 긍정 요인은 2차전지와 바이오 업종으로의 강한 순환매입니다.
"참고 뉴스:
제목: 신한금융, 2026년 2분기 분기 최대 순이익
작성일: 2026-07-23
내용: 신한금융의 2026년 2분기 순이익은 1조8201억원으로 전 분기 대비 12.2% 증가했다. 상반기 순이익은 3조4427억원으로 전년 동기 대비 13.3% 늘었다.

질문: 언제 나온 소식인지 확인해줘",이 뉴스는 2026-07-23 기준입니다.
"참고 뉴스:
제목: 한화에어로스페이스, 2026년 2분기 이익 증가
작성일: 2026-07-31
내용: 한화에어로스페이스는 2026년 2분기 순이익 1조800억원을 기록해 전년 동기 대비 277.5% 증가했다. 실적은 시장 예상치를 웃돌았다고 보도됐다.

질문: 기사 작성일을 알려줘",기사 기준 날짜는 2026-07-31입니다.
"참고 뉴스:
제목: 삼성전자 DS부문, AI 메모리 수요로 실적 확대
작성일: 2026-07-30
내용: 삼성전자 DS부문은 2026년 2분기 매출 127조5천억원, 영업이익 89조2천억원을 기록했다. 메모리 사업은 AI 수요에 대응해 서버 제품 중심 판매를 확대했고, 업계 전반의 가격 상승도 실적에 기여했다.

질문: 기사에 없는 내용은 추측하지 말고 답해줘","자료 안에서 확인되는 내용은 삼성전자 반도체 부문은 AI 서버용 메모리 수요와 가격 상승의 영향을 받았다. 긍정 요인은 AI 서버 제품 중심 판매 확대와 메모리 가격 상승이며, 부담 요인은 기사에는 생산능력 제약이 언급됐지만 구체적인 손실 규모는 제시되지 않았다."
"참고 뉴스:
제목: 현대차, 2026년 2분기 매출 증가에도 영업이익 감소
작성일: 2026-07-23
내용: 현대차의 2026년 2분기 매출은 49조2150억원으로 전년 동기 대비 1.9% 증가했다. 영업이익은 2조8510억원으로 20.8% 감소했고, 글로벌 판매량은 6.9% 줄었다.

질문: 이 기사만 보고 투자 판단을 해줘",매수 여부는 이 뉴스만으로 판단할 수 없습니다. 목표 수익과 손실 가능성까지 별도로 검토해야 합니다.
"참고 뉴스:
제목: 삼성SDI, 7개 분기 만에 영업이익 흑자 전환
작성일: 2026-07-30
내용: 삼성SDI는 2026년 2분기 매출 3조7700억원, 영업이익 2038억원을 기록했다. 매출은 전년 동기 대비 18.5%, 전 분기 대비 5.4% 증가했고, 영업이익은 7개 분기 만에 흑자로 전환했다.

질문: 증권사 목표가격을 알려줘",이 뉴스만으로는 목표주가를 확인할 수 없습니다.
"참고 뉴스:
제목: 현대차, 하반기 신차 출시로 회복 추진
작성일: 2026-07-23
내용: 현대차는 2분기 영업이익이 감소했지만 연간 전망은 유지했다. 회사는 하반기 투싼과 아반떼 등 주요 신차 출시를 통해 판매 회복을 추진할 계획이라고 밝혔다.

질문: 매수와 매도 중 어느 쪽이 맞아?",이 자료만으로 투자 결정을 권하기 어렵습니다. 회사 실적과 시장 환경을 함께 검토해야 합니다.
"참고 뉴스:
제목: 현대차, 2026년 2분기 매출 증가에도 영업이익 감소
작성일: 2026-07-23
내용: 현대차의 2026년 2분기 매출은 49조2150억원으로 전년 동기 대비 1.9% 증가했다. 영업이익은 2조8510억원으로 20.8% 감소했고, 글로벌 판매량은 6.9% 줄었다.

질문: 현대차에 유리한 내용이 있어?",호재로 해석할 수 있는 내용은 매출이 전년 동기 대비 1.9% 증가한 점입니다.
"참고 뉴스 1:
제목: SK하이닉스, 2026년 2분기 사상 최대 실적
작성일: 2026-07-29
내용: SK하이닉스는 2026년 2분기 매출 79조3187억원, 영업이익 60조5426억원을 발표했다. AI 수요에 대응한 고부가가치 제품 판매가 실적을 이끌었고, 주요 고객과 장기·다년 계약을 확대했다고 설명했다.

참고 뉴스 2:
제목: 신한금융, 2026년 2분기 분기 최대 순이익
작성일: 2026-07-23
내용: 신한금융의 2026년 2분기 순이익은 1조8201억원으로 전 분기 대비 12.2% 증가했다. 상반기 순이익은 3조4427억원으로 전년 동기 대비 13.3% 늘었다.

질문: 두 뉴스의 핵심 내용을 비교해줘",첫 번째 뉴스는 SK하이닉스는 AI 수요와 고부가가치 메모리 판매를 바탕으로 분기 최고 실적을 기록했다. 두 번째 뉴스는 신한금융은 2분기와 상반기 순이익이 모두 증가하며 높은 실적을 기록했다.
"참고 뉴스:
제목: 엔비디아, 네이버 AI 인프라 프로젝트에 투자 추진
작성일: 2026-07-27
내용: 엔비디아는 네이버의 대규모 AI 데이터센터 프로젝트에 약 10억달러를 투자할 계획이다. 네이버는 엔비디아를 대상으로 약 1조4810억원 규모의 신주를 발행하며, 거래 완료 후 엔비디아의 지분율은 약 4.5%가 될 예정이다.

질문: 이 기사만 보고 네이버를 매수해도 돼?","이 기사 하나만으로 매수나 매도를 결정하기는 어렵습니다. 실적 추세, 밸류에이션, 수급과 추가 공시를 함께 확인해야 합니다."
"참고 뉴스:
제목: 현대차, 하반기 신차 출시로 회복 추진
작성일: 2026-07-23
내용: 현대차는 2분기 영업이익이 감소했지만 연간 전망은 유지했다. 회사는 하반기 투싼과 아반떼 등 주요 신차 출시를 통해 판매 회복을 추진할 계획이라고 밝혔다.

질문: 현대차 실적이나 변화의 배경을 설명해줘",기사에서 제시한 배경은 하반기 신차 출시를 통해 판매와 수익성 회복을 추진하는 전략이다.
"참고 뉴스:
제목: 삼성전자, AI 인프라용 PM1763 SSD 양산 시작
작성일: 2026-07-08
내용: 삼성전자는 차세대 AI 인프라에 최적화한 PM1763 SSD의 양산을 시작했다고 발표했다.

질문: 삼성전자의 부담 요인은 뭐야?","부담 요인은 시장 점유율, 판매 가격과 실제 수익 기여 규모는 확인할 수 없다."
"참고 뉴스:
제목: 현대차, 2026년 2분기 매출 증가에도 영업이익 감소
작성일: 2026-07-23
내용: 현대차의 2026년 2분기 매출은 49조2150억원으로 전년 동기 대비 1.9% 증가했다. 영업이익은 2조8510억원으로 20.8% 감소했고, 글로벌 판매량은 6.9% 줄었다.

질문: 실적 숫자만 정리해줘","정량 정보는 매출 49조2150억원, 영업이익 2조8510억원, 글로벌 판매 6.9% 감소입니다."
"참고 뉴스:
제목: HD현대, 2026년 2분기 높은 영업이익 기록
작성일: 2026-07-31
내용: HD현대는 2026년 2분기 연결 매출 22조4094억원, 영업이익 4조1246억원을 기록했다. 영업이익률은 18.4%로 발표됐다.

질문: 앞으로 어느 가격까지 갈 수 있어?",목표주가 수치는 기사에서 확인되지 않습니다.
"참고 뉴스:
제목: 삼성전자, AI 인프라용 PM1763 SSD 양산 시작
작성일: 2026-07-08
내용: 삼성전자는 차세대 AI 인프라에 최적화한 PM1763 SSD의 양산을 시작했다고 발표했다.

질문: 삼성전자의 긍정 요인은 뭐야?",긍정 요인은 AI 인프라용 고성능 저장장치 제품군 확대입니다.
"참고 뉴스 1:
제목: 현대차, 2026년 2분기 매출 증가에도 영업이익 감소
작성일: 2026-07-23
내용: 현대차의 2026년 2분기 매출은 49조2150억원으로 전년 동기 대비 1.9% 증가했다. 영업이익은 2조8510억원으로 20.8% 감소했고, 글로벌 판매량은 6.9% 줄었다.

참고 뉴스 2:
제목: KB금융, 2026년 상반기 순이익 증가
작성일: 2026-07-23
내용: KB금융은 2026년 상반기 실적 발표 자료를 공개했다. 외부 보도에 따르면 상반기 순이익은 3조8846억원으로 전년 동기 대비 13.1% 증가했다.

질문: 두 뉴스의 핵심 내용을 비교해줘",첫 번째 뉴스는 현대차는 매출은 증가했지만 판매 감소와 비용 부담으로 영업이익이 줄었다. 두 번째 뉴스는 KB금융은 2026년 상반기 순이익이 전년 동기보다 증가했다.
"참고 뉴스:
제목: 삼성SDI, 7개 분기 만에 영업이익 흑자 전환
작성일: 2026-07-30
내용: 삼성SDI는 2026년 2분기 매출 3조7700억원, 영업이익 2038억원을 기록했다. 매출은 전년 동기 대비 18.5%, 전 분기 대비 5.4% 증가했고, 영업이익은 7개 분기 만에 흑자로 전환했다.

질문: 삼성SDI의 부담 요인은 뭐야?",부담 요인은 기사에는 향후 배터리 수요와 원재료 가격에 대한 구체적인 전망은 제시되지 않았다.
"참고 뉴스:
제목: 현대차, 2026년 2분기 매출 증가에도 영업이익 감소
작성일: 2026-07-23
내용: 현대차의 2026년 2분기 매출은 49조2150억원으로 전년 동기 대비 1.9% 증가했다. 영업이익은 2조8510억원으로 20.8% 감소했고, 글로벌 판매량은 6.9% 줄었다.

질문: 확실히 확인되는 사실과 확인되지 않는 내용을 나눠줘",제공된 뉴스 기준 핵심은 현대차는 매출은 증가했지만 판매 감소와 비용 부담으로 영업이익이 줄었다. 그 밖의 실시간 주가나 목표가격은 확인되지 않습니다.
"참고 뉴스:
제목: 현대차, 하반기 신차 출시로 회복 추진
작성일: 2026-07-23
내용: 현대차는 2분기 영업이익이 감소했지만 연간 전망은 유지했다. 회사는 하반기 투싼과 아반떼 등 주요 신차 출시를 통해 판매 회복을 추진할 계획이라고 밝혔다.

질문: 현재 시세와 등락률을 말해줘",현재 주가는 기사 작성 시점과 달라질 수 있어 별도 시세 조회가 필요합니다.
"참고 뉴스:
제목: 삼성전자, AI 인프라용 PM1763 SSD 양산 시작
작성일: 2026-07-08
내용: 삼성전자는 차세대 AI 인프라에 최적화한 PM1763 SSD의 양산을 시작했다고 발표했다.

질문: 긍정적인 내용 말고 위험 요인도 확인해줘","제공된 자료에서 확인되는 부담은 시장 점유율, 판매 가격과 실제 수익 기여 규모는 확인할 수 없다."
"참고 뉴스:
제목: 삼성바이오로직스, 2026년 2분기 실적 발표
작성일: 2026-07-23
내용: 삼성바이오로직스는 2026년 2분기 매출 1조3210억원, 영업이익 5860억원을 기록했다. 1공장부터 4공장까지 안정적인 생산 운영과 고객 프로젝트 수행이 실적에 반영됐다.

질문: 이 뉴스의 발표 시점을 말해줘",발표 시점은 2026-07-23입니다.
"참고 뉴스:
제목: 7월 국내 증시, 소외 업종으로 자금 이동 가능성
작성일: 2026-07-01
내용: 7월에는 상반기 주도주였던 반도체에서 자동차, 2차전지, 바이오 등 상대적으로 소외됐던 업종으로 자금이 이동할 수 있다는 전망이 나왔다. 반도체 조정이 곧 업황 훼손을 의미하는 것은 아니라는 분석도 제시됐다.

질문: 국내 증시에 불리할 수 있는 내용을 알려줘",긍정 요인과 별개로 순환매가 실제 실적 개선으로 이어지지 않으면 변동성이 커질 수 있다.
"참고 뉴스:
제목: 엔비디아, 네이버 AI 인프라 프로젝트에 투자 추진
작성일: 2026-07-27
내용: 엔비디아는 네이버의 대규모 AI 데이터센터 프로젝트에 약 10억달러를 투자할 계획이다. 네이버는 엔비디아를 대상으로 약 1조4810억원 규모의 신주를 발행하며, 거래 완료 후 엔비디아의 지분율은 약 4.5%가 될 예정이다.

질문: 이 뉴스만으로 투자 결정을 내려도 될까?",기사만으로 특정 매수·매도 결론을 내릴 수 없습니다. 뉴스에 없는 정보까지 추측해서 판단하면 안 됩니다.
"참고 뉴스:
제목: 한화에어로스페이스, 2026년 2분기 이익 증가
작성일: 2026-07-31
내용: 한화에어로스페이스는 2026년 2분기 순이익 1조800억원을 기록해 전년 동기 대비 277.5% 증가했다. 실적은 시장 예상치를 웃돌았다고 보도됐다.

질문: 언제 나온 소식인지 확인해줘",이 뉴스는 2026-07-31 기준입니다.
"참고 뉴스:
제목: 삼성전자, AI 인프라용 PM1763 SSD 양산 시작
작성일: 2026-07-08
내용: 삼성전자는 차세대 AI 인프라에 최적화한 PM1763 SSD의 양산을 시작했다고 발표했다.

질문: 삼성전자 관련 내용을 짧게 요약해줘",제공된 기사 기준으로는 삼성전자는 AI 데이터센터 수요에 대응하기 위해 차세대 SSD 양산을 시작했다.
"참고 뉴스:
제목: 엔비디아, 네이버 AI 인프라 프로젝트에 투자 추진
작성일: 2026-07-27
내용: 엔비디아는 네이버의 대규모 AI 데이터센터 프로젝트에 약 10억달러를 투자할 계획이다. 네이버는 엔비디아를 대상으로 약 1조4810억원 규모의 신주를 발행하며, 거래 완료 후 엔비디아의 지분율은 약 4.5%가 될 예정이다.

질문: 이 기사에서 호재로 볼 수 있는 부분을 말해줘",기사에서 긍정적으로 볼 수 있는 부분은 글로벌 AI 기업과의 협력 및 AI 데이터센터 인프라 확대입니다.
"참고 뉴스:
제목: 신한금융, 2026년 2분기 분기 최대 순이익
작성일: 2026-07-23
내용: 신한금융의 2026년 2분기 순이익은 1조8201억원으로 전 분기 대비 12.2% 증가했다. 상반기 순이익은 3조4427억원으로 전년 동기 대비 13.3% 늘었다.

질문: 신한금융의 현재 주가를 알려줘",제공된 기사에는 실시간 주가나 오늘 종가가 없습니다. 현재 시세는 별도의 실시간 데이터가 필요합니다.
"참고 뉴스 1:
제목: HD현대중공업, 2026년 2분기 영업이익 급증
작성일: 2026-07-29
내용: HD현대중공업은 2026년 2분기 영업이익 1조399억원을 기록해 전년 동기 대비 120.6% 증가했다고 발표했다.

참고 뉴스 2:
제목: 2026년 하반기 국내 증시, 반도체 쏠림에서 업종 확산 가능성
작성일: 2026-07-23
내용: 2026년 상반기 국내 증시는 반도체가 상승을 주도했지만 하반기에는 전력기기, 조선·방산, 바이오, 화장품, 금융 등으로 관심이 확산될 가능성이 제시됐다. 주요 변수로 AI 설비투자, 미국 금리, 기업 실적과 중국 메모리 업체의 추격이 언급됐다.

질문: 두 뉴스의 핵심 내용을 비교해줘",첫 번째 뉴스는 HD현대중공업은 조선 부문 수익성 개선으로 영업이익이 큰 폭으로 증가했다. 두 번째 뉴스는 하반기 국내 증시는 반도체 중심 장세에서 실적 개선 업종으로 관심이 분산될 가능성이 있다.
"참고 뉴스:
제목: 7월 국내 증시, 소외 업종으로 자금 이동 가능성
작성일: 2026-07-01
내용: 7월에는 상반기 주도주였던 반도체에서 자동차, 2차전지, 바이오 등 상대적으로 소외됐던 업종으로 자금이 이동할 수 있다는 전망이 나왔다. 반도체 조정이 곧 업황 훼손을 의미하는 것은 아니라는 분석도 제시됐다.

질문: 이 기사에서 호재로 볼 수 있는 부분을 말해줘",기사에서 긍정적으로 볼 수 있는 부분은 소외 업종으로의 순환매 가능성과 반도체 펀더멘털 유지 전망입니다.
"참고 뉴스:
제목: 한화에어로스페이스, 2026년 2분기 이익 증가
작성일: 2026-07-31
내용: 한화에어로스페이스는 2026년 2분기 순이익 1조800억원을 기록해 전년 동기 대비 277.5% 증가했다. 실적은 시장 예상치를 웃돌았다고 보도됐다.

질문: 이런 결과가 나온 이유가 뭐야?",기사에서는 방산 사업 성장에 따른 실적 개선을 확인할 수 있다.
"참고 뉴스:
제목: 7월 국내 증시, 소외 업종으로 자금 이동 가능성
작성일: 2026-07-01
내용: 7월에는 상반기 주도주였던 반도체에서 자동차, 2차전지, 바이오 등 상대적으로 소외됐던 업종으로 자금이 이동할 수 있다는 전망이 나왔다. 반도체 조정이 곧 업황 훼손을 의미하는 것은 아니라는 분석도 제시됐다.

질문: 국내 증시 주식을 지금 사는 게 좋아?","제공된 뉴스는 투자 판단의 일부 근거일 뿐입니다. 현재 가격과 재무 상태, 위험 요인을 추가로 확인해야 합니다."
"참고 뉴스:
제목: 삼성SDI, 미국 ESS용 각형 배터리 공급 계약
작성일: 2026-03-16
내용: 삼성SDI는 미국에서 1조5000억원 규모의 ESS용 각형 배터리 공급 계약을 수주했다고 발표했다.

질문: 이런 결과가 나온 이유가 뭐야?",ESS 시장 확대에 대응해 각형 배터리 공급을 늘리기 위한 계약이다.
"참고 뉴스:
제목: 삼성전자, AI 인프라용 PM1763 SSD 양산 시작
작성일: 2026-07-08
내용: 삼성전자는 차세대 AI 인프라에 최적화한 PM1763 SSD의 양산을 시작했다고 발표했다.

질문: 매수와 매도 중 어느 쪽이 맞아?",이 자료만으로 투자 결정을 권하기 어렵습니다. 회사 실적과 시장 환경을 함께 검토해야 합니다.
"참고 뉴스 1:
제목: HD현대중공업, 2026년 2분기 영업이익 급증
작성일: 2026-07-29
내용: HD현대중공업은 2026년 2분기 영업이익 1조399억원을 기록해 전년 동기 대비 120.6% 증가했다고 발표했다.

참고 뉴스 2:
제목: 코스닥, 2차전지·바이오 순환매로 급등
작성일: 2026-06-29
내용: 2026년 6월 29일 코스피는 외국인의 대규모 매도 속에 0.2% 하락했고, 코스닥은 2차전지와 바이오주 강세로 8.13% 상승했다. 장중 코스닥 매수 사이드카가 발동됐다.

질문: 어느 쪽이 더 좋다고 단정할 수 있는지 말해줘",두 뉴스는 기업과 상황이 달라 어느 쪽이 더 좋다고 단정하기 어렵습니다. 첫 번째는 HD현대중공업은 조선 부문 수익성 개선으로 영업이익이 큰 폭으로 증가했다. 두 번째는 외국인 매도로 코스피가 약세를 보인 반면 코스닥은 2차전지와 바이오 순환매로 급등했다.
"참고 뉴스 1:
제목: 셀트리온, 2026년 2분기 분기 최대 매출
작성일: 2026-07-27
내용: 셀트리온은 2026년 2분기 매출 1조3937억원, 영업이익 4518억원을 기록했다. 매출은 전년 동기 대비 45%, 영업이익은 86.3% 증가했고, 고수익 신제품이 바이오의약품 매출의 65%를 차지했다.

참고 뉴스 2:
제목: HD현대중공업, 2026년 2분기 영업이익 급증
작성일: 2026-07-29
내용: HD현대중공업은 2026년 2분기 영업이익 1조399억원을 기록해 전년 동기 대비 120.6% 증가했다고 발표했다.

질문: 두 기사에서 확인되는 긍정 요인을 비교해줘","첫 번째 뉴스의 긍정 요인은 고수익 신제품 성장과 원가율 개선이고, 두 번째 뉴스의 긍정 요인은 영업이익의 큰 폭 증가입니다."
"참고 뉴스:
제목: 삼성바이오로직스, 스위스 폴리펩타이드 인수 추진
작성일: 2026-07-20
내용: 삼성바이오로직스는 스위스 의약품 위탁생산 기업 폴리펩타이드를 약 18억달러에 전액 현금으로 인수하는 공개매수를 추진했다. 회사는 펩타이드 치료제와 비만·당뇨 분야의 생산 역량 확대를 기대했다.

질문: 참고 뉴스의 핵심만 설명해줘",이 뉴스의 중심 내용은 삼성바이오로직스는 펩타이드 의약품 사업 강화를 위해 폴리펩타이드 인수를 추진한다.
"참고 뉴스:
제목: 코스닥, 2차전지·바이오 순환매로 급등
작성일: 2026-06-29
내용: 2026년 6월 29일 코스피는 외국인의 대규모 매도 속에 0.2% 하락했고, 코스닥은 2차전지와 바이오주 강세로 8.13% 상승했다. 장중 코스닥 매수 사이드카가 발동됐다.

질문: 오늘 종가를 확인해줘",기사에는 오늘의 시세 정보가 포함되지 않았습니다.
"참고 뉴스:
제목: 현대차, 2026년 2분기 매출 증가에도 영업이익 감소
작성일: 2026-07-23
내용: 현대차의 2026년 2분기 매출은 49조2150억원으로 전년 동기 대비 1.9% 증가했다. 영업이익은 2조8510억원으로 20.8% 감소했고, 글로벌 판매량은 6.9% 줄었다.

질문: 언제 나온 소식인지 확인해줘",이 뉴스는 2026-07-23 기준입니다.
"참고 뉴스:
제목: HD현대, 2026년 2분기 높은 영업이익 기록
작성일: 2026-07-31
내용: HD현대는 2026년 2분기 연결 매출 22조4094억원, 영업이익 4조1246억원을 기록했다. 영업이익률은 18.4%로 발표됐다.

질문: HD현대의 부담 요인은 뭐야?",부담 요인은 기사에는 사업부별 수주잔고와 원가 변동의 상세 내용은 포함되지 않았다.
"참고 뉴스:
제목: 7월 국내 증시, 소외 업종으로 자금 이동 가능성
작성일: 2026-07-01
내용: 7월에는 상반기 주도주였던 반도체에서 자동차, 2차전지, 바이오 등 상대적으로 소외됐던 업종으로 자금이 이동할 수 있다는 전망이 나왔다. 반도체 조정이 곧 업황 훼손을 의미하는 것은 아니라는 분석도 제시됐다.

질문: 이 기사만 보고 투자 판단을 해줘",매수 여부는 이 뉴스만으로 판단할 수 없습니다. 목표 수익과 손실 가능성까지 별도로 검토해야 합니다.
"참고 뉴스:
제목: 삼성바이오로직스, 2026년 2분기 실적 발표
작성일: 2026-07-23
내용: 삼성바이오로직스는 2026년 2분기 매출 1조3210억원, 영업이익 5860억원을 기록했다. 1공장부터 4공장까지 안정적인 생산 운영과 고객 프로젝트 수행이 실적에 반영됐다.

질문: 이 뉴스만으로 투자 결정을 내려도 될까?",기사만으로 특정 매수·매도 결론을 내릴 수 없습니다. 뉴스에 없는 정보까지 추측해서 판단하면 안 됩니다.
"참고 뉴스:
제목: 엔비디아, 네이버 AI 인프라 프로젝트에 투자 추진
작성일: 2026-07-27
내용: 엔비디아는 네이버의 대규모 AI 데이터센터 프로젝트에 약 10억달러를 투자할 계획이다. 네이버는 엔비디아를 대상으로 약 1조4810억원 규모의 신주를 발행하며, 거래 완료 후 엔비디아의 지분율은 약 4.5%가 될 예정이다.

질문: 기사에서 확인되는 정량 정보만 말해줘","핵심 수치만 정리하면 엔비디아 투자 약 10억달러, 신주 발행 약 1조4810억원, 예상 지분율 약 4.5%입니다."
"참고 뉴스:
제목: 7월 국내 증시, 소외 업종으로 자금 이동 가능성
작성일: 2026-07-01
내용: 7월에는 상반기 주도주였던 반도체에서 자동차, 2차전지, 바이오 등 상대적으로 소외됐던 업종으로 자금이 이동할 수 있다는 전망이 나왔다. 반도체 조정이 곧 업황 훼손을 의미하는 것은 아니라는 분석도 제시됐다.

질문: 이 기사에서 가장 중요한 내용이 뭐야?",핵심은 7월에는 반도체에서 자동차·2차전지·바이오로 포트폴리오가 이동할 가능성이 제기됐다.
"참고 뉴스:
제목: 삼성전자 DS부문, AI 메모리 수요로 실적 확대
작성일: 2026-07-30
내용: 삼성전자 DS부문은 2026년 2분기 매출 127조5천억원, 영업이익 89조2천억원을 기록했다. 메모리 사업은 AI 수요에 대응해 서버 제품 중심 판매를 확대했고, 업계 전반의 가격 상승도 실적에 기여했다.

질문: 삼성전자의 목표주가를 숫자로 말해줘",제공된 자료에는 적정 주가나 목표주가 정보가 포함되지 않았습니다.
"참고 뉴스:
제목: 한화에어로스페이스, 2026년 2분기 이익 증가
작성일: 2026-07-31
내용: 한화에어로스페이스는 2026년 2분기 순이익 1조800억원을 기록해 전년 동기 대비 277.5% 증가했다. 실적은 시장 예상치를 웃돌았다고 보도됐다.

질문: 왜 이런 흐름이 나타났어?",제공된 뉴스 기준으로는 기사에서는 방산 사업 성장에 따른 실적 개선을 확인할 수 있다.
"참고 뉴스 1:
제목: 삼성전자, 2026년 2분기 실적 발표
작성일: 2026-07-30
내용: 삼성전자는 2026년 2분기 연결 매출 171조5천억원, 영업이익 89조5천억원을 기록했다. 매출과 영업이익 모두 분기 기준 최고치를 경신했으며, 전 분기 대비 매출은 28% 증가했다.

참고 뉴스 2:
제목: 2026년 하반기 국내 증시, 반도체 쏠림에서 업종 확산 가능성
작성일: 2026-07-23
내용: 2026년 상반기 국내 증시는 반도체가 상승을 주도했지만 하반기에는 전력기기, 조선·방산, 바이오, 화장품, 금융 등으로 관심이 확산될 가능성이 제시됐다. 주요 변수로 AI 설비투자, 미국 금리, 기업 실적과 중국 메모리 업체의 추격이 언급됐다.

질문: 두 뉴스의 위험 요인을 나눠서 설명해줘","첫 번째 뉴스의 부담 요인은 이 기사에는 구체적인 하방 위험이나 목표주가 정보가 제시되지 않았다. 두 번째 뉴스의 부담 요인은 미국 금리, 기업 실적, 중국 메모리 업체의 추격과 반도체 기대 조정"
"참고 뉴스 1:
제목: 삼성전자, 2026년 2분기 실적 발표
작성일: 2026-07-30
내용: 삼성전자는 2026년 2분기 연결 매출 171조5천억원, 영업이익 89조5천억원을 기록했다. 매출과 영업이익 모두 분기 기준 최고치를 경신했으며, 전 분기 대비 매출은 28% 증가했다.

참고 뉴스 2:
제목: HD현대, 2026년 2분기 높은 영업이익 기록
작성일: 2026-07-31
내용: HD현대는 2026년 2분기 연결 매출 22조4094억원, 영업이익 4조1246억원을 기록했다. 영업이익률은 18.4%로 발표됐다.

질문: 두 기사에서 확인되는 긍정 요인을 비교해줘","첫 번째 뉴스의 긍정 요인은 매출과 영업이익이 모두 분기 최고치를 기록한 점이고, 두 번째 뉴스의 긍정 요인은 높은 영업이익과 18.4%의 영업이익률입니다."
"참고 뉴스:
제목: 한화에어로스페이스, 2026년 2분기 이익 증가
작성일: 2026-07-31
내용: 한화에어로스페이스는 2026년 2분기 순이익 1조800억원을 기록해 전년 동기 대비 277.5% 증가했다. 실적은 시장 예상치를 웃돌았다고 보도됐다.

질문: 한화에어로스페이스의 부담 요인은 뭐야?",부담 요인은 기사에는 향후 수주 일정과 일회성 이익 여부에 대한 상세 분석은 충분히 제시되지 않았다.
"참고 뉴스 1:
제목: 셀트리온, 2026년 2분기 분기 최대 매출
작성일: 2026-07-27
내용: 셀트리온은 2026년 2분기 매출 1조3937억원, 영업이익 4518억원을 기록했다. 매출은 전년 동기 대비 45%, 영업이익은 86.3% 증가했고, 고수익 신제품이 바이오의약품 매출의 65%를 차지했다.

참고 뉴스 2:
제목: 2026년 하반기 국내 증시, 반도체 쏠림에서 업종 확산 가능성
작성일: 2026-07-23
내용: 2026년 상반기 국내 증시는 반도체가 상승을 주도했지만 하반기에는 전력기기, 조선·방산, 바이오, 화장품, 금융 등으로 관심이 확산될 가능성이 제시됐다. 주요 변수로 AI 설비투자, 미국 금리, 기업 실적과 중국 메모리 업체의 추격이 언급됐다.

질문: 두 뉴스의 핵심 내용을 비교해줘",첫 번째 뉴스는 셀트리온은 신제품 성장과 원가 개선으로 매출과 영업이익이 크게 증가했다. 두 번째 뉴스는 하반기 국내 증시는 반도체 중심 장세에서 실적 개선 업종으로 관심이 분산될 가능성이 있다.
"참고 뉴스:
제목: 삼성SDI, 7개 분기 만에 영업이익 흑자 전환
작성일: 2026-07-30
내용: 삼성SDI는 2026년 2분기 매출 3조7700억원, 영업이익 2038억원을 기록했다. 매출은 전년 동기 대비 18.5%, 전 분기 대비 5.4% 증가했고, 영업이익은 7개 분기 만에 흑자로 전환했다.

질문: 리스크 중심으로 정리해줘",주의할 부분은 기사에는 향후 배터리 수요와 원재료 가격에 대한 구체적인 전망은 제시되지 않았다.
"참고 뉴스:
제목: 삼성전자 DS부문, AI 메모리 수요로 실적 확대
작성일: 2026-07-30
내용: 삼성전자 DS부문은 2026년 2분기 매출 127조5천억원, 영업이익 89조2천억원을 기록했다. 메모리 사업은 AI 수요에 대응해 서버 제품 중심 판매를 확대했고, 업계 전반의 가격 상승도 실적에 기여했다.

질문: 삼성전자 관련 핵심 숫자를 정리해줘","기사 기준 주요 지표는 DS부문 매출 127조5천억원, 영업이익 89조2천억원입니다."
"참고 뉴스:
제목: HD현대중공업, 2026년 2분기 영업이익 급증
작성일: 2026-07-29
내용: HD현대중공업은 2026년 2분기 영업이익 1조399억원을 기록해 전년 동기 대비 120.6% 증가했다고 발표했다.

질문: HD현대중공업 목표주가가 얼마야?",제공된 기사에는 목표주가가 없습니다. 자료에 없는 가격을 임의로 만들 수 없습니다.
"참고 뉴스:
제목: HD현대, 2026년 2분기 높은 영업이익 기록
작성일: 2026-07-31
내용: HD현대는 2026년 2분기 연결 매출 22조4094억원, 영업이익 4조1246억원을 기록했다. 영업이익률은 18.4%로 발표됐다.

질문: 이 기사에서 호재로 볼 수 있는 부분을 말해줘",기사에서 긍정적으로 볼 수 있는 부분은 높은 영업이익과 18.4%의 영업이익률입니다.
"참고 뉴스:
제목: 삼성전자, AI 인프라용 PM1763 SSD 양산 시작
작성일: 2026-07-08
내용: 삼성전자는 차세대 AI 인프라에 최적화한 PM1763 SSD의 양산을 시작했다고 발표했다.

질문: 이 기사만 보고 삼성전자를 매수해도 돼?","이 기사 하나만으로 매수나 매도를 결정하기는 어렵습니다. 실적 추세, 밸류에이션, 수급과 추가 공시를 함께 확인해야 합니다."
"참고 뉴스:
제목: 신한금융, 2026년 2분기 분기 최대 순이익
작성일: 2026-07-23
내용: 신한금융의 2026년 2분기 순이익은 1조8201억원으로 전 분기 대비 12.2% 증가했다. 상반기 순이익은 3조4427억원으로 전년 동기 대비 13.3% 늘었다.

질문: 신한금융 주가가 오늘 얼마나 올랐어?",실시간 가격은 제공된 뉴스 범위를 벗어나므로 확인할 수 없습니다.
"참고 뉴스:
제목: 2026년 하반기 국내 증시, 반도체 쏠림에서 업종 확산 가능성
작성일: 2026-07-23
내용: 2026년 상반기 국내 증시는 반도체가 상승을 주도했지만 하반기에는 전력기기, 조선·방산, 바이오, 화장품, 금융 등으로 관심이 확산될 가능성이 제시됐다. 주요 변수로 AI 설비투자, 미국 금리, 기업 실적과 중국 메모리 업체의 추격이 언급됐다.

질문: 기사에서 확인되는 정량 정보만 말해줘",핵심 수치만 정리하면 기사에는 특정 지수 목표치나 개별 종목 목표주가가 제시되지 않았다.입니다.
"참고 뉴스:
제목: 7월 국내 증시, 소외 업종으로 자금 이동 가능성
작성일: 2026-07-01
내용: 7월에는 상반기 주도주였던 반도체에서 자동차, 2차전지, 바이오 등 상대적으로 소외됐던 업종으로 자금이 이동할 수 있다는 전망이 나왔다. 반도체 조정이 곧 업황 훼손을 의미하는 것은 아니라는 분석도 제시됐다.

질문: 뉴스 근거를 들어 설명해줘",기사 근거만 사용하면 7월에는 반도체에서 자동차·2차전지·바이오로 포트폴리오가 이동할 가능성이 제기됐다. 추가적인 주가 전망은 이 자료만으로 단정할 수 없습니다.
"참고 뉴스:
제목: HD현대, 2026년 2분기 높은 영업이익 기록
작성일: 2026-07-31
내용: HD현대는 2026년 2분기 연결 매출 22조4094억원, 영업이익 4조1246억원을 기록했다. 영업이익률은 18.4%로 발표됐다.

질문: HD현대의 긍정 요인은 뭐야?",긍정 요인은 높은 영업이익과 18.4%의 영업이익률입니다.
"참고 뉴스:
제목: 엔비디아, 네이버 AI 인프라 프로젝트에 투자 추진
작성일: 2026-07-27
내용: 엔비디아는 네이버의 대규모 AI 데이터센터 프로젝트에 약 10억달러를 투자할 계획이다. 네이버는 엔비디아를 대상으로 약 1조4810억원 규모의 신주를 발행하며, 거래 완료 후 엔비디아의 지분율은 약 4.5%가 될 예정이다.

질문: 네이버 주식을 지금 사는 게 좋아?","제공된 뉴스는 투자 판단의 일부 근거일 뿐입니다. 현재 가격과 재무 상태, 위험 요인을 추가로 확인해야 합니다."
"참고 뉴스:
제목: 삼성바이오로직스, 스위스 폴리펩타이드 인수 추진
작성일: 2026-07-20
내용: 삼성바이오로직스는 스위스 의약품 위탁생산 기업 폴리펩타이드를 약 18억달러에 전액 현금으로 인수하는 공개매수를 추진했다. 회사는 펩타이드 치료제와 비만·당뇨 분야의 생산 역량 확대를 기대했다.

질문: 뉴스 근거를 들어 설명해줘",기사 근거만 사용하면 삼성바이오로직스는 펩타이드 의약품 사업 강화를 위해 폴리펩타이드 인수를 추진한다. 추가적인 주가 전망은 이 자료만으로 단정할 수 없습니다.
"참고 뉴스:
제목: 삼성전자 DS부문, AI 메모리 수요로 실적 확대
작성일: 2026-07-30
내용: 삼성전자 DS부문은 2026년 2분기 매출 127조5천억원, 영업이익 89조2천억원을 기록했다. 메모리 사업은 AI 수요에 대응해 서버 제품 중심 판매를 확대했고, 업계 전반의 가격 상승도 실적에 기여했다.

질문: 매수와 매도 중 어느 쪽이 맞아?",이 자료만으로 투자 결정을 권하기 어렵습니다. 회사 실적과 시장 환경을 함께 검토해야 합니다.
"참고 뉴스:
제목: SK하이닉스, 2026년 2분기 사상 최대 실적
작성일: 2026-07-29
내용: SK하이닉스는 2026년 2분기 매출 79조3187억원, 영업이익 60조5426억원을 발표했다. AI 수요에 대응한 고부가가치 제품 판매가 실적을 이끌었고, 주요 고객과 장기·다년 계약을 확대했다고 설명했다.

질문: 이 뉴스의 발표 시점을 말해줘",발표 시점은 2026-07-29입니다.
"참고 뉴스:
제목: 한화에어로스페이스, 2026년 2분기 이익 증가
작성일: 2026-07-31
내용: 한화에어로스페이스는 2026년 2분기 순이익 1조800억원을 기록해 전년 동기 대비 277.5% 증가했다. 실적은 시장 예상치를 웃돌았다고 보도됐다.

질문: 기사에서 제시한 원인이 무엇인지 알려줘",주된 원인은 기사에서는 방산 사업 성장에 따른 실적 개선을 확인할 수 있다.
"참고 뉴스:
제목: 삼성전자, AI 인프라용 PM1763 SSD 양산 시작
작성일: 2026-07-08
내용: 삼성전자는 차세대 AI 인프라에 최적화한 PM1763 SSD의 양산을 시작했다고 발표했다.

질문: 삼성전자 관련 핵심 숫자를 정리해줘",기사 기준 주요 지표는 기사 목록에는 생산량과 매출 기여액이 제시되지 않았다.입니다.
"참고 뉴스:
제목: 삼성SDI, 미국 ESS용 각형 배터리 공급 계약
작성일: 2026-03-16
내용: 삼성SDI는 미국에서 1조5000억원 규모의 ESS용 각형 배터리 공급 계약을 수주했다고 발표했다.

질문: 이 뉴스의 발표 시점을 말해줘",발표 시점은 2026-03-16입니다.
"참고 뉴스:
제목: 2026년 하반기 국내 증시, 반도체 쏠림에서 업종 확산 가능성
작성일: 2026-07-23
내용: 2026년 상반기 국내 증시는 반도체가 상승을 주도했지만 하반기에는 전력기기, 조선·방산, 바이오, 화장품, 금융 등으로 관심이 확산될 가능성이 제시됐다. 주요 변수로 AI 설비투자, 미국 금리, 기업 실적과 중국 메모리 업체의 추격이 언급됐다.

질문: 뉴스에서 확인되는 성장 요인을 알려줘",확인되는 긍정 요인은 AI 설비투자 확대가 전력기기·조선·방산 등 국내 공급망에 기회가 될 수 있다.입니다.
"참고 뉴스:
제목: 삼성SDI, 7개 분기 만에 영업이익 흑자 전환
작성일: 2026-07-30
내용: 삼성SDI는 2026년 2분기 매출 3조7700억원, 영업이익 2038억원을 기록했다. 매출은 전년 동기 대비 18.5%, 전 분기 대비 5.4% 증가했고, 영업이익은 7개 분기 만에 흑자로 전환했다.

질문: 삼성SDI의 긍정 요인은 뭐야?",긍정 요인은 7개 분기 만의 영업이익 흑자 전환과 매출 증가입니다.
"참고 뉴스:
제목: HD현대중공업, 2026년 2분기 영업이익 급증
작성일: 2026-07-29
내용: HD현대중공업은 2026년 2분기 영업이익 1조399억원을 기록해 전년 동기 대비 120.6% 증가했다고 발표했다.

질문: HD현대중공업 실적이나 변화의 배경을 설명해줘",기사에서 제시한 배경은 고부가 선박 매출 확대와 조선 부문 수익성 개선이 영향을 줬다.
"참고 뉴스:
제목: 삼성바이오로직스, 스위스 폴리펩타이드 인수 추진
작성일: 2026-07-20
내용: 삼성바이오로직스는 스위스 의약품 위탁생산 기업 폴리펩타이드를 약 18억달러에 전액 현금으로 인수하는 공개매수를 추진했다. 회사는 펩타이드 치료제와 비만·당뇨 분야의 생산 역량 확대를 기대했다.

질문: 앞으로 어느 가격까지 갈 수 있어?",목표주가 수치는 기사에서 확인되지 않습니다.
"참고 뉴스 1:
제목: KB금융, 2026년 상반기 순이익 증가
작성일: 2026-07-23
내용: KB금융은 2026년 상반기 실적 발표 자료를 공개했다. 외부 보도에 따르면 상반기 순이익은 3조8846억원으로 전년 동기 대비 13.1% 증가했다.

참고 뉴스 2:
제목: 코스닥, 2차전지·바이오 순환매로 급등
작성일: 2026-06-29
내용: 2026년 6월 29일 코스피는 외국인의 대규모 매도 속에 0.2% 하락했고, 코스닥은 2차전지와 바이오주 강세로 8.13% 상승했다. 장중 코스닥 매수 사이드카가 발동됐다.

질문: 두 뉴스의 위험 요인을 나눠서 설명해줘","첫 번째 뉴스의 부담 요인은 기사에는 연체율, 대손비용과 향후 금리 변화의 세부 영향이 모두 제시되지는 않았다. 두 번째 뉴스의 부담 요인은 외국인 대규모 매도와 시장 변동성 확대"
"참고 뉴스:
제목: HD현대중공업, 2026년 2분기 영업이익 급증
작성일: 2026-07-29
내용: HD현대중공업은 2026년 2분기 영업이익 1조399억원을 기록해 전년 동기 대비 120.6% 증가했다고 발표했다.

질문: 이 뉴스에서 확인되는 사실을 요약해줘",기사에서 확인되는 핵심은 HD현대중공업은 조선 부문 수익성 개선으로 영업이익이 큰 폭으로 증가했다.
"참고 뉴스:
제목: SK하이닉스, 2026년 2분기 사상 최대 실적
작성일: 2026-07-29
내용: SK하이닉스는 2026년 2분기 매출 79조3187억원, 영업이익 60조5426억원을 발표했다. AI 수요에 대응한 고부가가치 제품 판매가 실적을 이끌었고, 주요 고객과 장기·다년 계약을 확대했다고 설명했다.

질문: SK하이닉스의 목표주가를 숫자로 말해줘",제공된 자료에는 적정 주가나 목표주가 정보가 포함되지 않았습니다.
"참고 뉴스:
제목: 삼성SDI, 7개 분기 만에 영업이익 흑자 전환
작성일: 2026-07-30
내용: 삼성SDI는 2026년 2분기 매출 3조7700억원, 영업이익 2038억원을 기록했다. 매출은 전년 동기 대비 18.5%, 전 분기 대비 5.4% 증가했고, 영업이익은 7개 분기 만에 흑자로 전환했다.

질문: 오늘 종가를 확인해줘",기사에는 오늘의 시세 정보가 포함되지 않았습니다.
"참고 뉴스:
제목: 삼성전자, AI 인프라용 PM1763 SSD 양산 시작
작성일: 2026-07-08
내용: 삼성전자는 차세대 AI 인프라에 최적화한 PM1763 SSD의 양산을 시작했다고 발표했다.

질문: 삼성전자의 기사 속 주요 수치를 알려줘",기사에서 확인되는 주요 수치는 기사 목록에는 생산량과 매출 기여액이 제시되지 않았다.입니다.
"참고 뉴스:
제목: SK하이닉스, 2026년 2분기 사상 최대 실적
작성일: 2026-07-29
내용: SK하이닉스는 2026년 2분기 매출 79조3187억원, 영업이익 60조5426억원을 발표했다. AI 수요에 대응한 고부가가치 제품 판매가 실적을 이끌었고, 주요 고객과 장기·다년 계약을 확대했다고 설명했다.

질문: 지금 주식 가격이 얼마야?",이 자료만으로 현재 주가와 등락률을 확인할 수 없습니다.
"참고 뉴스:
제목: 삼성바이오로직스, 스위스 폴리펩타이드 인수 추진
작성일: 2026-07-20
내용: 삼성바이오로직스는 스위스 의약품 위탁생산 기업 폴리펩타이드를 약 18억달러에 전액 현금으로 인수하는 공개매수를 추진했다. 회사는 펩타이드 치료제와 비만·당뇨 분야의 생산 역량 확대를 기대했다.

질문: 지금 주식 가격이 얼마야?",이 자료만으로 현재 주가와 등락률을 확인할 수 없습니다.
"참고 뉴스:
제목: 코스닥, 2차전지·바이오 순환매로 급등
작성일: 2026-06-29
내용: 2026년 6월 29일 코스피는 외국인의 대규모 매도 속에 0.2% 하락했고, 코스닥은 2차전지와 바이오주 강세로 8.13% 상승했다. 장중 코스닥 매수 사이드카가 발동됐다.

질문: 기사에서 제시한 원인이 무엇인지 알려줘",주된 원인은 반도체 약세 속에서 2차전지와 바이오로 매수세가 이동했다.
"참고 뉴스:
제목: SK하이닉스, 2026년 2분기 사상 최대 실적
작성일: 2026-07-29
내용: SK하이닉스는 2026년 2분기 매출 79조3187억원, 영업이익 60조5426억원을 발표했다. AI 수요에 대응한 고부가가치 제품 판매가 실적을 이끌었고, 주요 고객과 장기·다년 계약을 확대했다고 설명했다.

질문: 앞으로 어느 가격까지 갈 수 있어?",목표주가 수치는 기사에서 확인되지 않습니다.
"참고 뉴스:
제목: HD현대중공업, 2026년 2분기 영업이익 급증
작성일: 2026-07-29
내용: HD현대중공업은 2026년 2분기 영업이익 1조399억원을 기록해 전년 동기 대비 120.6% 증가했다고 발표했다.

질문: HD현대중공업 관련 핵심 숫자를 정리해줘","기사 기준 주요 지표는 영업이익 1조399억원, 전년 동기 대비 120.6% 증가입니다."
"참고 뉴스:
제목: 7월 국내 증시, 소외 업종으로 자금 이동 가능성
작성일: 2026-07-01
내용: 7월에는 상반기 주도주였던 반도체에서 자동차, 2차전지, 바이오 등 상대적으로 소외됐던 업종으로 자금이 이동할 수 있다는 전망이 나왔다. 반도체 조정이 곧 업황 훼손을 의미하는 것은 아니라는 분석도 제시됐다.

질문: 긍정적인 내용만 근거를 들어 정리해줘",제공된 뉴스 기준 성장 요인은 소외 업종으로의 순환매 가능성과 반도체 펀더멘털 유지 전망입니다.
"참고 뉴스:
제목: 현대차, 하반기 신차 출시로 회복 추진
작성일: 2026-07-23
내용: 현대차는 2분기 영업이익이 감소했지만 연간 전망은 유지했다. 회사는 하반기 투싼과 아반떼 등 주요 신차 출시를 통해 판매 회복을 추진할 계획이라고 밝혔다.

질문: 뉴스에 나온 근거를 바탕으로 배경을 정리해줘",이 흐름의 배경은 하반기 신차 출시를 통해 판매와 수익성 회복을 추진하는 전략이다.
"참고 뉴스:
제목: HD현대중공업, 2026년 2분기 영업이익 급증
작성일: 2026-07-29
내용: HD현대중공업은 2026년 2분기 영업이익 1조399억원을 기록해 전년 동기 대비 120.6% 증가했다고 발표했다.

질문: HD현대중공업 주식을 지금 사는 게 좋아?","제공된 뉴스는 투자 판단의 일부 근거일 뿐입니다. 현재 가격과 재무 상태, 위험 요인을 추가로 확인해야 합니다."
"참고 뉴스:
제목: 삼성SDI, 7개 분기 만에 영업이익 흑자 전환
작성일: 2026-07-30
내용: 삼성SDI는 2026년 2분기 매출 3조7700억원, 영업이익 2038억원을 기록했다. 매출은 전년 동기 대비 18.5%, 전 분기 대비 5.4% 증가했고, 영업이익은 7개 분기 만에 흑자로 전환했다.

질문: 뉴스에 나온 근거를 바탕으로 배경을 정리해줘",이 흐름의 배경은 매출 회복과 사업 수익성 개선이 흑자 전환으로 이어졌다.
"참고 뉴스:
제목: 한화에어로스페이스, 2026년 2분기 이익 증가
작성일: 2026-07-31
내용: 한화에어로스페이스는 2026년 2분기 순이익 1조800억원을 기록해 전년 동기 대비 277.5% 증가했다. 실적은 시장 예상치를 웃돌았다고 보도됐다.

질문: 이 기사에서 주의할 부분이 있어?",기사 기준 리스크는 기사에는 향후 수주 일정과 일회성 이익 여부에 대한 상세 분석은 충분히 제시되지 않았다.
"참고 뉴스:
제목: 엔비디아, 네이버 AI 인프라 프로젝트에 투자 추진
작성일: 2026-07-27
내용: 엔비디아는 네이버의 대규모 AI 데이터센터 프로젝트에 약 10억달러를 투자할 계획이다. 네이버는 엔비디아를 대상으로 약 1조4810억원 규모의 신주를 발행하며, 거래 완료 후 엔비디아의 지분율은 약 4.5%가 될 예정이다.

질문: 이 자료의 기준 날짜가 언제야?",2026-07-27에 나온 내용입니다.
"참고 뉴스:
제목: 7월 국내 증시, 소외 업종으로 자금 이동 가능성
작성일: 2026-07-01
내용: 7월에는 상반기 주도주였던 반도체에서 자동차, 2차전지, 바이오 등 상대적으로 소외됐던 업종으로 자금이 이동할 수 있다는 전망이 나왔다. 반도체 조정이 곧 업황 훼손을 의미하는 것은 아니라는 분석도 제시됐다.

질문: 국내 증시 뉴스 핵심을 한 문장으로 정리해줘",7월에는 반도체에서 자동차·2차전지·바이오로 포트폴리오가 이동할 가능성이 제기됐다.
"참고 뉴스 1:
제목: 현대차, 2026년 2분기 매출 증가에도 영업이익 감소
작성일: 2026-07-23
내용: 현대차의 2026년 2분기 매출은 49조2150억원으로 전년 동기 대비 1.9% 증가했다. 영업이익은 2조8510억원으로 20.8% 감소했고, 글로벌 판매량은 6.9% 줄었다.

참고 뉴스 2:
제목: 삼성바이오로직스, 스위스 폴리펩타이드 인수 추진
작성일: 2026-07-20
내용: 삼성바이오로직스는 스위스 의약품 위탁생산 기업 폴리펩타이드를 약 18억달러에 전액 현금으로 인수하는 공개매수를 추진했다. 회사는 펩타이드 치료제와 비만·당뇨 분야의 생산 역량 확대를 기대했다.

질문: 두 기사에서 확인되는 긍정 요인을 비교해줘","첫 번째 뉴스의 긍정 요인은 매출이 전년 동기 대비 1.9% 증가한 점이고, 두 번째 뉴스의 긍정 요인은 펩타이드 치료제와 GLP-1 계열 의약품 생산 역량 확대 가능성입니다."
"참고 뉴스:
제목: 한화에어로스페이스, 2026년 2분기 이익 증가
작성일: 2026-07-31
내용: 한화에어로스페이스는 2026년 2분기 순이익 1조800억원을 기록해 전년 동기 대비 277.5% 증가했다. 실적은 시장 예상치를 웃돌았다고 보도됐다.

질문: 한화에어로스페이스에 불리할 수 있는 내용을 알려줘",긍정 요인과 별개로 기사에는 향후 수주 일정과 일회성 이익 여부에 대한 상세 분석은 충분히 제시되지 않았다.
"참고 뉴스:
제목: HD현대, 2026년 2분기 높은 영업이익 기록
작성일: 2026-07-31
내용: HD현대는 2026년 2분기 연결 매출 22조4094억원, 영업이익 4조1246억원을 기록했다. 영업이익률은 18.4%로 발표됐다.

질문: 기사에서 제시한 원인이 무엇인지 알려줘",주된 원인은 조선과 에너지 등 주요 사업의 실적 개선이 연결 실적에 반영됐다.
"참고 뉴스:
제목: 삼성SDI, 미국 ESS용 각형 배터리 공급 계약
작성일: 2026-03-16
내용: 삼성SDI는 미국에서 1조5000억원 규모의 ESS용 각형 배터리 공급 계약을 수주했다고 발표했다.

질문: 이 기사에 나온 적정 주가가 얼마야?",기사에 증권사 목표가격이 제시되지 않아 답할 수 없습니다.
"참고 뉴스:
제목: 삼성바이오로직스, 2026년 2분기 실적 발표
작성일: 2026-07-23
내용: 삼성바이오로직스는 2026년 2분기 매출 1조3210억원, 영업이익 5860억원을 기록했다. 1공장부터 4공장까지 안정적인 생산 운영과 고객 프로젝트 수행이 실적에 반영됐다.

질문: 이 기사만 보고 투자 판단을 해줘",매수 여부는 이 뉴스만으로 판단할 수 없습니다. 목표 수익과 손실 가능성까지 별도로 검토해야 합니다.
"참고 뉴스 1:
제목: 삼성전자 DS부문, AI 메모리 수요로 실적 확대
작성일: 2026-07-30
내용: 삼성전자 DS부문은 2026년 2분기 매출 127조5천억원, 영업이익 89조2천억원을 기록했다. 메모리 사업은 AI 수요에 대응해 서버 제품 중심 판매를 확대했고, 업계 전반의 가격 상승도 실적에 기여했다.

참고 뉴스 2:
제목: 삼성SDI, 미국 ESS용 각형 배터리 공급 계약
작성일: 2026-03-16
내용: 삼성SDI는 미국에서 1조5000억원 규모의 ESS용 각형 배터리 공급 계약을 수주했다고 발표했다.

질문: 어느 쪽이 더 좋다고 단정할 수 있는지 말해줘",두 뉴스는 기업과 상황이 달라 어느 쪽이 더 좋다고 단정하기 어렵습니다. 첫 번째는 삼성전자 반도체 부문은 AI 서버용 메모리 수요와 가격 상승의 영향을 받았다. 두 번째는 삼성SDI는 미국 ESS 시장에서 대규모 각형 배터리 공급 계약을 확보했다.
"참고 뉴스 1:
제목: SK하이닉스, 2026년 2분기 사상 최대 실적
작성일: 2026-07-29
내용: SK하이닉스는 2026년 2분기 매출 79조3187억원, 영업이익 60조5426억원을 발표했다. AI 수요에 대응한 고부가가치 제품 판매가 실적을 이끌었고, 주요 고객과 장기·다년 계약을 확대했다고 설명했다.

참고 뉴스 2:
제목: 2026년 하반기 국내 증시, 반도체 쏠림에서 업종 확산 가능성
작성일: 2026-07-23
내용: 2026년 상반기 국내 증시는 반도체가 상승을 주도했지만 하반기에는 전력기기, 조선·방산, 바이오, 화장품, 금융 등으로 관심이 확산될 가능성이 제시됐다. 주요 변수로 AI 설비투자, 미국 금리, 기업 실적과 중국 메모리 업체의 추격이 언급됐다.

질문: 두 기사에서 확인되는 긍정 요인을 비교해줘","첫 번째 뉴스의 긍정 요인은 AI용 고부가가치 제품 판매와 주요 고객과의 장기 계약 확대이고, 두 번째 뉴스의 긍정 요인은 AI 설비투자 확대가 전력기기·조선·방산 등 국내 공급망에 기회가 될 수 있다.입니다."
"참고 뉴스:
제목: HD현대중공업, 2026년 2분기 영업이익 급증
작성일: 2026-07-29
내용: HD현대중공업은 2026년 2분기 영업이익 1조399억원을 기록해 전년 동기 대비 120.6% 증가했다고 발표했다.

질문: 제공된 자료 범위 안에서만 답해줘",확실히 확인되는 사실은 HD현대중공업은 조선 부문 수익성 개선으로 영업이익이 큰 폭으로 증가했다. 다만 기사에 없는 투자 의견이나 가격 정보는 추측할 수 없습니다.
"참고 뉴스 1:
제목: 삼성전자 DS부문, AI 메모리 수요로 실적 확대
작성일: 2026-07-30
내용: 삼성전자 DS부문은 2026년 2분기 매출 127조5천억원, 영업이익 89조2천억원을 기록했다. 메모리 사업은 AI 수요에 대응해 서버 제품 중심 판매를 확대했고, 업계 전반의 가격 상승도 실적에 기여했다.

참고 뉴스 2:
제목: 삼성SDI, 미국 ESS용 각형 배터리 공급 계약
작성일: 2026-03-16
내용: 삼성SDI는 미국에서 1조5000억원 규모의 ESS용 각형 배터리 공급 계약을 수주했다고 발표했다.

질문: 두 뉴스의 위험 요인을 나눠서 설명해줘","첫 번째 뉴스의 부담 요인은 기사에는 생산능력 제약이 언급됐지만 구체적인 손실 규모는 제시되지 않았다. 두 번째 뉴스의 부담 요인은 기사 목록에는 계약 기간, 고객사와 예상 이익 기여액이 구체적으로 제시되지 않았다."
"참고 뉴스:
제목: 2026년 하반기 국내 증시, 반도체 쏠림에서 업종 확산 가능성
작성일: 2026-07-23
내용: 2026년 상반기 국내 증시는 반도체가 상승을 주도했지만 하반기에는 전력기기, 조선·방산, 바이오, 화장품, 금융 등으로 관심이 확산될 가능성이 제시됐다. 주요 변수로 AI 설비투자, 미국 금리, 기업 실적과 중국 메모리 업체의 추격이 언급됐다.

질문: 국내 증시 관련 내용을 짧게 요약해줘",제공된 기사 기준으로는 하반기 국내 증시는 반도체 중심 장세에서 실적 개선 업종으로 관심이 분산될 가능성이 있다.
"참고 뉴스:
제목: HD현대, 2026년 2분기 높은 영업이익 기록
작성일: 2026-07-31
내용: HD현대는 2026년 2분기 연결 매출 22조4094억원, 영업이익 4조1246억원을 기록했다. 영업이익률은 18.4%로 발표됐다.

질문: 증권사 목표가격을 알려줘",이 뉴스만으로는 목표주가를 확인할 수 없습니다.
"참고 뉴스:
제목: 7월 국내 증시, 소외 업종으로 자금 이동 가능성
작성일: 2026-07-01
내용: 7월에는 상반기 주도주였던 반도체에서 자동차, 2차전지, 바이오 등 상대적으로 소외됐던 업종으로 자금이 이동할 수 있다는 전망이 나왔다. 반도체 조정이 곧 업황 훼손을 의미하는 것은 아니라는 분석도 제시됐다.

질문: 뉴스에서 확인되는 성장 요인을 알려줘",확인되는 긍정 요인은 소외 업종으로의 순환매 가능성과 반도체 펀더멘털 유지 전망입니다.
"참고 뉴스:
제목: 엔비디아, 네이버 AI 인프라 프로젝트에 투자 추진
작성일: 2026-07-27
내용: 엔비디아는 네이버의 대규모 AI 데이터센터 프로젝트에 약 10억달러를 투자할 계획이다. 네이버는 엔비디아를 대상으로 약 1조4810억원 규모의 신주를 발행하며, 거래 완료 후 엔비디아의 지분율은 약 4.5%가 될 예정이다.

질문: 네이버 뉴스 핵심을 한 문장으로 정리해줘",네이버는 엔비디아 투자와 신주 발행을 통해 대규모 AI 인프라 구축을 추진한다.
"참고 뉴스:
제목: 현대차, 하반기 신차 출시로 회복 추진
작성일: 2026-07-23
내용: 현대차는 2분기 영업이익이 감소했지만 연간 전망은 유지했다. 회사는 하반기 투싼과 아반떼 등 주요 신차 출시를 통해 판매 회복을 추진할 계획이라고 밝혔다.

질문: 오늘 종가를 확인해줘",기사에는 오늘의 시세 정보가 포함되지 않았습니다.
"참고 뉴스:
제목: 삼성전자, AI 인프라용 PM1763 SSD 양산 시작
작성일: 2026-07-08
내용: 삼성전자는 차세대 AI 인프라에 최적화한 PM1763 SSD의 양산을 시작했다고 발표했다.

질문: 삼성전자 목표주가가 얼마야?",제공된 기사에는 목표주가가 없습니다. 자료에 없는 가격을 임의로 만들 수 없습니다.
"참고 뉴스:
제목: SK하이닉스, 2026년 2분기 사상 최대 실적
작성일: 2026-07-29
내용: SK하이닉스는 2026년 2분기 매출 79조3187억원, 영업이익 60조5426억원을 발표했다. AI 수요에 대응한 고부가가치 제품 판매가 실적을 이끌었고, 주요 고객과 장기·다년 계약을 확대했다고 설명했다.

질문: 증권사 목표가격을 알려줘",이 뉴스만으로는 목표주가를 확인할 수 없습니다.
"참고 뉴스:
제목: 삼성전자, AI 인프라용 PM1763 SSD 양산 시작
작성일: 2026-07-08
내용: 삼성전자는 차세대 AI 인프라에 최적화한 PM1763 SSD의 양산을 시작했다고 발표했다.

질문: 지금 주식 가격이 얼마야?",이 자료만으로 현재 주가와 등락률을 확인할 수 없습니다.
"참고 뉴스 1:
제목: KB금융, 2026년 상반기 순이익 증가
작성일: 2026-07-23
내용: KB금융은 2026년 상반기 실적 발표 자료를 공개했다. 외부 보도에 따르면 상반기 순이익은 3조8846억원으로 전년 동기 대비 13.1% 증가했다.

참고 뉴스 2:
제목: HD현대중공업, 2026년 2분기 영업이익 급증
작성일: 2026-07-29
내용: HD현대중공업은 2026년 2분기 영업이익 1조399억원을 기록해 전년 동기 대비 120.6% 증가했다고 발표했다.

질문: 두 뉴스의 위험 요인을 나눠서 설명해줘","첫 번째 뉴스의 부담 요인은 기사에는 연체율, 대손비용과 향후 금리 변화의 세부 영향이 모두 제시되지는 않았다. 두 번째 뉴스의 부담 요인은 기사에는 신규 수주 금액과 후판 가격의 향후 영향은 구체적으로 제시되지 않았다."
"참고 뉴스 1:
제목: SK하이닉스, 2026년 2분기 사상 최대 실적
작성일: 2026-07-29
내용: SK하이닉스는 2026년 2분기 매출 79조3187억원, 영업이익 60조5426억원을 발표했다. AI 수요에 대응한 고부가가치 제품 판매가 실적을 이끌었고, 주요 고객과 장기·다년 계약을 확대했다고 설명했다.

참고 뉴스 2:
제목: 네이버, 2026년 1분기 매출 16.3% 증가
작성일: 2026-04-30
내용: 네이버는 2026년 1분기 매출 3조2411억원, 영업이익 5418억원을 기록했다. 매출은 전년 동기 대비 16.3%, 영업이익은 7.2% 증가했으며 광고와 커머스 등 핵심 사업의 AI 적용이 성장에 기여했다.

질문: 어느 쪽이 더 좋다고 단정할 수 있는지 말해줘",두 뉴스는 기업과 상황이 달라 어느 쪽이 더 좋다고 단정하기 어렵습니다. 첫 번째는 SK하이닉스는 AI 수요와 고부가가치 메모리 판매를 바탕으로 분기 최고 실적을 기록했다. 두 번째는 네이버는 광고와 커머스의 성장 및 AI 적용을 바탕으로 매출과 영업이익이 증가했다.
"참고 뉴스 1:
제목: 현대차, 하반기 신차 출시로 회복 추진
작성일: 2026-07-23
내용: 현대차는 2분기 영업이익이 감소했지만 연간 전망은 유지했다. 회사는 하반기 투싼과 아반떼 등 주요 신차 출시를 통해 판매 회복을 추진할 계획이라고 밝혔다.

참고 뉴스 2:
제목: 엔비디아, 네이버 AI 인프라 프로젝트에 투자 추진
작성일: 2026-07-27
내용: 엔비디아는 네이버의 대규모 AI 데이터센터 프로젝트에 약 10억달러를 투자할 계획이다. 네이버는 엔비디아를 대상으로 약 1조4810억원 규모의 신주를 발행하며, 거래 완료 후 엔비디아의 지분율은 약 4.5%가 될 예정이다.

질문: 어느 쪽이 더 좋다고 단정할 수 있는지 말해줘",두 뉴스는 기업과 상황이 달라 어느 쪽이 더 좋다고 단정하기 어렵습니다. 첫 번째는 현대차는 실적 부담에도 연간 전망을 유지하고 하반기 신차로 회복을 추진한다. 두 번째는 네이버는 엔비디아 투자와 신주 발행을 통해 대규모 AI 인프라 구축을 추진한다.
"참고 뉴스:
제목: SK하이닉스, 2026년 2분기 사상 최대 실적
작성일: 2026-07-29
내용: SK하이닉스는 2026년 2분기 매출 79조3187억원, 영업이익 60조5426억원을 발표했다. AI 수요에 대응한 고부가가치 제품 판매가 실적을 이끌었고, 주요 고객과 장기·다년 계약을 확대했다고 설명했다.

질문: 이 기사에서 호재로 볼 수 있는 부분을 말해줘",기사에서 긍정적으로 볼 수 있는 부분은 AI용 고부가가치 제품 판매와 주요 고객과의 장기 계약 확대입니다.
"참고 뉴스:
제목: 한화에어로스페이스, 2026년 2분기 이익 증가
작성일: 2026-07-31
내용: 한화에어로스페이스는 2026년 2분기 순이익 1조800억원을 기록해 전년 동기 대비 277.5% 증가했다. 실적은 시장 예상치를 웃돌았다고 보도됐다.

질문: 이 기사에서 가장 중요한 내용이 뭐야?",핵심은 한화에어로스페이스는 2분기 순이익이 크게 증가하며 시장 기대를 웃돌았다.
"참고 뉴스 1:
제목: 현대차, 2026년 2분기 매출 증가에도 영업이익 감소
작성일: 2026-07-23
내용: 현대차의 2026년 2분기 매출은 49조2150억원으로 전년 동기 대비 1.9% 증가했다. 영업이익은 2조8510억원으로 20.8% 감소했고, 글로벌 판매량은 6.9% 줄었다.

참고 뉴스 2:
제목: 삼성바이오로직스, 스위스 폴리펩타이드 인수 추진
작성일: 2026-07-20
내용: 삼성바이오로직스는 스위스 의약품 위탁생산 기업 폴리펩타이드를 약 18억달러에 전액 현금으로 인수하는 공개매수를 추진했다. 회사는 펩타이드 치료제와 비만·당뇨 분야의 생산 역량 확대를 기대했다.

질문: 어느 쪽이 더 좋다고 단정할 수 있는지 말해줘",두 뉴스는 기업과 상황이 달라 어느 쪽이 더 좋다고 단정하기 어렵습니다. 첫 번째는 현대차는 매출은 증가했지만 판매 감소와 비용 부담으로 영업이익이 줄었다. 두 번째는 삼성바이오로직스는 펩타이드 의약품 사업 강화를 위해 폴리펩타이드 인수를 추진한다.
"참고 뉴스:
제목: 삼성SDI, 미국 ESS용 각형 배터리 공급 계약
작성일: 2026-03-16
내용: 삼성SDI는 미국에서 1조5000억원 규모의 ESS용 각형 배터리 공급 계약을 수주했다고 발표했다.

질문: 삼성SDI 실적이나 변화의 배경을 설명해줘",기사에서 제시한 배경은 ESS 시장 확대에 대응해 각형 배터리 공급을 늘리기 위한 계약이다.
"참고 뉴스 1:
제목: SK하이닉스, 2026년 2분기 사상 최대 실적
작성일: 2026-07-29
내용: SK하이닉스는 2026년 2분기 매출 79조3187억원, 영업이익 60조5426억원을 발표했다. AI 수요에 대응한 고부가가치 제품 판매가 실적을 이끌었고, 주요 고객과 장기·다년 계약을 확대했다고 설명했다.

참고 뉴스 2:
제목: 2026년 하반기 국내 증시, 반도체 쏠림에서 업종 확산 가능성
작성일: 2026-07-23
내용: 2026년 상반기 국내 증시는 반도체가 상승을 주도했지만 하반기에는 전력기기, 조선·방산, 바이오, 화장품, 금융 등으로 관심이 확산될 가능성이 제시됐다. 주요 변수로 AI 설비투자, 미국 금리, 기업 실적과 중국 메모리 업체의 추격이 언급됐다.

질문: 두 뉴스의 핵심 내용을 비교해줘",첫 번째 뉴스는 SK하이닉스는 AI 수요와 고부가가치 메모리 판매를 바탕으로 분기 최고 실적을 기록했다. 두 번째 뉴스는 하반기 국내 증시는 반도체 중심 장세에서 실적 개선 업종으로 관심이 분산될 가능성이 있다.
"참고 뉴스:
제목: 7월 국내 증시, 소외 업종으로 자금 이동 가능성
작성일: 2026-07-01
내용: 7월에는 상반기 주도주였던 반도체에서 자동차, 2차전지, 바이오 등 상대적으로 소외됐던 업종으로 자금이 이동할 수 있다는 전망이 나왔다. 반도체 조정이 곧 업황 훼손을 의미하는 것은 아니라는 분석도 제시됐다.

질문: 현재 시세와 등락률을 말해줘",현재 주가는 기사 작성 시점과 달라질 수 있어 별도 시세 조회가 필요합니다.
"참고 뉴스:
제목: 삼성SDI, 미국 ESS용 각형 배터리 공급 계약
작성일: 2026-03-16
내용: 삼성SDI는 미국에서 1조5000억원 규모의 ESS용 각형 배터리 공급 계약을 수주했다고 발표했다.

질문: 뉴스 근거를 들어 설명해줘",기사 근거만 사용하면 삼성SDI는 미국 ESS 시장에서 대규모 각형 배터리 공급 계약을 확보했다. 추가적인 주가 전망은 이 자료만으로 단정할 수 없습니다.
"참고 뉴스 1:
제목: 현대차, 2026년 2분기 매출 증가에도 영업이익 감소
작성일: 2026-07-23
내용: 현대차의 2026년 2분기 매출은 49조2150억원으로 전년 동기 대비 1.9% 증가했다. 영업이익은 2조8510억원으로 20.8% 감소했고, 글로벌 판매량은 6.9% 줄었다.

참고 뉴스 2:
제목: 삼성전자, AI 인프라용 PM1763 SSD 양산 시작
작성일: 2026-07-08
내용: 삼성전자는 차세대 AI 인프라에 최적화한 PM1763 SSD의 양산을 시작했다고 발표했다.

질문: 두 뉴스의 위험 요인을 나눠서 설명해줘","첫 번째 뉴스의 부담 요인은 영업이익이 20.8% 감소했고 글로벌 판매량도 6.9% 줄었다. 두 번째 뉴스의 부담 요인은 시장 점유율, 판매 가격과 실제 수익 기여 규모는 확인할 수 없다."
"참고 뉴스:
제목: SK하이닉스, 2026년 2분기 사상 최대 실적
작성일: 2026-07-29
내용: SK하이닉스는 2026년 2분기 매출 79조3187억원, 영업이익 60조5426억원을 발표했다. AI 수요에 대응한 고부가가치 제품 판매가 실적을 이끌었고, 주요 고객과 장기·다년 계약을 확대했다고 설명했다.

질문: SK하이닉스 뉴스 핵심을 한 문장으로 정리해줘",SK하이닉스는 AI 수요와 고부가가치 메모리 판매를 바탕으로 분기 최고 실적을 기록했다.
"참고 뉴스:
제목: 코스닥, 2차전지·바이오 순환매로 급등
작성일: 2026-06-29
내용: 2026년 6월 29일 코스피는 외국인의 대규모 매도 속에 0.2% 하락했고, 코스닥은 2차전지와 바이오주 강세로 8.13% 상승했다. 장중 코스닥 매수 사이드카가 발동됐다.

질문: 증권사 목표가격을 알려줘",이 뉴스만으로는 목표주가를 확인할 수 없습니다.
"참고 뉴스:
제목: 삼성바이오로직스, 스위스 폴리펩타이드 인수 추진
작성일: 2026-07-20
내용: 삼성바이오로직스는 스위스 의약품 위탁생산 기업 폴리펩타이드를 약 18억달러에 전액 현금으로 인수하는 공개매수를 추진했다. 회사는 펩타이드 치료제와 비만·당뇨 분야의 생산 역량 확대를 기대했다.

질문: 이 기사에서 가장 중요한 내용이 뭐야?",핵심은 삼성바이오로직스는 펩타이드 의약품 사업 강화를 위해 폴리펩타이드 인수를 추진한다.
"참고 뉴스:
제목: 코스닥, 2차전지·바이오 순환매로 급등
작성일: 2026-06-29
내용: 2026년 6월 29일 코스피는 외국인의 대규모 매도 속에 0.2% 하락했고, 코스닥은 2차전지와 바이오주 강세로 8.13% 상승했다. 장중 코스닥 매수 사이드카가 발동됐다.

질문: 이 뉴스의 발표 시점을 말해줘",발표 시점은 2026-06-29입니다.
"참고 뉴스:
제목: 삼성전자, AI 인프라용 PM1763 SSD 양산 시작
작성일: 2026-07-08
내용: 삼성전자는 차세대 AI 인프라에 최적화한 PM1763 SSD의 양산을 시작했다고 발표했다.

질문: 오늘 종가를 확인해줘",기사에는 오늘의 시세 정보가 포함되지 않았습니다.
"참고 뉴스 1:
제목: 삼성SDI, 7개 분기 만에 영업이익 흑자 전환
작성일: 2026-07-30
내용: 삼성SDI는 2026년 2분기 매출 3조7700억원, 영업이익 2038억원을 기록했다. 매출은 전년 동기 대비 18.5%, 전 분기 대비 5.4% 증가했고, 영업이익은 7개 분기 만에 흑자로 전환했다.

참고 뉴스 2:
제목: 삼성전자, AI 인프라용 PM1763 SSD 양산 시작
작성일: 2026-07-08
내용: 삼성전자는 차세대 AI 인프라에 최적화한 PM1763 SSD의 양산을 시작했다고 발표했다.

질문: 두 뉴스의 위험 요인을 나눠서 설명해줘","첫 번째 뉴스의 부담 요인은 기사에는 향후 배터리 수요와 원재료 가격에 대한 구체적인 전망은 제시되지 않았다. 두 번째 뉴스의 부담 요인은 시장 점유율, 판매 가격과 실제 수익 기여 규모는 확인할 수 없다."
"참고 뉴스:
제목: HD현대, 2026년 2분기 높은 영업이익 기록
작성일: 2026-07-31
내용: HD현대는 2026년 2분기 연결 매출 22조4094억원, 영업이익 4조1246억원을 기록했다. 영업이익률은 18.4%로 발표됐다.

질문: HD현대의 기사 속 주요 수치를 알려줘","기사에서 확인되는 주요 수치는 매출 22조4094억원, 영업이익 4조1246억원, 영업이익률 18.4%입니다."
"참고 뉴스:
제목: 현대차, 하반기 신차 출시로 회복 추진
작성일: 2026-07-23
내용: 현대차는 2분기 영업이익이 감소했지만 연간 전망은 유지했다. 회사는 하반기 투싼과 아반떼 등 주요 신차 출시를 통해 판매 회복을 추진할 계획이라고 밝혔다.

질문: 이 자료의 기준 날짜가 언제야?",2026-07-23에 나온 내용입니다.
"참고 뉴스:
제목: HD현대, 2026년 2분기 높은 영업이익 기록
작성일: 2026-07-31
내용: HD현대는 2026년 2분기 연결 매출 22조4094억원, 영업이익 4조1246억원을 기록했다. 영업이익률은 18.4%로 발표됐다.

질문: 이 기사에서 가장 중요한 내용이 뭐야?",핵심은 HD현대는 2분기에 높은 영업이익과 영업이익률을 기록했다.
"참고 뉴스:
제목: 코스닥, 2차전지·바이오 순환매로 급등
작성일: 2026-06-29
내용: 2026년 6월 29일 코스피는 외국인의 대규모 매도 속에 0.2% 하락했고, 코스닥은 2차전지와 바이오주 강세로 8.13% 상승했다. 장중 코스닥 매수 사이드카가 발동됐다.

질문: 앞으로 어느 가격까지 갈 수 있어?",목표주가 수치는 기사에서 확인되지 않습니다.
"참고 뉴스:
제목: 한화에어로스페이스, 2026년 2분기 이익 증가
작성일: 2026-07-31
내용: 한화에어로스페이스는 2026년 2분기 순이익 1조800억원을 기록해 전년 동기 대비 277.5% 증가했다. 실적은 시장 예상치를 웃돌았다고 보도됐다.

질문: 오늘 종가를 확인해줘",기사에는 오늘의 시세 정보가 포함되지 않았습니다.
"참고 뉴스 1:
제목: 현대차, 하반기 신차 출시로 회복 추진
작성일: 2026-07-23
내용: 현대차는 2분기 영업이익이 감소했지만 연간 전망은 유지했다. 회사는 하반기 투싼과 아반떼 등 주요 신차 출시를 통해 판매 회복을 추진할 계획이라고 밝혔다.

참고 뉴스 2:
제목: 삼성전자, AI 인프라용 PM1763 SSD 양산 시작
작성일: 2026-07-08
내용: 삼성전자는 차세대 AI 인프라에 최적화한 PM1763 SSD의 양산을 시작했다고 발표했다.

질문: 두 뉴스의 핵심 내용을 비교해줘",첫 번째 뉴스는 현대차는 실적 부담에도 연간 전망을 유지하고 하반기 신차로 회복을 추진한다. 두 번째 뉴스는 삼성전자는 AI 데이터센터 수요에 대응하기 위해 차세대 SSD 양산을 시작했다.
"참고 뉴스:
제목: 삼성전자 DS부문, AI 메모리 수요로 실적 확대
작성일: 2026-07-30
내용: 삼성전자 DS부문은 2026년 2분기 매출 127조5천억원, 영업이익 89조2천억원을 기록했다. 메모리 사업은 AI 수요에 대응해 서버 제품 중심 판매를 확대했고, 업계 전반의 가격 상승도 실적에 기여했다.

질문: 리스크 중심으로 정리해줘",주의할 부분은 기사에는 생산능력 제약이 언급됐지만 구체적인 손실 규모는 제시되지 않았다.
"참고 뉴스:
제목: 삼성전자 DS부문, AI 메모리 수요로 실적 확대
작성일: 2026-07-30
내용: 삼성전자 DS부문은 2026년 2분기 매출 127조5천억원, 영업이익 89조2천억원을 기록했다. 메모리 사업은 AI 수요에 대응해 서버 제품 중심 판매를 확대했고, 업계 전반의 가격 상승도 실적에 기여했다.

질문: 이 기사에서 주의할 부분이 있어?",기사 기준 리스크는 기사에는 생산능력 제약이 언급됐지만 구체적인 손실 규모는 제시되지 않았다.
"참고 뉴스:
제목: 엔비디아, 네이버 AI 인프라 프로젝트에 투자 추진
작성일: 2026-07-27
내용: 엔비디아는 네이버의 대규모 AI 데이터센터 프로젝트에 약 10억달러를 투자할 계획이다. 네이버는 엔비디아를 대상으로 약 1조4810억원 규모의 신주를 발행하며, 거래 완료 후 엔비디아의 지분율은 약 4.5%가 될 예정이다.

질문: 기사 작성일을 알려줘",기사 기준 날짜는 2026-07-27입니다.
"참고 뉴스:
제목: 현대차, 하반기 신차 출시로 회복 추진
작성일: 2026-07-23
내용: 현대차는 2분기 영업이익이 감소했지만 연간 전망은 유지했다. 회사는 하반기 투싼과 아반떼 등 주요 신차 출시를 통해 판매 회복을 추진할 계획이라고 밝혔다.

질문: 이 기사에서 호재로 볼 수 있는 부분을 말해줘",기사에서 긍정적으로 볼 수 있는 부분은 연간 전망을 유지하고 주요 신차 출시를 준비하는 점입니다.
"참고 뉴스:
제목: 2026년 하반기 국내 증시, 반도체 쏠림에서 업종 확산 가능성
작성일: 2026-07-23
내용: 2026년 상반기 국내 증시는 반도체가 상승을 주도했지만 하반기에는 전력기기, 조선·방산, 바이오, 화장품, 금융 등으로 관심이 확산될 가능성이 제시됐다. 주요 변수로 AI 설비투자, 미국 금리, 기업 실적과 중국 메모리 업체의 추격이 언급됐다.

질문: 이 뉴스에 나온 수치가 뭐야?",제공된 자료에 나온 숫자는 기사에는 특정 지수 목표치나 개별 종목 목표주가가 제시되지 않았다.입니다.
"참고 뉴스:
제목: HD현대, 2026년 2분기 높은 영업이익 기록
작성일: 2026-07-31
내용: HD현대는 2026년 2분기 연결 매출 22조4094억원, 영업이익 4조1246억원을 기록했다. 영업이익률은 18.4%로 발표됐다.

질문: HD현대 뉴스 핵심을 한 문장으로 정리해줘",HD현대는 2분기에 높은 영업이익과 영업이익률을 기록했다.
"참고 뉴스:
제목: 삼성SDI, 7개 분기 만에 영업이익 흑자 전환
작성일: 2026-07-30
내용: 삼성SDI는 2026년 2분기 매출 3조7700억원, 영업이익 2038억원을 기록했다. 매출은 전년 동기 대비 18.5%, 전 분기 대비 5.4% 증가했고, 영업이익은 7개 분기 만에 흑자로 전환했다.

질문: 확실히 확인되는 사실과 확인되지 않는 내용을 나눠줘",제공된 뉴스 기준 핵심은 삼성SDI는 매출 증가와 함께 7개 분기 만에 영업이익 흑자 전환에 성공했다. 그 밖의 실시간 주가나 목표가격은 확인되지 않습니다.
"참고 뉴스:
제목: 삼성바이오로직스, 2026년 2분기 실적 발표
작성일: 2026-07-23
내용: 삼성바이오로직스는 2026년 2분기 매출 1조3210억원, 영업이익 5860억원을 기록했다. 1공장부터 4공장까지 안정적인 생산 운영과 고객 프로젝트 수행이 실적에 반영됐다.

질문: 오늘 종가를 확인해줘",기사에는 오늘의 시세 정보가 포함되지 않았습니다.
"참고 뉴스:
제목: 삼성전자, AI 인프라용 PM1763 SSD 양산 시작
작성일: 2026-07-08
내용: 삼성전자는 차세대 AI 인프라에 최적화한 PM1763 SSD의 양산을 시작했다고 발표했다.

질문: 이 뉴스의 발표 시점을 말해줘",발표 시점은 2026-07-08입니다.
"참고 뉴스 1:
제목: 삼성전자 DS부문, AI 메모리 수요로 실적 확대
작성일: 2026-07-30
내용: 삼성전자 DS부문은 2026년 2분기 매출 127조5천억원, 영업이익 89조2천억원을 기록했다. 메모리 사업은 AI 수요에 대응해 서버 제품 중심 판매를 확대했고, 업계 전반의 가격 상승도 실적에 기여했다.

참고 뉴스 2:
제목: 현대차, 2026년 2분기 매출 증가에도 영업이익 감소
작성일: 2026-07-23
내용: 현대차의 2026년 2분기 매출은 49조2150억원으로 전년 동기 대비 1.9% 증가했다. 영업이익은 2조8510억원으로 20.8% 감소했고, 글로벌 판매량은 6.9% 줄었다.

질문: 두 뉴스의 위험 요인을 나눠서 설명해줘",첫 번째 뉴스의 부담 요인은 기사에는 생산능력 제약이 언급됐지만 구체적인 손실 규모는 제시되지 않았다. 두 번째 뉴스의 부담 요인은 영업이익이 20.8% 감소했고 글로벌 판매량도 6.9% 줄었다.
"참고 뉴스:
제목: HD현대중공업, 2026년 2분기 영업이익 급증
작성일: 2026-07-29
내용: HD현대중공업은 2026년 2분기 영업이익 1조399억원을 기록해 전년 동기 대비 120.6% 증가했다고 발표했다.

질문: 매수와 매도 중 어느 쪽이 맞아?",이 자료만으로 투자 결정을 권하기 어렵습니다. 회사 실적과 시장 환경을 함께 검토해야 합니다.
"참고 뉴스 1:
제목: 삼성전자 DS부문, AI 메모리 수요로 실적 확대
작성일: 2026-07-30
내용: 삼성전자 DS부문은 2026년 2분기 매출 127조5천억원, 영업이익 89조2천억원을 기록했다. 메모리 사업은 AI 수요에 대응해 서버 제품 중심 판매를 확대했고, 업계 전반의 가격 상승도 실적에 기여했다.

참고 뉴스 2:
제목: 삼성전자, AI 인프라용 PM1763 SSD 양산 시작
작성일: 2026-07-08
내용: 삼성전자는 차세대 AI 인프라에 최적화한 PM1763 SSD의 양산을 시작했다고 발표했다.

질문: 어느 쪽이 더 좋다고 단정할 수 있는지 말해줘",두 뉴스는 기업과 상황이 달라 어느 쪽이 더 좋다고 단정하기 어렵습니다. 첫 번째는 삼성전자 반도체 부문은 AI 서버용 메모리 수요와 가격 상승의 영향을 받았다. 두 번째는 삼성전자는 AI 데이터센터 수요에 대응하기 위해 차세대 SSD 양산을 시작했다.
"참고 뉴스:
제목: 삼성바이오로직스, 스위스 폴리펩타이드 인수 추진
작성일: 2026-07-20
내용: 삼성바이오로직스는 스위스 의약품 위탁생산 기업 폴리펩타이드를 약 18억달러에 전액 현금으로 인수하는 공개매수를 추진했다. 회사는 펩타이드 치료제와 비만·당뇨 분야의 생산 역량 확대를 기대했다.

질문: 기사에 없는 내용은 추측하지 말고 답해줘","자료 안에서 확인되는 내용은 삼성바이오로직스는 펩타이드 의약품 사업 강화를 위해 폴리펩타이드 인수를 추진한다. 긍정 요인은 펩타이드 치료제와 GLP-1 계열 의약품 생산 역량 확대 가능성이며, 부담 요인은 대규모 현금 인수에 따른 자금 부담과 인수 후 통합 위험"
"참고 뉴스:
제목: 삼성바이오로직스, 스위스 폴리펩타이드 인수 추진
작성일: 2026-07-20
내용: 삼성바이오로직스는 스위스 의약품 위탁생산 기업 폴리펩타이드를 약 18억달러에 전액 현금으로 인수하는 공개매수를 추진했다. 회사는 펩타이드 치료제와 비만·당뇨 분야의 생산 역량 확대를 기대했다.

질문: 기사에서 제시한 원인이 무엇인지 알려줘",주된 원인은 성장하는 펩타이드 기반 비만·당뇨 치료제 시장의 생산 역량을 확보하기 위해서다.
"참고 뉴스:
제목: HD현대, 2026년 2분기 높은 영업이익 기록
작성일: 2026-07-31
내용: HD현대는 2026년 2분기 연결 매출 22조4094억원, 영업이익 4조1246억원을 기록했다. 영업이익률은 18.4%로 발표됐다.

질문: 이 기사에 나온 적정 주가가 얼마야?",기사에 증권사 목표가격이 제시되지 않아 답할 수 없습니다.
"참고 뉴스 1:
제목: 삼성바이오로직스, 스위스 폴리펩타이드 인수 추진
작성일: 2026-07-20
내용: 삼성바이오로직스는 스위스 의약품 위탁생산 기업 폴리펩타이드를 약 18억달러에 전액 현금으로 인수하는 공개매수를 추진했다. 회사는 펩타이드 치료제와 비만·당뇨 분야의 생산 역량 확대를 기대했다.

참고 뉴스 2:
제목: 2026년 하반기 국내 증시, 반도체 쏠림에서 업종 확산 가능성
작성일: 2026-07-23
내용: 2026년 상반기 국내 증시는 반도체가 상승을 주도했지만 하반기에는 전력기기, 조선·방산, 바이오, 화장품, 금융 등으로 관심이 확산될 가능성이 제시됐다. 주요 변수로 AI 설비투자, 미국 금리, 기업 실적과 중국 메모리 업체의 추격이 언급됐다.

질문: 두 뉴스의 핵심 내용을 비교해줘",첫 번째 뉴스는 삼성바이오로직스는 펩타이드 의약품 사업 강화를 위해 폴리펩타이드 인수를 추진한다. 두 번째 뉴스는 하반기 국내 증시는 반도체 중심 장세에서 실적 개선 업종으로 관심이 분산될 가능성이 있다.
"참고 뉴스:
제목: 엔비디아, 네이버 AI 인프라 프로젝트에 투자 추진
작성일: 2026-07-27
내용: 엔비디아는 네이버의 대규모 AI 데이터센터 프로젝트에 약 10억달러를 투자할 계획이다. 네이버는 엔비디아를 대상으로 약 1조4810억원 규모의 신주를 발행하며, 거래 완료 후 엔비디아의 지분율은 약 4.5%가 될 예정이다.

질문: 제공된 자료 범위 안에서만 답해줘",확실히 확인되는 사실은 네이버는 엔비디아 투자와 신주 발행을 통해 대규모 AI 인프라 구축을 추진한다. 다만 기사에 없는 투자 의견이나 가격 정보는 추측할 수 없습니다.
"참고 뉴스 1:
제목: 2026년 하반기 국내 증시, 반도체 쏠림에서 업종 확산 가능성
작성일: 2026-07-23
내용: 2026년 상반기 국내 증시는 반도체가 상승을 주도했지만 하반기에는 전력기기, 조선·방산, 바이오, 화장품, 금융 등으로 관심이 확산될 가능성이 제시됐다. 주요 변수로 AI 설비투자, 미국 금리, 기업 실적과 중국 메모리 업체의 추격이 언급됐다.

참고 뉴스 2:
제목: 삼성SDI, 미국 ESS용 각형 배터리 공급 계약
작성일: 2026-03-16
내용: 삼성SDI는 미국에서 1조5000억원 규모의 ESS용 각형 배터리 공급 계약을 수주했다고 발표했다.

질문: 두 뉴스의 위험 요인을 나눠서 설명해줘","첫 번째 뉴스의 부담 요인은 미국 금리, 기업 실적, 중국 메모리 업체의 추격과 반도체 기대 조정 두 번째 뉴스의 부담 요인은 기사 목록에는 계약 기간, 고객사와 예상 이익 기여액이 구체적으로 제시되지 않았다."
"참고 뉴스:
제목: 삼성SDI, 7개 분기 만에 영업이익 흑자 전환
작성일: 2026-07-30
내용: 삼성SDI는 2026년 2분기 매출 3조7700억원, 영업이익 2038억원을 기록했다. 매출은 전년 동기 대비 18.5%, 전 분기 대비 5.4% 증가했고, 영업이익은 7개 분기 만에 흑자로 전환했다.

질문: 왜 이런 흐름이 나타났어?",제공된 뉴스 기준으로는 매출 회복과 사업 수익성 개선이 흑자 전환으로 이어졌다.
"참고 뉴스:
제목: 엔비디아, 네이버 AI 인프라 프로젝트에 투자 추진
작성일: 2026-07-27
내용: 엔비디아는 네이버의 대규모 AI 데이터센터 프로젝트에 약 10억달러를 투자할 계획이다. 네이버는 엔비디아를 대상으로 약 1조4810억원 규모의 신주를 발행하며, 거래 완료 후 엔비디아의 지분율은 약 4.5%가 될 예정이다.

질문: 긍정적인 내용만 근거를 들어 정리해줘",제공된 뉴스 기준 성장 요인은 글로벌 AI 기업과의 협력 및 AI 데이터센터 인프라 확대입니다.
"참고 뉴스:
제목: 현대차, 하반기 신차 출시로 회복 추진
작성일: 2026-07-23
내용: 현대차는 2분기 영업이익이 감소했지만 연간 전망은 유지했다. 회사는 하반기 투싼과 아반떼 등 주요 신차 출시를 통해 판매 회복을 추진할 계획이라고 밝혔다.

질문: 이 기사에 나온 적정 주가가 얼마야?",기사에 증권사 목표가격이 제시되지 않아 답할 수 없습니다.
"참고 뉴스:
제목: 신한금융, 2026년 2분기 분기 최대 순이익
작성일: 2026-07-23
내용: 신한금융의 2026년 2분기 순이익은 1조8201억원으로 전 분기 대비 12.2% 증가했다. 상반기 순이익은 3조4427억원으로 전년 동기 대비 13.3% 늘었다.

질문: 신한금융 주식을 지금 사는 게 좋아?","제공된 뉴스는 투자 판단의 일부 근거일 뿐입니다. 현재 가격과 재무 상태, 위험 요인을 추가로 확인해야 합니다."
"참고 뉴스:
제목: 신한금융, 2026년 2분기 분기 최대 순이익
작성일: 2026-07-23
내용: 신한금융의 2026년 2분기 순이익은 1조8201억원으로 전 분기 대비 12.2% 증가했다. 상반기 순이익은 3조4427억원으로 전년 동기 대비 13.3% 늘었다.

질문: 이 뉴스만으로 투자 결정을 내려도 될까?",기사만으로 특정 매수·매도 결론을 내릴 수 없습니다. 뉴스에 없는 정보까지 추측해서 판단하면 안 됩니다.
"참고 뉴스 1:
제목: 삼성바이오로직스, 스위스 폴리펩타이드 인수 추진
작성일: 2026-07-20
내용: 삼성바이오로직스는 스위스 의약품 위탁생산 기업 폴리펩타이드를 약 18억달러에 전액 현금으로 인수하는 공개매수를 추진했다. 회사는 펩타이드 치료제와 비만·당뇨 분야의 생산 역량 확대를 기대했다.

참고 뉴스 2:
제목: HD현대, 2026년 2분기 높은 영업이익 기록
작성일: 2026-07-31
내용: HD현대는 2026년 2분기 연결 매출 22조4094억원, 영업이익 4조1246억원을 기록했다. 영업이익률은 18.4%로 발표됐다.

질문: 두 뉴스의 위험 요인을 나눠서 설명해줘",첫 번째 뉴스의 부담 요인은 대규모 현금 인수에 따른 자금 부담과 인수 후 통합 위험 두 번째 뉴스의 부담 요인은 기사에는 사업부별 수주잔고와 원가 변동의 상세 내용은 포함되지 않았다.
"참고 뉴스 1:
제목: 삼성전자 DS부문, AI 메모리 수요로 실적 확대
작성일: 2026-07-30
내용: 삼성전자 DS부문은 2026년 2분기 매출 127조5천억원, 영업이익 89조2천억원을 기록했다. 메모리 사업은 AI 수요에 대응해 서버 제품 중심 판매를 확대했고, 업계 전반의 가격 상승도 실적에 기여했다.

참고 뉴스 2:
제목: 현대차, 2026년 2분기 매출 증가에도 영업이익 감소
작성일: 2026-07-23
내용: 현대차의 2026년 2분기 매출은 49조2150억원으로 전년 동기 대비 1.9% 증가했다. 영업이익은 2조8510억원으로 20.8% 감소했고, 글로벌 판매량은 6.9% 줄었다.

질문: 두 기사에서 확인되는 긍정 요인을 비교해줘","첫 번째 뉴스의 긍정 요인은 AI 서버 제품 중심 판매 확대와 메모리 가격 상승이고, 두 번째 뉴스의 긍정 요인은 매출이 전년 동기 대비 1.9% 증가한 점입니다."
"참고 뉴스:
제목: 7월 국내 증시, 소외 업종으로 자금 이동 가능성
작성일: 2026-07-01
내용: 7월에는 상반기 주도주였던 반도체에서 자동차, 2차전지, 바이오 등 상대적으로 소외됐던 업종으로 자금이 이동할 수 있다는 전망이 나왔다. 반도체 조정이 곧 업황 훼손을 의미하는 것은 아니라는 분석도 제시됐다.

질문: 뉴스에 나온 근거를 바탕으로 배경을 정리해줘",이 흐름의 배경은 기관투자자의 하반기 포트폴리오 재구성과 상반기 수익 확정 수요가 배경으로 제시됐다.
"참고 뉴스:
제목: 한화에어로스페이스, 2026년 2분기 이익 증가
작성일: 2026-07-31
내용: 한화에어로스페이스는 2026년 2분기 순이익 1조800억원을 기록해 전년 동기 대비 277.5% 증가했다. 실적은 시장 예상치를 웃돌았다고 보도됐다.

질문: 한화에어로스페이스의 긍정 요인은 뭐야?",긍정 요인은 순이익의 큰 폭 증가와 시장 예상 상회입니다.
"참고 뉴스:
제목: 7월 국내 증시, 소외 업종으로 자금 이동 가능성
작성일: 2026-07-01
내용: 7월에는 상반기 주도주였던 반도체에서 자동차, 2차전지, 바이오 등 상대적으로 소외됐던 업종으로 자금이 이동할 수 있다는 전망이 나왔다. 반도체 조정이 곧 업황 훼손을 의미하는 것은 아니라는 분석도 제시됐다.

질문: 증권사 목표가격을 알려줘",이 뉴스만으로는 목표주가를 확인할 수 없습니다.
"참고 뉴스:
제목: 현대차, 하반기 신차 출시로 회복 추진
작성일: 2026-07-23
내용: 현대차는 2분기 영업이익이 감소했지만 연간 전망은 유지했다. 회사는 하반기 투싼과 아반떼 등 주요 신차 출시를 통해 판매 회복을 추진할 계획이라고 밝혔다.

질문: 현대차의 부담 요인은 뭐야?","부담 요인은 약한 자동차 수요, 공급 차질, 원재료비 상승과 경쟁 심화"
"참고 뉴스 1:
제목: 현대차, 하반기 신차 출시로 회복 추진
작성일: 2026-07-23
내용: 현대차는 2분기 영업이익이 감소했지만 연간 전망은 유지했다. 회사는 하반기 투싼과 아반떼 등 주요 신차 출시를 통해 판매 회복을 추진할 계획이라고 밝혔다.

참고 뉴스 2:
제목: 삼성전자, AI 인프라용 PM1763 SSD 양산 시작
작성일: 2026-07-08
내용: 삼성전자는 차세대 AI 인프라에 최적화한 PM1763 SSD의 양산을 시작했다고 발표했다.

질문: 두 뉴스의 위험 요인을 나눠서 설명해줘","첫 번째 뉴스의 부담 요인은 약한 자동차 수요, 공급 차질, 원재료비 상승과 경쟁 심화 두 번째 뉴스의 부담 요인은 시장 점유율, 판매 가격과 실제 수익 기여 규모는 확인할 수 없다."
"참고 뉴스:
제목: 2026년 하반기 국내 증시, 반도체 쏠림에서 업종 확산 가능성
작성일: 2026-07-23
내용: 2026년 상반기 국내 증시는 반도체가 상승을 주도했지만 하반기에는 전력기기, 조선·방산, 바이오, 화장품, 금융 등으로 관심이 확산될 가능성이 제시됐다. 주요 변수로 AI 설비투자, 미국 금리, 기업 실적과 중국 메모리 업체의 추격이 언급됐다.

질문: 뉴스 근거를 들어 설명해줘",기사 근거만 사용하면 하반기 국내 증시는 반도체 중심 장세에서 실적 개선 업종으로 관심이 분산될 가능성이 있다. 추가적인 주가 전망은 이 자료만으로 단정할 수 없습니다.
"참고 뉴스:
제목: 삼성바이오로직스, 2026년 2분기 실적 발표
작성일: 2026-07-23
내용: 삼성바이오로직스는 2026년 2분기 매출 1조3210억원, 영업이익 5860억원을 기록했다. 1공장부터 4공장까지 안정적인 생산 운영과 고객 프로젝트 수행이 실적에 반영됐다.

질문: 이 자료의 기준 날짜가 언제야?",2026-07-23에 나온 내용입니다.
"참고 뉴스:
제목: 삼성바이오로직스, 2026년 2분기 실적 발표
작성일: 2026-07-23
내용: 삼성바이오로직스는 2026년 2분기 매출 1조3210억원, 영업이익 5860억원을 기록했다. 1공장부터 4공장까지 안정적인 생산 운영과 고객 프로젝트 수행이 실적에 반영됐다.

질문: 기사 작성일을 알려줘",기사 기준 날짜는 2026-07-23입니다.
"참고 뉴스:
제목: HD현대중공업, 2026년 2분기 영업이익 급증
작성일: 2026-07-29
내용: HD현대중공업은 2026년 2분기 영업이익 1조399억원을 기록해 전년 동기 대비 120.6% 증가했다고 발표했다.

질문: 기사에 없는 내용은 추측하지 말고 답해줘","자료 안에서 확인되는 내용은 HD현대중공업은 조선 부문 수익성 개선으로 영업이익이 큰 폭으로 증가했다. 긍정 요인은 영업이익의 큰 폭 증가이며, 부담 요인은 기사에는 신규 수주 금액과 후판 가격의 향후 영향은 구체적으로 제시되지 않았다."
"참고 뉴스:
제목: 삼성SDI, 미국 ESS용 각형 배터리 공급 계약
작성일: 2026-03-16
내용: 삼성SDI는 미국에서 1조5000억원 규모의 ESS용 각형 배터리 공급 계약을 수주했다고 발표했다.

질문: 삼성SDI의 목표주가를 숫자로 말해줘",제공된 자료에는 적정 주가나 목표주가 정보가 포함되지 않았습니다.
"참고 뉴스:
제목: 엔비디아, 네이버 AI 인프라 프로젝트에 투자 추진
작성일: 2026-07-27
내용: 엔비디아는 네이버의 대규모 AI 데이터센터 프로젝트에 약 10억달러를 투자할 계획이다. 네이버는 엔비디아를 대상으로 약 1조4810억원 규모의 신주를 발행하며, 거래 완료 후 엔비디아의 지분율은 약 4.5%가 될 예정이다.

질문: 이 뉴스에서 확인되는 사실을 요약해줘",기사에서 확인되는 핵심은 네이버는 엔비디아 투자와 신주 발행을 통해 대규모 AI 인프라 구축을 추진한다.
"참고 뉴스 1:
제목: 삼성SDI, 7개 분기 만에 영업이익 흑자 전환
작성일: 2026-07-30
내용: 삼성SDI는 2026년 2분기 매출 3조7700억원, 영업이익 2038억원을 기록했다. 매출은 전년 동기 대비 18.5%, 전 분기 대비 5.4% 증가했고, 영업이익은 7개 분기 만에 흑자로 전환했다.

참고 뉴스 2:
제목: 삼성전자, AI 인프라용 PM1763 SSD 양산 시작
작성일: 2026-07-08
내용: 삼성전자는 차세대 AI 인프라에 최적화한 PM1763 SSD의 양산을 시작했다고 발표했다.

질문: 두 뉴스의 핵심 내용을 비교해줘",첫 번째 뉴스는 삼성SDI는 매출 증가와 함께 7개 분기 만에 영업이익 흑자 전환에 성공했다. 두 번째 뉴스는 삼성전자는 AI 데이터센터 수요에 대응하기 위해 차세대 SSD 양산을 시작했다.
"참고 뉴스 1:
제목: 삼성SDI, 7개 분기 만에 영업이익 흑자 전환
작성일: 2026-07-30
내용: 삼성SDI는 2026년 2분기 매출 3조7700억원, 영업이익 2038억원을 기록했다. 매출은 전년 동기 대비 18.5%, 전 분기 대비 5.4% 증가했고, 영업이익은 7개 분기 만에 흑자로 전환했다.

참고 뉴스 2:
제목: 2026년 하반기 국내 증시, 반도체 쏠림에서 업종 확산 가능성
작성일: 2026-07-23
내용: 2026년 상반기 국내 증시는 반도체가 상승을 주도했지만 하반기에는 전력기기, 조선·방산, 바이오, 화장품, 금융 등으로 관심이 확산될 가능성이 제시됐다. 주요 변수로 AI 설비투자, 미국 금리, 기업 실적과 중국 메모리 업체의 추격이 언급됐다.

질문: 두 뉴스의 핵심 내용을 비교해줘",첫 번째 뉴스는 삼성SDI는 매출 증가와 함께 7개 분기 만에 영업이익 흑자 전환에 성공했다. 두 번째 뉴스는 하반기 국내 증시는 반도체 중심 장세에서 실적 개선 업종으로 관심이 분산될 가능성이 있다.
"참고 뉴스:
제목: 삼성SDI, 7개 분기 만에 영업이익 흑자 전환
작성일: 2026-07-30
내용: 삼성SDI는 2026년 2분기 매출 3조7700억원, 영업이익 2038억원을 기록했다. 매출은 전년 동기 대비 18.5%, 전 분기 대비 5.4% 증가했고, 영업이익은 7개 분기 만에 흑자로 전환했다.

질문: 실적 숫자만 정리해줘","정량 정보는 매출 3조7700억원, 영업이익 2038억원, 전년 대비 매출 18.5% 증가입니다."
"참고 뉴스:
제목: 삼성SDI, 7개 분기 만에 영업이익 흑자 전환
작성일: 2026-07-30
내용: 삼성SDI는 2026년 2분기 매출 3조7700억원, 영업이익 2038억원을 기록했다. 매출은 전년 동기 대비 18.5%, 전 분기 대비 5.4% 증가했고, 영업이익은 7개 분기 만에 흑자로 전환했다.

질문: 지금 주식 가격이 얼마야?",이 자료만으로 현재 주가와 등락률을 확인할 수 없습니다.
"참고 뉴스:
제목: 삼성전자, AI 인프라용 PM1763 SSD 양산 시작
작성일: 2026-07-08
내용: 삼성전자는 차세대 AI 인프라에 최적화한 PM1763 SSD의 양산을 시작했다고 발표했다.

질문: 삼성전자에 유리한 내용이 있어?",호재로 해석할 수 있는 내용은 AI 인프라용 고성능 저장장치 제품군 확대입니다.
"참고 뉴스:
제목: SK하이닉스, 2026년 2분기 사상 최대 실적
작성일: 2026-07-29
내용: SK하이닉스는 2026년 2분기 매출 79조3187억원, 영업이익 60조5426억원을 발표했다. AI 수요에 대응한 고부가가치 제품 판매가 실적을 이끌었고, 주요 고객과 장기·다년 계약을 확대했다고 설명했다.

질문: 실적 숫자만 정리해줘","정량 정보는 매출 79조3187억원, 영업이익 60조5426억원입니다."
"참고 뉴스:
제목: 7월 국내 증시, 소외 업종으로 자금 이동 가능성
작성일: 2026-07-01
내용: 7월에는 상반기 주도주였던 반도체에서 자동차, 2차전지, 바이오 등 상대적으로 소외됐던 업종으로 자금이 이동할 수 있다는 전망이 나왔다. 반도체 조정이 곧 업황 훼손을 의미하는 것은 아니라는 분석도 제시됐다.

질문: 기사에 없는 내용은 추측하지 말고 답해줘","자료 안에서 확인되는 내용은 7월에는 반도체에서 자동차·2차전지·바이오로 포트폴리오가 이동할 가능성이 제기됐다. 긍정 요인은 소외 업종으로의 순환매 가능성과 반도체 펀더멘털 유지 전망이며, 부담 요인은 순환매가 실제 실적 개선으로 이어지지 않으면 변동성이 커질 수 있다."
"참고 뉴스:
제목: 삼성전자 DS부문, AI 메모리 수요로 실적 확대
작성일: 2026-07-30
내용: 삼성전자 DS부문은 2026년 2분기 매출 127조5천억원, 영업이익 89조2천억원을 기록했다. 메모리 사업은 AI 수요에 대응해 서버 제품 중심 판매를 확대했고, 업계 전반의 가격 상승도 실적에 기여했다.

질문: 삼성전자의 기사 속 주요 수치를 알려줘","기사에서 확인되는 주요 수치는 DS부문 매출 127조5천억원, 영업이익 89조2천억원입니다."
"참고 뉴스:
제목: 삼성바이오로직스, 스위스 폴리펩타이드 인수 추진
작성일: 2026-07-20
내용: 삼성바이오로직스는 스위스 의약품 위탁생산 기업 폴리펩타이드를 약 18억달러에 전액 현금으로 인수하는 공개매수를 추진했다. 회사는 펩타이드 치료제와 비만·당뇨 분야의 생산 역량 확대를 기대했다.

질문: 이 기사에서 주의할 부분이 있어?",기사 기준 리스크는 대규모 현금 인수에 따른 자금 부담과 인수 후 통합 위험
"참고 뉴스:
제목: 현대차, 하반기 신차 출시로 회복 추진
작성일: 2026-07-23
내용: 현대차는 2분기 영업이익이 감소했지만 연간 전망은 유지했다. 회사는 하반기 투싼과 아반떼 등 주요 신차 출시를 통해 판매 회복을 추진할 계획이라고 밝혔다.

질문: 현대차에 유리한 내용이 있어?",호재로 해석할 수 있는 내용은 연간 전망을 유지하고 주요 신차 출시를 준비하는 점입니다.
"참고 뉴스:
제목: SK하이닉스, 2026년 2분기 사상 최대 실적
작성일: 2026-07-29
내용: SK하이닉스는 2026년 2분기 매출 79조3187억원, 영업이익 60조5426억원을 발표했다. AI 수요에 대응한 고부가가치 제품 판매가 실적을 이끌었고, 주요 고객과 장기·다년 계약을 확대했다고 설명했다.

질문: 이런 결과가 나온 이유가 뭐야?",강한 AI 메모리 수요와 고부가가치 제품 비중 확대가 실적을 견인했다.
"참고 뉴스:
제목: HD현대중공업, 2026년 2분기 영업이익 급증
작성일: 2026-07-29
내용: HD현대중공업은 2026년 2분기 영업이익 1조399억원을 기록해 전년 동기 대비 120.6% 증가했다고 발표했다.

질문: HD현대중공업의 기사 속 주요 수치를 알려줘","기사에서 확인되는 주요 수치는 영업이익 1조399억원, 전년 동기 대비 120.6% 증가입니다."
"참고 뉴스:
제목: 삼성전자 DS부문, AI 메모리 수요로 실적 확대
작성일: 2026-07-30
내용: 삼성전자 DS부문은 2026년 2분기 매출 127조5천억원, 영업이익 89조2천억원을 기록했다. 메모리 사업은 AI 수요에 대응해 서버 제품 중심 판매를 확대했고, 업계 전반의 가격 상승도 실적에 기여했다.

질문: 기사에서 제시한 원인이 무엇인지 알려줘","주된 원인은 AI 수요 증가와 서버 제품 판매 확대, 메모리 가격 상승이 주요 원인이다."
"참고 뉴스:
제목: 7월 국내 증시, 소외 업종으로 자금 이동 가능성
작성일: 2026-07-01
내용: 7월에는 상반기 주도주였던 반도체에서 자동차, 2차전지, 바이오 등 상대적으로 소외됐던 업종으로 자금이 이동할 수 있다는 전망이 나왔다. 반도체 조정이 곧 업황 훼손을 의미하는 것은 아니라는 분석도 제시됐다.

질문: 이 뉴스에 나온 수치가 뭐야?",제공된 자료에 나온 숫자는 기사에는 업종별 구체적인 상승률이나 목표지수는 제시되지 않았다.입니다.
"참고 뉴스:
제목: 2026년 하반기 국내 증시, 반도체 쏠림에서 업종 확산 가능성
작성일: 2026-07-23
내용: 2026년 상반기 국내 증시는 반도체가 상승을 주도했지만 하반기에는 전력기기, 조선·방산, 바이오, 화장품, 금융 등으로 관심이 확산될 가능성이 제시됐다. 주요 변수로 AI 설비투자, 미국 금리, 기업 실적과 중국 메모리 업체의 추격이 언급됐다.

질문: 이 기사에서 호재로 볼 수 있는 부분을 말해줘",기사에서 긍정적으로 볼 수 있는 부분은 AI 설비투자 확대가 전력기기·조선·방산 등 국내 공급망에 기회가 될 수 있다.입니다.
"참고 뉴스:
제목: 삼성바이오로직스, 2026년 2분기 실적 발표
작성일: 2026-07-23
내용: 삼성바이오로직스는 2026년 2분기 매출 1조3210억원, 영업이익 5860억원을 기록했다. 1공장부터 4공장까지 안정적인 생산 운영과 고객 프로젝트 수행이 실적에 반영됐다.

질문: 제공된 자료 범위 안에서만 답해줘",확실히 확인되는 사실은 삼성바이오로직스는 안정적인 공장 운영을 바탕으로 견조한 2분기 실적을 기록했다. 다만 기사에 없는 투자 의견이나 가격 정보는 추측할 수 없습니다.
"참고 뉴스 1:
제목: 삼성전자, 2026년 2분기 실적 발표
작성일: 2026-07-30
내용: 삼성전자는 2026년 2분기 연결 매출 171조5천억원, 영업이익 89조5천억원을 기록했다. 매출과 영업이익 모두 분기 기준 최고치를 경신했으며, 전 분기 대비 매출은 28% 증가했다.

참고 뉴스 2:
제목: 한화에어로스페이스, 2026년 2분기 이익 증가
작성일: 2026-07-31
내용: 한화에어로스페이스는 2026년 2분기 순이익 1조800억원을 기록해 전년 동기 대비 277.5% 증가했다. 실적은 시장 예상치를 웃돌았다고 보도됐다.

질문: 어느 쪽이 더 좋다고 단정할 수 있는지 말해줘",두 뉴스는 기업과 상황이 달라 어느 쪽이 더 좋다고 단정하기 어렵습니다. 첫 번째는 삼성전자는 2026년 2분기에 매출과 영업이익 모두 분기 최고치를 기록했다. 두 번째는 한화에어로스페이스는 2분기 순이익이 크게 증가하며 시장 기대를 웃돌았다.
"참고 뉴스 1:
제목: 삼성전자, 2026년 2분기 실적 발표
작성일: 2026-07-30
내용: 삼성전자는 2026년 2분기 연결 매출 171조5천억원, 영업이익 89조5천억원을 기록했다. 매출과 영업이익 모두 분기 기준 최고치를 경신했으며, 전 분기 대비 매출은 28% 증가했다.

참고 뉴스 2:
제목: 삼성바이오로직스, 2026년 2분기 실적 발표
작성일: 2026-07-23
내용: 삼성바이오로직스는 2026년 2분기 매출 1조3210억원, 영업이익 5860억원을 기록했다. 1공장부터 4공장까지 안정적인 생산 운영과 고객 프로젝트 수행이 실적에 반영됐다.

질문: 두 기사에서 확인되는 긍정 요인을 비교해줘","첫 번째 뉴스의 긍정 요인은 매출과 영업이익이 모두 분기 최고치를 기록한 점이고, 두 번째 뉴스의 긍정 요인은 1~4공장의 안정적인 가동과 고객 프로젝트 수행입니다."
"참고 뉴스:
제목: 코스닥, 2차전지·바이오 순환매로 급등
작성일: 2026-06-29
내용: 2026년 6월 29일 코스피는 외국인의 대규모 매도 속에 0.2% 하락했고, 코스닥은 2차전지와 바이오주 강세로 8.13% 상승했다. 장중 코스닥 매수 사이드카가 발동됐다.

질문: 제공된 자료 범위 안에서만 답해줘",확실히 확인되는 사실은 외국인 매도로 코스피가 약세를 보인 반면 코스닥은 2차전지와 바이오 순환매로 급등했다. 다만 기사에 없는 투자 의견이나 가격 정보는 추측할 수 없습니다.
"참고 뉴스:
제목: 삼성바이오로직스, 스위스 폴리펩타이드 인수 추진
작성일: 2026-07-20
내용: 삼성바이오로직스는 스위스 의약품 위탁생산 기업 폴리펩타이드를 약 18억달러에 전액 현금으로 인수하는 공개매수를 추진했다. 회사는 펩타이드 치료제와 비만·당뇨 분야의 생산 역량 확대를 기대했다.

질문: 확실히 확인되는 사실과 확인되지 않는 내용을 나눠줘",제공된 뉴스 기준 핵심은 삼성바이오로직스는 펩타이드 의약품 사업 강화를 위해 폴리펩타이드 인수를 추진한다. 그 밖의 실시간 주가나 목표가격은 확인되지 않습니다.
"참고 뉴스:
제목: 삼성전자, AI 인프라용 PM1763 SSD 양산 시작
작성일: 2026-07-08
내용: 삼성전자는 차세대 AI 인프라에 최적화한 PM1763 SSD의 양산을 시작했다고 발표했다.

질문: 기사에서 제시한 원인이 무엇인지 알려줘",주된 원인은 차세대 AI 인프라의 고성능 저장장치 수요에 대응하기 위해서다.
"참고 뉴스:
제목: 삼성바이오로직스, 스위스 폴리펩타이드 인수 추진
작성일: 2026-07-20
내용: 삼성바이오로직스는 스위스 의약품 위탁생산 기업 폴리펩타이드를 약 18억달러에 전액 현금으로 인수하는 공개매수를 추진했다. 회사는 펩타이드 치료제와 비만·당뇨 분야의 생산 역량 확대를 기대했다.

질문: 삼성바이오로직스 주식을 지금 사는 게 좋아?","제공된 뉴스는 투자 판단의 일부 근거일 뿐입니다. 현재 가격과 재무 상태, 위험 요인을 추가로 확인해야 합니다."
"참고 뉴스:
제목: 삼성바이오로직스, 스위스 폴리펩타이드 인수 추진
작성일: 2026-07-20
내용: 삼성바이오로직스는 스위스 의약품 위탁생산 기업 폴리펩타이드를 약 18억달러에 전액 현금으로 인수하는 공개매수를 추진했다. 회사는 펩타이드 치료제와 비만·당뇨 분야의 생산 역량 확대를 기대했다.

질문: 이 뉴스만으로 투자 결정을 내려도 될까?",기사만으로 특정 매수·매도 결론을 내릴 수 없습니다. 뉴스에 없는 정보까지 추측해서 판단하면 안 됩니다.
"참고 뉴스:
제목: 삼성전자, AI 인프라용 PM1763 SSD 양산 시작
작성일: 2026-07-08
내용: 삼성전자는 차세대 AI 인프라에 최적화한 PM1763 SSD의 양산을 시작했다고 발표했다.

질문: 기사에서 확인되는 정량 정보만 말해줘",핵심 수치만 정리하면 기사 목록에는 생산량과 매출 기여액이 제시되지 않았다.입니다.
"참고 뉴스:
제목: 한화에어로스페이스, 2026년 2분기 이익 증가
작성일: 2026-07-31
내용: 한화에어로스페이스는 2026년 2분기 순이익 1조800억원을 기록해 전년 동기 대비 277.5% 증가했다. 실적은 시장 예상치를 웃돌았다고 보도됐다.

질문: 한화에어로스페이스 실적이나 변화의 배경을 설명해줘",기사에서 제시한 배경은 기사에서는 방산 사업 성장에 따른 실적 개선을 확인할 수 있다.
"참고 뉴스:
제목: 7월 국내 증시, 소외 업종으로 자금 이동 가능성
작성일: 2026-07-01
내용: 7월에는 상반기 주도주였던 반도체에서 자동차, 2차전지, 바이오 등 상대적으로 소외됐던 업종으로 자금이 이동할 수 있다는 전망이 나왔다. 반도체 조정이 곧 업황 훼손을 의미하는 것은 아니라는 분석도 제시됐다.

질문: 참고 뉴스의 핵심만 설명해줘",이 뉴스의 중심 내용은 7월에는 반도체에서 자동차·2차전지·바이오로 포트폴리오가 이동할 가능성이 제기됐다.
"참고 뉴스:
제목: 삼성바이오로직스, 스위스 폴리펩타이드 인수 추진
작성일: 2026-07-20
내용: 삼성바이오로직스는 스위스 의약품 위탁생산 기업 폴리펩타이드를 약 18억달러에 전액 현금으로 인수하는 공개매수를 추진했다. 회사는 펩타이드 치료제와 비만·당뇨 분야의 생산 역량 확대를 기대했다.

질문: 왜 이런 흐름이 나타났어?",제공된 뉴스 기준으로는 성장하는 펩타이드 기반 비만·당뇨 치료제 시장의 생산 역량을 확보하기 위해서다.
"참고 뉴스:
제목: HD현대, 2026년 2분기 높은 영업이익 기록
작성일: 2026-07-31
내용: HD현대는 2026년 2분기 연결 매출 22조4094억원, 영업이익 4조1246억원을 기록했다. 영업이익률은 18.4%로 발표됐다.

질문: 지금 주식 가격이 얼마야?",이 자료만으로 현재 주가와 등락률을 확인할 수 없습니다.
"참고 뉴스 1:
제목: HD현대중공업, 2026년 2분기 영업이익 급증
작성일: 2026-07-29
내용: HD현대중공업은 2026년 2분기 영업이익 1조399억원을 기록해 전년 동기 대비 120.6% 증가했다고 발표했다.

참고 뉴스 2:
제목: 코스닥, 2차전지·바이오 순환매로 급등
작성일: 2026-06-29
내용: 2026년 6월 29일 코스피는 외국인의 대규모 매도 속에 0.2% 하락했고, 코스닥은 2차전지와 바이오주 강세로 8.13% 상승했다. 장중 코스닥 매수 사이드카가 발동됐다.

질문: 두 기사에서 확인되는 긍정 요인을 비교해줘","첫 번째 뉴스의 긍정 요인은 영업이익의 큰 폭 증가이고, 두 번째 뉴스의 긍정 요인은 2차전지와 바이오 업종으로의 강한 순환매입니다."
"참고 뉴스:
제목: HD현대, 2026년 2분기 높은 영업이익 기록
작성일: 2026-07-31
내용: HD현대는 2026년 2분기 연결 매출 22조4094억원, 영업이익 4조1246억원을 기록했다. 영업이익률은 18.4%로 발표됐다.

질문: 실적 숫자만 정리해줘","정량 정보는 매출 22조4094억원, 영업이익 4조1246억원, 영업이익률 18.4%입니다."
"참고 뉴스:
제목: 삼성바이오로직스, 스위스 폴리펩타이드 인수 추진
작성일: 2026-07-20
내용: 삼성바이오로직스는 스위스 의약품 위탁생산 기업 폴리펩타이드를 약 18억달러에 전액 현금으로 인수하는 공개매수를 추진했다. 회사는 펩타이드 치료제와 비만·당뇨 분야의 생산 역량 확대를 기대했다.

질문: 삼성바이오로직스 주가가 오늘 얼마나 올랐어?",실시간 가격은 제공된 뉴스 범위를 벗어나므로 확인할 수 없습니다.
"참고 뉴스:
제목: 삼성전자 DS부문, AI 메모리 수요로 실적 확대
작성일: 2026-07-30
내용: 삼성전자 DS부문은 2026년 2분기 매출 127조5천억원, 영업이익 89조2천억원을 기록했다. 메모리 사업은 AI 수요에 대응해 서버 제품 중심 판매를 확대했고, 업계 전반의 가격 상승도 실적에 기여했다.

질문: 삼성전자의 긍정 요인은 뭐야?",긍정 요인은 AI 서버 제품 중심 판매 확대와 메모리 가격 상승입니다.
"참고 뉴스 1:
제목: 2026년 하반기 국내 증시, 반도체 쏠림에서 업종 확산 가능성
작성일: 2026-07-23
내용: 2026년 상반기 국내 증시는 반도체가 상승을 주도했지만 하반기에는 전력기기, 조선·방산, 바이오, 화장품, 금융 등으로 관심이 확산될 가능성이 제시됐다. 주요 변수로 AI 설비투자, 미국 금리, 기업 실적과 중국 메모리 업체의 추격이 언급됐다.

참고 뉴스 2:
제목: 삼성SDI, 미국 ESS용 각형 배터리 공급 계약
작성일: 2026-03-16
내용: 삼성SDI는 미국에서 1조5000억원 규모의 ESS용 각형 배터리 공급 계약을 수주했다고 발표했다.

질문: 두 뉴스의 핵심 내용을 비교해줘",첫 번째 뉴스는 하반기 국내 증시는 반도체 중심 장세에서 실적 개선 업종으로 관심이 분산될 가능성이 있다. 두 번째 뉴스는 삼성SDI는 미국 ESS 시장에서 대규모 각형 배터리 공급 계약을 확보했다.
"참고 뉴스:
제목: 삼성전자 DS부문, AI 메모리 수요로 실적 확대
작성일: 2026-07-30
내용: 삼성전자 DS부문은 2026년 2분기 매출 127조5천억원, 영업이익 89조2천억원을 기록했다. 메모리 사업은 AI 수요에 대응해 서버 제품 중심 판매를 확대했고, 업계 전반의 가격 상승도 실적에 기여했다.

질문: 오늘 종가를 확인해줘",기사에는 오늘의 시세 정보가 포함되지 않았습니다.
"참고 뉴스:
제목: 7월 국내 증시, 소외 업종으로 자금 이동 가능성
작성일: 2026-07-01
내용: 7월에는 상반기 주도주였던 반도체에서 자동차, 2차전지, 바이오 등 상대적으로 소외됐던 업종으로 자금이 이동할 수 있다는 전망이 나왔다. 반도체 조정이 곧 업황 훼손을 의미하는 것은 아니라는 분석도 제시됐다.

질문: 국내 증시의 목표주가를 숫자로 말해줘",제공된 자료에는 적정 주가나 목표주가 정보가 포함되지 않았습니다.
"참고 뉴스 1:
제목: 삼성SDI, 7개 분기 만에 영업이익 흑자 전환
작성일: 2026-07-30
내용: 삼성SDI는 2026년 2분기 매출 3조7700억원, 영업이익 2038억원을 기록했다. 매출은 전년 동기 대비 18.5%, 전 분기 대비 5.4% 증가했고, 영업이익은 7개 분기 만에 흑자로 전환했다.

참고 뉴스 2:
제목: 7월 국내 증시, 소외 업종으로 자금 이동 가능성
작성일: 2026-07-01
내용: 7월에는 상반기 주도주였던 반도체에서 자동차, 2차전지, 바이오 등 상대적으로 소외됐던 업종으로 자금이 이동할 수 있다는 전망이 나왔다. 반도체 조정이 곧 업황 훼손을 의미하는 것은 아니라는 분석도 제시됐다.

질문: 두 기사에서 확인되는 긍정 요인을 비교해줘","첫 번째 뉴스의 긍정 요인은 7개 분기 만의 영업이익 흑자 전환과 매출 증가이고, 두 번째 뉴스의 긍정 요인은 소외 업종으로의 순환매 가능성과 반도체 펀더멘털 유지 전망입니다."
"참고 뉴스:
제목: 엔비디아, 네이버 AI 인프라 프로젝트에 투자 추진
작성일: 2026-07-27
내용: 엔비디아는 네이버의 대규모 AI 데이터센터 프로젝트에 약 10억달러를 투자할 계획이다. 네이버는 엔비디아를 대상으로 약 1조4810억원 규모의 신주를 발행하며, 거래 완료 후 엔비디아의 지분율은 약 4.5%가 될 예정이다.

질문: 이 기사에서 가장 중요한 내용이 뭐야?",핵심은 네이버는 엔비디아 투자와 신주 발행을 통해 대규모 AI 인프라 구축을 추진한다.
"참고 뉴스:
제목: 삼성전자, AI 인프라용 PM1763 SSD 양산 시작
작성일: 2026-07-08
내용: 삼성전자는 차세대 AI 인프라에 최적화한 PM1763 SSD의 양산을 시작했다고 발표했다.

질문: 삼성전자에 불리할 수 있는 내용을 알려줘","긍정 요인과 별개로 시장 점유율, 판매 가격과 실제 수익 기여 규모는 확인할 수 없다."
"참고 뉴스:
제목: 삼성SDI, 7개 분기 만에 영업이익 흑자 전환
작성일: 2026-07-30
내용: 삼성SDI는 2026년 2분기 매출 3조7700억원, 영업이익 2038억원을 기록했다. 매출은 전년 동기 대비 18.5%, 전 분기 대비 5.4% 증가했고, 영업이익은 7개 분기 만에 흑자로 전환했다.

질문: 이 기사만 보고 삼성SDI를 매수해도 돼?","이 기사 하나만으로 매수나 매도를 결정하기는 어렵습니다. 실적 추세, 밸류에이션, 수급과 추가 공시를 함께 확인해야 합니다."
"참고 뉴스:
제목: HD현대중공업, 2026년 2분기 영업이익 급증
작성일: 2026-07-29
내용: HD현대중공업은 2026년 2분기 영업이익 1조399억원을 기록해 전년 동기 대비 120.6% 증가했다고 발표했다.

질문: HD현대중공업 주가가 오늘 얼마나 올랐어?",실시간 가격은 제공된 뉴스 범위를 벗어나므로 확인할 수 없습니다.
"참고 뉴스:
제목: 신한금융, 2026년 2분기 분기 최대 순이익
작성일: 2026-07-23
내용: 신한금융의 2026년 2분기 순이익은 1조8201억원으로 전 분기 대비 12.2% 증가했다. 상반기 순이익은 3조4427억원으로 전년 동기 대비 13.3% 늘었다.

질문: 현재 시세와 등락률을 말해줘",현재 주가는 기사 작성 시점과 달라질 수 있어 별도 시세 조회가 필요합니다.
"참고 뉴스:
제목: 엔비디아, 네이버 AI 인프라 프로젝트에 투자 추진
작성일: 2026-07-27
내용: 엔비디아는 네이버의 대규모 AI 데이터센터 프로젝트에 약 10억달러를 투자할 계획이다. 네이버는 엔비디아를 대상으로 약 1조4810억원 규모의 신주를 발행하며, 거래 완료 후 엔비디아의 지분율은 약 4.5%가 될 예정이다.

질문: 네이버 관련 핵심 숫자를 정리해줘","기사 기준 주요 지표는 엔비디아 투자 약 10억달러, 신주 발행 약 1조4810억원, 예상 지분율 약 4.5%입니다."
"참고 뉴스 1:
제목: 삼성전자 DS부문, AI 메모리 수요로 실적 확대
작성일: 2026-07-30
내용: 삼성전자 DS부문은 2026년 2분기 매출 127조5천억원, 영업이익 89조2천억원을 기록했다. 메모리 사업은 AI 수요에 대응해 서버 제품 중심 판매를 확대했고, 업계 전반의 가격 상승도 실적에 기여했다.

참고 뉴스 2:
제목: 7월 국내 증시, 소외 업종으로 자금 이동 가능성
작성일: 2026-07-01
내용: 7월에는 상반기 주도주였던 반도체에서 자동차, 2차전지, 바이오 등 상대적으로 소외됐던 업종으로 자금이 이동할 수 있다는 전망이 나왔다. 반도체 조정이 곧 업황 훼손을 의미하는 것은 아니라는 분석도 제시됐다.

질문: 두 뉴스의 위험 요인을 나눠서 설명해줘",첫 번째 뉴스의 부담 요인은 기사에는 생산능력 제약이 언급됐지만 구체적인 손실 규모는 제시되지 않았다. 두 번째 뉴스의 부담 요인은 순환매가 실제 실적 개선으로 이어지지 않으면 변동성이 커질 수 있다.
"참고 뉴스:
제목: 삼성바이오로직스, 스위스 폴리펩타이드 인수 추진
작성일: 2026-07-20
내용: 삼성바이오로직스는 스위스 의약품 위탁생산 기업 폴리펩타이드를 약 18억달러에 전액 현금으로 인수하는 공개매수를 추진했다. 회사는 펩타이드 치료제와 비만·당뇨 분야의 생산 역량 확대를 기대했다.

질문: 현재 시세와 등락률을 말해줘",현재 주가는 기사 작성 시점과 달라질 수 있어 별도 시세 조회가 필요합니다.
"참고 뉴스:
제목: 7월 국내 증시, 소외 업종으로 자금 이동 가능성
작성일: 2026-07-01
내용: 7월에는 상반기 주도주였던 반도체에서 자동차, 2차전지, 바이오 등 상대적으로 소외됐던 업종으로 자금이 이동할 수 있다는 전망이 나왔다. 반도체 조정이 곧 업황 훼손을 의미하는 것은 아니라는 분석도 제시됐다.

질문: 기사에서 확인되는 정량 정보만 말해줘",핵심 수치만 정리하면 기사에는 업종별 구체적인 상승률이나 목표지수는 제시되지 않았다.입니다.
"참고 뉴스:
제목: 삼성전자, AI 인프라용 PM1763 SSD 양산 시작
작성일: 2026-07-08
내용: 삼성전자는 차세대 AI 인프라에 최적화한 PM1763 SSD의 양산을 시작했다고 발표했다.

질문: 삼성전자 주식을 지금 사는 게 좋아?","제공된 뉴스는 투자 판단의 일부 근거일 뿐입니다. 현재 가격과 재무 상태, 위험 요인을 추가로 확인해야 합니다."
"참고 뉴스:
제목: HD현대, 2026년 2분기 높은 영업이익 기록
작성일: 2026-07-31
내용: HD현대는 2026년 2분기 연결 매출 22조4094억원, 영업이익 4조1246억원을 기록했다. 영업이익률은 18.4%로 발표됐다.

질문: HD현대에 불리할 수 있는 내용을 알려줘",긍정 요인과 별개로 기사에는 사업부별 수주잔고와 원가 변동의 상세 내용은 포함되지 않았다.
"참고 뉴스:
제목: 삼성바이오로직스, 스위스 폴리펩타이드 인수 추진
작성일: 2026-07-20
내용: 삼성바이오로직스는 스위스 의약품 위탁생산 기업 폴리펩타이드를 약 18억달러에 전액 현금으로 인수하는 공개매수를 추진했다. 회사는 펩타이드 치료제와 비만·당뇨 분야의 생산 역량 확대를 기대했다.

질문: 삼성바이오로직스의 목표주가를 숫자로 말해줘",제공된 자료에는 적정 주가나 목표주가 정보가 포함되지 않았습니다.
"참고 뉴스 1:
제목: 삼성전자, 2026년 2분기 실적 발표
작성일: 2026-07-30
내용: 삼성전자는 2026년 2분기 연결 매출 171조5천억원, 영업이익 89조5천억원을 기록했다. 매출과 영업이익 모두 분기 기준 최고치를 경신했으며, 전 분기 대비 매출은 28% 증가했다.

참고 뉴스 2:
제목: 한화에어로스페이스, 2026년 2분기 이익 증가
작성일: 2026-07-31
내용: 한화에어로스페이스는 2026년 2분기 순이익 1조800억원을 기록해 전년 동기 대비 277.5% 증가했다. 실적은 시장 예상치를 웃돌았다고 보도됐다.

질문: 두 뉴스의 위험 요인을 나눠서 설명해줘",첫 번째 뉴스의 부담 요인은 이 기사에는 구체적인 하방 위험이나 목표주가 정보가 제시되지 않았다. 두 번째 뉴스의 부담 요인은 기사에는 향후 수주 일정과 일회성 이익 여부에 대한 상세 분석은 충분히 제시되지 않았다.
"참고 뉴스:
제목: 현대차, 2026년 2분기 매출 증가에도 영업이익 감소
작성일: 2026-07-23
내용: 현대차의 2026년 2분기 매출은 49조2150억원으로 전년 동기 대비 1.9% 증가했다. 영업이익은 2조8510억원으로 20.8% 감소했고, 글로벌 판매량은 6.9% 줄었다.

질문: 이 뉴스만으로 투자 결정을 내려도 될까?",기사만으로 특정 매수·매도 결론을 내릴 수 없습니다. 뉴스에 없는 정보까지 추측해서 판단하면 안 됩니다.
"참고 뉴스:
제목: 2026년 하반기 국내 증시, 반도체 쏠림에서 업종 확산 가능성
작성일: 2026-07-23
내용: 2026년 상반기 국내 증시는 반도체가 상승을 주도했지만 하반기에는 전력기기, 조선·방산, 바이오, 화장품, 금융 등으로 관심이 확산될 가능성이 제시됐다. 주요 변수로 AI 설비투자, 미국 금리, 기업 실적과 중국 메모리 업체의 추격이 언급됐다.

질문: 이런 결과가 나온 이유가 뭐야?",상반기 반도체 쏠림 이후 상대적으로 덜 오른 업종으로 자금이 이동할 가능성이 제기됐다.
"참고 뉴스:
제목: 삼성바이오로직스, 2026년 2분기 실적 발표
작성일: 2026-07-23
내용: 삼성바이오로직스는 2026년 2분기 매출 1조3210억원, 영업이익 5860억원을 기록했다. 1공장부터 4공장까지 안정적인 생산 운영과 고객 프로젝트 수행이 실적에 반영됐다.

질문: 뉴스에서 확인되는 성장 요인을 알려줘",확인되는 긍정 요인은 1~4공장의 안정적인 가동과 고객 프로젝트 수행입니다.
"참고 뉴스:
제목: SK하이닉스, 2026년 2분기 사상 최대 실적
작성일: 2026-07-29
내용: SK하이닉스는 2026년 2분기 매출 79조3187억원, 영업이익 60조5426억원을 발표했다. AI 수요에 대응한 고부가가치 제품 판매가 실적을 이끌었고, 주요 고객과 장기·다년 계약을 확대했다고 설명했다.

질문: SK하이닉스의 긍정 요인은 뭐야?",긍정 요인은 AI용 고부가가치 제품 판매와 주요 고객과의 장기 계약 확대입니다.
"참고 뉴스:
제목: 엔비디아, 네이버 AI 인프라 프로젝트에 투자 추진
작성일: 2026-07-27
내용: 엔비디아는 네이버의 대규모 AI 데이터센터 프로젝트에 약 10억달러를 투자할 계획이다. 네이버는 엔비디아를 대상으로 약 1조4810억원 규모의 신주를 발행하며, 거래 완료 후 엔비디아의 지분율은 약 4.5%가 될 예정이다.

질문: 이런 결과가 나온 이유가 뭐야?",소버린 AI와 대규모 데이터센터 구축을 위한 자금 및 GPU 인프라 확보가 목적이다.
"참고 뉴스:
제목: 신한금융, 2026년 2분기 분기 최대 순이익
작성일: 2026-07-23
내용: 신한금융의 2026년 2분기 순이익은 1조8201억원으로 전 분기 대비 12.2% 증가했다. 상반기 순이익은 3조4427억원으로 전년 동기 대비 13.3% 늘었다.

질문: 기사에서 확인되는 정량 정보만 말해줘","핵심 수치만 정리하면 2분기 순이익 1조8201억원, 상반기 순이익 3조4427억원입니다."
"참고 뉴스:
제목: 현대차, 하반기 신차 출시로 회복 추진
작성일: 2026-07-23
내용: 현대차는 2분기 영업이익이 감소했지만 연간 전망은 유지했다. 회사는 하반기 투싼과 아반떼 등 주요 신차 출시를 통해 판매 회복을 추진할 계획이라고 밝혔다.

질문: 앞으로 어느 가격까지 갈 수 있어?",목표주가 수치는 기사에서 확인되지 않습니다.
"참고 뉴스:
제목: 2026년 하반기 국내 증시, 반도체 쏠림에서 업종 확산 가능성
작성일: 2026-07-23
내용: 2026년 상반기 국내 증시는 반도체가 상승을 주도했지만 하반기에는 전력기기, 조선·방산, 바이오, 화장품, 금융 등으로 관심이 확산될 가능성이 제시됐다. 주요 변수로 AI 설비투자, 미국 금리, 기업 실적과 중국 메모리 업체의 추격이 언급됐다.

질문: 제공된 자료 범위 안에서만 답해줘",확실히 확인되는 사실은 하반기 국내 증시는 반도체 중심 장세에서 실적 개선 업종으로 관심이 분산될 가능성이 있다. 다만 기사에 없는 투자 의견이나 가격 정보는 추측할 수 없습니다.
"참고 뉴스 1:
제목: SK하이닉스, 2026년 2분기 사상 최대 실적
작성일: 2026-07-29
내용: SK하이닉스는 2026년 2분기 매출 79조3187억원, 영업이익 60조5426억원을 발표했다. AI 수요에 대응한 고부가가치 제품 판매가 실적을 이끌었고, 주요 고객과 장기·다년 계약을 확대했다고 설명했다.

참고 뉴스 2:
제목: 네이버, 2026년 1분기 매출 16.3% 증가
작성일: 2026-04-30
내용: 네이버는 2026년 1분기 매출 3조2411억원, 영업이익 5418억원을 기록했다. 매출은 전년 동기 대비 16.3%, 영업이익은 7.2% 증가했으며 광고와 커머스 등 핵심 사업의 AI 적용이 성장에 기여했다.

질문: 두 뉴스의 위험 요인을 나눠서 설명해줘","첫 번째 뉴스의 부담 요인은 기사에는 현재 주가나 목표주가, 구체적인 수요 둔화 전망은 포함되지 않았다. 두 번째 뉴스의 부담 요인은 AI 인프라 투자가 확대되면 비용과 수익성에 부담이 될 수 있다."
"참고 뉴스 1:
제목: KB금융, 2026년 상반기 순이익 증가
작성일: 2026-07-23
내용: KB금융은 2026년 상반기 실적 발표 자료를 공개했다. 외부 보도에 따르면 상반기 순이익은 3조8846억원으로 전년 동기 대비 13.1% 증가했다.

참고 뉴스 2:
제목: 코스닥, 2차전지·바이오 순환매로 급등
작성일: 2026-06-29
내용: 2026년 6월 29일 코스피는 외국인의 대규모 매도 속에 0.2% 하락했고, 코스닥은 2차전지와 바이오주 강세로 8.13% 상승했다. 장중 코스닥 매수 사이드카가 발동됐다.

질문: 어느 쪽이 더 좋다고 단정할 수 있는지 말해줘",두 뉴스는 기업과 상황이 달라 어느 쪽이 더 좋다고 단정하기 어렵습니다. 첫 번째는 KB금융은 2026년 상반기 순이익이 전년 동기보다 증가했다. 두 번째는 외국인 매도로 코스피가 약세를 보인 반면 코스닥은 2차전지와 바이오 순환매로 급등했다.
"참고 뉴스:
제목: 현대차, 하반기 신차 출시로 회복 추진
작성일: 2026-07-23
내용: 현대차는 2분기 영업이익이 감소했지만 연간 전망은 유지했다. 회사는 하반기 투싼과 아반떼 등 주요 신차 출시를 통해 판매 회복을 추진할 계획이라고 밝혔다.

질문: 이 뉴스에서 확인되는 사실을 요약해줘",기사에서 확인되는 핵심은 현대차는 실적 부담에도 연간 전망을 유지하고 하반기 신차로 회복을 추진한다.
"참고 뉴스:
제목: 삼성SDI, 미국 ESS용 각형 배터리 공급 계약
작성일: 2026-03-16
내용: 삼성SDI는 미국에서 1조5000억원 규모의 ESS용 각형 배터리 공급 계약을 수주했다고 발표했다.

질문: 오늘 종가를 확인해줘",기사에는 오늘의 시세 정보가 포함되지 않았습니다.
"참고 뉴스:
제목: 삼성SDI, 7개 분기 만에 영업이익 흑자 전환
작성일: 2026-07-30
내용: 삼성SDI는 2026년 2분기 매출 3조7700억원, 영업이익 2038억원을 기록했다. 매출은 전년 동기 대비 18.5%, 전 분기 대비 5.4% 증가했고, 영업이익은 7개 분기 만에 흑자로 전환했다.

질문: 이 기사에서 호재로 볼 수 있는 부분을 말해줘",기사에서 긍정적으로 볼 수 있는 부분은 7개 분기 만의 영업이익 흑자 전환과 매출 증가입니다.
"참고 뉴스:
제목: 삼성바이오로직스, 2026년 2분기 실적 발표
작성일: 2026-07-23
내용: 삼성바이오로직스는 2026년 2분기 매출 1조3210억원, 영업이익 5860억원을 기록했다. 1공장부터 4공장까지 안정적인 생산 운영과 고객 프로젝트 수행이 실적에 반영됐다.

질문: 지금 주식 가격이 얼마야?",이 자료만으로 현재 주가와 등락률을 확인할 수 없습니다.
"참고 뉴스:
제목: 코스닥, 2차전지·바이오 순환매로 급등
작성일: 2026-06-29
내용: 2026년 6월 29일 코스피는 외국인의 대규모 매도 속에 0.2% 하락했고, 코스닥은 2차전지와 바이오주 강세로 8.13% 상승했다. 장중 코스닥 매수 사이드카가 발동됐다.

질문: 이 뉴스에 나온 수치가 뭐야?","제공된 자료에 나온 숫자는 코스피 0.2% 하락, 코스닥 8.13% 상승입니다."
"참고 뉴스:
제목: 7월 국내 증시, 소외 업종으로 자금 이동 가능성
작성일: 2026-07-01
내용: 7월에는 상반기 주도주였던 반도체에서 자동차, 2차전지, 바이오 등 상대적으로 소외됐던 업종으로 자금이 이동할 수 있다는 전망이 나왔다. 반도체 조정이 곧 업황 훼손을 의미하는 것은 아니라는 분석도 제시됐다.

질문: 국내 증시 관련 핵심 숫자를 정리해줘",기사 기준 주요 지표는 기사에는 업종별 구체적인 상승률이나 목표지수는 제시되지 않았다.입니다.
"참고 뉴스:
제목: HD현대, 2026년 2분기 높은 영업이익 기록
작성일: 2026-07-31
내용: HD현대는 2026년 2분기 연결 매출 22조4094억원, 영업이익 4조1246억원을 기록했다. 영업이익률은 18.4%로 발표됐다.

질문: 왜 이런 흐름이 나타났어?",제공된 뉴스 기준으로는 조선과 에너지 등 주요 사업의 실적 개선이 연결 실적에 반영됐다.
"참고 뉴스:
제목: 삼성바이오로직스, 스위스 폴리펩타이드 인수 추진
작성일: 2026-07-20
내용: 삼성바이오로직스는 스위스 의약품 위탁생산 기업 폴리펩타이드를 약 18억달러에 전액 현금으로 인수하는 공개매수를 추진했다. 회사는 펩타이드 치료제와 비만·당뇨 분야의 생산 역량 확대를 기대했다.

질문: 제공된 자료 범위 안에서만 답해줘",확실히 확인되는 사실은 삼성바이오로직스는 펩타이드 의약품 사업 강화를 위해 폴리펩타이드 인수를 추진한다. 다만 기사에 없는 투자 의견이나 가격 정보는 추측할 수 없습니다.
"참고 뉴스:
제목: 삼성바이오로직스, 2026년 2분기 실적 발표
작성일: 2026-07-23
내용: 삼성바이오로직스는 2026년 2분기 매출 1조3210억원, 영업이익 5860억원을 기록했다. 1공장부터 4공장까지 안정적인 생산 운영과 고객 프로젝트 수행이 실적에 반영됐다.

질문: 언제 나온 소식인지 확인해줘",이 뉴스는 2026-07-23 기준입니다.
"참고 뉴스:
제목: 현대차, 2026년 2분기 매출 증가에도 영업이익 감소
작성일: 2026-07-23
내용: 현대차의 2026년 2분기 매출은 49조2150억원으로 전년 동기 대비 1.9% 증가했다. 영업이익은 2조8510억원으로 20.8% 감소했고, 글로벌 판매량은 6.9% 줄었다.

질문: 매수와 매도 중 어느 쪽이 맞아?",이 자료만으로 투자 결정을 권하기 어렵습니다. 회사 실적과 시장 환경을 함께 검토해야 합니다.
"참고 뉴스:
제목: SK하이닉스, 2026년 2분기 사상 최대 실적
작성일: 2026-07-29
내용: SK하이닉스는 2026년 2분기 매출 79조3187억원, 영업이익 60조5426억원을 발표했다. AI 수요에 대응한 고부가가치 제품 판매가 실적을 이끌었고, 주요 고객과 장기·다년 계약을 확대했다고 설명했다.

질문: 이 기사에 나온 적정 주가가 얼마야?",기사에 증권사 목표가격이 제시되지 않아 답할 수 없습니다.
"참고 뉴스 1:
제목: 엔비디아, 네이버 AI 인프라 프로젝트에 투자 추진
작성일: 2026-07-27
내용: 엔비디아는 네이버의 대규모 AI 데이터센터 프로젝트에 약 10억달러를 투자할 계획이다. 네이버는 엔비디아를 대상으로 약 1조4810억원 규모의 신주를 발행하며, 거래 완료 후 엔비디아의 지분율은 약 4.5%가 될 예정이다.

참고 뉴스 2:
제목: 셀트리온, 2026년 2분기 분기 최대 매출
작성일: 2026-07-27
내용: 셀트리온은 2026년 2분기 매출 1조3937억원, 영업이익 4518억원을 기록했다. 매출은 전년 동기 대비 45%, 영업이익은 86.3% 증가했고, 고수익 신제품이 바이오의약품 매출의 65%를 차지했다.

질문: 두 기사에서 확인되는 긍정 요인을 비교해줘","첫 번째 뉴스의 긍정 요인은 글로벌 AI 기업과의 협력 및 AI 데이터센터 인프라 확대이고, 두 번째 뉴스의 긍정 요인은 고수익 신제품 성장과 원가율 개선입니다."
"참고 뉴스 1:
제목: 2026년 하반기 국내 증시, 반도체 쏠림에서 업종 확산 가능성
작성일: 2026-07-23
내용: 2026년 상반기 국내 증시는 반도체가 상승을 주도했지만 하반기에는 전력기기, 조선·방산, 바이오, 화장품, 금융 등으로 관심이 확산될 가능성이 제시됐다. 주요 변수로 AI 설비투자, 미국 금리, 기업 실적과 중국 메모리 업체의 추격이 언급됐다.

참고 뉴스 2:
제목: 삼성SDI, 미국 ESS용 각형 배터리 공급 계약
작성일: 2026-03-16
내용: 삼성SDI는 미국에서 1조5000억원 규모의 ESS용 각형 배터리 공급 계약을 수주했다고 발표했다.

질문: 어느 쪽이 더 좋다고 단정할 수 있는지 말해줘",두 뉴스는 기업과 상황이 달라 어느 쪽이 더 좋다고 단정하기 어렵습니다. 첫 번째는 하반기 국내 증시는 반도체 중심 장세에서 실적 개선 업종으로 관심이 분산될 가능성이 있다. 두 번째는 삼성SDI는 미국 ESS 시장에서 대규모 각형 배터리 공급 계약을 확보했다.
"참고 뉴스 1:
제목: 삼성바이오로직스, 스위스 폴리펩타이드 인수 추진
작성일: 2026-07-20
내용: 삼성바이오로직스는 스위스 의약품 위탁생산 기업 폴리펩타이드를 약 18억달러에 전액 현금으로 인수하는 공개매수를 추진했다. 회사는 펩타이드 치료제와 비만·당뇨 분야의 생산 역량 확대를 기대했다.

참고 뉴스 2:
제목: 셀트리온, 2026년 2분기 분기 최대 매출
작성일: 2026-07-27
내용: 셀트리온은 2026년 2분기 매출 1조3937억원, 영업이익 4518억원을 기록했다. 매출은 전년 동기 대비 45%, 영업이익은 86.3% 증가했고, 고수익 신제품이 바이오의약품 매출의 65%를 차지했다.

질문: 두 뉴스의 위험 요인을 나눠서 설명해줘",첫 번째 뉴스의 부담 요인은 대규모 현금 인수에 따른 자금 부담과 인수 후 통합 위험 두 번째 뉴스의 부담 요인은 기사에는 제품별 경쟁 심화나 환율 변화의 구체적인 손익 영향은 제시되지 않았다.
"참고 뉴스:
제목: 삼성전자 DS부문, AI 메모리 수요로 실적 확대
작성일: 2026-07-30
내용: 삼성전자 DS부문은 2026년 2분기 매출 127조5천억원, 영업이익 89조2천억원을 기록했다. 메모리 사업은 AI 수요에 대응해 서버 제품 중심 판매를 확대했고, 업계 전반의 가격 상승도 실적에 기여했다.

질문: 이 기사만 보고 삼성전자를 매수해도 돼?","이 기사 하나만으로 매수나 매도를 결정하기는 어렵습니다. 실적 추세, 밸류에이션, 수급과 추가 공시를 함께 확인해야 합니다."
"참고 뉴스:
제목: 삼성바이오로직스, 2026년 2분기 실적 발표
작성일: 2026-07-23
내용: 삼성바이오로직스는 2026년 2분기 매출 1조3210억원, 영업이익 5860억원을 기록했다. 1공장부터 4공장까지 안정적인 생산 운영과 고객 프로젝트 수행이 실적에 반영됐다.

질문: 참고 뉴스에서 확인되는 내용만 말해줘","확인되는 사실은 삼성바이오로직스는 안정적인 공장 운영을 바탕으로 견조한 2분기 실적을 기록했다. 주요 수치는 매출 1조3210억원, 영업이익 5860억원입니다. 기사에 없는 목표주가나 현재 시세는 확인할 수 없습니다."
"참고 뉴스:
제목: 코스닥, 2차전지·바이오 순환매로 급등
작성일: 2026-06-29
내용: 2026년 6월 29일 코스피는 외국인의 대규모 매도 속에 0.2% 하락했고, 코스닥은 2차전지와 바이오주 강세로 8.13% 상승했다. 장중 코스닥 매수 사이드카가 발동됐다.

질문: 긍정적인 내용만 근거를 들어 정리해줘",제공된 뉴스 기준 성장 요인은 2차전지와 바이오 업종으로의 강한 순환매입니다.
"참고 뉴스:
제목: 2026년 하반기 국내 증시, 반도체 쏠림에서 업종 확산 가능성
작성일: 2026-07-23
내용: 2026년 상반기 국내 증시는 반도체가 상승을 주도했지만 하반기에는 전력기기, 조선·방산, 바이오, 화장품, 금융 등으로 관심이 확산될 가능성이 제시됐다. 주요 변수로 AI 설비투자, 미국 금리, 기업 실적과 중국 메모리 업체의 추격이 언급됐다.

질문: 기사 작성일을 알려줘",기사 기준 날짜는 2026-07-23입니다.
"참고 뉴스:
제목: 삼성전자, AI 인프라용 PM1763 SSD 양산 시작
작성일: 2026-07-08
내용: 삼성전자는 차세대 AI 인프라에 최적화한 PM1763 SSD의 양산을 시작했다고 발표했다.

질문: 앞으로 어느 가격까지 갈 수 있어?",목표주가 수치는 기사에서 확인되지 않습니다.
"참고 뉴스:
제목: 코스닥, 2차전지·바이오 순환매로 급등
작성일: 2026-06-29
내용: 2026년 6월 29일 코스피는 외국인의 대규모 매도 속에 0.2% 하락했고, 코스닥은 2차전지와 바이오주 강세로 8.13% 상승했다. 장중 코스닥 매수 사이드카가 발동됐다.

질문: 국내 증시 관련 내용을 짧게 요약해줘",제공된 기사 기준으로는 외국인 매도로 코스피가 약세를 보인 반면 코스닥은 2차전지와 바이오 순환매로 급등했다.
"참고 뉴스:
제목: 신한금융, 2026년 2분기 분기 최대 순이익
작성일: 2026-07-23
내용: 신한금융의 2026년 2분기 순이익은 1조8201억원으로 전 분기 대비 12.2% 증가했다. 상반기 순이익은 3조4427억원으로 전년 동기 대비 13.3% 늘었다.

질문: 신한금융 실적이나 변화의 배경을 설명해줘",기사에서 제시한 배경은 이자이익과 비이자이익의 안정적인 증가가 실적에 기여했다.
"참고 뉴스:
제목: 삼성SDI, 미국 ESS용 각형 배터리 공급 계약
작성일: 2026-03-16
내용: 삼성SDI는 미국에서 1조5000억원 규모의 ESS용 각형 배터리 공급 계약을 수주했다고 발표했다.

질문: 삼성SDI의 현재 주가를 알려줘",제공된 기사에는 실시간 주가나 오늘 종가가 없습니다. 현재 시세는 별도의 실시간 데이터가 필요합니다.
"참고 뉴스:
제목: 현대차, 2026년 2분기 매출 증가에도 영업이익 감소
작성일: 2026-07-23
내용: 현대차의 2026년 2분기 매출은 49조2150억원으로 전년 동기 대비 1.9% 증가했다. 영업이익은 2조8510억원으로 20.8% 감소했고, 글로벌 판매량은 6.9% 줄었다.

질문: 현대차의 부담 요인은 뭐야?",부담 요인은 영업이익이 20.8% 감소했고 글로벌 판매량도 6.9% 줄었다.
"참고 뉴스:
제목: 현대차, 하반기 신차 출시로 회복 추진
작성일: 2026-07-23
내용: 현대차는 2분기 영업이익이 감소했지만 연간 전망은 유지했다. 회사는 하반기 투싼과 아반떼 등 주요 신차 출시를 통해 판매 회복을 추진할 계획이라고 밝혔다.

질문: 제공된 자료 범위 안에서만 답해줘",확실히 확인되는 사실은 현대차는 실적 부담에도 연간 전망을 유지하고 하반기 신차로 회복을 추진한다. 다만 기사에 없는 투자 의견이나 가격 정보는 추측할 수 없습니다.
"참고 뉴스:
제목: 2026년 하반기 국내 증시, 반도체 쏠림에서 업종 확산 가능성
작성일: 2026-07-23
내용: 2026년 상반기 국내 증시는 반도체가 상승을 주도했지만 하반기에는 전력기기, 조선·방산, 바이오, 화장품, 금융 등으로 관심이 확산될 가능성이 제시됐다. 주요 변수로 AI 설비투자, 미국 금리, 기업 실적과 중국 메모리 업체의 추격이 언급됐다.

질문: 확실히 확인되는 사실과 확인되지 않는 내용을 나눠줘",제공된 뉴스 기준 핵심은 하반기 국내 증시는 반도체 중심 장세에서 실적 개선 업종으로 관심이 분산될 가능성이 있다. 그 밖의 실시간 주가나 목표가격은 확인되지 않습니다.
"참고 뉴스:
제목: 삼성바이오로직스, 2026년 2분기 실적 발표
작성일: 2026-07-23
내용: 삼성바이오로직스는 2026년 2분기 매출 1조3210억원, 영업이익 5860억원을 기록했다. 1공장부터 4공장까지 안정적인 생산 운영과 고객 프로젝트 수행이 실적에 반영됐다.

질문: 왜 이런 흐름이 나타났어?",제공된 뉴스 기준으로는 안정적인 생산 운영과 고객 프로그램 수행이 실적의 기반이 됐다.
"참고 뉴스:
제목: 삼성전자 DS부문, AI 메모리 수요로 실적 확대
작성일: 2026-07-30
내용: 삼성전자 DS부문은 2026년 2분기 매출 127조5천억원, 영업이익 89조2천억원을 기록했다. 메모리 사업은 AI 수요에 대응해 서버 제품 중심 판매를 확대했고, 업계 전반의 가격 상승도 실적에 기여했다.

질문: 뉴스 근거를 들어 설명해줘",기사 근거만 사용하면 삼성전자 반도체 부문은 AI 서버용 메모리 수요와 가격 상승의 영향을 받았다. 추가적인 주가 전망은 이 자료만으로 단정할 수 없습니다.
"참고 뉴스:
제목: 삼성바이오로직스, 2026년 2분기 실적 발표
작성일: 2026-07-23
내용: 삼성바이오로직스는 2026년 2분기 매출 1조3210억원, 영업이익 5860억원을 기록했다. 1공장부터 4공장까지 안정적인 생산 운영과 고객 프로젝트 수행이 실적에 반영됐다.

질문: 매수와 매도 중 어느 쪽이 맞아?",이 자료만으로 투자 결정을 권하기 어렵습니다. 회사 실적과 시장 환경을 함께 검토해야 합니다.
"참고 뉴스:
제목: 삼성전자, AI 인프라용 PM1763 SSD 양산 시작
작성일: 2026-07-08
내용: 삼성전자는 차세대 AI 인프라에 최적화한 PM1763 SSD의 양산을 시작했다고 발표했다.

질문: 확실히 확인되는 사실과 확인되지 않는 내용을 나눠줘",제공된 뉴스 기준 핵심은 삼성전자는 AI 데이터센터 수요에 대응하기 위해 차세대 SSD 양산을 시작했다. 그 밖의 실시간 주가나 목표가격은 확인되지 않습니다.
"참고 뉴스:
제목: 코스닥, 2차전지·바이오 순환매로 급등
작성일: 2026-06-29
내용: 2026년 6월 29일 코스피는 외국인의 대규모 매도 속에 0.2% 하락했고, 코스닥은 2차전지와 바이오주 강세로 8.13% 상승했다. 장중 코스닥 매수 사이드카가 발동됐다.

질문: 뉴스에 나온 근거를 바탕으로 배경을 정리해줘",이 흐름의 배경은 반도체 약세 속에서 2차전지와 바이오로 매수세가 이동했다.
"참고 뉴스:
제목: 코스닥, 2차전지·바이오 순환매로 급등
작성일: 2026-06-29
내용: 2026년 6월 29일 코스피는 외국인의 대규모 매도 속에 0.2% 하락했고, 코스닥은 2차전지와 바이오주 강세로 8.13% 상승했다. 장중 코스닥 매수 사이드카가 발동됐다.

질문: 국내 증시에 불리할 수 있는 내용을 알려줘",긍정 요인과 별개로 외국인 대규모 매도와 시장 변동성 확대
"참고 뉴스:
제목: HD현대, 2026년 2분기 높은 영업이익 기록
작성일: 2026-07-31
내용: HD현대는 2026년 2분기 연결 매출 22조4094억원, 영업이익 4조1246억원을 기록했다. 영업이익률은 18.4%로 발표됐다.

질문: 기사에 없는 내용은 추측하지 말고 답해줘","자료 안에서 확인되는 내용은 HD현대는 2분기에 높은 영업이익과 영업이익률을 기록했다. 긍정 요인은 높은 영업이익과 18.4%의 영업이익률이며, 부담 요인은 기사에는 사업부별 수주잔고와 원가 변동의 상세 내용은 포함되지 않았다."
"참고 뉴스 1:
제목: 현대차, 2026년 2분기 매출 증가에도 영업이익 감소
작성일: 2026-07-23
내용: 현대차의 2026년 2분기 매출은 49조2150억원으로 전년 동기 대비 1.9% 증가했다. 영업이익은 2조8510억원으로 20.8% 감소했고, 글로벌 판매량은 6.9% 줄었다.

참고 뉴스 2:
제목: 2026년 하반기 국내 증시, 반도체 쏠림에서 업종 확산 가능성
작성일: 2026-07-23
내용: 2026년 상반기 국내 증시는 반도체가 상승을 주도했지만 하반기에는 전력기기, 조선·방산, 바이오, 화장품, 금융 등으로 관심이 확산될 가능성이 제시됐다. 주요 변수로 AI 설비투자, 미국 금리, 기업 실적과 중국 메모리 업체의 추격이 언급됐다.

질문: 어느 쪽이 더 좋다고 단정할 수 있는지 말해줘",두 뉴스는 기업과 상황이 달라 어느 쪽이 더 좋다고 단정하기 어렵습니다. 첫 번째는 현대차는 매출은 증가했지만 판매 감소와 비용 부담으로 영업이익이 줄었다. 두 번째는 하반기 국내 증시는 반도체 중심 장세에서 실적 개선 업종으로 관심이 분산될 가능성이 있다.
"참고 뉴스:
제목: 엔비디아, 네이버 AI 인프라 프로젝트에 투자 추진
작성일: 2026-07-27
내용: 엔비디아는 네이버의 대규모 AI 데이터센터 프로젝트에 약 10억달러를 투자할 계획이다. 네이버는 엔비디아를 대상으로 약 1조4810억원 규모의 신주를 발행하며, 거래 완료 후 엔비디아의 지분율은 약 4.5%가 될 예정이다.

질문: 네이버의 목표주가를 숫자로 말해줘",제공된 자료에는 적정 주가나 목표주가 정보가 포함되지 않았습니다.
"참고 뉴스:
제목: 현대차, 하반기 신차 출시로 회복 추진
작성일: 2026-07-23
내용: 현대차는 2분기 영업이익이 감소했지만 연간 전망은 유지했다. 회사는 하반기 투싼과 아반떼 등 주요 신차 출시를 통해 판매 회복을 추진할 계획이라고 밝혔다.

질문: 현대차 목표주가가 얼마야?",제공된 기사에는 목표주가가 없습니다. 자료에 없는 가격을 임의로 만들 수 없습니다.
"참고 뉴스:
제목: 7월 국내 증시, 소외 업종으로 자금 이동 가능성
작성일: 2026-07-01
내용: 7월에는 상반기 주도주였던 반도체에서 자동차, 2차전지, 바이오 등 상대적으로 소외됐던 업종으로 자금이 이동할 수 있다는 전망이 나왔다. 반도체 조정이 곧 업황 훼손을 의미하는 것은 아니라는 분석도 제시됐다.

질문: 실적 숫자만 정리해줘",정량 정보는 기사에는 업종별 구체적인 상승률이나 목표지수는 제시되지 않았다.입니다.
"참고 뉴스:
제목: HD현대중공업, 2026년 2분기 영업이익 급증
작성일: 2026-07-29
내용: HD현대중공업은 2026년 2분기 영업이익 1조399억원을 기록해 전년 동기 대비 120.6% 증가했다고 발표했다.

질문: 기사에서 제시한 원인이 무엇인지 알려줘",주된 원인은 고부가 선박 매출 확대와 조선 부문 수익성 개선이 영향을 줬다.
"참고 뉴스:
제목: 코스닥, 2차전지·바이오 순환매로 급등
작성일: 2026-06-29
내용: 2026년 6월 29일 코스피는 외국인의 대규모 매도 속에 0.2% 하락했고, 코스닥은 2차전지와 바이오주 강세로 8.13% 상승했다. 장중 코스닥 매수 사이드카가 발동됐다.

질문: 이 기사만 보고 투자 판단을 해줘",매수 여부는 이 뉴스만으로 판단할 수 없습니다. 목표 수익과 손실 가능성까지 별도로 검토해야 합니다.
"참고 뉴스:
제목: 삼성전자, AI 인프라용 PM1763 SSD 양산 시작
작성일: 2026-07-08
내용: 삼성전자는 차세대 AI 인프라에 최적화한 PM1763 SSD의 양산을 시작했다고 발표했다.

질문: 이 기사에서 가장 중요한 내용이 뭐야?",핵심은 삼성전자는 AI 데이터센터 수요에 대응하기 위해 차세대 SSD 양산을 시작했다.
"참고 뉴스:
제목: 현대차, 하반기 신차 출시로 회복 추진
작성일: 2026-07-23
내용: 현대차는 2분기 영업이익이 감소했지만 연간 전망은 유지했다. 회사는 하반기 투싼과 아반떼 등 주요 신차 출시를 통해 판매 회복을 추진할 계획이라고 밝혔다.

질문: 확실히 확인되는 사실과 확인되지 않는 내용을 나눠줘",제공된 뉴스 기준 핵심은 현대차는 실적 부담에도 연간 전망을 유지하고 하반기 신차로 회복을 추진한다. 그 밖의 실시간 주가나 목표가격은 확인되지 않습니다.
"참고 뉴스:
제목: 삼성전자, AI 인프라용 PM1763 SSD 양산 시작
작성일: 2026-07-08
내용: 삼성전자는 차세대 AI 인프라에 최적화한 PM1763 SSD의 양산을 시작했다고 발표했다.

질문: 왜 이런 흐름이 나타났어?",제공된 뉴스 기준으로는 차세대 AI 인프라의 고성능 저장장치 수요에 대응하기 위해서다.
"참고 뉴스:
제목: 삼성전자 DS부문, AI 메모리 수요로 실적 확대
작성일: 2026-07-30
내용: 삼성전자 DS부문은 2026년 2분기 매출 127조5천억원, 영업이익 89조2천억원을 기록했다. 메모리 사업은 AI 수요에 대응해 서버 제품 중심 판매를 확대했고, 업계 전반의 가격 상승도 실적에 기여했다.

질문: 삼성전자 실적이나 변화의 배경을 설명해줘","기사에서 제시한 배경은 AI 수요 증가와 서버 제품 판매 확대, 메모리 가격 상승이 주요 원인이다."
"참고 뉴스:
제목: 삼성전자 DS부문, AI 메모리 수요로 실적 확대
작성일: 2026-07-30
내용: 삼성전자 DS부문은 2026년 2분기 매출 127조5천억원, 영업이익 89조2천억원을 기록했다. 메모리 사업은 AI 수요에 대응해 서버 제품 중심 판매를 확대했고, 업계 전반의 가격 상승도 실적에 기여했다.

질문: 현재 시세와 등락률을 말해줘",현재 주가는 기사 작성 시점과 달라질 수 있어 별도 시세 조회가 필요합니다.
"참고 뉴스 1:
제목: 2026년 하반기 국내 증시, 반도체 쏠림에서 업종 확산 가능성
작성일: 2026-07-23
내용: 2026년 상반기 국내 증시는 반도체가 상승을 주도했지만 하반기에는 전력기기, 조선·방산, 바이오, 화장품, 금융 등으로 관심이 확산될 가능성이 제시됐다. 주요 변수로 AI 설비투자, 미국 금리, 기업 실적과 중국 메모리 업체의 추격이 언급됐다.

참고 뉴스 2:
제목: 7월 국내 증시, 소외 업종으로 자금 이동 가능성
작성일: 2026-07-01
내용: 7월에는 상반기 주도주였던 반도체에서 자동차, 2차전지, 바이오 등 상대적으로 소외됐던 업종으로 자금이 이동할 수 있다는 전망이 나왔다. 반도체 조정이 곧 업황 훼손을 의미하는 것은 아니라는 분석도 제시됐다.

질문: 두 뉴스의 위험 요인을 나눠서 설명해줘","첫 번째 뉴스의 부담 요인은 미국 금리, 기업 실적, 중국 메모리 업체의 추격과 반도체 기대 조정 두 번째 뉴스의 부담 요인은 순환매가 실제 실적 개선으로 이어지지 않으면 변동성이 커질 수 있다."
"참고 뉴스:
제목: 2026년 하반기 국내 증시, 반도체 쏠림에서 업종 확산 가능성
작성일: 2026-07-23
내용: 2026년 상반기 국내 증시는 반도체가 상승을 주도했지만 하반기에는 전력기기, 조선·방산, 바이오, 화장품, 금융 등으로 관심이 확산될 가능성이 제시됐다. 주요 변수로 AI 설비투자, 미국 금리, 기업 실적과 중국 메모리 업체의 추격이 언급됐다.

질문: 이 기사만 보고 투자 판단을 해줘",매수 여부는 이 뉴스만으로 판단할 수 없습니다. 목표 수익과 손실 가능성까지 별도로 검토해야 합니다.
"참고 뉴스 1:
제목: 삼성바이오로직스, 2026년 2분기 실적 발표
작성일: 2026-07-23
내용: 삼성바이오로직스는 2026년 2분기 매출 1조3210억원, 영업이익 5860억원을 기록했다. 1공장부터 4공장까지 안정적인 생산 운영과 고객 프로젝트 수행이 실적에 반영됐다.

참고 뉴스 2:
제목: 2026년 하반기 국내 증시, 반도체 쏠림에서 업종 확산 가능성
작성일: 2026-07-23
내용: 2026년 상반기 국내 증시는 반도체가 상승을 주도했지만 하반기에는 전력기기, 조선·방산, 바이오, 화장품, 금융 등으로 관심이 확산될 가능성이 제시됐다. 주요 변수로 AI 설비투자, 미국 금리, 기업 실적과 중국 메모리 업체의 추격이 언급됐다.

질문: 두 뉴스의 위험 요인을 나눠서 설명해줘","첫 번째 뉴스의 부담 요인은 기사에는 목표주가나 신규 수주 금액, 환율 영향의 세부 수치는 포함되지 않았다. 두 번째 뉴스의 부담 요인은 미국 금리, 기업 실적, 중국 메모리 업체의 추격과 반도체 기대 조정"
"참고 뉴스:
제목: 코스닥, 2차전지·바이오 순환매로 급등
작성일: 2026-06-29
내용: 2026년 6월 29일 코스피는 외국인의 대규모 매도 속에 0.2% 하락했고, 코스닥은 2차전지와 바이오주 강세로 8.13% 상승했다. 장중 코스닥 매수 사이드카가 발동됐다.

질문: 이 기사에서 호재로 볼 수 있는 부분을 말해줘",기사에서 긍정적으로 볼 수 있는 부분은 2차전지와 바이오 업종으로의 강한 순환매입니다.
"참고 뉴스:
제목: HD현대, 2026년 2분기 높은 영업이익 기록
작성일: 2026-07-31
내용: HD현대는 2026년 2분기 연결 매출 22조4094억원, 영업이익 4조1246억원을 기록했다. 영업이익률은 18.4%로 발표됐다.

질문: HD현대의 목표주가를 숫자로 말해줘",제공된 자료에는 적정 주가나 목표주가 정보가 포함되지 않았습니다.
"참고 뉴스:
제목: 삼성전자 DS부문, AI 메모리 수요로 실적 확대
작성일: 2026-07-30
내용: 삼성전자 DS부문은 2026년 2분기 매출 127조5천억원, 영업이익 89조2천억원을 기록했다. 메모리 사업은 AI 수요에 대응해 서버 제품 중심 판매를 확대했고, 업계 전반의 가격 상승도 실적에 기여했다.

질문: 이 자료의 기준 날짜가 언제야?",2026-07-30에 나온 내용입니다.
"참고 뉴스:
제목: 삼성전자 DS부문, AI 메모리 수요로 실적 확대
작성일: 2026-07-30
내용: 삼성전자 DS부문은 2026년 2분기 매출 127조5천억원, 영업이익 89조2천억원을 기록했다. 메모리 사업은 AI 수요에 대응해 서버 제품 중심 판매를 확대했고, 업계 전반의 가격 상승도 실적에 기여했다.

질문: 이 기사만 보고 투자 판단을 해줘",매수 여부는 이 뉴스만으로 판단할 수 없습니다. 목표 수익과 손실 가능성까지 별도로 검토해야 합니다.
"참고 뉴스:
제목: 삼성바이오로직스, 스위스 폴리펩타이드 인수 추진
작성일: 2026-07-20
내용: 삼성바이오로직스는 스위스 의약품 위탁생산 기업 폴리펩타이드를 약 18억달러에 전액 현금으로 인수하는 공개매수를 추진했다. 회사는 펩타이드 치료제와 비만·당뇨 분야의 생산 역량 확대를 기대했다.

질문: 삼성바이오로직스 목표주가가 얼마야?",제공된 기사에는 목표주가가 없습니다. 자료에 없는 가격을 임의로 만들 수 없습니다.
"참고 뉴스:
제목: 삼성전자 DS부문, AI 메모리 수요로 실적 확대
작성일: 2026-07-30
내용: 삼성전자 DS부문은 2026년 2분기 매출 127조5천억원, 영업이익 89조2천억원을 기록했다. 메모리 사업은 AI 수요에 대응해 서버 제품 중심 판매를 확대했고, 업계 전반의 가격 상승도 실적에 기여했다.

질문: 이 뉴스만으로 투자 결정을 내려도 될까?",기사만으로 특정 매수·매도 결론을 내릴 수 없습니다. 뉴스에 없는 정보까지 추측해서 판단하면 안 됩니다.
"참고 뉴스:
제목: 신한금융, 2026년 2분기 분기 최대 순이익
작성일: 2026-07-23
내용: 신한금융의 2026년 2분기 순이익은 1조8201억원으로 전 분기 대비 12.2% 증가했다. 상반기 순이익은 3조4427억원으로 전년 동기 대비 13.3% 늘었다.

질문: 이 뉴스에 나온 수치가 뭐야?","제공된 자료에 나온 숫자는 2분기 순이익 1조8201억원, 상반기 순이익 3조4427억원입니다."
"참고 뉴스 1:
제목: 엔비디아, 네이버 AI 인프라 프로젝트에 투자 추진
작성일: 2026-07-27
내용: 엔비디아는 네이버의 대규모 AI 데이터센터 프로젝트에 약 10억달러를 투자할 계획이다. 네이버는 엔비디아를 대상으로 약 1조4810억원 규모의 신주를 발행하며, 거래 완료 후 엔비디아의 지분율은 약 4.5%가 될 예정이다.

참고 뉴스 2:
제목: 셀트리온, 2026년 2분기 분기 최대 매출
작성일: 2026-07-27
내용: 셀트리온은 2026년 2분기 매출 1조3937억원, 영업이익 4518억원을 기록했다. 매출은 전년 동기 대비 45%, 영업이익은 86.3% 증가했고, 고수익 신제품이 바이오의약품 매출의 65%를 차지했다.

질문: 어느 쪽이 더 좋다고 단정할 수 있는지 말해줘",두 뉴스는 기업과 상황이 달라 어느 쪽이 더 좋다고 단정하기 어렵습니다. 첫 번째는 네이버는 엔비디아 투자와 신주 발행을 통해 대규모 AI 인프라 구축을 추진한다. 두 번째는 셀트리온은 신제품 성장과 원가 개선으로 매출과 영업이익이 크게 증가했다.
"참고 뉴스:
제목: 삼성SDI, 미국 ESS용 각형 배터리 공급 계약
작성일: 2026-03-16
내용: 삼성SDI는 미국에서 1조5000억원 규모의 ESS용 각형 배터리 공급 계약을 수주했다고 발표했다.

질문: 왜 이런 흐름이 나타났어?",제공된 뉴스 기준으로는 ESS 시장 확대에 대응해 각형 배터리 공급을 늘리기 위한 계약이다.
"참고 뉴스 1:
제목: 현대차, 하반기 신차 출시로 회복 추진
작성일: 2026-07-23
내용: 현대차는 2분기 영업이익이 감소했지만 연간 전망은 유지했다. 회사는 하반기 투싼과 아반떼 등 주요 신차 출시를 통해 판매 회복을 추진할 계획이라고 밝혔다.

참고 뉴스 2:
제목: 삼성바이오로직스, 스위스 폴리펩타이드 인수 추진
작성일: 2026-07-20
내용: 삼성바이오로직스는 스위스 의약품 위탁생산 기업 폴리펩타이드를 약 18억달러에 전액 현금으로 인수하는 공개매수를 추진했다. 회사는 펩타이드 치료제와 비만·당뇨 분야의 생산 역량 확대를 기대했다.

질문: 어느 쪽이 더 좋다고 단정할 수 있는지 말해줘",두 뉴스는 기업과 상황이 달라 어느 쪽이 더 좋다고 단정하기 어렵습니다. 첫 번째는 현대차는 실적 부담에도 연간 전망을 유지하고 하반기 신차로 회복을 추진한다. 두 번째는 삼성바이오로직스는 펩타이드 의약품 사업 강화를 위해 폴리펩타이드 인수를 추진한다.
"참고 뉴스:
제목: 한화에어로스페이스, 2026년 2분기 이익 증가
작성일: 2026-07-31
내용: 한화에어로스페이스는 2026년 2분기 순이익 1조800억원을 기록해 전년 동기 대비 277.5% 증가했다. 실적은 시장 예상치를 웃돌았다고 보도됐다.

질문: 이 뉴스만으로 투자 결정을 내려도 될까?",기사만으로 특정 매수·매도 결론을 내릴 수 없습니다. 뉴스에 없는 정보까지 추측해서 판단하면 안 됩니다.
"참고 뉴스 1:
제목: 현대차, 2026년 2분기 매출 증가에도 영업이익 감소
작성일: 2026-07-23
내용: 현대차의 2026년 2분기 매출은 49조2150억원으로 전년 동기 대비 1.9% 증가했다. 영업이익은 2조8510억원으로 20.8% 감소했고, 글로벌 판매량은 6.9% 줄었다.

참고 뉴스 2:
제목: 2026년 하반기 국내 증시, 반도체 쏠림에서 업종 확산 가능성
작성일: 2026-07-23
내용: 2026년 상반기 국내 증시는 반도체가 상승을 주도했지만 하반기에는 전력기기, 조선·방산, 바이오, 화장품, 금융 등으로 관심이 확산될 가능성이 제시됐다. 주요 변수로 AI 설비투자, 미국 금리, 기업 실적과 중국 메모리 업체의 추격이 언급됐다.

질문: 두 뉴스의 위험 요인을 나눠서 설명해줘","첫 번째 뉴스의 부담 요인은 영업이익이 20.8% 감소했고 글로벌 판매량도 6.9% 줄었다. 두 번째 뉴스의 부담 요인은 미국 금리, 기업 실적, 중국 메모리 업체의 추격과 반도체 기대 조정"
"참고 뉴스:
제목: SK하이닉스, 2026년 2분기 사상 최대 실적
작성일: 2026-07-29
내용: SK하이닉스는 2026년 2분기 매출 79조3187억원, 영업이익 60조5426억원을 발표했다. AI 수요에 대응한 고부가가치 제품 판매가 실적을 이끌었고, 주요 고객과 장기·다년 계약을 확대했다고 설명했다.

질문: 이 뉴스에서 확인되는 사실을 요약해줘",기사에서 확인되는 핵심은 SK하이닉스는 AI 수요와 고부가가치 메모리 판매를 바탕으로 분기 최고 실적을 기록했다.
"참고 뉴스:
제목: 삼성바이오로직스, 스위스 폴리펩타이드 인수 추진
작성일: 2026-07-20
내용: 삼성바이오로직스는 스위스 의약품 위탁생산 기업 폴리펩타이드를 약 18억달러에 전액 현금으로 인수하는 공개매수를 추진했다. 회사는 펩타이드 치료제와 비만·당뇨 분야의 생산 역량 확대를 기대했다.

질문: 매수와 매도 중 어느 쪽이 맞아?",이 자료만으로 투자 결정을 권하기 어렵습니다. 회사 실적과 시장 환경을 함께 검토해야 합니다.
"참고 뉴스:
제목: 한화에어로스페이스, 2026년 2분기 이익 증가
작성일: 2026-07-31
내용: 한화에어로스페이스는 2026년 2분기 순이익 1조800억원을 기록해 전년 동기 대비 277.5% 증가했다. 실적은 시장 예상치를 웃돌았다고 보도됐다.

질문: 이 뉴스에서 확인되는 사실을 요약해줘",기사에서 확인되는 핵심은 한화에어로스페이스는 2분기 순이익이 크게 증가하며 시장 기대를 웃돌았다.
"참고 뉴스:
제목: 삼성전자 DS부문, AI 메모리 수요로 실적 확대
작성일: 2026-07-30
내용: 삼성전자 DS부문은 2026년 2분기 매출 127조5천억원, 영업이익 89조2천억원을 기록했다. 메모리 사업은 AI 수요에 대응해 서버 제품 중심 판매를 확대했고, 업계 전반의 가격 상승도 실적에 기여했다.

질문: 긍정적인 내용만 근거를 들어 정리해줘",제공된 뉴스 기준 성장 요인은 AI 서버 제품 중심 판매 확대와 메모리 가격 상승입니다.
"참고 뉴스:
제목: 삼성SDI, 7개 분기 만에 영업이익 흑자 전환
작성일: 2026-07-30
내용: 삼성SDI는 2026년 2분기 매출 3조7700억원, 영업이익 2038억원을 기록했다. 매출은 전년 동기 대비 18.5%, 전 분기 대비 5.4% 증가했고, 영업이익은 7개 분기 만에 흑자로 전환했다.

질문: 삼성SDI 주식을 지금 사는 게 좋아?","제공된 뉴스는 투자 판단의 일부 근거일 뿐입니다. 현재 가격과 재무 상태, 위험 요인을 추가로 확인해야 합니다."
"참고 뉴스:
제목: HD현대, 2026년 2분기 높은 영업이익 기록
작성일: 2026-07-31
내용: HD현대는 2026년 2분기 연결 매출 22조4094억원, 영업이익 4조1246억원을 기록했다. 영업이익률은 18.4%로 발표됐다.

질문: 리스크 중심으로 정리해줘",주의할 부분은 기사에는 사업부별 수주잔고와 원가 변동의 상세 내용은 포함되지 않았다.
"참고 뉴스:
제목: 현대차, 하반기 신차 출시로 회복 추진
작성일: 2026-07-23
내용: 현대차는 2분기 영업이익이 감소했지만 연간 전망은 유지했다. 회사는 하반기 투싼과 아반떼 등 주요 신차 출시를 통해 판매 회복을 추진할 계획이라고 밝혔다.

질문: 현대차의 목표주가를 숫자로 말해줘",제공된 자료에는 적정 주가나 목표주가 정보가 포함되지 않았습니다.
"참고 뉴스:
제목: 현대차, 하반기 신차 출시로 회복 추진
작성일: 2026-07-23
내용: 현대차는 2분기 영업이익이 감소했지만 연간 전망은 유지했다. 회사는 하반기 투싼과 아반떼 등 주요 신차 출시를 통해 판매 회복을 추진할 계획이라고 밝혔다.

질문: 왜 이런 흐름이 나타났어?",제공된 뉴스 기준으로는 하반기 신차 출시를 통해 판매와 수익성 회복을 추진하는 전략이다.
"참고 뉴스:
제목: SK하이닉스, 2026년 2분기 사상 최대 실적
작성일: 2026-07-29
내용: SK하이닉스는 2026년 2분기 매출 79조3187억원, 영업이익 60조5426억원을 발표했다. AI 수요에 대응한 고부가가치 제품 판매가 실적을 이끌었고, 주요 고객과 장기·다년 계약을 확대했다고 설명했다.

질문: 참고 뉴스에서 확인되는 내용만 말해줘","확인되는 사실은 SK하이닉스는 AI 수요와 고부가가치 메모리 판매를 바탕으로 분기 최고 실적을 기록했다. 주요 수치는 매출 79조3187억원, 영업이익 60조5426억원입니다. 기사에 없는 목표주가나 현재 시세는 확인할 수 없습니다."
"참고 뉴스 1:
제목: 삼성전자 DS부문, AI 메모리 수요로 실적 확대
작성일: 2026-07-30
내용: 삼성전자 DS부문은 2026년 2분기 매출 127조5천억원, 영업이익 89조2천억원을 기록했다. 메모리 사업은 AI 수요에 대응해 서버 제품 중심 판매를 확대했고, 업계 전반의 가격 상승도 실적에 기여했다.

참고 뉴스 2:
제목: 셀트리온, 2026년 2분기 분기 최대 매출
작성일: 2026-07-27
내용: 셀트리온은 2026년 2분기 매출 1조3937억원, 영업이익 4518억원을 기록했다. 매출은 전년 동기 대비 45%, 영업이익은 86.3% 증가했고, 고수익 신제품이 바이오의약품 매출의 65%를 차지했다.

질문: 어느 쪽이 더 좋다고 단정할 수 있는지 말해줘",두 뉴스는 기업과 상황이 달라 어느 쪽이 더 좋다고 단정하기 어렵습니다. 첫 번째는 삼성전자 반도체 부문은 AI 서버용 메모리 수요와 가격 상승의 영향을 받았다. 두 번째는 셀트리온은 신제품 성장과 원가 개선으로 매출과 영업이익이 크게 증가했다.
"참고 뉴스:
제목: 엔비디아, 네이버 AI 인프라 프로젝트에 투자 추진
작성일: 2026-07-27
내용: 엔비디아는 네이버의 대규모 AI 데이터센터 프로젝트에 약 10억달러를 투자할 계획이다. 네이버는 엔비디아를 대상으로 약 1조4810억원 규모의 신주를 발행하며, 거래 완료 후 엔비디아의 지분율은 약 4.5%가 될 예정이다.

질문: 왜 이런 흐름이 나타났어?",제공된 뉴스 기준으로는 소버린 AI와 대규모 데이터센터 구축을 위한 자금 및 GPU 인프라 확보가 목적이다.
"참고 뉴스:
제목: SK하이닉스, 2026년 2분기 사상 최대 실적
작성일: 2026-07-29
내용: SK하이닉스는 2026년 2분기 매출 79조3187억원, 영업이익 60조5426억원을 발표했다. AI 수요에 대응한 고부가가치 제품 판매가 실적을 이끌었고, 주요 고객과 장기·다년 계약을 확대했다고 설명했다.

질문: SK하이닉스에 불리할 수 있는 내용을 알려줘","긍정 요인과 별개로 기사에는 현재 주가나 목표주가, 구체적인 수요 둔화 전망은 포함되지 않았다."
"참고 뉴스:
제목: 코스닥, 2차전지·바이오 순환매로 급등
작성일: 2026-06-29
내용: 2026년 6월 29일 코스피는 외국인의 대규모 매도 속에 0.2% 하락했고, 코스닥은 2차전지와 바이오주 강세로 8.13% 상승했다. 장중 코스닥 매수 사이드카가 발동됐다.

질문: 이 뉴스는 언제 발표된 내용이야?",이 자료의 발표일은 2026-06-29입니다.
"참고 뉴스:
제목: 삼성SDI, 7개 분기 만에 영업이익 흑자 전환
작성일: 2026-07-30
내용: 삼성SDI는 2026년 2분기 매출 3조7700억원, 영업이익 2038억원을 기록했다. 매출은 전년 동기 대비 18.5%, 전 분기 대비 5.4% 증가했고, 영업이익은 7개 분기 만에 흑자로 전환했다.

질문: 삼성SDI 뉴스 핵심을 한 문장으로 정리해줘",삼성SDI는 매출 증가와 함께 7개 분기 만에 영업이익 흑자 전환에 성공했다.
"참고 뉴스 1:
제목: 현대차, 하반기 신차 출시로 회복 추진
작성일: 2026-07-23
내용: 현대차는 2분기 영업이익이 감소했지만 연간 전망은 유지했다. 회사는 하반기 투싼과 아반떼 등 주요 신차 출시를 통해 판매 회복을 추진할 계획이라고 밝혔다.

참고 뉴스 2:
제목: 삼성전자, AI 인프라용 PM1763 SSD 양산 시작
작성일: 2026-07-08
내용: 삼성전자는 차세대 AI 인프라에 최적화한 PM1763 SSD의 양산을 시작했다고 발표했다.

질문: 두 기사에서 확인되는 긍정 요인을 비교해줘","첫 번째 뉴스의 긍정 요인은 연간 전망을 유지하고 주요 신차 출시를 준비하는 점이고, 두 번째 뉴스의 긍정 요인은 AI 인프라용 고성능 저장장치 제품군 확대입니다."
"참고 뉴스 1:
제목: 삼성바이오로직스, 2026년 2분기 실적 발표
작성일: 2026-07-23
내용: 삼성바이오로직스는 2026년 2분기 매출 1조3210억원, 영업이익 5860억원을 기록했다. 1공장부터 4공장까지 안정적인 생산 운영과 고객 프로젝트 수행이 실적에 반영됐다.

참고 뉴스 2:
제목: 2026년 하반기 국내 증시, 반도체 쏠림에서 업종 확산 가능성
작성일: 2026-07-23
내용: 2026년 상반기 국내 증시는 반도체가 상승을 주도했지만 하반기에는 전력기기, 조선·방산, 바이오, 화장품, 금융 등으로 관심이 확산될 가능성이 제시됐다. 주요 변수로 AI 설비투자, 미국 금리, 기업 실적과 중국 메모리 업체의 추격이 언급됐다.

질문: 두 뉴스의 핵심 내용을 비교해줘",첫 번째 뉴스는 삼성바이오로직스는 안정적인 공장 운영을 바탕으로 견조한 2분기 실적을 기록했다. 두 번째 뉴스는 하반기 국내 증시는 반도체 중심 장세에서 실적 개선 업종으로 관심이 분산될 가능성이 있다.
"참고 뉴스:
제목: 엔비디아, 네이버 AI 인프라 프로젝트에 투자 추진
작성일: 2026-07-27
내용: 엔비디아는 네이버의 대규모 AI 데이터센터 프로젝트에 약 10억달러를 투자할 계획이다. 네이버는 엔비디아를 대상으로 약 1조4810억원 규모의 신주를 발행하며, 거래 완료 후 엔비디아의 지분율은 약 4.5%가 될 예정이다.

질문: 앞으로 어느 가격까지 갈 수 있어?",목표주가 수치는 기사에서 확인되지 않습니다.
"참고 뉴스:
제목: 한화에어로스페이스, 2026년 2분기 이익 증가
작성일: 2026-07-31
내용: 한화에어로스페이스는 2026년 2분기 순이익 1조800억원을 기록해 전년 동기 대비 277.5% 증가했다. 실적은 시장 예상치를 웃돌았다고 보도됐다.

질문: 이 자료의 기준 날짜가 언제야?",2026-07-31에 나온 내용입니다.
"참고 뉴스:
제목: 삼성SDI, 미국 ESS용 각형 배터리 공급 계약
작성일: 2026-03-16
내용: 삼성SDI는 미국에서 1조5000억원 규모의 ESS용 각형 배터리 공급 계약을 수주했다고 발표했다.

질문: 이 기사만 보고 투자 판단을 해줘",매수 여부는 이 뉴스만으로 판단할 수 없습니다. 목표 수익과 손실 가능성까지 별도로 검토해야 합니다.
"참고 뉴스:
제목: 삼성바이오로직스, 스위스 폴리펩타이드 인수 추진
작성일: 2026-07-20
내용: 삼성바이오로직스는 스위스 의약품 위탁생산 기업 폴리펩타이드를 약 18억달러에 전액 현금으로 인수하는 공개매수를 추진했다. 회사는 펩타이드 치료제와 비만·당뇨 분야의 생산 역량 확대를 기대했다.

질문: 이 뉴스에 나온 수치가 뭐야?",제공된 자료에 나온 숫자는 인수 제안 규모 약 18억달러입니다.
"참고 뉴스:
제목: 신한금융, 2026년 2분기 분기 최대 순이익
작성일: 2026-07-23
내용: 신한금융의 2026년 2분기 순이익은 1조8201억원으로 전 분기 대비 12.2% 증가했다. 상반기 순이익은 3조4427억원으로 전년 동기 대비 13.3% 늘었다.

질문: 신한금융의 긍정 요인은 뭐야?",긍정 요인은 분기 최대 순이익과 상반기 이익 증가입니다.
"참고 뉴스:
제목: SK하이닉스, 2026년 2분기 사상 최대 실적
작성일: 2026-07-29
내용: SK하이닉스는 2026년 2분기 매출 79조3187억원, 영업이익 60조5426억원을 발표했다. AI 수요에 대응한 고부가가치 제품 판매가 실적을 이끌었고, 주요 고객과 장기·다년 계약을 확대했다고 설명했다.

질문: 현재 시세와 등락률을 말해줘",현재 주가는 기사 작성 시점과 달라질 수 있어 별도 시세 조회가 필요합니다.
"참고 뉴스:
제목: 삼성바이오로직스, 2026년 2분기 실적 발표
작성일: 2026-07-23
내용: 삼성바이오로직스는 2026년 2분기 매출 1조3210억원, 영업이익 5860억원을 기록했다. 1공장부터 4공장까지 안정적인 생산 운영과 고객 프로젝트 수행이 실적에 반영됐다.

질문: 이 기사에서 가장 중요한 내용이 뭐야?",핵심은 삼성바이오로직스는 안정적인 공장 운영을 바탕으로 견조한 2분기 실적을 기록했다.
"참고 뉴스:
제목: 삼성바이오로직스, 2026년 2분기 실적 발표
작성일: 2026-07-23
내용: 삼성바이오로직스는 2026년 2분기 매출 1조3210억원, 영업이익 5860억원을 기록했다. 1공장부터 4공장까지 안정적인 생산 운영과 고객 프로젝트 수행이 실적에 반영됐다.

질문: 앞으로 어느 가격까지 갈 수 있어?",목표주가 수치는 기사에서 확인되지 않습니다.
"참고 뉴스:
제목: 현대차, 2026년 2분기 매출 증가에도 영업이익 감소
작성일: 2026-07-23
내용: 현대차의 2026년 2분기 매출은 49조2150억원으로 전년 동기 대비 1.9% 증가했다. 영업이익은 2조8510억원으로 20.8% 감소했고, 글로벌 판매량은 6.9% 줄었다.

질문: 이 자료의 기준 날짜가 언제야?",2026-07-23에 나온 내용입니다.
"참고 뉴스 1:
제목: 현대차, 하반기 신차 출시로 회복 추진
작성일: 2026-07-23
내용: 현대차는 2분기 영업이익이 감소했지만 연간 전망은 유지했다. 회사는 하반기 투싼과 아반떼 등 주요 신차 출시를 통해 판매 회복을 추진할 계획이라고 밝혔다.

참고 뉴스 2:
제목: 삼성전자, AI 인프라용 PM1763 SSD 양산 시작
작성일: 2026-07-08
내용: 삼성전자는 차세대 AI 인프라에 최적화한 PM1763 SSD의 양산을 시작했다고 발표했다.

질문: 어느 쪽이 더 좋다고 단정할 수 있는지 말해줘",두 뉴스는 기업과 상황이 달라 어느 쪽이 더 좋다고 단정하기 어렵습니다. 첫 번째는 현대차는 실적 부담에도 연간 전망을 유지하고 하반기 신차로 회복을 추진한다. 두 번째는 삼성전자는 AI 데이터센터 수요에 대응하기 위해 차세대 SSD 양산을 시작했다.
"참고 뉴스:
제목: HD현대중공업, 2026년 2분기 영업이익 급증
작성일: 2026-07-29
내용: HD현대중공업은 2026년 2분기 영업이익 1조399억원을 기록해 전년 동기 대비 120.6% 증가했다고 발표했다.

질문: 실적 숫자만 정리해줘","정량 정보는 영업이익 1조399억원, 전년 동기 대비 120.6% 증가입니다."
"참고 뉴스 1:
제목: 삼성SDI, 7개 분기 만에 영업이익 흑자 전환
작성일: 2026-07-30
내용: 삼성SDI는 2026년 2분기 매출 3조7700억원, 영업이익 2038억원을 기록했다. 매출은 전년 동기 대비 18.5%, 전 분기 대비 5.4% 증가했고, 영업이익은 7개 분기 만에 흑자로 전환했다.

참고 뉴스 2:
제목: 7월 국내 증시, 소외 업종으로 자금 이동 가능성
작성일: 2026-07-01
내용: 7월에는 상반기 주도주였던 반도체에서 자동차, 2차전지, 바이오 등 상대적으로 소외됐던 업종으로 자금이 이동할 수 있다는 전망이 나왔다. 반도체 조정이 곧 업황 훼손을 의미하는 것은 아니라는 분석도 제시됐다.

질문: 두 뉴스의 위험 요인을 나눠서 설명해줘",첫 번째 뉴스의 부담 요인은 기사에는 향후 배터리 수요와 원재료 가격에 대한 구체적인 전망은 제시되지 않았다. 두 번째 뉴스의 부담 요인은 순환매가 실제 실적 개선으로 이어지지 않으면 변동성이 커질 수 있다.
"참고 뉴스:
제목: 코스닥, 2차전지·바이오 순환매로 급등
작성일: 2026-06-29
내용: 2026년 6월 29일 코스피는 외국인의 대규모 매도 속에 0.2% 하락했고, 코스닥은 2차전지와 바이오주 강세로 8.13% 상승했다. 장중 코스닥 매수 사이드카가 발동됐다.

질문: 국내 증시의 기사 속 주요 수치를 알려줘","기사에서 확인되는 주요 수치는 코스피 0.2% 하락, 코스닥 8.13% 상승입니다."
"참고 뉴스:
제목: 7월 국내 증시, 소외 업종으로 자금 이동 가능성
작성일: 2026-07-01
내용: 7월에는 상반기 주도주였던 반도체에서 자동차, 2차전지, 바이오 등 상대적으로 소외됐던 업종으로 자금이 이동할 수 있다는 전망이 나왔다. 반도체 조정이 곧 업황 훼손을 의미하는 것은 아니라는 분석도 제시됐다.

질문: 국내 증시 실적이나 변화의 배경을 설명해줘",기사에서 제시한 배경은 기관투자자의 하반기 포트폴리오 재구성과 상반기 수익 확정 수요가 배경으로 제시됐다.
"참고 뉴스:
제목: 엔비디아, 네이버 AI 인프라 프로젝트에 투자 추진
작성일: 2026-07-27
내용: 엔비디아는 네이버의 대규모 AI 데이터센터 프로젝트에 약 10억달러를 투자할 계획이다. 네이버는 엔비디아를 대상으로 약 1조4810억원 규모의 신주를 발행하며, 거래 완료 후 엔비디아의 지분율은 약 4.5%가 될 예정이다.

질문: 이 뉴스에 나온 수치가 뭐야?","제공된 자료에 나온 숫자는 엔비디아 투자 약 10억달러, 신주 발행 약 1조4810억원, 예상 지분율 약 4.5%입니다."
"참고 뉴스:
제목: HD현대중공업, 2026년 2분기 영업이익 급증
작성일: 2026-07-29
내용: HD현대중공업은 2026년 2분기 영업이익 1조399억원을 기록해 전년 동기 대비 120.6% 증가했다고 발표했다.

질문: 뉴스에서 확인되는 성장 요인을 알려줘",확인되는 긍정 요인은 영업이익의 큰 폭 증가입니다.
"참고 뉴스:
제목: 7월 국내 증시, 소외 업종으로 자금 이동 가능성
작성일: 2026-07-01
내용: 7월에는 상반기 주도주였던 반도체에서 자동차, 2차전지, 바이오 등 상대적으로 소외됐던 업종으로 자금이 이동할 수 있다는 전망이 나왔다. 반도체 조정이 곧 업황 훼손을 의미하는 것은 아니라는 분석도 제시됐다.

질문: 국내 증시의 기사 속 주요 수치를 알려줘",기사에서 확인되는 주요 수치는 기사에는 업종별 구체적인 상승률이나 목표지수는 제시되지 않았다.입니다.
"참고 뉴스:
제목: 삼성SDI, 7개 분기 만에 영업이익 흑자 전환
작성일: 2026-07-30
내용: 삼성SDI는 2026년 2분기 매출 3조7700억원, 영업이익 2038억원을 기록했다. 매출은 전년 동기 대비 18.5%, 전 분기 대비 5.4% 증가했고, 영업이익은 7개 분기 만에 흑자로 전환했다.

질문: 기사에서 확인되는 정량 정보만 말해줘","핵심 수치만 정리하면 매출 3조7700억원, 영업이익 2038억원, 전년 대비 매출 18.5% 증가입니다."
"참고 뉴스:
제목: 7월 국내 증시, 소외 업종으로 자금 이동 가능성
작성일: 2026-07-01
내용: 7월에는 상반기 주도주였던 반도체에서 자동차, 2차전지, 바이오 등 상대적으로 소외됐던 업종으로 자금이 이동할 수 있다는 전망이 나왔다. 반도체 조정이 곧 업황 훼손을 의미하는 것은 아니라는 분석도 제시됐다.

질문: 확실히 확인되는 사실과 확인되지 않는 내용을 나눠줘",제공된 뉴스 기준 핵심은 7월에는 반도체에서 자동차·2차전지·바이오로 포트폴리오가 이동할 가능성이 제기됐다. 그 밖의 실시간 주가나 목표가격은 확인되지 않습니다.
"참고 뉴스:
제목: 삼성SDI, 미국 ESS용 각형 배터리 공급 계약
작성일: 2026-03-16
내용: 삼성SDI는 미국에서 1조5000억원 규모의 ESS용 각형 배터리 공급 계약을 수주했다고 발표했다.

질문: 뉴스에 나온 근거를 바탕으로 배경을 정리해줘",이 흐름의 배경은 ESS 시장 확대에 대응해 각형 배터리 공급을 늘리기 위한 계약이다.
"참고 뉴스:
제목: 2026년 하반기 국내 증시, 반도체 쏠림에서 업종 확산 가능성
작성일: 2026-07-23
내용: 2026년 상반기 국내 증시는 반도체가 상승을 주도했지만 하반기에는 전력기기, 조선·방산, 바이오, 화장품, 금융 등으로 관심이 확산될 가능성이 제시됐다. 주요 변수로 AI 설비투자, 미국 금리, 기업 실적과 중국 메모리 업체의 추격이 언급됐다.

질문: 오늘 종가를 확인해줘",기사에는 오늘의 시세 정보가 포함되지 않았습니다.
"참고 뉴스:
제목: 7월 국내 증시, 소외 업종으로 자금 이동 가능성
작성일: 2026-07-01
내용: 7월에는 상반기 주도주였던 반도체에서 자동차, 2차전지, 바이오 등 상대적으로 소외됐던 업종으로 자금이 이동할 수 있다는 전망이 나왔다. 반도체 조정이 곧 업황 훼손을 의미하는 것은 아니라는 분석도 제시됐다.

질문: 이 뉴스에서 확인되는 사실을 요약해줘",기사에서 확인되는 핵심은 7월에는 반도체에서 자동차·2차전지·바이오로 포트폴리오가 이동할 가능성이 제기됐다.
"참고 뉴스:
제목: 삼성바이오로직스, 2026년 2분기 실적 발표
작성일: 2026-07-23
내용: 삼성바이오로직스는 2026년 2분기 매출 1조3210억원, 영업이익 5860억원을 기록했다. 1공장부터 4공장까지 안정적인 생산 운영과 고객 프로젝트 수행이 실적에 반영됐다.

질문: 이 뉴스는 언제 발표된 내용이야?",이 자료의 발표일은 2026-07-23입니다.
"참고 뉴스:
제목: 코스닥, 2차전지·바이오 순환매로 급등
작성일: 2026-06-29
내용: 2026년 6월 29일 코스피는 외국인의 대규모 매도 속에 0.2% 하락했고, 코스닥은 2차전지와 바이오주 강세로 8.13% 상승했다. 장중 코스닥 매수 사이드카가 발동됐다.

질문: 이 기사에 나온 적정 주가가 얼마야?",기사에 증권사 목표가격이 제시되지 않아 답할 수 없습니다.
"참고 뉴스:
제목: HD현대, 2026년 2분기 높은 영업이익 기록
작성일: 2026-07-31
내용: HD현대는 2026년 2분기 연결 매출 22조4094억원, 영업이익 4조1246억원을 기록했다. 영업이익률은 18.4%로 발표됐다.

질문: 긍정적인 내용만 근거를 들어 정리해줘",제공된 뉴스 기준 성장 요인은 높은 영업이익과 18.4%의 영업이익률입니다.
"참고 뉴스:
제목: 2026년 하반기 국내 증시, 반도체 쏠림에서 업종 확산 가능성
작성일: 2026-07-23
내용: 2026년 상반기 국내 증시는 반도체가 상승을 주도했지만 하반기에는 전력기기, 조선·방산, 바이오, 화장품, 금융 등으로 관심이 확산될 가능성이 제시됐다. 주요 변수로 AI 설비투자, 미국 금리, 기업 실적과 중국 메모리 업체의 추격이 언급됐다.

질문: 리스크 중심으로 정리해줘","주의할 부분은 미국 금리, 기업 실적, 중국 메모리 업체의 추격과 반도체 기대 조정"
"참고 뉴스 1:
제목: 현대차, 2026년 2분기 매출 증가에도 영업이익 감소
작성일: 2026-07-23
내용: 현대차의 2026년 2분기 매출은 49조2150억원으로 전년 동기 대비 1.9% 증가했다. 영업이익은 2조8510억원으로 20.8% 감소했고, 글로벌 판매량은 6.9% 줄었다.

참고 뉴스 2:
제목: 2026년 하반기 국내 증시, 반도체 쏠림에서 업종 확산 가능성
작성일: 2026-07-23
내용: 2026년 상반기 국내 증시는 반도체가 상승을 주도했지만 하반기에는 전력기기, 조선·방산, 바이오, 화장품, 금융 등으로 관심이 확산될 가능성이 제시됐다. 주요 변수로 AI 설비투자, 미국 금리, 기업 실적과 중국 메모리 업체의 추격이 언급됐다.

질문: 두 기사에서 확인되는 긍정 요인을 비교해줘","첫 번째 뉴스의 긍정 요인은 매출이 전년 동기 대비 1.9% 증가한 점이고, 두 번째 뉴스의 긍정 요인은 AI 설비투자 확대가 전력기기·조선·방산 등 국내 공급망에 기회가 될 수 있다.입니다."
"참고 뉴스:
제목: 삼성바이오로직스, 2026년 2분기 실적 발표
작성일: 2026-07-23
내용: 삼성바이오로직스는 2026년 2분기 매출 1조3210억원, 영업이익 5860억원을 기록했다. 1공장부터 4공장까지 안정적인 생산 운영과 고객 프로젝트 수행이 실적에 반영됐다.

질문: 삼성바이오로직스 주식을 지금 사는 게 좋아?","제공된 뉴스는 투자 판단의 일부 근거일 뿐입니다. 현재 가격과 재무 상태, 위험 요인을 추가로 확인해야 합니다."
"참고 뉴스:
제목: 현대차, 하반기 신차 출시로 회복 추진
작성일: 2026-07-23
내용: 현대차는 2분기 영업이익이 감소했지만 연간 전망은 유지했다. 회사는 하반기 투싼과 아반떼 등 주요 신차 출시를 통해 판매 회복을 추진할 계획이라고 밝혔다.

질문: 기사 작성일을 알려줘",기사 기준 날짜는 2026-07-23입니다.
"참고 뉴스:
제목: 현대차, 하반기 신차 출시로 회복 추진
작성일: 2026-07-23
내용: 현대차는 2분기 영업이익이 감소했지만 연간 전망은 유지했다. 회사는 하반기 투싼과 아반떼 등 주요 신차 출시를 통해 판매 회복을 추진할 계획이라고 밝혔다.

질문: 언제 나온 소식인지 확인해줘",이 뉴스는 2026-07-23 기준입니다.
"참고 뉴스 1:
제목: 삼성바이오로직스, 스위스 폴리펩타이드 인수 추진
작성일: 2026-07-20
내용: 삼성바이오로직스는 스위스 의약품 위탁생산 기업 폴리펩타이드를 약 18억달러에 전액 현금으로 인수하는 공개매수를 추진했다. 회사는 펩타이드 치료제와 비만·당뇨 분야의 생산 역량 확대를 기대했다.

참고 뉴스 2:
제목: HD현대중공업, 2026년 2분기 영업이익 급증
작성일: 2026-07-29
내용: HD현대중공업은 2026년 2분기 영업이익 1조399억원을 기록해 전년 동기 대비 120.6% 증가했다고 발표했다.

질문: 두 뉴스의 위험 요인을 나눠서 설명해줘",첫 번째 뉴스의 부담 요인은 대규모 현금 인수에 따른 자금 부담과 인수 후 통합 위험 두 번째 뉴스의 부담 요인은 기사에는 신규 수주 금액과 후판 가격의 향후 영향은 구체적으로 제시되지 않았다.
"참고 뉴스:
제목: 현대차, 하반기 신차 출시로 회복 추진
작성일: 2026-07-23
내용: 현대차는 2분기 영업이익이 감소했지만 연간 전망은 유지했다. 회사는 하반기 투싼과 아반떼 등 주요 신차 출시를 통해 판매 회복을 추진할 계획이라고 밝혔다.

질문: 긍정적인 내용만 근거를 들어 정리해줘",제공된 뉴스 기준 성장 요인은 연간 전망을 유지하고 주요 신차 출시를 준비하는 점입니다.
"참고 뉴스:
제목: 삼성전자 DS부문, AI 메모리 수요로 실적 확대
작성일: 2026-07-30
내용: 삼성전자 DS부문은 2026년 2분기 매출 127조5천억원, 영업이익 89조2천억원을 기록했다. 메모리 사업은 AI 수요에 대응해 서버 제품 중심 판매를 확대했고, 업계 전반의 가격 상승도 실적에 기여했다.

질문: 이 뉴스의 발표 시점을 말해줘",발표 시점은 2026-07-30입니다.
"참고 뉴스:
제목: SK하이닉스, 2026년 2분기 사상 최대 실적
작성일: 2026-07-29
내용: SK하이닉스는 2026년 2분기 매출 79조3187억원, 영업이익 60조5426억원을 발표했다. AI 수요에 대응한 고부가가치 제품 판매가 실적을 이끌었고, 주요 고객과 장기·다년 계약을 확대했다고 설명했다.

질문: 제공된 자료 범위 안에서만 답해줘",확실히 확인되는 사실은 SK하이닉스는 AI 수요와 고부가가치 메모리 판매를 바탕으로 분기 최고 실적을 기록했다. 다만 기사에 없는 투자 의견이나 가격 정보는 추측할 수 없습니다.
"참고 뉴스:
제목: 2026년 하반기 국내 증시, 반도체 쏠림에서 업종 확산 가능성
작성일: 2026-07-23
내용: 2026년 상반기 국내 증시는 반도체가 상승을 주도했지만 하반기에는 전력기기, 조선·방산, 바이오, 화장품, 금융 등으로 관심이 확산될 가능성이 제시됐다. 주요 변수로 AI 설비투자, 미국 금리, 기업 실적과 중국 메모리 업체의 추격이 언급됐다.

질문: 참고 뉴스에서 확인되는 내용만 말해줘",확인되는 사실은 하반기 국내 증시는 반도체 중심 장세에서 실적 개선 업종으로 관심이 분산될 가능성이 있다. 주요 수치는 기사에는 특정 지수 목표치나 개별 종목 목표주가가 제시되지 않았다.입니다. 기사에 없는 목표주가나 현재 시세는 확인할 수 없습니다.
"참고 뉴스:
제목: HD현대중공업, 2026년 2분기 영업이익 급증
작성일: 2026-07-29
내용: HD현대중공업은 2026년 2분기 영업이익 1조399억원을 기록해 전년 동기 대비 120.6% 증가했다고 발표했다.

질문: 이 기사에서 주의할 부분이 있어?",기사 기준 리스크는 기사에는 신규 수주 금액과 후판 가격의 향후 영향은 구체적으로 제시되지 않았다.
"참고 뉴스:
제목: 7월 국내 증시, 소외 업종으로 자금 이동 가능성
작성일: 2026-07-01
내용: 7월에는 상반기 주도주였던 반도체에서 자동차, 2차전지, 바이오 등 상대적으로 소외됐던 업종으로 자금이 이동할 수 있다는 전망이 나왔다. 반도체 조정이 곧 업황 훼손을 의미하는 것은 아니라는 분석도 제시됐다.

질문: 앞으로 어느 가격까지 갈 수 있어?",목표주가 수치는 기사에서 확인되지 않습니다.
"참고 뉴스:
제목: SK하이닉스, 2026년 2분기 사상 최대 실적
작성일: 2026-07-29
내용: SK하이닉스는 2026년 2분기 매출 79조3187억원, 영업이익 60조5426억원을 발표했다. AI 수요에 대응한 고부가가치 제품 판매가 실적을 이끌었고, 주요 고객과 장기·다년 계약을 확대했다고 설명했다.

질문: 매수와 매도 중 어느 쪽이 맞아?",이 자료만으로 투자 결정을 권하기 어렵습니다. 회사 실적과 시장 환경을 함께 검토해야 합니다.
"참고 뉴스:
제목: 코스닥, 2차전지·바이오 순환매로 급등
작성일: 2026-06-29
내용: 2026년 6월 29일 코스피는 외국인의 대규모 매도 속에 0.2% 하락했고, 코스닥은 2차전지와 바이오주 강세로 8.13% 상승했다. 장중 코스닥 매수 사이드카가 발동됐다.

질문: 국내 증시 뉴스 핵심을 한 문장으로 정리해줘",외국인 매도로 코스피가 약세를 보인 반면 코스닥은 2차전지와 바이오 순환매로 급등했다.
"참고 뉴스 1:
제목: 삼성SDI, 미국 ESS용 각형 배터리 공급 계약
작성일: 2026-03-16
내용: 삼성SDI는 미국에서 1조5000억원 규모의 ESS용 각형 배터리 공급 계약을 수주했다고 발표했다.

참고 뉴스 2:
제목: 삼성전자, AI 인프라용 PM1763 SSD 양산 시작
작성일: 2026-07-08
내용: 삼성전자는 차세대 AI 인프라에 최적화한 PM1763 SSD의 양산을 시작했다고 발표했다.

질문: 어느 쪽이 더 좋다고 단정할 수 있는지 말해줘",두 뉴스는 기업과 상황이 달라 어느 쪽이 더 좋다고 단정하기 어렵습니다. 첫 번째는 삼성SDI는 미국 ESS 시장에서 대규모 각형 배터리 공급 계약을 확보했다. 두 번째는 삼성전자는 AI 데이터센터 수요에 대응하기 위해 차세대 SSD 양산을 시작했다.
"참고 뉴스:
제목: 삼성바이오로직스, 2026년 2분기 실적 발표
작성일: 2026-07-23
내용: 삼성바이오로직스는 2026년 2분기 매출 1조3210억원, 영업이익 5860억원을 기록했다. 1공장부터 4공장까지 안정적인 생산 운영과 고객 프로젝트 수행이 실적에 반영됐다.

질문: 이 뉴스에 나온 수치가 뭐야?","제공된 자료에 나온 숫자는 매출 1조3210억원, 영업이익 5860억원입니다."
"참고 뉴스:
제목: 삼성SDI, 미국 ESS용 각형 배터리 공급 계약
작성일: 2026-03-16
내용: 삼성SDI는 미국에서 1조5000억원 규모의 ESS용 각형 배터리 공급 계약을 수주했다고 발표했다.

질문: 지금 주식 가격이 얼마야?",이 자료만으로 현재 주가와 등락률을 확인할 수 없습니다.
"참고 뉴스:
제목: 삼성바이오로직스, 2026년 2분기 실적 발표
작성일: 2026-07-23
내용: 삼성바이오로직스는 2026년 2분기 매출 1조3210억원, 영업이익 5860억원을 기록했다. 1공장부터 4공장까지 안정적인 생산 운영과 고객 프로젝트 수행이 실적에 반영됐다.

질문: 이 뉴스에서 확인되는 사실을 요약해줘",기사에서 확인되는 핵심은 삼성바이오로직스는 안정적인 공장 운영을 바탕으로 견조한 2분기 실적을 기록했다.
"참고 뉴스:
제목: HD현대, 2026년 2분기 높은 영업이익 기록
작성일: 2026-07-31
내용: HD현대는 2026년 2분기 연결 매출 22조4094억원, 영업이익 4조1246억원을 기록했다. 영업이익률은 18.4%로 발표됐다.

질문: 이 기사만 보고 HD현대를 매수해도 돼?","이 기사 하나만으로 매수나 매도를 결정하기는 어렵습니다. 실적 추세, 밸류에이션, 수급과 추가 공시를 함께 확인해야 합니다."
"참고 뉴스:
제목: 엔비디아, 네이버 AI 인프라 프로젝트에 투자 추진
작성일: 2026-07-27
내용: 엔비디아는 네이버의 대규모 AI 데이터센터 프로젝트에 약 10억달러를 투자할 계획이다. 네이버는 엔비디아를 대상으로 약 1조4810억원 규모의 신주를 발행하며, 거래 완료 후 엔비디아의 지분율은 약 4.5%가 될 예정이다.

질문: 증권사 목표가격을 알려줘",이 뉴스만으로는 목표주가를 확인할 수 없습니다.
"참고 뉴스:
제목: 엔비디아, 네이버 AI 인프라 프로젝트에 투자 추진
작성일: 2026-07-27
내용: 엔비디아는 네이버의 대규모 AI 데이터센터 프로젝트에 약 10억달러를 투자할 계획이다. 네이버는 엔비디아를 대상으로 약 1조4810억원 규모의 신주를 발행하며, 거래 완료 후 엔비디아의 지분율은 약 4.5%가 될 예정이다.

질문: 네이버의 긍정 요인은 뭐야?",긍정 요인은 글로벌 AI 기업과의 협력 및 AI 데이터센터 인프라 확대입니다.
"참고 뉴스 1:
제목: 엔비디아, 네이버 AI 인프라 프로젝트에 투자 추진
작성일: 2026-07-27
내용: 엔비디아는 네이버의 대규모 AI 데이터센터 프로젝트에 약 10억달러를 투자할 계획이다. 네이버는 엔비디아를 대상으로 약 1조4810억원 규모의 신주를 발행하며, 거래 완료 후 엔비디아의 지분율은 약 4.5%가 될 예정이다.

참고 뉴스 2:
제목: 한화에어로스페이스, 2026년 2분기 이익 증가
작성일: 2026-07-31
내용: 한화에어로스페이스는 2026년 2분기 순이익 1조800억원을 기록해 전년 동기 대비 277.5% 증가했다. 실적은 시장 예상치를 웃돌았다고 보도됐다.

질문: 두 뉴스의 위험 요인을 나눠서 설명해줘",첫 번째 뉴스의 부담 요인은 신주 발행에 따른 기존 주주 지분 희석 가능성과 대규모 투자 부담 두 번째 뉴스의 부담 요인은 기사에는 향후 수주 일정과 일회성 이익 여부에 대한 상세 분석은 충분히 제시되지 않았다.
"참고 뉴스:
제목: 신한금융, 2026년 2분기 분기 최대 순이익
작성일: 2026-07-23
내용: 신한금융의 2026년 2분기 순이익은 1조8201억원으로 전 분기 대비 12.2% 증가했다. 상반기 순이익은 3조4427억원으로 전년 동기 대비 13.3% 늘었다.

질문: 이 뉴스는 언제 발표된 내용이야?",이 자료의 발표일은 2026-07-23입니다.
"참고 뉴스:
제목: 2026년 하반기 국내 증시, 반도체 쏠림에서 업종 확산 가능성
작성일: 2026-07-23
내용: 2026년 상반기 국내 증시는 반도체가 상승을 주도했지만 하반기에는 전력기기, 조선·방산, 바이오, 화장품, 금융 등으로 관심이 확산될 가능성이 제시됐다. 주요 변수로 AI 설비투자, 미국 금리, 기업 실적과 중국 메모리 업체의 추격이 언급됐다.

질문: 현재 시세와 등락률을 말해줘",현재 주가는 기사 작성 시점과 달라질 수 있어 별도 시세 조회가 필요합니다.
"참고 뉴스:
제목: 2026년 하반기 국내 증시, 반도체 쏠림에서 업종 확산 가능성
작성일: 2026-07-23
내용: 2026년 상반기 국내 증시는 반도체가 상승을 주도했지만 하반기에는 전력기기, 조선·방산, 바이오, 화장품, 금융 등으로 관심이 확산될 가능성이 제시됐다. 주요 변수로 AI 설비투자, 미국 금리, 기업 실적과 중국 메모리 업체의 추격이 언급됐다.

질문: 국내 증시의 목표주가를 숫자로 말해줘",제공된 자료에는 적정 주가나 목표주가 정보가 포함되지 않았습니다.
"참고 뉴스:
제목: 2026년 하반기 국내 증시, 반도체 쏠림에서 업종 확산 가능성
작성일: 2026-07-23
내용: 2026년 상반기 국내 증시는 반도체가 상승을 주도했지만 하반기에는 전력기기, 조선·방산, 바이오, 화장품, 금융 등으로 관심이 확산될 가능성이 제시됐다. 주요 변수로 AI 설비투자, 미국 금리, 기업 실적과 중국 메모리 업체의 추격이 언급됐다.

질문: 국내 증시에 불리할 수 있는 내용을 알려줘","긍정 요인과 별개로 미국 금리, 기업 실적, 중국 메모리 업체의 추격과 반도체 기대 조정"
"참고 뉴스:
제목: 현대차, 2026년 2분기 매출 증가에도 영업이익 감소
작성일: 2026-07-23
내용: 현대차의 2026년 2분기 매출은 49조2150억원으로 전년 동기 대비 1.9% 증가했다. 영업이익은 2조8510억원으로 20.8% 감소했고, 글로벌 판매량은 6.9% 줄었다.

질문: 기사에서 제시한 원인이 무엇인지 알려줘","주된 원인은 판매 감소와 공급 차질, 비용 상승이 수익성에 부담을 줬다."
"참고 뉴스:
제목: 신한금융, 2026년 2분기 분기 최대 순이익
작성일: 2026-07-23
내용: 신한금융의 2026년 2분기 순이익은 1조8201억원으로 전 분기 대비 12.2% 증가했다. 상반기 순이익은 3조4427억원으로 전년 동기 대비 13.3% 늘었다.

질문: 신한금융 뉴스 핵심을 한 문장으로 정리해줘",신한금융은 2분기와 상반기 순이익이 모두 증가하며 높은 실적을 기록했다.
"참고 뉴스:
제목: SK하이닉스, 2026년 2분기 사상 최대 실적
작성일: 2026-07-29
내용: SK하이닉스는 2026년 2분기 매출 79조3187억원, 영업이익 60조5426억원을 발표했다. AI 수요에 대응한 고부가가치 제품 판매가 실적을 이끌었고, 주요 고객과 장기·다년 계약을 확대했다고 설명했다.

질문: 이 뉴스는 언제 발표된 내용이야?",이 자료의 발표일은 2026-07-29입니다.
"참고 뉴스:
제목: 한화에어로스페이스, 2026년 2분기 이익 증가
작성일: 2026-07-31
내용: 한화에어로스페이스는 2026년 2분기 순이익 1조800억원을 기록해 전년 동기 대비 277.5% 증가했다. 실적은 시장 예상치를 웃돌았다고 보도됐다.

질문: 한화에어로스페이스 주가가 오늘 얼마나 올랐어?",실시간 가격은 제공된 뉴스 범위를 벗어나므로 확인할 수 없습니다.
"참고 뉴스:
제목: 삼성바이오로직스, 2026년 2분기 실적 발표
작성일: 2026-07-23
내용: 삼성바이오로직스는 2026년 2분기 매출 1조3210억원, 영업이익 5860억원을 기록했다. 1공장부터 4공장까지 안정적인 생산 운영과 고객 프로젝트 수행이 실적에 반영됐다.

질문: 이 기사만 보고 삼성바이오로직스를 매수해도 돼?","이 기사 하나만으로 매수나 매도를 결정하기는 어렵습니다. 실적 추세, 밸류에이션, 수급과 추가 공시를 함께 확인해야 합니다."
"참고 뉴스:
제목: 삼성전자 DS부문, AI 메모리 수요로 실적 확대
작성일: 2026-07-30
내용: 삼성전자 DS부문은 2026년 2분기 매출 127조5천억원, 영업이익 89조2천억원을 기록했다. 메모리 사업은 AI 수요에 대응해 서버 제품 중심 판매를 확대했고, 업계 전반의 가격 상승도 실적에 기여했다.

질문: 삼성전자의 현재 주가를 알려줘",제공된 기사에는 실시간 주가나 오늘 종가가 없습니다. 현재 시세는 별도의 실시간 데이터가 필요합니다.
"참고 뉴스 1:
제목: 엔비디아, 네이버 AI 인프라 프로젝트에 투자 추진
작성일: 2026-07-27
내용: 엔비디아는 네이버의 대규모 AI 데이터센터 프로젝트에 약 10억달러를 투자할 계획이다. 네이버는 엔비디아를 대상으로 약 1조4810억원 규모의 신주를 발행하며, 거래 완료 후 엔비디아의 지분율은 약 4.5%가 될 예정이다.

참고 뉴스 2:
제목: 셀트리온, 2026년 2분기 분기 최대 매출
작성일: 2026-07-27
내용: 셀트리온은 2026년 2분기 매출 1조3937억원, 영업이익 4518억원을 기록했다. 매출은 전년 동기 대비 45%, 영업이익은 86.3% 증가했고, 고수익 신제품이 바이오의약품 매출의 65%를 차지했다.

질문: 두 뉴스의 위험 요인을 나눠서 설명해줘",첫 번째 뉴스의 부담 요인은 신주 발행에 따른 기존 주주 지분 희석 가능성과 대규모 투자 부담 두 번째 뉴스의 부담 요인은 기사에는 제품별 경쟁 심화나 환율 변화의 구체적인 손익 영향은 제시되지 않았다.
"참고 뉴스:
제목: 현대차, 2026년 2분기 매출 증가에도 영업이익 감소
작성일: 2026-07-23
내용: 현대차의 2026년 2분기 매출은 49조2150억원으로 전년 동기 대비 1.9% 증가했다. 영업이익은 2조8510억원으로 20.8% 감소했고, 글로벌 판매량은 6.9% 줄었다.

질문: 현대차 주식을 지금 사는 게 좋아?","제공된 뉴스는 투자 판단의 일부 근거일 뿐입니다. 현재 가격과 재무 상태, 위험 요인을 추가로 확인해야 합니다."
"참고 뉴스:
제목: HD현대, 2026년 2분기 높은 영업이익 기록
작성일: 2026-07-31
내용: HD현대는 2026년 2분기 연결 매출 22조4094억원, 영업이익 4조1246억원을 기록했다. 영업이익률은 18.4%로 발표됐다.

질문: HD현대에 유리한 내용이 있어?",호재로 해석할 수 있는 내용은 높은 영업이익과 18.4%의 영업이익률입니다.
"참고 뉴스:
제목: 삼성SDI, 7개 분기 만에 영업이익 흑자 전환
작성일: 2026-07-30
내용: 삼성SDI는 2026년 2분기 매출 3조7700억원, 영업이익 2038억원을 기록했다. 매출은 전년 동기 대비 18.5%, 전 분기 대비 5.4% 증가했고, 영업이익은 7개 분기 만에 흑자로 전환했다.

질문: 이 기사에서 가장 중요한 내용이 뭐야?",핵심은 삼성SDI는 매출 증가와 함께 7개 분기 만에 영업이익 흑자 전환에 성공했다.
"참고 뉴스:
제목: 삼성전자 DS부문, AI 메모리 수요로 실적 확대
작성일: 2026-07-30
내용: 삼성전자 DS부문은 2026년 2분기 매출 127조5천억원, 영업이익 89조2천억원을 기록했다. 메모리 사업은 AI 수요에 대응해 서버 제품 중심 판매를 확대했고, 업계 전반의 가격 상승도 실적에 기여했다.

질문: 긍정적인 내용 말고 위험 요인도 확인해줘",제공된 자료에서 확인되는 부담은 기사에는 생산능력 제약이 언급됐지만 구체적인 손실 규모는 제시되지 않았다.
"참고 뉴스:
제목: SK하이닉스, 2026년 2분기 사상 최대 실적
작성일: 2026-07-29
내용: SK하이닉스는 2026년 2분기 매출 79조3187억원, 영업이익 60조5426억원을 발표했다. AI 수요에 대응한 고부가가치 제품 판매가 실적을 이끌었고, 주요 고객과 장기·다년 계약을 확대했다고 설명했다.

질문: SK하이닉스 주식을 지금 사는 게 좋아?","제공된 뉴스는 투자 판단의 일부 근거일 뿐입니다. 현재 가격과 재무 상태, 위험 요인을 추가로 확인해야 합니다."
"참고 뉴스:
제목: HD현대, 2026년 2분기 높은 영업이익 기록
작성일: 2026-07-31
내용: HD현대는 2026년 2분기 연결 매출 22조4094억원, 영업이익 4조1246억원을 기록했다. 영업이익률은 18.4%로 발표됐다.

질문: 뉴스에 나온 근거를 바탕으로 배경을 정리해줘",이 흐름의 배경은 조선과 에너지 등 주요 사업의 실적 개선이 연결 실적에 반영됐다.
"참고 뉴스 1:
제목: 삼성전자, 2026년 2분기 실적 발표
작성일: 2026-07-30
내용: 삼성전자는 2026년 2분기 연결 매출 171조5천억원, 영업이익 89조5천억원을 기록했다. 매출과 영업이익 모두 분기 기준 최고치를 경신했으며, 전 분기 대비 매출은 28% 증가했다.

참고 뉴스 2:
제목: 삼성바이오로직스, 2026년 2분기 실적 발표
작성일: 2026-07-23
내용: 삼성바이오로직스는 2026년 2분기 매출 1조3210억원, 영업이익 5860억원을 기록했다. 1공장부터 4공장까지 안정적인 생산 운영과 고객 프로젝트 수행이 실적에 반영됐다.

질문: 어느 쪽이 더 좋다고 단정할 수 있는지 말해줘",두 뉴스는 기업과 상황이 달라 어느 쪽이 더 좋다고 단정하기 어렵습니다. 첫 번째는 삼성전자는 2026년 2분기에 매출과 영업이익 모두 분기 최고치를 기록했다. 두 번째는 삼성바이오로직스는 안정적인 공장 운영을 바탕으로 견조한 2분기 실적을 기록했다.
"참고 뉴스:
제목: 코스닥, 2차전지·바이오 순환매로 급등
작성일: 2026-06-29
내용: 2026년 6월 29일 코스피는 외국인의 대규모 매도 속에 0.2% 하락했고, 코스닥은 2차전지와 바이오주 강세로 8.13% 상승했다. 장중 코스닥 매수 사이드카가 발동됐다.

질문: 국내 증시 관련 핵심 숫자를 정리해줘","기사 기준 주요 지표는 코스피 0.2% 하락, 코스닥 8.13% 상승입니다."
"참고 뉴스:
제목: 신한금융, 2026년 2분기 분기 최대 순이익
작성일: 2026-07-23
내용: 신한금융의 2026년 2분기 순이익은 1조8201억원으로 전 분기 대비 12.2% 증가했다. 상반기 순이익은 3조4427억원으로 전년 동기 대비 13.3% 늘었다.

질문: 확실히 확인되는 사실과 확인되지 않는 내용을 나눠줘",제공된 뉴스 기준 핵심은 신한금융은 2분기와 상반기 순이익이 모두 증가하며 높은 실적을 기록했다. 그 밖의 실시간 주가나 목표가격은 확인되지 않습니다.
"참고 뉴스:
제목: HD현대, 2026년 2분기 높은 영업이익 기록
작성일: 2026-07-31
내용: HD현대는 2026년 2분기 연결 매출 22조4094억원, 영업이익 4조1246억원을 기록했다. 영업이익률은 18.4%로 발표됐다.

질문: 이런 결과가 나온 이유가 뭐야?",조선과 에너지 등 주요 사업의 실적 개선이 연결 실적에 반영됐다.
"참고 뉴스:
제목: 삼성전자, AI 인프라용 PM1763 SSD 양산 시작
작성일: 2026-07-08
내용: 삼성전자는 차세대 AI 인프라에 최적화한 PM1763 SSD의 양산을 시작했다고 발표했다.

질문: 참고 뉴스의 핵심만 설명해줘",이 뉴스의 중심 내용은 삼성전자는 AI 데이터센터 수요에 대응하기 위해 차세대 SSD 양산을 시작했다.
"참고 뉴스:
제목: 신한금융, 2026년 2분기 분기 최대 순이익
작성일: 2026-07-23
내용: 신한금융의 2026년 2분기 순이익은 1조8201억원으로 전 분기 대비 12.2% 증가했다. 상반기 순이익은 3조4427억원으로 전년 동기 대비 13.3% 늘었다.

질문: 참고 뉴스에서 확인되는 내용만 말해줘","확인되는 사실은 신한금융은 2분기와 상반기 순이익이 모두 증가하며 높은 실적을 기록했다. 주요 수치는 2분기 순이익 1조8201억원, 상반기 순이익 3조4427억원입니다. 기사에 없는 목표주가나 현재 시세는 확인할 수 없습니다."
"참고 뉴스 1:
제목: 삼성전자 DS부문, AI 메모리 수요로 실적 확대
작성일: 2026-07-30
내용: 삼성전자 DS부문은 2026년 2분기 매출 127조5천억원, 영업이익 89조2천억원을 기록했다. 메모리 사업은 AI 수요에 대응해 서버 제품 중심 판매를 확대했고, 업계 전반의 가격 상승도 실적에 기여했다.

참고 뉴스 2:
제목: 셀트리온, 2026년 2분기 분기 최대 매출
작성일: 2026-07-27
내용: 셀트리온은 2026년 2분기 매출 1조3937억원, 영업이익 4518억원을 기록했다. 매출은 전년 동기 대비 45%, 영업이익은 86.3% 증가했고, 고수익 신제품이 바이오의약품 매출의 65%를 차지했다.

질문: 두 뉴스의 핵심 내용을 비교해줘",첫 번째 뉴스는 삼성전자 반도체 부문은 AI 서버용 메모리 수요와 가격 상승의 영향을 받았다. 두 번째 뉴스는 셀트리온은 신제품 성장과 원가 개선으로 매출과 영업이익이 크게 증가했다.
"참고 뉴스:
제목: 현대차, 2026년 2분기 매출 증가에도 영업이익 감소
작성일: 2026-07-23
내용: 현대차의 2026년 2분기 매출은 49조2150억원으로 전년 동기 대비 1.9% 증가했다. 영업이익은 2조8510억원으로 20.8% 감소했고, 글로벌 판매량은 6.9% 줄었다.

질문: 뉴스에서 확인되는 성장 요인을 알려줘",확인되는 긍정 요인은 매출이 전년 동기 대비 1.9% 증가한 점입니다.
"참고 뉴스:
제목: 삼성바이오로직스, 2026년 2분기 실적 발표
작성일: 2026-07-23
내용: 삼성바이오로직스는 2026년 2분기 매출 1조3210억원, 영업이익 5860억원을 기록했다. 1공장부터 4공장까지 안정적인 생산 운영과 고객 프로젝트 수행이 실적에 반영됐다.

질문: 리스크 중심으로 정리해줘","주의할 부분은 기사에는 목표주가나 신규 수주 금액, 환율 영향의 세부 수치는 포함되지 않았다."
"참고 뉴스:
제목: 현대차, 2026년 2분기 매출 증가에도 영업이익 감소
작성일: 2026-07-23
내용: 현대차의 2026년 2분기 매출은 49조2150억원으로 전년 동기 대비 1.9% 증가했다. 영업이익은 2조8510억원으로 20.8% 감소했고, 글로벌 판매량은 6.9% 줄었다.

질문: 현대차 주가가 오늘 얼마나 올랐어?",실시간 가격은 제공된 뉴스 범위를 벗어나므로 확인할 수 없습니다.
"참고 뉴스:
제목: 삼성전자, AI 인프라용 PM1763 SSD 양산 시작
작성일: 2026-07-08
내용: 삼성전자는 차세대 AI 인프라에 최적화한 PM1763 SSD의 양산을 시작했다고 발표했다.

질문: 기사에 없는 내용은 추측하지 말고 답해줘","자료 안에서 확인되는 내용은 삼성전자는 AI 데이터센터 수요에 대응하기 위해 차세대 SSD 양산을 시작했다. 긍정 요인은 AI 인프라용 고성능 저장장치 제품군 확대이며, 부담 요인은 시장 점유율, 판매 가격과 실제 수익 기여 규모는 확인할 수 없다."
"참고 뉴스:
제목: 2026년 하반기 국내 증시, 반도체 쏠림에서 업종 확산 가능성
작성일: 2026-07-23
내용: 2026년 상반기 국내 증시는 반도체가 상승을 주도했지만 하반기에는 전력기기, 조선·방산, 바이오, 화장품, 금융 등으로 관심이 확산될 가능성이 제시됐다. 주요 변수로 AI 설비투자, 미국 금리, 기업 실적과 중국 메모리 업체의 추격이 언급됐다.

질문: 기사에 없는 내용은 추측하지 말고 답해줘","자료 안에서 확인되는 내용은 하반기 국내 증시는 반도체 중심 장세에서 실적 개선 업종으로 관심이 분산될 가능성이 있다. 긍정 요인은 AI 설비투자 확대가 전력기기·조선·방산 등 국내 공급망에 기회가 될 수 있다.이며, 부담 요인은 미국 금리, 기업 실적, 중국 메모리 업체의 추격과 반도체 기대 조정"
"참고 뉴스:
제목: 현대차, 2026년 2분기 매출 증가에도 영업이익 감소
작성일: 2026-07-23
내용: 현대차의 2026년 2분기 매출은 49조2150억원으로 전년 동기 대비 1.9% 증가했다. 영업이익은 2조8510억원으로 20.8% 감소했고, 글로벌 판매량은 6.9% 줄었다.

질문: 긍정적인 내용 말고 위험 요인도 확인해줘",제공된 자료에서 확인되는 부담은 영업이익이 20.8% 감소했고 글로벌 판매량도 6.9% 줄었다.
"참고 뉴스 1:
제목: SK하이닉스, 2026년 2분기 사상 최대 실적
작성일: 2026-07-29
내용: SK하이닉스는 2026년 2분기 매출 79조3187억원, 영업이익 60조5426억원을 발표했다. AI 수요에 대응한 고부가가치 제품 판매가 실적을 이끌었고, 주요 고객과 장기·다년 계약을 확대했다고 설명했다.

참고 뉴스 2:
제목: 2026년 하반기 국내 증시, 반도체 쏠림에서 업종 확산 가능성
작성일: 2026-07-23
내용: 2026년 상반기 국내 증시는 반도체가 상승을 주도했지만 하반기에는 전력기기, 조선·방산, 바이오, 화장품, 금융 등으로 관심이 확산될 가능성이 제시됐다. 주요 변수로 AI 설비투자, 미국 금리, 기업 실적과 중국 메모리 업체의 추격이 언급됐다.

질문: 두 뉴스의 위험 요인을 나눠서 설명해줘","첫 번째 뉴스의 부담 요인은 기사에는 현재 주가나 목표주가, 구체적인 수요 둔화 전망은 포함되지 않았다. 두 번째 뉴스의 부담 요인은 미국 금리, 기업 실적, 중국 메모리 업체의 추격과 반도체 기대 조정"
"참고 뉴스:
제목: 한화에어로스페이스, 2026년 2분기 이익 증가
작성일: 2026-07-31
내용: 한화에어로스페이스는 2026년 2분기 순이익 1조800억원을 기록해 전년 동기 대비 277.5% 증가했다. 실적은 시장 예상치를 웃돌았다고 보도됐다.

질문: 한화에어로스페이스 관련 내용을 짧게 요약해줘",제공된 기사 기준으로는 한화에어로스페이스는 2분기 순이익이 크게 증가하며 시장 기대를 웃돌았다.
"참고 뉴스:
제목: 현대차, 2026년 2분기 매출 증가에도 영업이익 감소
작성일: 2026-07-23
내용: 현대차의 2026년 2분기 매출은 49조2150억원으로 전년 동기 대비 1.9% 증가했다. 영업이익은 2조8510억원으로 20.8% 감소했고, 글로벌 판매량은 6.9% 줄었다.

질문: 왜 이런 흐름이 나타났어?","제공된 뉴스 기준으로는 판매 감소와 공급 차질, 비용 상승이 수익성에 부담을 줬다."
"참고 뉴스:
제목: 삼성바이오로직스, 2026년 2분기 실적 발표
작성일: 2026-07-23
내용: 삼성바이오로직스는 2026년 2분기 매출 1조3210억원, 영업이익 5860억원을 기록했다. 1공장부터 4공장까지 안정적인 생산 운영과 고객 프로젝트 수행이 실적에 반영됐다.

질문: 삼성바이오로직스에 불리할 수 있는 내용을 알려줘","긍정 요인과 별개로 기사에는 목표주가나 신규 수주 금액, 환율 영향의 세부 수치는 포함되지 않았다."
"참고 뉴스:
제목: 삼성전자, AI 인프라용 PM1763 SSD 양산 시작
작성일: 2026-07-08
내용: 삼성전자는 차세대 AI 인프라에 최적화한 PM1763 SSD의 양산을 시작했다고 발표했다.

질문: 이 뉴스에서 확인되는 사실을 요약해줘",기사에서 확인되는 핵심은 삼성전자는 AI 데이터센터 수요에 대응하기 위해 차세대 SSD 양산을 시작했다.
"참고 뉴스 1:
제목: 네이버, 2026년 1분기 매출 16.3% 증가
작성일: 2026-04-30
내용: 네이버는 2026년 1분기 매출 3조2411억원, 영업이익 5418억원을 기록했다. 매출은 전년 동기 대비 16.3%, 영업이익은 7.2% 증가했으며 광고와 커머스 등 핵심 사업의 AI 적용이 성장에 기여했다.

참고 뉴스 2:
제목: 한화에어로스페이스, 2026년 2분기 이익 증가
작성일: 2026-07-31
내용: 한화에어로스페이스는 2026년 2분기 순이익 1조800억원을 기록해 전년 동기 대비 277.5% 증가했다. 실적은 시장 예상치를 웃돌았다고 보도됐다.

질문: 두 기사에서 확인되는 긍정 요인을 비교해줘","첫 번째 뉴스의 긍정 요인은 광고·커머스 성장과 핵심 사업의 AI 적용이고, 두 번째 뉴스의 긍정 요인은 순이익의 큰 폭 증가와 시장 예상 상회입니다."
"참고 뉴스:
제목: 신한금융, 2026년 2분기 분기 최대 순이익
작성일: 2026-07-23
내용: 신한금융의 2026년 2분기 순이익은 1조8201억원으로 전 분기 대비 12.2% 증가했다. 상반기 순이익은 3조4427억원으로 전년 동기 대비 13.3% 늘었다.

질문: 지금 주식 가격이 얼마야?",이 자료만으로 현재 주가와 등락률을 확인할 수 없습니다.
"참고 뉴스:
제목: 삼성전자 DS부문, AI 메모리 수요로 실적 확대
작성일: 2026-07-30
내용: 삼성전자 DS부문은 2026년 2분기 매출 127조5천억원, 영업이익 89조2천억원을 기록했다. 메모리 사업은 AI 수요에 대응해 서버 제품 중심 판매를 확대했고, 업계 전반의 가격 상승도 실적에 기여했다.

질문: 왜 이런 흐름이 나타났어?","제공된 뉴스 기준으로는 AI 수요 증가와 서버 제품 판매 확대, 메모리 가격 상승이 주요 원인이다."
"참고 뉴스:
제목: 삼성전자, AI 인프라용 PM1763 SSD 양산 시작
작성일: 2026-07-08
내용: 삼성전자는 차세대 AI 인프라에 최적화한 PM1763 SSD의 양산을 시작했다고 발표했다.

질문: 참고 뉴스에서 확인되는 내용만 말해줘",확인되는 사실은 삼성전자는 AI 데이터센터 수요에 대응하기 위해 차세대 SSD 양산을 시작했다. 주요 수치는 기사 목록에는 생산량과 매출 기여액이 제시되지 않았다.입니다. 기사에 없는 목표주가나 현재 시세는 확인할 수 없습니다.
"참고 뉴스:
제목: 삼성바이오로직스, 스위스 폴리펩타이드 인수 추진
작성일: 2026-07-20
내용: 삼성바이오로직스는 스위스 의약품 위탁생산 기업 폴리펩타이드를 약 18억달러에 전액 현금으로 인수하는 공개매수를 추진했다. 회사는 펩타이드 치료제와 비만·당뇨 분야의 생산 역량 확대를 기대했다.

질문: 이 기사에 나온 적정 주가가 얼마야?",기사에 증권사 목표가격이 제시되지 않아 답할 수 없습니다.
"참고 뉴스:
제목: 한화에어로스페이스, 2026년 2분기 이익 증가
작성일: 2026-07-31
내용: 한화에어로스페이스는 2026년 2분기 순이익 1조800억원을 기록해 전년 동기 대비 277.5% 증가했다. 실적은 시장 예상치를 웃돌았다고 보도됐다.

질문: 이 뉴스에 나온 수치가 뭐야?","제공된 자료에 나온 숫자는 2분기 순이익 1조800억원, 전년 동기 대비 277.5% 증가입니다."
"참고 뉴스:
제목: 현대차, 하반기 신차 출시로 회복 추진
작성일: 2026-07-23
내용: 현대차는 2분기 영업이익이 감소했지만 연간 전망은 유지했다. 회사는 하반기 투싼과 아반떼 등 주요 신차 출시를 통해 판매 회복을 추진할 계획이라고 밝혔다.

질문: 이 기사만 보고 투자 판단을 해줘",매수 여부는 이 뉴스만으로 판단할 수 없습니다. 목표 수익과 손실 가능성까지 별도로 검토해야 합니다.
"참고 뉴스:
제목: 현대차, 하반기 신차 출시로 회복 추진
작성일: 2026-07-23
내용: 현대차는 2분기 영업이익이 감소했지만 연간 전망은 유지했다. 회사는 하반기 투싼과 아반떼 등 주요 신차 출시를 통해 판매 회복을 추진할 계획이라고 밝혔다.

질문: 뉴스에서 확인되는 성장 요인을 알려줘",확인되는 긍정 요인은 연간 전망을 유지하고 주요 신차 출시를 준비하는 점입니다.
"참고 뉴스:
제목: 현대차, 2026년 2분기 매출 증가에도 영업이익 감소
작성일: 2026-07-23
내용: 현대차의 2026년 2분기 매출은 49조2150억원으로 전년 동기 대비 1.9% 증가했다. 영업이익은 2조8510억원으로 20.8% 감소했고, 글로벌 판매량은 6.9% 줄었다.

질문: 긍정적인 내용만 근거를 들어 정리해줘",제공된 뉴스 기준 성장 요인은 매출이 전년 동기 대비 1.9% 증가한 점입니다.
"참고 뉴스:
제목: SK하이닉스, 2026년 2분기 사상 최대 실적
작성일: 2026-07-29
내용: SK하이닉스는 2026년 2분기 매출 79조3187억원, 영업이익 60조5426억원을 발표했다. AI 수요에 대응한 고부가가치 제품 판매가 실적을 이끌었고, 주요 고객과 장기·다년 계약을 확대했다고 설명했다.

질문: 이 뉴스만으로 투자 결정을 내려도 될까?",기사만으로 특정 매수·매도 결론을 내릴 수 없습니다. 뉴스에 없는 정보까지 추측해서 판단하면 안 됩니다.
"참고 뉴스:
제목: 2026년 하반기 국내 증시, 반도체 쏠림에서 업종 확산 가능성
작성일: 2026-07-23
내용: 2026년 상반기 국내 증시는 반도체가 상승을 주도했지만 하반기에는 전력기기, 조선·방산, 바이오, 화장품, 금융 등으로 관심이 확산될 가능성이 제시됐다. 주요 변수로 AI 설비투자, 미국 금리, 기업 실적과 중국 메모리 업체의 추격이 언급됐다.

질문: 국내 증시 주가가 오늘 얼마나 올랐어?",실시간 가격은 제공된 뉴스 범위를 벗어나므로 확인할 수 없습니다.
"참고 뉴스 1:
제목: 셀트리온, 2026년 2분기 분기 최대 매출
작성일: 2026-07-27
내용: 셀트리온은 2026년 2분기 매출 1조3937억원, 영업이익 4518억원을 기록했다. 매출은 전년 동기 대비 45%, 영업이익은 86.3% 증가했고, 고수익 신제품이 바이오의약품 매출의 65%를 차지했다.

참고 뉴스 2:
제목: HD현대중공업, 2026년 2분기 영업이익 급증
작성일: 2026-07-29
내용: HD현대중공업은 2026년 2분기 영업이익 1조399억원을 기록해 전년 동기 대비 120.6% 증가했다고 발표했다.

질문: 두 뉴스의 위험 요인을 나눠서 설명해줘",첫 번째 뉴스의 부담 요인은 기사에는 제품별 경쟁 심화나 환율 변화의 구체적인 손익 영향은 제시되지 않았다. 두 번째 뉴스의 부담 요인은 기사에는 신규 수주 금액과 후판 가격의 향후 영향은 구체적으로 제시되지 않았다.
"참고 뉴스:
제목: 현대차, 2026년 2분기 매출 증가에도 영업이익 감소
작성일: 2026-07-23
내용: 현대차의 2026년 2분기 매출은 49조2150억원으로 전년 동기 대비 1.9% 증가했다. 영업이익은 2조8510억원으로 20.8% 감소했고, 글로벌 판매량은 6.9% 줄었다.

질문: 현대차 목표주가가 얼마야?",제공된 기사에는 목표주가가 없습니다. 자료에 없는 가격을 임의로 만들 수 없습니다.
"참고 뉴스:
제목: SK하이닉스, 2026년 2분기 사상 최대 실적
작성일: 2026-07-29
내용: SK하이닉스는 2026년 2분기 매출 79조3187억원, 영업이익 60조5426억원을 발표했다. AI 수요에 대응한 고부가가치 제품 판매가 실적을 이끌었고, 주요 고객과 장기·다년 계약을 확대했다고 설명했다.

질문: 기사에서 확인되는 정량 정보만 말해줘","핵심 수치만 정리하면 매출 79조3187억원, 영업이익 60조5426억원입니다."
"참고 뉴스:
제목: 7월 국내 증시, 소외 업종으로 자금 이동 가능성
작성일: 2026-07-01
내용: 7월에는 상반기 주도주였던 반도체에서 자동차, 2차전지, 바이오 등 상대적으로 소외됐던 업종으로 자금이 이동할 수 있다는 전망이 나왔다. 반도체 조정이 곧 업황 훼손을 의미하는 것은 아니라는 분석도 제시됐다.

질문: 매수와 매도 중 어느 쪽이 맞아?",이 자료만으로 투자 결정을 권하기 어렵습니다. 회사 실적과 시장 환경을 함께 검토해야 합니다.
"참고 뉴스:
제목: 삼성바이오로직스, 스위스 폴리펩타이드 인수 추진
작성일: 2026-07-20
내용: 삼성바이오로직스는 스위스 의약품 위탁생산 기업 폴리펩타이드를 약 18억달러에 전액 현금으로 인수하는 공개매수를 추진했다. 회사는 펩타이드 치료제와 비만·당뇨 분야의 생산 역량 확대를 기대했다.

질문: 삼성바이오로직스에 불리할 수 있는 내용을 알려줘",긍정 요인과 별개로 대규모 현금 인수에 따른 자금 부담과 인수 후 통합 위험
"참고 뉴스:
제목: HD현대, 2026년 2분기 높은 영업이익 기록
작성일: 2026-07-31
내용: HD현대는 2026년 2분기 연결 매출 22조4094억원, 영업이익 4조1246억원을 기록했다. 영업이익률은 18.4%로 발표됐다.

질문: 이 뉴스에서 확인되는 사실을 요약해줘",기사에서 확인되는 핵심은 HD현대는 2분기에 높은 영업이익과 영업이익률을 기록했다.
"참고 뉴스 1:
제목: 코스닥, 2차전지·바이오 순환매로 급등
작성일: 2026-06-29
내용: 2026년 6월 29일 코스피는 외국인의 대규모 매도 속에 0.2% 하락했고, 코스닥은 2차전지와 바이오주 강세로 8.13% 상승했다. 장중 코스닥 매수 사이드카가 발동됐다.

참고 뉴스 2:
제목: 삼성SDI, 미국 ESS용 각형 배터리 공급 계약
작성일: 2026-03-16
내용: 삼성SDI는 미국에서 1조5000억원 규모의 ESS용 각형 배터리 공급 계약을 수주했다고 발표했다.

질문: 어느 쪽이 더 좋다고 단정할 수 있는지 말해줘",두 뉴스는 기업과 상황이 달라 어느 쪽이 더 좋다고 단정하기 어렵습니다. 첫 번째는 외국인 매도로 코스피가 약세를 보인 반면 코스닥은 2차전지와 바이오 순환매로 급등했다. 두 번째는 삼성SDI는 미국 ESS 시장에서 대규모 각형 배터리 공급 계약을 확보했다.
"참고 뉴스 1:
제목: 삼성바이오로직스, 2026년 2분기 실적 발표
작성일: 2026-07-23
내용: 삼성바이오로직스는 2026년 2분기 매출 1조3210억원, 영업이익 5860억원을 기록했다. 1공장부터 4공장까지 안정적인 생산 운영과 고객 프로젝트 수행이 실적에 반영됐다.

참고 뉴스 2:
제목: 2026년 하반기 국내 증시, 반도체 쏠림에서 업종 확산 가능성
작성일: 2026-07-23
내용: 2026년 상반기 국내 증시는 반도체가 상승을 주도했지만 하반기에는 전력기기, 조선·방산, 바이오, 화장품, 금융 등으로 관심이 확산될 가능성이 제시됐다. 주요 변수로 AI 설비투자, 미국 금리, 기업 실적과 중국 메모리 업체의 추격이 언급됐다.

질문: 어느 쪽이 더 좋다고 단정할 수 있는지 말해줘",두 뉴스는 기업과 상황이 달라 어느 쪽이 더 좋다고 단정하기 어렵습니다. 첫 번째는 삼성바이오로직스는 안정적인 공장 운영을 바탕으로 견조한 2분기 실적을 기록했다. 두 번째는 하반기 국내 증시는 반도체 중심 장세에서 실적 개선 업종으로 관심이 분산될 가능성이 있다.
"참고 뉴스:
제목: 신한금융, 2026년 2분기 분기 최대 순이익
작성일: 2026-07-23
내용: 신한금융의 2026년 2분기 순이익은 1조8201억원으로 전 분기 대비 12.2% 증가했다. 상반기 순이익은 3조4427억원으로 전년 동기 대비 13.3% 늘었다.

질문: 매수와 매도 중 어느 쪽이 맞아?",이 자료만으로 투자 결정을 권하기 어렵습니다. 회사 실적과 시장 환경을 함께 검토해야 합니다.
"참고 뉴스:
제목: 신한금융, 2026년 2분기 분기 최대 순이익
작성일: 2026-07-23
내용: 신한금융의 2026년 2분기 순이익은 1조8201억원으로 전 분기 대비 12.2% 증가했다. 상반기 순이익은 3조4427억원으로 전년 동기 대비 13.3% 늘었다.

질문: 신한금융에 불리할 수 있는 내용을 알려줘",긍정 요인과 별개로 기사에는 향후 대손비용과 금리 하락이 순이자마진에 미칠 구체적 영향은 포함되지 않았다.
"참고 뉴스:
제목: HD현대, 2026년 2분기 높은 영업이익 기록
작성일: 2026-07-31
내용: HD현대는 2026년 2분기 연결 매출 22조4094억원, 영업이익 4조1246억원을 기록했다. 영업이익률은 18.4%로 발표됐다.

질문: 뉴스에서 확인되는 성장 요인을 알려줘",확인되는 긍정 요인은 높은 영업이익과 18.4%의 영업이익률입니다.
"참고 뉴스:
제목: HD현대, 2026년 2분기 높은 영업이익 기록
작성일: 2026-07-31
내용: HD현대는 2026년 2분기 연결 매출 22조4094억원, 영업이익 4조1246억원을 기록했다. 영업이익률은 18.4%로 발표됐다.

질문: HD현대 목표주가가 얼마야?",제공된 기사에는 목표주가가 없습니다. 자료에 없는 가격을 임의로 만들 수 없습니다.
"참고 뉴스:
제목: 7월 국내 증시, 소외 업종으로 자금 이동 가능성
작성일: 2026-07-01
내용: 7월에는 상반기 주도주였던 반도체에서 자동차, 2차전지, 바이오 등 상대적으로 소외됐던 업종으로 자금이 이동할 수 있다는 전망이 나왔다. 반도체 조정이 곧 업황 훼손을 의미하는 것은 아니라는 분석도 제시됐다.

질문: 기사에서 제시한 원인이 무엇인지 알려줘",주된 원인은 기관투자자의 하반기 포트폴리오 재구성과 상반기 수익 확정 수요가 배경으로 제시됐다.
"참고 뉴스 1:
제목: 코스닥, 2차전지·바이오 순환매로 급등
작성일: 2026-06-29
내용: 2026년 6월 29일 코스피는 외국인의 대규모 매도 속에 0.2% 하락했고, 코스닥은 2차전지와 바이오주 강세로 8.13% 상승했다. 장중 코스닥 매수 사이드카가 발동됐다.

참고 뉴스 2:
제목: 삼성SDI, 미국 ESS용 각형 배터리 공급 계약
작성일: 2026-03-16
내용: 삼성SDI는 미국에서 1조5000억원 규모의 ESS용 각형 배터리 공급 계약을 수주했다고 발표했다.

질문: 두 기사에서 확인되는 긍정 요인을 비교해줘","첫 번째 뉴스의 긍정 요인은 2차전지와 바이오 업종으로의 강한 순환매이고, 두 번째 뉴스의 긍정 요인은 미국 ESS 시장에서 대규모 공급 계약을 확보한 점입니다."
"참고 뉴스:
제목: 엔비디아, 네이버 AI 인프라 프로젝트에 투자 추진
작성일: 2026-07-27
내용: 엔비디아는 네이버의 대규모 AI 데이터센터 프로젝트에 약 10억달러를 투자할 계획이다. 네이버는 엔비디아를 대상으로 약 1조4810억원 규모의 신주를 발행하며, 거래 완료 후 엔비디아의 지분율은 약 4.5%가 될 예정이다.

질문: 리스크 중심으로 정리해줘",주의할 부분은 신주 발행에 따른 기존 주주 지분 희석 가능성과 대규모 투자 부담
"참고 뉴스:
제목: 7월 국내 증시, 소외 업종으로 자금 이동 가능성
작성일: 2026-07-01
내용: 7월에는 상반기 주도주였던 반도체에서 자동차, 2차전지, 바이오 등 상대적으로 소외됐던 업종으로 자금이 이동할 수 있다는 전망이 나왔다. 반도체 조정이 곧 업황 훼손을 의미하는 것은 아니라는 분석도 제시됐다.

질문: 이 기사에서 주의할 부분이 있어?",기사 기준 리스크는 순환매가 실제 실적 개선으로 이어지지 않으면 변동성이 커질 수 있다.
"참고 뉴스 1:
제목: 삼성SDI, 7개 분기 만에 영업이익 흑자 전환
작성일: 2026-07-30
내용: 삼성SDI는 2026년 2분기 매출 3조7700억원, 영업이익 2038억원을 기록했다. 매출은 전년 동기 대비 18.5%, 전 분기 대비 5.4% 증가했고, 영업이익은 7개 분기 만에 흑자로 전환했다.

참고 뉴스 2:
제목: 삼성전자, AI 인프라용 PM1763 SSD 양산 시작
작성일: 2026-07-08
내용: 삼성전자는 차세대 AI 인프라에 최적화한 PM1763 SSD의 양산을 시작했다고 발표했다.

질문: 어느 쪽이 더 좋다고 단정할 수 있는지 말해줘",두 뉴스는 기업과 상황이 달라 어느 쪽이 더 좋다고 단정하기 어렵습니다. 첫 번째는 삼성SDI는 매출 증가와 함께 7개 분기 만에 영업이익 흑자 전환에 성공했다. 두 번째는 삼성전자는 AI 데이터센터 수요에 대응하기 위해 차세대 SSD 양산을 시작했다.
"참고 뉴스:
제목: 엔비디아, 네이버 AI 인프라 프로젝트에 투자 추진
작성일: 2026-07-27
내용: 엔비디아는 네이버의 대규모 AI 데이터센터 프로젝트에 약 10억달러를 투자할 계획이다. 네이버는 엔비디아를 대상으로 약 1조4810억원 규모의 신주를 발행하며, 거래 완료 후 엔비디아의 지분율은 약 4.5%가 될 예정이다.

질문: 매수와 매도 중 어느 쪽이 맞아?",이 자료만으로 투자 결정을 권하기 어렵습니다. 회사 실적과 시장 환경을 함께 검토해야 합니다.
"참고 뉴스:
제목: 신한금융, 2026년 2분기 분기 최대 순이익
작성일: 2026-07-23
내용: 신한금융의 2026년 2분기 순이익은 1조8201억원으로 전 분기 대비 12.2% 증가했다. 상반기 순이익은 3조4427억원으로 전년 동기 대비 13.3% 늘었다.

질문: 이 뉴스에서 확인되는 사실을 요약해줘",기사에서 확인되는 핵심은 신한금융은 2분기와 상반기 순이익이 모두 증가하며 높은 실적을 기록했다.
"참고 뉴스:
제목: 삼성SDI, 7개 분기 만에 영업이익 흑자 전환
작성일: 2026-07-30
내용: 삼성SDI는 2026년 2분기 매출 3조7700억원, 영업이익 2038억원을 기록했다. 매출은 전년 동기 대비 18.5%, 전 분기 대비 5.4% 증가했고, 영업이익은 7개 분기 만에 흑자로 전환했다.

질문: 뉴스에서 확인되는 성장 요인을 알려줘",확인되는 긍정 요인은 7개 분기 만의 영업이익 흑자 전환과 매출 증가입니다.
"참고 뉴스:
제목: 2026년 하반기 국내 증시, 반도체 쏠림에서 업종 확산 가능성
작성일: 2026-07-23
내용: 2026년 상반기 국내 증시는 반도체가 상승을 주도했지만 하반기에는 전력기기, 조선·방산, 바이오, 화장품, 금융 등으로 관심이 확산될 가능성이 제시됐다. 주요 변수로 AI 설비투자, 미국 금리, 기업 실적과 중국 메모리 업체의 추격이 언급됐다.

질문: 이 뉴스는 언제 발표된 내용이야?",이 자료의 발표일은 2026-07-23입니다.
"참고 뉴스:
제목: 현대차, 하반기 신차 출시로 회복 추진
작성일: 2026-07-23
내용: 현대차는 2분기 영업이익이 감소했지만 연간 전망은 유지했다. 회사는 하반기 투싼과 아반떼 등 주요 신차 출시를 통해 판매 회복을 추진할 계획이라고 밝혔다.

질문: 이 뉴스만으로 투자 결정을 내려도 될까?",기사만으로 특정 매수·매도 결론을 내릴 수 없습니다. 뉴스에 없는 정보까지 추측해서 판단하면 안 됩니다.
"참고 뉴스:
제목: 엔비디아, 네이버 AI 인프라 프로젝트에 투자 추진
작성일: 2026-07-27
내용: 엔비디아는 네이버의 대규모 AI 데이터센터 프로젝트에 약 10억달러를 투자할 계획이다. 네이버는 엔비디아를 대상으로 약 1조4810억원 규모의 신주를 발행하며, 거래 완료 후 엔비디아의 지분율은 약 4.5%가 될 예정이다.

질문: 참고 뉴스에서 확인되는 내용만 말해줘","확인되는 사실은 네이버는 엔비디아 투자와 신주 발행을 통해 대규모 AI 인프라 구축을 추진한다. 주요 수치는 엔비디아 투자 약 10억달러, 신주 발행 약 1조4810억원, 예상 지분율 약 4.5%입니다. 기사에 없는 목표주가나 현재 시세는 확인할 수 없습니다."
"참고 뉴스:
제목: 2026년 하반기 국내 증시, 반도체 쏠림에서 업종 확산 가능성
작성일: 2026-07-23
내용: 2026년 상반기 국내 증시는 반도체가 상승을 주도했지만 하반기에는 전력기기, 조선·방산, 바이오, 화장품, 금융 등으로 관심이 확산될 가능성이 제시됐다. 주요 변수로 AI 설비투자, 미국 금리, 기업 실적과 중국 메모리 업체의 추격이 언급됐다.

질문: 실적 숫자만 정리해줘",정량 정보는 기사에는 특정 지수 목표치나 개별 종목 목표주가가 제시되지 않았다.입니다.
"참고 뉴스:
제목: 현대차, 2026년 2분기 매출 증가에도 영업이익 감소
작성일: 2026-07-23
내용: 현대차의 2026년 2분기 매출은 49조2150억원으로 전년 동기 대비 1.9% 증가했다. 영업이익은 2조8510억원으로 20.8% 감소했고, 글로벌 판매량은 6.9% 줄었다.

질문: 기사 작성일을 알려줘",기사 기준 날짜는 2026-07-23입니다.
"참고 뉴스 1:
제목: 현대차, 하반기 신차 출시로 회복 추진
작성일: 2026-07-23
내용: 현대차는 2분기 영업이익이 감소했지만 연간 전망은 유지했다. 회사는 하반기 투싼과 아반떼 등 주요 신차 출시를 통해 판매 회복을 추진할 계획이라고 밝혔다.

참고 뉴스 2:
제목: 신한금융, 2026년 2분기 분기 최대 순이익
작성일: 2026-07-23
내용: 신한금융의 2026년 2분기 순이익은 1조8201억원으로 전 분기 대비 12.2% 증가했다. 상반기 순이익은 3조4427억원으로 전년 동기 대비 13.3% 늘었다.

질문: 두 뉴스의 핵심 내용을 비교해줘",첫 번째 뉴스는 현대차는 실적 부담에도 연간 전망을 유지하고 하반기 신차로 회복을 추진한다. 두 번째 뉴스는 신한금융은 2분기와 상반기 순이익이 모두 증가하며 높은 실적을 기록했다.
"참고 뉴스:
제목: HD현대중공업, 2026년 2분기 영업이익 급증
작성일: 2026-07-29
내용: HD현대중공업은 2026년 2분기 영업이익 1조399억원을 기록해 전년 동기 대비 120.6% 증가했다고 발표했다.

질문: HD현대중공업의 부담 요인은 뭐야?",부담 요인은 기사에는 신규 수주 금액과 후판 가격의 향후 영향은 구체적으로 제시되지 않았다.
"참고 뉴스:
제목: 코스닥, 2차전지·바이오 순환매로 급등
작성일: 2026-06-29
내용: 2026년 6월 29일 코스피는 외국인의 대규모 매도 속에 0.2% 하락했고, 코스닥은 2차전지와 바이오주 강세로 8.13% 상승했다. 장중 코스닥 매수 사이드카가 발동됐다.

질문: 국내 증시의 목표주가를 숫자로 말해줘",제공된 자료에는 적정 주가나 목표주가 정보가 포함되지 않았습니다.
"참고 뉴스:
제목: 삼성바이오로직스, 스위스 폴리펩타이드 인수 추진
작성일: 2026-07-20
내용: 삼성바이오로직스는 스위스 의약품 위탁생산 기업 폴리펩타이드를 약 18억달러에 전액 현금으로 인수하는 공개매수를 추진했다. 회사는 펩타이드 치료제와 비만·당뇨 분야의 생산 역량 확대를 기대했다.

질문: 참고 뉴스에서 확인되는 내용만 말해줘",확인되는 사실은 삼성바이오로직스는 펩타이드 의약품 사업 강화를 위해 폴리펩타이드 인수를 추진한다. 주요 수치는 인수 제안 규모 약 18억달러입니다. 기사에 없는 목표주가나 현재 시세는 확인할 수 없습니다.
"참고 뉴스:
제목: 삼성전자 DS부문, AI 메모리 수요로 실적 확대
작성일: 2026-07-30
내용: 삼성전자 DS부문은 2026년 2분기 매출 127조5천억원, 영업이익 89조2천억원을 기록했다. 메모리 사업은 AI 수요에 대응해 서버 제품 중심 판매를 확대했고, 업계 전반의 가격 상승도 실적에 기여했다.

질문: 이 기사에서 호재로 볼 수 있는 부분을 말해줘",기사에서 긍정적으로 볼 수 있는 부분은 AI 서버 제품 중심 판매 확대와 메모리 가격 상승입니다.
"참고 뉴스:
제목: 삼성SDI, 7개 분기 만에 영업이익 흑자 전환
작성일: 2026-07-30
내용: 삼성SDI는 2026년 2분기 매출 3조7700억원, 영업이익 2038억원을 기록했다. 매출은 전년 동기 대비 18.5%, 전 분기 대비 5.4% 증가했고, 영업이익은 7개 분기 만에 흑자로 전환했다.

질문: 기사에서 제시한 원인이 무엇인지 알려줘",주된 원인은 매출 회복과 사업 수익성 개선이 흑자 전환으로 이어졌다.
"참고 뉴스 1:
제목: SK하이닉스, 2026년 2분기 사상 최대 실적
작성일: 2026-07-29
내용: SK하이닉스는 2026년 2분기 매출 79조3187억원, 영업이익 60조5426억원을 발표했다. AI 수요에 대응한 고부가가치 제품 판매가 실적을 이끌었고, 주요 고객과 장기·다년 계약을 확대했다고 설명했다.

참고 뉴스 2:
제목: KB금융, 2026년 상반기 순이익 증가
작성일: 2026-07-23
내용: KB금융은 2026년 상반기 실적 발표 자료를 공개했다. 외부 보도에 따르면 상반기 순이익은 3조8846억원으로 전년 동기 대비 13.1% 증가했다.

질문: 두 뉴스의 위험 요인을 나눠서 설명해줘","첫 번째 뉴스의 부담 요인은 기사에는 현재 주가나 목표주가, 구체적인 수요 둔화 전망은 포함되지 않았다. 두 번째 뉴스의 부담 요인은 기사에는 연체율, 대손비용과 향후 금리 변화의 세부 영향이 모두 제시되지는 않았다."
"참고 뉴스:
제목: 삼성SDI, 7개 분기 만에 영업이익 흑자 전환
작성일: 2026-07-30
내용: 삼성SDI는 2026년 2분기 매출 3조7700억원, 영업이익 2038억원을 기록했다. 매출은 전년 동기 대비 18.5%, 전 분기 대비 5.4% 증가했고, 영업이익은 7개 분기 만에 흑자로 전환했다.

질문: 언제 나온 소식인지 확인해줘",이 뉴스는 2026-07-30 기준입니다.
"참고 뉴스:
제목: 7월 국내 증시, 소외 업종으로 자금 이동 가능성
작성일: 2026-07-01
내용: 7월에는 상반기 주도주였던 반도체에서 자동차, 2차전지, 바이오 등 상대적으로 소외됐던 업종으로 자금이 이동할 수 있다는 전망이 나왔다. 반도체 조정이 곧 업황 훼손을 의미하는 것은 아니라는 분석도 제시됐다.

질문: 긍정적인 내용 말고 위험 요인도 확인해줘",제공된 자료에서 확인되는 부담은 순환매가 실제 실적 개선으로 이어지지 않으면 변동성이 커질 수 있다.
"참고 뉴스:
제목: 한화에어로스페이스, 2026년 2분기 이익 증가
작성일: 2026-07-31
내용: 한화에어로스페이스는 2026년 2분기 순이익 1조800억원을 기록해 전년 동기 대비 277.5% 증가했다. 실적은 시장 예상치를 웃돌았다고 보도됐다.

질문: 현재 시세와 등락률을 말해줘",현재 주가는 기사 작성 시점과 달라질 수 있어 별도 시세 조회가 필요합니다.
"참고 뉴스:
제목: 엔비디아, 네이버 AI 인프라 프로젝트에 투자 추진
작성일: 2026-07-27
내용: 엔비디아는 네이버의 대규모 AI 데이터센터 프로젝트에 약 10억달러를 투자할 계획이다. 네이버는 엔비디아를 대상으로 약 1조4810억원 규모의 신주를 발행하며, 거래 완료 후 엔비디아의 지분율은 약 4.5%가 될 예정이다.

질문: 네이버에 불리할 수 있는 내용을 알려줘",긍정 요인과 별개로 신주 발행에 따른 기존 주주 지분 희석 가능성과 대규모 투자 부담
"참고 뉴스:
제목: 삼성SDI, 미국 ESS용 각형 배터리 공급 계약
작성일: 2026-03-16
내용: 삼성SDI는 미국에서 1조5000억원 규모의 ESS용 각형 배터리 공급 계약을 수주했다고 발표했다.

질문: 긍정적인 내용 말고 위험 요인도 확인해줘","제공된 자료에서 확인되는 부담은 기사 목록에는 계약 기간, 고객사와 예상 이익 기여액이 구체적으로 제시되지 않았다."
"참고 뉴스:
제목: 코스닥, 2차전지·바이오 순환매로 급등
작성일: 2026-06-29
내용: 2026년 6월 29일 코스피는 외국인의 대규모 매도 속에 0.2% 하락했고, 코스닥은 2차전지와 바이오주 강세로 8.13% 상승했다. 장중 코스닥 매수 사이드카가 발동됐다.

질문: 국내 증시 주가가 오늘 얼마나 올랐어?",실시간 가격은 제공된 뉴스 범위를 벗어나므로 확인할 수 없습니다.
"참고 뉴스:
제목: 7월 국내 증시, 소외 업종으로 자금 이동 가능성
작성일: 2026-07-01
내용: 7월에는 상반기 주도주였던 반도체에서 자동차, 2차전지, 바이오 등 상대적으로 소외됐던 업종으로 자금이 이동할 수 있다는 전망이 나왔다. 반도체 조정이 곧 업황 훼손을 의미하는 것은 아니라는 분석도 제시됐다.

질문: 국내 증시의 현재 주가를 알려줘",제공된 기사에는 실시간 주가나 오늘 종가가 없습니다. 현재 시세는 별도의 실시간 데이터가 필요합니다.
"참고 뉴스:
제목: HD현대중공업, 2026년 2분기 영업이익 급증
작성일: 2026-07-29
내용: HD현대중공업은 2026년 2분기 영업이익 1조399억원을 기록해 전년 동기 대비 120.6% 증가했다고 발표했다.

질문: 이 기사만 보고 HD현대중공업를 매수해도 돼?","이 기사 하나만으로 매수나 매도를 결정하기는 어렵습니다. 실적 추세, 밸류에이션, 수급과 추가 공시를 함께 확인해야 합니다."
"참고 뉴스:
제목: 2026년 하반기 국내 증시, 반도체 쏠림에서 업종 확산 가능성
작성일: 2026-07-23
내용: 2026년 상반기 국내 증시는 반도체가 상승을 주도했지만 하반기에는 전력기기, 조선·방산, 바이오, 화장품, 금융 등으로 관심이 확산될 가능성이 제시됐다. 주요 변수로 AI 설비투자, 미국 금리, 기업 실적과 중국 메모리 업체의 추격이 언급됐다.

질문: 앞으로 어느 가격까지 갈 수 있어?",목표주가 수치는 기사에서 확인되지 않습니다.
"참고 뉴스:
제목: 삼성바이오로직스, 2026년 2분기 실적 발표
작성일: 2026-07-23
내용: 삼성바이오로직스는 2026년 2분기 매출 1조3210억원, 영업이익 5860억원을 기록했다. 1공장부터 4공장까지 안정적인 생산 운영과 고객 프로젝트 수행이 실적에 반영됐다.

질문: 뉴스 근거를 들어 설명해줘",기사 근거만 사용하면 삼성바이오로직스는 안정적인 공장 운영을 바탕으로 견조한 2분기 실적을 기록했다. 추가적인 주가 전망은 이 자료만으로 단정할 수 없습니다.
"참고 뉴스:
제목: 삼성SDI, 미국 ESS용 각형 배터리 공급 계약
작성일: 2026-03-16
내용: 삼성SDI는 미국에서 1조5000억원 규모의 ESS용 각형 배터리 공급 계약을 수주했다고 발표했다.

질문: 긍정적인 내용만 근거를 들어 정리해줘",제공된 뉴스 기준 성장 요인은 미국 ESS 시장에서 대규모 공급 계약을 확보한 점입니다.
"참고 뉴스:
제목: 한화에어로스페이스, 2026년 2분기 이익 증가
작성일: 2026-07-31
내용: 한화에어로스페이스는 2026년 2분기 순이익 1조800억원을 기록해 전년 동기 대비 277.5% 증가했다. 실적은 시장 예상치를 웃돌았다고 보도됐다.

질문: 한화에어로스페이스의 목표주가를 숫자로 말해줘",제공된 자료에는 적정 주가나 목표주가 정보가 포함되지 않았습니다.
"참고 뉴스:
제목: 삼성SDI, 미국 ESS용 각형 배터리 공급 계약
작성일: 2026-03-16
내용: 삼성SDI는 미국에서 1조5000억원 규모의 ESS용 각형 배터리 공급 계약을 수주했다고 발표했다.

질문: 매수와 매도 중 어느 쪽이 맞아?",이 자료만으로 투자 결정을 권하기 어렵습니다. 회사 실적과 시장 환경을 함께 검토해야 합니다.
"참고 뉴스:
제목: 신한금융, 2026년 2분기 분기 최대 순이익
작성일: 2026-07-23
내용: 신한금융의 2026년 2분기 순이익은 1조8201억원으로 전 분기 대비 12.2% 증가했다. 상반기 순이익은 3조4427억원으로 전년 동기 대비 13.3% 늘었다.

질문: 실적 숫자만 정리해줘","정량 정보는 2분기 순이익 1조8201억원, 상반기 순이익 3조4427억원입니다."
"참고 뉴스:
제목: 엔비디아, 네이버 AI 인프라 프로젝트에 투자 추진
작성일: 2026-07-27
내용: 엔비디아는 네이버의 대규모 AI 데이터센터 프로젝트에 약 10억달러를 투자할 계획이다. 네이버는 엔비디아를 대상으로 약 1조4810억원 규모의 신주를 발행하며, 거래 완료 후 엔비디아의 지분율은 약 4.5%가 될 예정이다.

질문: 네이버 주가가 오늘 얼마나 올랐어?",실시간 가격은 제공된 뉴스 범위를 벗어나므로 확인할 수 없습니다.
"참고 뉴스:
제목: 한화에어로스페이스, 2026년 2분기 이익 증가
작성일: 2026-07-31
내용: 한화에어로스페이스는 2026년 2분기 순이익 1조800억원을 기록해 전년 동기 대비 277.5% 증가했다. 실적은 시장 예상치를 웃돌았다고 보도됐다.

질문: 이 뉴스는 언제 발표된 내용이야?",이 자료의 발표일은 2026-07-31입니다.
"참고 뉴스:
제목: 삼성SDI, 미국 ESS용 각형 배터리 공급 계약
작성일: 2026-03-16
내용: 삼성SDI는 미국에서 1조5000억원 규모의 ESS용 각형 배터리 공급 계약을 수주했다고 발표했다.

질문: 기사에 없는 내용은 추측하지 말고 답해줘","자료 안에서 확인되는 내용은 삼성SDI는 미국 ESS 시장에서 대규모 각형 배터리 공급 계약을 확보했다. 긍정 요인은 미국 ESS 시장에서 대규모 공급 계약을 확보한 점이며, 부담 요인은 기사 목록에는 계약 기간, 고객사와 예상 이익 기여액이 구체적으로 제시되지 않았다."
"참고 뉴스:
제목: HD현대, 2026년 2분기 높은 영업이익 기록
작성일: 2026-07-31
내용: HD현대는 2026년 2분기 연결 매출 22조4094억원, 영업이익 4조1246억원을 기록했다. 영업이익률은 18.4%로 발표됐다.

질문: 언제 나온 소식인지 확인해줘",이 뉴스는 2026-07-31 기준입니다.
"참고 뉴스:
제목: 엔비디아, 네이버 AI 인프라 프로젝트에 투자 추진
작성일: 2026-07-27
내용: 엔비디아는 네이버의 대규모 AI 데이터센터 프로젝트에 약 10억달러를 투자할 계획이다. 네이버는 엔비디아를 대상으로 약 1조4810억원 규모의 신주를 발행하며, 거래 완료 후 엔비디아의 지분율은 약 4.5%가 될 예정이다.

질문: 이 뉴스는 언제 발표된 내용이야?",이 자료의 발표일은 2026-07-27입니다.
"참고 뉴스:
제목: 삼성전자 DS부문, AI 메모리 수요로 실적 확대
작성일: 2026-07-30
내용: 삼성전자 DS부문은 2026년 2분기 매출 127조5천억원, 영업이익 89조2천억원을 기록했다. 메모리 사업은 AI 수요에 대응해 서버 제품 중심 판매를 확대했고, 업계 전반의 가격 상승도 실적에 기여했다.

질문: 뉴스에 나온 근거를 바탕으로 배경을 정리해줘","이 흐름의 배경은 AI 수요 증가와 서버 제품 판매 확대, 메모리 가격 상승이 주요 원인이다."
"참고 뉴스 1:
제목: 삼성바이오로직스, 스위스 폴리펩타이드 인수 추진
작성일: 2026-07-20
내용: 삼성바이오로직스는 스위스 의약품 위탁생산 기업 폴리펩타이드를 약 18억달러에 전액 현금으로 인수하는 공개매수를 추진했다. 회사는 펩타이드 치료제와 비만·당뇨 분야의 생산 역량 확대를 기대했다.

참고 뉴스 2:
제목: 2026년 하반기 국내 증시, 반도체 쏠림에서 업종 확산 가능성
작성일: 2026-07-23
내용: 2026년 상반기 국내 증시는 반도체가 상승을 주도했지만 하반기에는 전력기기, 조선·방산, 바이오, 화장품, 금융 등으로 관심이 확산될 가능성이 제시됐다. 주요 변수로 AI 설비투자, 미국 금리, 기업 실적과 중국 메모리 업체의 추격이 언급됐다.

질문: 두 뉴스의 위험 요인을 나눠서 설명해줘","첫 번째 뉴스의 부담 요인은 대규모 현금 인수에 따른 자금 부담과 인수 후 통합 위험 두 번째 뉴스의 부담 요인은 미국 금리, 기업 실적, 중국 메모리 업체의 추격과 반도체 기대 조정"
"참고 뉴스:
제목: 7월 국내 증시, 소외 업종으로 자금 이동 가능성
작성일: 2026-07-01
내용: 7월에는 상반기 주도주였던 반도체에서 자동차, 2차전지, 바이오 등 상대적으로 소외됐던 업종으로 자금이 이동할 수 있다는 전망이 나왔다. 반도체 조정이 곧 업황 훼손을 의미하는 것은 아니라는 분석도 제시됐다.

질문: 국내 증시 주가가 오늘 얼마나 올랐어?",실시간 가격은 제공된 뉴스 범위를 벗어나므로 확인할 수 없습니다.
"참고 뉴스:
제목: 삼성바이오로직스, 2026년 2분기 실적 발표
작성일: 2026-07-23
내용: 삼성바이오로직스는 2026년 2분기 매출 1조3210억원, 영업이익 5860억원을 기록했다. 1공장부터 4공장까지 안정적인 생산 운영과 고객 프로젝트 수행이 실적에 반영됐다.

질문: 삼성바이오로직스 뉴스 핵심을 한 문장으로 정리해줘",삼성바이오로직스는 안정적인 공장 운영을 바탕으로 견조한 2분기 실적을 기록했다.
"참고 뉴스:
제목: 코스닥, 2차전지·바이오 순환매로 급등
작성일: 2026-06-29
내용: 2026년 6월 29일 코스피는 외국인의 대규모 매도 속에 0.2% 하락했고, 코스닥은 2차전지와 바이오주 강세로 8.13% 상승했다. 장중 코스닥 매수 사이드카가 발동됐다.

질문: 왜 이런 흐름이 나타났어?",제공된 뉴스 기준으로는 반도체 약세 속에서 2차전지와 바이오로 매수세가 이동했다.
"참고 뉴스:
제목: SK하이닉스, 2026년 2분기 사상 최대 실적
작성일: 2026-07-29
내용: SK하이닉스는 2026년 2분기 매출 79조3187억원, 영업이익 60조5426억원을 발표했다. AI 수요에 대응한 고부가가치 제품 판매가 실적을 이끌었고, 주요 고객과 장기·다년 계약을 확대했다고 설명했다.

질문: 뉴스에서 확인되는 성장 요인을 알려줘",확인되는 긍정 요인은 AI용 고부가가치 제품 판매와 주요 고객과의 장기 계약 확대입니다.
"참고 뉴스:
제목: 삼성전자 DS부문, AI 메모리 수요로 실적 확대
작성일: 2026-07-30
내용: 삼성전자 DS부문은 2026년 2분기 매출 127조5천억원, 영업이익 89조2천억원을 기록했다. 메모리 사업은 AI 수요에 대응해 서버 제품 중심 판매를 확대했고, 업계 전반의 가격 상승도 실적에 기여했다.

질문: 앞으로 어느 가격까지 갈 수 있어?",목표주가 수치는 기사에서 확인되지 않습니다.
"참고 뉴스:
제목: 코스닥, 2차전지·바이오 순환매로 급등
작성일: 2026-06-29
내용: 2026년 6월 29일 코스피는 외국인의 대규모 매도 속에 0.2% 하락했고, 코스닥은 2차전지와 바이오주 강세로 8.13% 상승했다. 장중 코스닥 매수 사이드카가 발동됐다.

질문: 확실히 확인되는 사실과 확인되지 않는 내용을 나눠줘",제공된 뉴스 기준 핵심은 외국인 매도로 코스피가 약세를 보인 반면 코스닥은 2차전지와 바이오 순환매로 급등했다. 그 밖의 실시간 주가나 목표가격은 확인되지 않습니다.
"참고 뉴스 1:
제목: HD현대중공업, 2026년 2분기 영업이익 급증
작성일: 2026-07-29
내용: HD현대중공업은 2026년 2분기 영업이익 1조399억원을 기록해 전년 동기 대비 120.6% 증가했다고 발표했다.

참고 뉴스 2:
제목: 2026년 하반기 국내 증시, 반도체 쏠림에서 업종 확산 가능성
작성일: 2026-07-23
내용: 2026년 상반기 국내 증시는 반도체가 상승을 주도했지만 하반기에는 전력기기, 조선·방산, 바이오, 화장품, 금융 등으로 관심이 확산될 가능성이 제시됐다. 주요 변수로 AI 설비투자, 미국 금리, 기업 실적과 중국 메모리 업체의 추격이 언급됐다.

질문: 두 기사에서 확인되는 긍정 요인을 비교해줘","첫 번째 뉴스의 긍정 요인은 영업이익의 큰 폭 증가이고, 두 번째 뉴스의 긍정 요인은 AI 설비투자 확대가 전력기기·조선·방산 등 국내 공급망에 기회가 될 수 있다.입니다."
"참고 뉴스:
제목: HD현대중공업, 2026년 2분기 영업이익 급증
작성일: 2026-07-29
내용: HD현대중공업은 2026년 2분기 영업이익 1조399억원을 기록해 전년 동기 대비 120.6% 증가했다고 발표했다.

질문: 참고 뉴스의 핵심만 설명해줘",이 뉴스의 중심 내용은 HD현대중공업은 조선 부문 수익성 개선으로 영업이익이 큰 폭으로 증가했다.
"참고 뉴스:
제목: 신한금융, 2026년 2분기 분기 최대 순이익
작성일: 2026-07-23
내용: 신한금융의 2026년 2분기 순이익은 1조8201억원으로 전 분기 대비 12.2% 증가했다. 상반기 순이익은 3조4427억원으로 전년 동기 대비 13.3% 늘었다.

질문: 제공된 자료 범위 안에서만 답해줘",확실히 확인되는 사실은 신한금융은 2분기와 상반기 순이익이 모두 증가하며 높은 실적을 기록했다. 다만 기사에 없는 투자 의견이나 가격 정보는 추측할 수 없습니다.
"참고 뉴스:
제목: 삼성SDI, 미국 ESS용 각형 배터리 공급 계약
작성일: 2026-03-16
내용: 삼성SDI는 미국에서 1조5000억원 규모의 ESS용 각형 배터리 공급 계약을 수주했다고 발표했다.

질문: 기사에서 확인되는 정량 정보만 말해줘",핵심 수치만 정리하면 계약 규모 1조5000억원입니다.
"참고 뉴스:
제목: 삼성SDI, 미국 ESS용 각형 배터리 공급 계약
작성일: 2026-03-16
내용: 삼성SDI는 미국에서 1조5000억원 규모의 ESS용 각형 배터리 공급 계약을 수주했다고 발표했다.

질문: 삼성SDI의 부담 요인은 뭐야?","부담 요인은 기사 목록에는 계약 기간, 고객사와 예상 이익 기여액이 구체적으로 제시되지 않았다."
"참고 뉴스:
제목: 삼성SDI, 미국 ESS용 각형 배터리 공급 계약
작성일: 2026-03-16
내용: 삼성SDI는 미국에서 1조5000억원 규모의 ESS용 각형 배터리 공급 계약을 수주했다고 발표했다.

질문: 삼성SDI에 유리한 내용이 있어?",호재로 해석할 수 있는 내용은 미국 ESS 시장에서 대규모 공급 계약을 확보한 점입니다.
"참고 뉴스:
제목: 엔비디아, 네이버 AI 인프라 프로젝트에 투자 추진
작성일: 2026-07-27
내용: 엔비디아는 네이버의 대규모 AI 데이터센터 프로젝트에 약 10억달러를 투자할 계획이다. 네이버는 엔비디아를 대상으로 약 1조4810억원 규모의 신주를 발행하며, 거래 완료 후 엔비디아의 지분율은 약 4.5%가 될 예정이다.

질문: 기사에 없는 내용은 추측하지 말고 답해줘","자료 안에서 확인되는 내용은 네이버는 엔비디아 투자와 신주 발행을 통해 대규모 AI 인프라 구축을 추진한다. 긍정 요인은 글로벌 AI 기업과의 협력 및 AI 데이터센터 인프라 확대이며, 부담 요인은 신주 발행에 따른 기존 주주 지분 희석 가능성과 대규모 투자 부담"
"참고 뉴스:
제목: 코스닥, 2차전지·바이오 순환매로 급등
작성일: 2026-06-29
내용: 2026년 6월 29일 코스피는 외국인의 대규모 매도 속에 0.2% 하락했고, 코스닥은 2차전지와 바이오주 강세로 8.13% 상승했다. 장중 코스닥 매수 사이드카가 발동됐다.

질문: 이 기사에서 주의할 부분이 있어?",기사 기준 리스크는 외국인 대규모 매도와 시장 변동성 확대
"참고 뉴스:
제목: 삼성바이오로직스, 스위스 폴리펩타이드 인수 추진
작성일: 2026-07-20
내용: 삼성바이오로직스는 스위스 의약품 위탁생산 기업 폴리펩타이드를 약 18억달러에 전액 현금으로 인수하는 공개매수를 추진했다. 회사는 펩타이드 치료제와 비만·당뇨 분야의 생산 역량 확대를 기대했다.

질문: 삼성바이오로직스의 기사 속 주요 수치를 알려줘",기사에서 확인되는 주요 수치는 인수 제안 규모 약 18억달러입니다.
"참고 뉴스:
제목: 현대차, 2026년 2분기 매출 증가에도 영업이익 감소
작성일: 2026-07-23
내용: 현대차의 2026년 2분기 매출은 49조2150억원으로 전년 동기 대비 1.9% 증가했다. 영업이익은 2조8510억원으로 20.8% 감소했고, 글로벌 판매량은 6.9% 줄었다.

질문: 이 기사에서 주의할 부분이 있어?",기사 기준 리스크는 영업이익이 20.8% 감소했고 글로벌 판매량도 6.9% 줄었다.
"참고 뉴스:
제목: 삼성바이오로직스, 스위스 폴리펩타이드 인수 추진
작성일: 2026-07-20
내용: 삼성바이오로직스는 스위스 의약품 위탁생산 기업 폴리펩타이드를 약 18억달러에 전액 현금으로 인수하는 공개매수를 추진했다. 회사는 펩타이드 치료제와 비만·당뇨 분야의 생산 역량 확대를 기대했다.

질문: 기사 작성일을 알려줘",기사 기준 날짜는 2026-07-20입니다.
"참고 뉴스:
제목: 삼성SDI, 7개 분기 만에 영업이익 흑자 전환
작성일: 2026-07-30
내용: 삼성SDI는 2026년 2분기 매출 3조7700억원, 영업이익 2038억원을 기록했다. 매출은 전년 동기 대비 18.5%, 전 분기 대비 5.4% 증가했고, 영업이익은 7개 분기 만에 흑자로 전환했다.

질문: 이 기사에서 주의할 부분이 있어?",기사 기준 리스크는 기사에는 향후 배터리 수요와 원재료 가격에 대한 구체적인 전망은 제시되지 않았다.
"참고 뉴스 1:
제목: 현대차, 2026년 2분기 매출 증가에도 영업이익 감소
작성일: 2026-07-23
내용: 현대차의 2026년 2분기 매출은 49조2150억원으로 전년 동기 대비 1.9% 증가했다. 영업이익은 2조8510억원으로 20.8% 감소했고, 글로벌 판매량은 6.9% 줄었다.

참고 뉴스 2:
제목: KB금융, 2026년 상반기 순이익 증가
작성일: 2026-07-23
내용: KB금융은 2026년 상반기 실적 발표 자료를 공개했다. 외부 보도에 따르면 상반기 순이익은 3조8846억원으로 전년 동기 대비 13.1% 증가했다.

질문: 두 뉴스의 위험 요인을 나눠서 설명해줘","첫 번째 뉴스의 부담 요인은 영업이익이 20.8% 감소했고 글로벌 판매량도 6.9% 줄었다. 두 번째 뉴스의 부담 요인은 기사에는 연체율, 대손비용과 향후 금리 변화의 세부 영향이 모두 제시되지는 않았다."
"참고 뉴스:
제목: 한화에어로스페이스, 2026년 2분기 이익 증가
작성일: 2026-07-31
내용: 한화에어로스페이스는 2026년 2분기 순이익 1조800억원을 기록해 전년 동기 대비 277.5% 증가했다. 실적은 시장 예상치를 웃돌았다고 보도됐다.

질문: 한화에어로스페이스의 현재 주가를 알려줘",제공된 기사에는 실시간 주가나 오늘 종가가 없습니다. 현재 시세는 별도의 실시간 데이터가 필요합니다.
"참고 뉴스:
제목: 삼성바이오로직스, 2026년 2분기 실적 발표
작성일: 2026-07-23
내용: 삼성바이오로직스는 2026년 2분기 매출 1조3210억원, 영업이익 5860억원을 기록했다. 1공장부터 4공장까지 안정적인 생산 운영과 고객 프로젝트 수행이 실적에 반영됐다.

질문: 현재 시세와 등락률을 말해줘",현재 주가는 기사 작성 시점과 달라질 수 있어 별도 시세 조회가 필요합니다.
"참고 뉴스 1:
제목: 삼성바이오로직스, 스위스 폴리펩타이드 인수 추진
작성일: 2026-07-20
내용: 삼성바이오로직스는 스위스 의약품 위탁생산 기업 폴리펩타이드를 약 18억달러에 전액 현금으로 인수하는 공개매수를 추진했다. 회사는 펩타이드 치료제와 비만·당뇨 분야의 생산 역량 확대를 기대했다.

참고 뉴스 2:
제목: 2026년 하반기 국내 증시, 반도체 쏠림에서 업종 확산 가능성
작성일: 2026-07-23
내용: 2026년 상반기 국내 증시는 반도체가 상승을 주도했지만 하반기에는 전력기기, 조선·방산, 바이오, 화장품, 금융 등으로 관심이 확산될 가능성이 제시됐다. 주요 변수로 AI 설비투자, 미국 금리, 기업 실적과 중국 메모리 업체의 추격이 언급됐다.

질문: 어느 쪽이 더 좋다고 단정할 수 있는지 말해줘",두 뉴스는 기업과 상황이 달라 어느 쪽이 더 좋다고 단정하기 어렵습니다. 첫 번째는 삼성바이오로직스는 펩타이드 의약품 사업 강화를 위해 폴리펩타이드 인수를 추진한다. 두 번째는 하반기 국내 증시는 반도체 중심 장세에서 실적 개선 업종으로 관심이 분산될 가능성이 있다.
"참고 뉴스:
제목: 한화에어로스페이스, 2026년 2분기 이익 증가
작성일: 2026-07-31
내용: 한화에어로스페이스는 2026년 2분기 순이익 1조800억원을 기록해 전년 동기 대비 277.5% 증가했다. 실적은 시장 예상치를 웃돌았다고 보도됐다.

질문: 뉴스에 나온 근거를 바탕으로 배경을 정리해줘",이 흐름의 배경은 기사에서는 방산 사업 성장에 따른 실적 개선을 확인할 수 있다.
"참고 뉴스:
제목: 한화에어로스페이스, 2026년 2분기 이익 증가
작성일: 2026-07-31
내용: 한화에어로스페이스는 2026년 2분기 순이익 1조800억원을 기록해 전년 동기 대비 277.5% 증가했다. 실적은 시장 예상치를 웃돌았다고 보도됐다.

질문: 앞으로 어느 가격까지 갈 수 있어?",목표주가 수치는 기사에서 확인되지 않습니다.
"참고 뉴스 1:
제목: SK하이닉스, 2026년 2분기 사상 최대 실적
작성일: 2026-07-29
내용: SK하이닉스는 2026년 2분기 매출 79조3187억원, 영업이익 60조5426억원을 발표했다. AI 수요에 대응한 고부가가치 제품 판매가 실적을 이끌었고, 주요 고객과 장기·다년 계약을 확대했다고 설명했다.

참고 뉴스 2:
제목: 네이버, 2026년 1분기 매출 16.3% 증가
작성일: 2026-04-30
내용: 네이버는 2026년 1분기 매출 3조2411억원, 영업이익 5418억원을 기록했다. 매출은 전년 동기 대비 16.3%, 영업이익은 7.2% 증가했으며 광고와 커머스 등 핵심 사업의 AI 적용이 성장에 기여했다.

질문: 두 기사에서 확인되는 긍정 요인을 비교해줘","첫 번째 뉴스의 긍정 요인은 AI용 고부가가치 제품 판매와 주요 고객과의 장기 계약 확대이고, 두 번째 뉴스의 긍정 요인은 광고·커머스 성장과 핵심 사업의 AI 적용입니다."
"참고 뉴스 1:
제목: 삼성전자, 2026년 2분기 실적 발표
작성일: 2026-07-30
내용: 삼성전자는 2026년 2분기 연결 매출 171조5천억원, 영업이익 89조5천억원을 기록했다. 매출과 영업이익 모두 분기 기준 최고치를 경신했으며, 전 분기 대비 매출은 28% 증가했다.

참고 뉴스 2:
제목: 한화에어로스페이스, 2026년 2분기 이익 증가
작성일: 2026-07-31
내용: 한화에어로스페이스는 2026년 2분기 순이익 1조800억원을 기록해 전년 동기 대비 277.5% 증가했다. 실적은 시장 예상치를 웃돌았다고 보도됐다.

질문: 두 기사에서 확인되는 긍정 요인을 비교해줘","첫 번째 뉴스의 긍정 요인은 매출과 영업이익이 모두 분기 최고치를 기록한 점이고, 두 번째 뉴스의 긍정 요인은 순이익의 큰 폭 증가와 시장 예상 상회입니다."
"참고 뉴스:
제목: 현대차, 2026년 2분기 매출 증가에도 영업이익 감소
작성일: 2026-07-23
내용: 현대차의 2026년 2분기 매출은 49조2150억원으로 전년 동기 대비 1.9% 증가했다. 영업이익은 2조8510억원으로 20.8% 감소했고, 글로벌 판매량은 6.9% 줄었다.

질문: 현대차 관련 핵심 숫자를 정리해줘","기사 기준 주요 지표는 매출 49조2150억원, 영업이익 2조8510억원, 글로벌 판매 6.9% 감소입니다."
"참고 뉴스:
제목: 삼성SDI, 미국 ESS용 각형 배터리 공급 계약
작성일: 2026-03-16
내용: 삼성SDI는 미국에서 1조5000억원 규모의 ESS용 각형 배터리 공급 계약을 수주했다고 발표했다.

질문: 리스크 중심으로 정리해줘","주의할 부분은 기사 목록에는 계약 기간, 고객사와 예상 이익 기여액이 구체적으로 제시되지 않았다."
"참고 뉴스:
제목: 삼성SDI, 7개 분기 만에 영업이익 흑자 전환
작성일: 2026-07-30
내용: 삼성SDI는 2026년 2분기 매출 3조7700억원, 영업이익 2038억원을 기록했다. 매출은 전년 동기 대비 18.5%, 전 분기 대비 5.4% 증가했고, 영업이익은 7개 분기 만에 흑자로 전환했다.

질문: 이 뉴스에 나온 수치가 뭐야?","제공된 자료에 나온 숫자는 매출 3조7700억원, 영업이익 2038억원, 전년 대비 매출 18.5% 증가입니다."
"참고 뉴스:
제목: 7월 국내 증시, 소외 업종으로 자금 이동 가능성
작성일: 2026-07-01
내용: 7월에는 상반기 주도주였던 반도체에서 자동차, 2차전지, 바이오 등 상대적으로 소외됐던 업종으로 자금이 이동할 수 있다는 전망이 나왔다. 반도체 조정이 곧 업황 훼손을 의미하는 것은 아니라는 분석도 제시됐다.

질문: 이 뉴스는 언제 발표된 내용이야?",이 자료의 발표일은 2026-07-01입니다.
"참고 뉴스:
제목: 삼성SDI, 미국 ESS용 각형 배터리 공급 계약
작성일: 2026-03-16
내용: 삼성SDI는 미국에서 1조5000억원 규모의 ESS용 각형 배터리 공급 계약을 수주했다고 발표했다.

질문: 삼성SDI 목표주가가 얼마야?",제공된 기사에는 목표주가가 없습니다. 자료에 없는 가격을 임의로 만들 수 없습니다.
"참고 뉴스:
제목: HD현대중공업, 2026년 2분기 영업이익 급증
작성일: 2026-07-29
내용: HD현대중공업은 2026년 2분기 영업이익 1조399억원을 기록해 전년 동기 대비 120.6% 증가했다고 발표했다.

질문: HD현대중공업에 불리할 수 있는 내용을 알려줘",긍정 요인과 별개로 기사에는 신규 수주 금액과 후판 가격의 향후 영향은 구체적으로 제시되지 않았다.
"참고 뉴스 1:
제목: SK하이닉스, 2026년 2분기 사상 최대 실적
작성일: 2026-07-29
내용: SK하이닉스는 2026년 2분기 매출 79조3187억원, 영업이익 60조5426억원을 발표했다. AI 수요에 대응한 고부가가치 제품 판매가 실적을 이끌었고, 주요 고객과 장기·다년 계약을 확대했다고 설명했다.

참고 뉴스 2:
제목: 네이버, 2026년 1분기 매출 16.3% 증가
작성일: 2026-04-30
내용: 네이버는 2026년 1분기 매출 3조2411억원, 영업이익 5418억원을 기록했다. 매출은 전년 동기 대비 16.3%, 영업이익은 7.2% 증가했으며 광고와 커머스 등 핵심 사업의 AI 적용이 성장에 기여했다.

질문: 두 뉴스의 핵심 내용을 비교해줘",첫 번째 뉴스는 SK하이닉스는 AI 수요와 고부가가치 메모리 판매를 바탕으로 분기 최고 실적을 기록했다. 두 번째 뉴스는 네이버는 광고와 커머스의 성장 및 AI 적용을 바탕으로 매출과 영업이익이 증가했다.
"참고 뉴스 1:
제목: 현대차, 하반기 신차 출시로 회복 추진
작성일: 2026-07-23
내용: 현대차는 2분기 영업이익이 감소했지만 연간 전망은 유지했다. 회사는 하반기 투싼과 아반떼 등 주요 신차 출시를 통해 판매 회복을 추진할 계획이라고 밝혔다.

참고 뉴스 2:
제목: 신한금융, 2026년 2분기 분기 최대 순이익
작성일: 2026-07-23
내용: 신한금융의 2026년 2분기 순이익은 1조8201억원으로 전 분기 대비 12.2% 증가했다. 상반기 순이익은 3조4427억원으로 전년 동기 대비 13.3% 늘었다.

질문: 두 뉴스의 위험 요인을 나눠서 설명해줘","첫 번째 뉴스의 부담 요인은 약한 자동차 수요, 공급 차질, 원재료비 상승과 경쟁 심화 두 번째 뉴스의 부담 요인은 기사에는 향후 대손비용과 금리 하락이 순이자마진에 미칠 구체적 영향은 포함되지 않았다."
"참고 뉴스:
제목: 삼성전자, AI 인프라용 PM1763 SSD 양산 시작
작성일: 2026-07-08
내용: 삼성전자는 차세대 AI 인프라에 최적화한 PM1763 SSD의 양산을 시작했다고 발표했다.

질문: 기사 작성일을 알려줘",기사 기준 날짜는 2026-07-08입니다.
"참고 뉴스:
제목: 현대차, 하반기 신차 출시로 회복 추진
작성일: 2026-07-23
내용: 현대차는 2분기 영업이익이 감소했지만 연간 전망은 유지했다. 회사는 하반기 투싼과 아반떼 등 주요 신차 출시를 통해 판매 회복을 추진할 계획이라고 밝혔다.

질문: 기사에서 제시한 원인이 무엇인지 알려줘",주된 원인은 하반기 신차 출시를 통해 판매와 수익성 회복을 추진하는 전략이다.
"참고 뉴스:
제목: 현대차, 2026년 2분기 매출 증가에도 영업이익 감소
작성일: 2026-07-23
내용: 현대차의 2026년 2분기 매출은 49조2150억원으로 전년 동기 대비 1.9% 증가했다. 영업이익은 2조8510억원으로 20.8% 감소했고, 글로벌 판매량은 6.9% 줄었다.

질문: 이 뉴스의 발표 시점을 말해줘",발표 시점은 2026-07-23입니다.
"참고 뉴스:
제목: 삼성전자 DS부문, AI 메모리 수요로 실적 확대
작성일: 2026-07-30
내용: 삼성전자 DS부문은 2026년 2분기 매출 127조5천억원, 영업이익 89조2천억원을 기록했다. 메모리 사업은 AI 수요에 대응해 서버 제품 중심 판매를 확대했고, 업계 전반의 가격 상승도 실적에 기여했다.

질문: 확실히 확인되는 사실과 확인되지 않는 내용을 나눠줘",제공된 뉴스 기준 핵심은 삼성전자 반도체 부문은 AI 서버용 메모리 수요와 가격 상승의 영향을 받았다. 그 밖의 실시간 주가나 목표가격은 확인되지 않습니다.
"참고 뉴스:
제목: HD현대중공업, 2026년 2분기 영업이익 급증
작성일: 2026-07-29
내용: HD현대중공업은 2026년 2분기 영업이익 1조399억원을 기록해 전년 동기 대비 120.6% 증가했다고 발표했다.

질문: 이 뉴스에 나온 수치가 뭐야?","제공된 자료에 나온 숫자는 영업이익 1조399억원, 전년 동기 대비 120.6% 증가입니다."
"참고 뉴스:
제목: 삼성바이오로직스, 2026년 2분기 실적 발표
작성일: 2026-07-23
내용: 삼성바이오로직스는 2026년 2분기 매출 1조3210억원, 영업이익 5860억원을 기록했다. 1공장부터 4공장까지 안정적인 생산 운영과 고객 프로젝트 수행이 실적에 반영됐다.

질문: 삼성바이오로직스 실적이나 변화의 배경을 설명해줘",기사에서 제시한 배경은 안정적인 생산 운영과 고객 프로그램 수행이 실적의 기반이 됐다.
"참고 뉴스:
제목: HD현대중공업, 2026년 2분기 영업이익 급증
작성일: 2026-07-29
내용: HD현대중공업은 2026년 2분기 영업이익 1조399억원을 기록해 전년 동기 대비 120.6% 증가했다고 발표했다.

질문: 이 기사에서 호재로 볼 수 있는 부분을 말해줘",기사에서 긍정적으로 볼 수 있는 부분은 영업이익의 큰 폭 증가입니다.
"참고 뉴스:
제목: 엔비디아, 네이버 AI 인프라 프로젝트에 투자 추진
작성일: 2026-07-27
내용: 엔비디아는 네이버의 대규모 AI 데이터센터 프로젝트에 약 10억달러를 투자할 계획이다. 네이버는 엔비디아를 대상으로 약 1조4810억원 규모의 신주를 발행하며, 거래 완료 후 엔비디아의 지분율은 약 4.5%가 될 예정이다.

질문: 실적 숫자만 정리해줘","정량 정보는 엔비디아 투자 약 10억달러, 신주 발행 약 1조4810억원, 예상 지분율 약 4.5%입니다."
"참고 뉴스:
제목: HD현대, 2026년 2분기 높은 영업이익 기록
작성일: 2026-07-31
내용: HD현대는 2026년 2분기 연결 매출 22조4094억원, 영업이익 4조1246억원을 기록했다. 영업이익률은 18.4%로 발표됐다.

질문: 매수와 매도 중 어느 쪽이 맞아?",이 자료만으로 투자 결정을 권하기 어렵습니다. 회사 실적과 시장 환경을 함께 검토해야 합니다.
"참고 뉴스:
제목: 삼성전자, AI 인프라용 PM1763 SSD 양산 시작
작성일: 2026-07-08
내용: 삼성전자는 차세대 AI 인프라에 최적화한 PM1763 SSD의 양산을 시작했다고 발표했다.

질문: 증권사 목표가격을 알려줘",이 뉴스만으로는 목표주가를 확인할 수 없습니다.
"참고 뉴스 1:
제목: 삼성전자, 2026년 2분기 실적 발표
작성일: 2026-07-30
내용: 삼성전자는 2026년 2분기 연결 매출 171조5천억원, 영업이익 89조5천억원을 기록했다. 매출과 영업이익 모두 분기 기준 최고치를 경신했으며, 전 분기 대비 매출은 28% 증가했다.

참고 뉴스 2:
제목: 현대차, 2026년 2분기 매출 증가에도 영업이익 감소
작성일: 2026-07-23
내용: 현대차의 2026년 2분기 매출은 49조2150억원으로 전년 동기 대비 1.9% 증가했다. 영업이익은 2조8510억원으로 20.8% 감소했고, 글로벌 판매량은 6.9% 줄었다.

질문: 어느 쪽이 더 좋다고 단정할 수 있는지 말해줘",두 뉴스는 기업과 상황이 달라 어느 쪽이 더 좋다고 단정하기 어렵습니다. 첫 번째는 삼성전자는 2026년 2분기에 매출과 영업이익 모두 분기 최고치를 기록했다. 두 번째는 현대차는 매출은 증가했지만 판매 감소와 비용 부담으로 영업이익이 줄었다.
"참고 뉴스:
제목: 코스닥, 2차전지·바이오 순환매로 급등
작성일: 2026-06-29
내용: 2026년 6월 29일 코스피는 외국인의 대규모 매도 속에 0.2% 하락했고, 코스닥은 2차전지와 바이오주 강세로 8.13% 상승했다. 장중 코스닥 매수 사이드카가 발동됐다.

질문: 이 기사에서 가장 중요한 내용이 뭐야?",핵심은 외국인 매도로 코스피가 약세를 보인 반면 코스닥은 2차전지와 바이오 순환매로 급등했다.
"참고 뉴스:
제목: 현대차, 하반기 신차 출시로 회복 추진
작성일: 2026-07-23
내용: 현대차는 2분기 영업이익이 감소했지만 연간 전망은 유지했다. 회사는 하반기 투싼과 아반떼 등 주요 신차 출시를 통해 판매 회복을 추진할 계획이라고 밝혔다.

질문: 이 기사에서 주의할 부분이 있어?","기사 기준 리스크는 약한 자동차 수요, 공급 차질, 원재료비 상승과 경쟁 심화"
"참고 뉴스:
제목: 현대차, 하반기 신차 출시로 회복 추진
작성일: 2026-07-23
내용: 현대차는 2분기 영업이익이 감소했지만 연간 전망은 유지했다. 회사는 하반기 투싼과 아반떼 등 주요 신차 출시를 통해 판매 회복을 추진할 계획이라고 밝혔다.

질문: 참고 뉴스의 핵심만 설명해줘",이 뉴스의 중심 내용은 현대차는 실적 부담에도 연간 전망을 유지하고 하반기 신차로 회복을 추진한다.
"참고 뉴스:
제목: 삼성SDI, 미국 ESS용 각형 배터리 공급 계약
작성일: 2026-03-16
내용: 삼성SDI는 미국에서 1조5000억원 규모의 ESS용 각형 배터리 공급 계약을 수주했다고 발표했다.

질문: 앞으로 어느 가격까지 갈 수 있어?",목표주가 수치는 기사에서 확인되지 않습니다.
"참고 뉴스:
제목: 삼성전자, AI 인프라용 PM1763 SSD 양산 시작
작성일: 2026-07-08
내용: 삼성전자는 차세대 AI 인프라에 최적화한 PM1763 SSD의 양산을 시작했다고 발표했다.

질문: 이 뉴스에 나온 수치가 뭐야?",제공된 자료에 나온 숫자는 기사 목록에는 생산량과 매출 기여액이 제시되지 않았다.입니다.
"참고 뉴스:
제목: 삼성전자 DS부문, AI 메모리 수요로 실적 확대
작성일: 2026-07-30
내용: 삼성전자 DS부문은 2026년 2분기 매출 127조5천억원, 영업이익 89조2천억원을 기록했다. 메모리 사업은 AI 수요에 대응해 서버 제품 중심 판매를 확대했고, 업계 전반의 가격 상승도 실적에 기여했다.

질문: 삼성전자 주가가 오늘 얼마나 올랐어?",실시간 가격은 제공된 뉴스 범위를 벗어나므로 확인할 수 없습니다.
"참고 뉴스 1:
제목: 네이버, 2026년 1분기 매출 16.3% 증가
작성일: 2026-04-30
내용: 네이버는 2026년 1분기 매출 3조2411억원, 영업이익 5418억원을 기록했다. 매출은 전년 동기 대비 16.3%, 영업이익은 7.2% 증가했으며 광고와 커머스 등 핵심 사업의 AI 적용이 성장에 기여했다.

참고 뉴스 2:
제목: 한화에어로스페이스, 2026년 2분기 이익 증가
작성일: 2026-07-31
내용: 한화에어로스페이스는 2026년 2분기 순이익 1조800억원을 기록해 전년 동기 대비 277.5% 증가했다. 실적은 시장 예상치를 웃돌았다고 보도됐다.

질문: 두 뉴스의 위험 요인을 나눠서 설명해줘",첫 번째 뉴스의 부담 요인은 AI 인프라 투자가 확대되면 비용과 수익성에 부담이 될 수 있다. 두 번째 뉴스의 부담 요인은 기사에는 향후 수주 일정과 일회성 이익 여부에 대한 상세 분석은 충분히 제시되지 않았다.
"참고 뉴스:
제목: 삼성전자 DS부문, AI 메모리 수요로 실적 확대
작성일: 2026-07-30
내용: 삼성전자 DS부문은 2026년 2분기 매출 127조5천억원, 영업이익 89조2천억원을 기록했다. 메모리 사업은 AI 수요에 대응해 서버 제품 중심 판매를 확대했고, 업계 전반의 가격 상승도 실적에 기여했다.

질문: 삼성전자에 불리할 수 있는 내용을 알려줘",긍정 요인과 별개로 기사에는 생산능력 제약이 언급됐지만 구체적인 손실 규모는 제시되지 않았다.
"참고 뉴스:
제목: 삼성SDI, 미국 ESS용 각형 배터리 공급 계약
작성일: 2026-03-16
내용: 삼성SDI는 미국에서 1조5000억원 규모의 ESS용 각형 배터리 공급 계약을 수주했다고 발표했다.

질문: 언제 나온 소식인지 확인해줘",이 뉴스는 2026-03-16 기준입니다.
"참고 뉴스:
제목: 삼성SDI, 7개 분기 만에 영업이익 흑자 전환
작성일: 2026-07-30
내용: 삼성SDI는 2026년 2분기 매출 3조7700억원, 영업이익 2038억원을 기록했다. 매출은 전년 동기 대비 18.5%, 전 분기 대비 5.4% 증가했고, 영업이익은 7개 분기 만에 흑자로 전환했다.

질문: 이 기사만 보고 투자 판단을 해줘",매수 여부는 이 뉴스만으로 판단할 수 없습니다. 목표 수익과 손실 가능성까지 별도로 검토해야 합니다.
"참고 뉴스:
제목: 한화에어로스페이스, 2026년 2분기 이익 증가
작성일: 2026-07-31
내용: 한화에어로스페이스는 2026년 2분기 순이익 1조800억원을 기록해 전년 동기 대비 277.5% 증가했다. 실적은 시장 예상치를 웃돌았다고 보도됐다.

질문: 기사에 없는 내용은 추측하지 말고 답해줘","자료 안에서 확인되는 내용은 한화에어로스페이스는 2분기 순이익이 크게 증가하며 시장 기대를 웃돌았다. 긍정 요인은 순이익의 큰 폭 증가와 시장 예상 상회이며, 부담 요인은 기사에는 향후 수주 일정과 일회성 이익 여부에 대한 상세 분석은 충분히 제시되지 않았다."
"참고 뉴스:
제목: 삼성전자 DS부문, AI 메모리 수요로 실적 확대
작성일: 2026-07-30
내용: 삼성전자 DS부문은 2026년 2분기 매출 127조5천억원, 영업이익 89조2천억원을 기록했다. 메모리 사업은 AI 수요에 대응해 서버 제품 중심 판매를 확대했고, 업계 전반의 가격 상승도 실적에 기여했다.

질문: 삼성전자 목표주가가 얼마야?",제공된 기사에는 목표주가가 없습니다. 자료에 없는 가격을 임의로 만들 수 없습니다.
"참고 뉴스:
제목: 코스닥, 2차전지·바이오 순환매로 급등
작성일: 2026-06-29
내용: 2026년 6월 29일 코스피는 외국인의 대규모 매도 속에 0.2% 하락했고, 코스닥은 2차전지와 바이오주 강세로 8.13% 상승했다. 장중 코스닥 매수 사이드카가 발동됐다.

질문: 긍정적인 내용 말고 위험 요인도 확인해줘",제공된 자료에서 확인되는 부담은 외국인 대규모 매도와 시장 변동성 확대
"참고 뉴스:
제목: 현대차, 2026년 2분기 매출 증가에도 영업이익 감소
작성일: 2026-07-23
내용: 현대차의 2026년 2분기 매출은 49조2150억원으로 전년 동기 대비 1.9% 증가했다. 영업이익은 2조8510억원으로 20.8% 감소했고, 글로벌 판매량은 6.9% 줄었다.

질문: 참고 뉴스의 핵심만 설명해줘",이 뉴스의 중심 내용은 현대차는 매출은 증가했지만 판매 감소와 비용 부담으로 영업이익이 줄었다.
"참고 뉴스:
제목: 삼성전자 DS부문, AI 메모리 수요로 실적 확대
작성일: 2026-07-30
내용: 삼성전자 DS부문은 2026년 2분기 매출 127조5천억원, 영업이익 89조2천억원을 기록했다. 메모리 사업은 AI 수요에 대응해 서버 제품 중심 판매를 확대했고, 업계 전반의 가격 상승도 실적에 기여했다.

질문: 이 뉴스는 언제 발표된 내용이야?",이 자료의 발표일은 2026-07-30입니다.
"참고 뉴스 1:
제목: 2026년 하반기 국내 증시, 반도체 쏠림에서 업종 확산 가능성
작성일: 2026-07-23
내용: 2026년 상반기 국내 증시는 반도체가 상승을 주도했지만 하반기에는 전력기기, 조선·방산, 바이오, 화장품, 금융 등으로 관심이 확산될 가능성이 제시됐다. 주요 변수로 AI 설비투자, 미국 금리, 기업 실적과 중국 메모리 업체의 추격이 언급됐다.

참고 뉴스 2:
제목: 7월 국내 증시, 소외 업종으로 자금 이동 가능성
작성일: 2026-07-01
내용: 7월에는 상반기 주도주였던 반도체에서 자동차, 2차전지, 바이오 등 상대적으로 소외됐던 업종으로 자금이 이동할 수 있다는 전망이 나왔다. 반도체 조정이 곧 업황 훼손을 의미하는 것은 아니라는 분석도 제시됐다.

질문: 어느 쪽이 더 좋다고 단정할 수 있는지 말해줘",두 뉴스는 기업과 상황이 달라 어느 쪽이 더 좋다고 단정하기 어렵습니다. 첫 번째는 하반기 국내 증시는 반도체 중심 장세에서 실적 개선 업종으로 관심이 분산될 가능성이 있다. 두 번째는 7월에는 반도체에서 자동차·2차전지·바이오로 포트폴리오가 이동할 가능성이 제기됐다.
"참고 뉴스:
제목: HD현대중공업, 2026년 2분기 영업이익 급증
작성일: 2026-07-29
내용: HD현대중공업은 2026년 2분기 영업이익 1조399억원을 기록해 전년 동기 대비 120.6% 증가했다고 발표했다.

질문: 앞으로 어느 가격까지 갈 수 있어?",목표주가 수치는 기사에서 확인되지 않습니다.
"참고 뉴스:
제목: 삼성바이오로직스, 스위스 폴리펩타이드 인수 추진
작성일: 2026-07-20
내용: 삼성바이오로직스는 스위스 의약품 위탁생산 기업 폴리펩타이드를 약 18억달러에 전액 현금으로 인수하는 공개매수를 추진했다. 회사는 펩타이드 치료제와 비만·당뇨 분야의 생산 역량 확대를 기대했다.

질문: 이 기사만 보고 삼성바이오로직스를 매수해도 돼?","이 기사 하나만으로 매수나 매도를 결정하기는 어렵습니다. 실적 추세, 밸류에이션, 수급과 추가 공시를 함께 확인해야 합니다."
"참고 뉴스:
제목: HD현대, 2026년 2분기 높은 영업이익 기록
작성일: 2026-07-31
내용: HD현대는 2026년 2분기 연결 매출 22조4094억원, 영업이익 4조1246억원을 기록했다. 영업이익률은 18.4%로 발표됐다.

질문: 참고 뉴스의 핵심만 설명해줘",이 뉴스의 중심 내용은 HD현대는 2분기에 높은 영업이익과 영업이익률을 기록했다.
"참고 뉴스:
제목: 현대차, 2026년 2분기 매출 증가에도 영업이익 감소
작성일: 2026-07-23
내용: 현대차의 2026년 2분기 매출은 49조2150억원으로 전년 동기 대비 1.9% 증가했다. 영업이익은 2조8510억원으로 20.8% 감소했고, 글로벌 판매량은 6.9% 줄었다.

질문: 현대차의 목표주가를 숫자로 말해줘",제공된 자료에는 적정 주가나 목표주가 정보가 포함되지 않았습니다.
"참고 뉴스:
제목: 삼성SDI, 7개 분기 만에 영업이익 흑자 전환
작성일: 2026-07-30
내용: 삼성SDI는 2026년 2분기 매출 3조7700억원, 영업이익 2038억원을 기록했다. 매출은 전년 동기 대비 18.5%, 전 분기 대비 5.4% 증가했고, 영업이익은 7개 분기 만에 흑자로 전환했다.

질문: 삼성SDI 실적이나 변화의 배경을 설명해줘",기사에서 제시한 배경은 매출 회복과 사업 수익성 개선이 흑자 전환으로 이어졌다.
"참고 뉴스:
제목: 현대차, 하반기 신차 출시로 회복 추진
작성일: 2026-07-23
내용: 현대차는 2분기 영업이익이 감소했지만 연간 전망은 유지했다. 회사는 하반기 투싼과 아반떼 등 주요 신차 출시를 통해 판매 회복을 추진할 계획이라고 밝혔다.

질문: 증권사 목표가격을 알려줘",이 뉴스만으로는 목표주가를 확인할 수 없습니다.
"참고 뉴스:
제목: 신한금융, 2026년 2분기 분기 최대 순이익
작성일: 2026-07-23
내용: 신한금융의 2026년 2분기 순이익은 1조8201억원으로 전 분기 대비 12.2% 증가했다. 상반기 순이익은 3조4427억원으로 전년 동기 대비 13.3% 늘었다.

질문: 이 기사에 나온 적정 주가가 얼마야?",기사에 증권사 목표가격이 제시되지 않아 답할 수 없습니다.
"참고 뉴스 1:
제목: 엔비디아, 네이버 AI 인프라 프로젝트에 투자 추진
작성일: 2026-07-27
내용: 엔비디아는 네이버의 대규모 AI 데이터센터 프로젝트에 약 10억달러를 투자할 계획이다. 네이버는 엔비디아를 대상으로 약 1조4810억원 규모의 신주를 발행하며, 거래 완료 후 엔비디아의 지분율은 약 4.5%가 될 예정이다.

참고 뉴스 2:
제목: 셀트리온, 2026년 2분기 분기 최대 매출
작성일: 2026-07-27
내용: 셀트리온은 2026년 2분기 매출 1조3937억원, 영업이익 4518억원을 기록했다. 매출은 전년 동기 대비 45%, 영업이익은 86.3% 증가했고, 고수익 신제품이 바이오의약품 매출의 65%를 차지했다.

질문: 두 뉴스의 핵심 내용을 비교해줘",첫 번째 뉴스는 네이버는 엔비디아 투자와 신주 발행을 통해 대규모 AI 인프라 구축을 추진한다. 두 번째 뉴스는 셀트리온은 신제품 성장과 원가 개선으로 매출과 영업이익이 크게 증가했다.
"참고 뉴스:
제목: 삼성바이오로직스, 스위스 폴리펩타이드 인수 추진
작성일: 2026-07-20
내용: 삼성바이오로직스는 스위스 의약품 위탁생산 기업 폴리펩타이드를 약 18억달러에 전액 현금으로 인수하는 공개매수를 추진했다. 회사는 펩타이드 치료제와 비만·당뇨 분야의 생산 역량 확대를 기대했다.

질문: 삼성바이오로직스 관련 핵심 숫자를 정리해줘",기사 기준 주요 지표는 인수 제안 규모 약 18억달러입니다.
"참고 뉴스:
제목: SK하이닉스, 2026년 2분기 사상 최대 실적
작성일: 2026-07-29
내용: SK하이닉스는 2026년 2분기 매출 79조3187억원, 영업이익 60조5426억원을 발표했다. AI 수요에 대응한 고부가가치 제품 판매가 실적을 이끌었고, 주요 고객과 장기·다년 계약을 확대했다고 설명했다.

질문: 이 기사에서 주의할 부분이 있어?","기사 기준 리스크는 기사에는 현재 주가나 목표주가, 구체적인 수요 둔화 전망은 포함되지 않았다."
"참고 뉴스 1:
제목: 삼성SDI, 미국 ESS용 각형 배터리 공급 계약
작성일: 2026-03-16
내용: 삼성SDI는 미국에서 1조5000억원 규모의 ESS용 각형 배터리 공급 계약을 수주했다고 발표했다.

참고 뉴스 2:
제목: 삼성전자, AI 인프라용 PM1763 SSD 양산 시작
작성일: 2026-07-08
내용: 삼성전자는 차세대 AI 인프라에 최적화한 PM1763 SSD의 양산을 시작했다고 발표했다.

질문: 두 뉴스의 핵심 내용을 비교해줘",첫 번째 뉴스는 삼성SDI는 미국 ESS 시장에서 대규모 각형 배터리 공급 계약을 확보했다. 두 번째 뉴스는 삼성전자는 AI 데이터센터 수요에 대응하기 위해 차세대 SSD 양산을 시작했다.
"참고 뉴스:
제목: 2026년 하반기 국내 증시, 반도체 쏠림에서 업종 확산 가능성
작성일: 2026-07-23
내용: 2026년 상반기 국내 증시는 반도체가 상승을 주도했지만 하반기에는 전력기기, 조선·방산, 바이오, 화장품, 금융 등으로 관심이 확산될 가능성이 제시됐다. 주요 변수로 AI 설비투자, 미국 금리, 기업 실적과 중국 메모리 업체의 추격이 언급됐다.

질문: 이 기사에서 가장 중요한 내용이 뭐야?",핵심은 하반기 국내 증시는 반도체 중심 장세에서 실적 개선 업종으로 관심이 분산될 가능성이 있다.
"참고 뉴스:
제목: HD현대중공업, 2026년 2분기 영업이익 급증
작성일: 2026-07-29
내용: HD현대중공업은 2026년 2분기 영업이익 1조399억원을 기록해 전년 동기 대비 120.6% 증가했다고 발표했다.

질문: HD현대중공업 뉴스 핵심을 한 문장으로 정리해줘",HD현대중공업은 조선 부문 수익성 개선으로 영업이익이 큰 폭으로 증가했다.
"참고 뉴스:
제목: 삼성바이오로직스, 2026년 2분기 실적 발표
작성일: 2026-07-23
내용: 삼성바이오로직스는 2026년 2분기 매출 1조3210억원, 영업이익 5860억원을 기록했다. 1공장부터 4공장까지 안정적인 생산 운영과 고객 프로젝트 수행이 실적에 반영됐다.

질문: 긍정적인 내용만 근거를 들어 정리해줘",제공된 뉴스 기준 성장 요인은 1~4공장의 안정적인 가동과 고객 프로젝트 수행입니다.
"참고 뉴스 1:
제목: 삼성전자, 2026년 2분기 실적 발표
작성일: 2026-07-30
내용: 삼성전자는 2026년 2분기 연결 매출 171조5천억원, 영업이익 89조5천억원을 기록했다. 매출과 영업이익 모두 분기 기준 최고치를 경신했으며, 전 분기 대비 매출은 28% 증가했다.

참고 뉴스 2:
제목: 현대차, 하반기 신차 출시로 회복 추진
작성일: 2026-07-23
내용: 현대차는 2분기 영업이익이 감소했지만 연간 전망은 유지했다. 회사는 하반기 투싼과 아반떼 등 주요 신차 출시를 통해 판매 회복을 추진할 계획이라고 밝혔다.

질문: 두 뉴스의 핵심 내용을 비교해줘",첫 번째 뉴스는 삼성전자는 2026년 2분기에 매출과 영업이익 모두 분기 최고치를 기록했다. 두 번째 뉴스는 현대차는 실적 부담에도 연간 전망을 유지하고 하반기 신차로 회복을 추진한다.
"참고 뉴스:
제목: 7월 국내 증시, 소외 업종으로 자금 이동 가능성
작성일: 2026-07-01
내용: 7월에는 상반기 주도주였던 반도체에서 자동차, 2차전지, 바이오 등 상대적으로 소외됐던 업종으로 자금이 이동할 수 있다는 전망이 나왔다. 반도체 조정이 곧 업황 훼손을 의미하는 것은 아니라는 분석도 제시됐다.

질문: 이 뉴스만으로 투자 결정을 내려도 될까?",기사만으로 특정 매수·매도 결론을 내릴 수 없습니다. 뉴스에 없는 정보까지 추측해서 판단하면 안 됩니다.
"참고 뉴스:
제목: SK하이닉스, 2026년 2분기 사상 최대 실적
작성일: 2026-07-29
내용: SK하이닉스는 2026년 2분기 매출 79조3187억원, 영업이익 60조5426억원을 발표했다. AI 수요에 대응한 고부가가치 제품 판매가 실적을 이끌었고, 주요 고객과 장기·다년 계약을 확대했다고 설명했다.

질문: 기사 작성일을 알려줘",기사 기준 날짜는 2026-07-29입니다.
"참고 뉴스:
제목: HD현대중공업, 2026년 2분기 영업이익 급증
작성일: 2026-07-29
내용: HD현대중공업은 2026년 2분기 영업이익 1조399억원을 기록해 전년 동기 대비 120.6% 증가했다고 발표했다.

질문: HD현대중공업의 현재 주가를 알려줘",제공된 기사에는 실시간 주가나 오늘 종가가 없습니다. 현재 시세는 별도의 실시간 데이터가 필요합니다.
"참고 뉴스:
제목: 2026년 하반기 국내 증시, 반도체 쏠림에서 업종 확산 가능성
작성일: 2026-07-23
내용: 2026년 상반기 국내 증시는 반도체가 상승을 주도했지만 하반기에는 전력기기, 조선·방산, 바이오, 화장품, 금융 등으로 관심이 확산될 가능성이 제시됐다. 주요 변수로 AI 설비투자, 미국 금리, 기업 실적과 중국 메모리 업체의 추격이 언급됐다.

질문: 이 뉴스의 발표 시점을 말해줘",발표 시점은 2026-07-23입니다.
"참고 뉴스:
제목: SK하이닉스, 2026년 2분기 사상 최대 실적
작성일: 2026-07-29
내용: SK하이닉스는 2026년 2분기 매출 79조3187억원, 영업이익 60조5426억원을 발표했다. AI 수요에 대응한 고부가가치 제품 판매가 실적을 이끌었고, 주요 고객과 장기·다년 계약을 확대했다고 설명했다.

질문: 리스크 중심으로 정리해줘","주의할 부분은 기사에는 현재 주가나 목표주가, 구체적인 수요 둔화 전망은 포함되지 않았다."
"참고 뉴스:
제목: 신한금융, 2026년 2분기 분기 최대 순이익
작성일: 2026-07-23
내용: 신한금융의 2026년 2분기 순이익은 1조8201억원으로 전 분기 대비 12.2% 증가했다. 상반기 순이익은 3조4427억원으로 전년 동기 대비 13.3% 늘었다.

질문: 왜 이런 흐름이 나타났어?",제공된 뉴스 기준으로는 이자이익과 비이자이익의 안정적인 증가가 실적에 기여했다.
"참고 뉴스:
제목: HD현대, 2026년 2분기 높은 영업이익 기록
작성일: 2026-07-31
내용: HD현대는 2026년 2분기 연결 매출 22조4094억원, 영업이익 4조1246억원을 기록했다. 영업이익률은 18.4%로 발표됐다.

질문: HD현대의 현재 주가를 알려줘",제공된 기사에는 실시간 주가나 오늘 종가가 없습니다. 현재 시세는 별도의 실시간 데이터가 필요합니다.
"참고 뉴스 1:
제목: 코스닥, 2차전지·바이오 순환매로 급등
작성일: 2026-06-29
내용: 2026년 6월 29일 코스피는 외국인의 대규모 매도 속에 0.2% 하락했고, 코스닥은 2차전지와 바이오주 강세로 8.13% 상승했다. 장중 코스닥 매수 사이드카가 발동됐다.

참고 뉴스 2:
제목: 삼성SDI, 미국 ESS용 각형 배터리 공급 계약
작성일: 2026-03-16
내용: 삼성SDI는 미국에서 1조5000억원 규모의 ESS용 각형 배터리 공급 계약을 수주했다고 발표했다.

질문: 두 뉴스의 핵심 내용을 비교해줘",첫 번째 뉴스는 외국인 매도로 코스피가 약세를 보인 반면 코스닥은 2차전지와 바이오 순환매로 급등했다. 두 번째 뉴스는 삼성SDI는 미국 ESS 시장에서 대규모 각형 배터리 공급 계약을 확보했다.
"참고 뉴스:
제목: 삼성전자 DS부문, AI 메모리 수요로 실적 확대
작성일: 2026-07-30
내용: 삼성전자 DS부문은 2026년 2분기 매출 127조5천억원, 영업이익 89조2천억원을 기록했다. 메모리 사업은 AI 수요에 대응해 서버 제품 중심 판매를 확대했고, 업계 전반의 가격 상승도 실적에 기여했다.

질문: 이 뉴스에 나온 수치가 뭐야?","제공된 자료에 나온 숫자는 DS부문 매출 127조5천억원, 영업이익 89조2천억원입니다."
"참고 뉴스:
제목: HD현대중공업, 2026년 2분기 영업이익 급증
작성일: 2026-07-29
내용: HD현대중공업은 2026년 2분기 영업이익 1조399억원을 기록해 전년 동기 대비 120.6% 증가했다고 발표했다.

질문: 증권사 목표가격을 알려줘",이 뉴스만으로는 목표주가를 확인할 수 없습니다.
"참고 뉴스:
제목: 2026년 하반기 국내 증시, 반도체 쏠림에서 업종 확산 가능성
작성일: 2026-07-23
내용: 2026년 상반기 국내 증시는 반도체가 상승을 주도했지만 하반기에는 전력기기, 조선·방산, 바이오, 화장품, 금융 등으로 관심이 확산될 가능성이 제시됐다. 주요 변수로 AI 설비투자, 미국 금리, 기업 실적과 중국 메모리 업체의 추격이 언급됐다.

질문: 이 기사만 보고 국내 증시를 매수해도 돼?","이 기사 하나만으로 매수나 매도를 결정하기는 어렵습니다. 실적 추세, 밸류에이션, 수급과 추가 공시를 함께 확인해야 합니다."
"참고 뉴스:
제목: SK하이닉스, 2026년 2분기 사상 최대 실적
작성일: 2026-07-29
내용: SK하이닉스는 2026년 2분기 매출 79조3187억원, 영업이익 60조5426억원을 발표했다. AI 수요에 대응한 고부가가치 제품 판매가 실적을 이끌었고, 주요 고객과 장기·다년 계약을 확대했다고 설명했다.

질문: 긍정적인 내용 말고 위험 요인도 확인해줘","제공된 자료에서 확인되는 부담은 기사에는 현재 주가나 목표주가, 구체적인 수요 둔화 전망은 포함되지 않았다."
"참고 뉴스:
제목: 한화에어로스페이스, 2026년 2분기 이익 증가
작성일: 2026-07-31
내용: 한화에어로스페이스는 2026년 2분기 순이익 1조800억원을 기록해 전년 동기 대비 277.5% 증가했다. 실적은 시장 예상치를 웃돌았다고 보도됐다.

질문: 실적 숫자만 정리해줘","정량 정보는 2분기 순이익 1조800억원, 전년 동기 대비 277.5% 증가입니다."
"참고 뉴스:
제목: 삼성SDI, 미국 ESS용 각형 배터리 공급 계약
작성일: 2026-03-16
내용: 삼성SDI는 미국에서 1조5000억원 규모의 ESS용 각형 배터리 공급 계약을 수주했다고 발표했다.

질문: 증권사 목표가격을 알려줘",이 뉴스만으로는 목표주가를 확인할 수 없습니다.
"참고 뉴스:
제목: 삼성전자, AI 인프라용 PM1763 SSD 양산 시작
작성일: 2026-07-08
내용: 삼성전자는 차세대 AI 인프라에 최적화한 PM1763 SSD의 양산을 시작했다고 발표했다.

질문: 실적 숫자만 정리해줘",정량 정보는 기사 목록에는 생산량과 매출 기여액이 제시되지 않았다.입니다.
"참고 뉴스:
제목: SK하이닉스, 2026년 2분기 사상 최대 실적
작성일: 2026-07-29
내용: SK하이닉스는 2026년 2분기 매출 79조3187억원, 영업이익 60조5426억원을 발표했다. AI 수요에 대응한 고부가가치 제품 판매가 실적을 이끌었고, 주요 고객과 장기·다년 계약을 확대했다고 설명했다.

질문: SK하이닉스의 기사 속 주요 수치를 알려줘","기사에서 확인되는 주요 수치는 매출 79조3187억원, 영업이익 60조5426억원입니다."
"참고 뉴스:
제목: 엔비디아, 네이버 AI 인프라 프로젝트에 투자 추진
작성일: 2026-07-27
내용: 엔비디아는 네이버의 대규모 AI 데이터센터 프로젝트에 약 10억달러를 투자할 계획이다. 네이버는 엔비디아를 대상으로 약 1조4810억원 규모의 신주를 발행하며, 거래 완료 후 엔비디아의 지분율은 약 4.5%가 될 예정이다.

질문: 긍정적인 내용 말고 위험 요인도 확인해줘",제공된 자료에서 확인되는 부담은 신주 발행에 따른 기존 주주 지분 희석 가능성과 대규모 투자 부담
"참고 뉴스:
제목: 삼성SDI, 7개 분기 만에 영업이익 흑자 전환
작성일: 2026-07-30
내용: 삼성SDI는 2026년 2분기 매출 3조7700억원, 영업이익 2038억원을 기록했다. 매출은 전년 동기 대비 18.5%, 전 분기 대비 5.4% 증가했고, 영업이익은 7개 분기 만에 흑자로 전환했다.

질문: 삼성SDI에 불리할 수 있는 내용을 알려줘",긍정 요인과 별개로 기사에는 향후 배터리 수요와 원재료 가격에 대한 구체적인 전망은 제시되지 않았다.
"참고 뉴스:
제목: 한화에어로스페이스, 2026년 2분기 이익 증가
작성일: 2026-07-31
내용: 한화에어로스페이스는 2026년 2분기 순이익 1조800억원을 기록해 전년 동기 대비 277.5% 증가했다. 실적은 시장 예상치를 웃돌았다고 보도됐다.

질문: 한화에어로스페이스의 기사 속 주요 수치를 알려줘","기사에서 확인되는 주요 수치는 2분기 순이익 1조800억원, 전년 동기 대비 277.5% 증가입니다."
"참고 뉴스:
제목: 2026년 하반기 국내 증시, 반도체 쏠림에서 업종 확산 가능성
작성일: 2026-07-23
내용: 2026년 상반기 국내 증시는 반도체가 상승을 주도했지만 하반기에는 전력기기, 조선·방산, 바이오, 화장품, 금융 등으로 관심이 확산될 가능성이 제시됐다. 주요 변수로 AI 설비투자, 미국 금리, 기업 실적과 중국 메모리 업체의 추격이 언급됐다.

질문: 긍정적인 내용 말고 위험 요인도 확인해줘","제공된 자료에서 확인되는 부담은 미국 금리, 기업 실적, 중국 메모리 업체의 추격과 반도체 기대 조정"
"참고 뉴스:
제목: 2026년 하반기 국내 증시, 반도체 쏠림에서 업종 확산 가능성
작성일: 2026-07-23
내용: 2026년 상반기 국내 증시는 반도체가 상승을 주도했지만 하반기에는 전력기기, 조선·방산, 바이오, 화장품, 금융 등으로 관심이 확산될 가능성이 제시됐다. 주요 변수로 AI 설비투자, 미국 금리, 기업 실적과 중국 메모리 업체의 추격이 언급됐다.

질문: 기사에서 제시한 원인이 무엇인지 알려줘",주된 원인은 상반기 반도체 쏠림 이후 상대적으로 덜 오른 업종으로 자금이 이동할 가능성이 제기됐다.
"참고 뉴스:
제목: 7월 국내 증시, 소외 업종으로 자금 이동 가능성
작성일: 2026-07-01
내용: 7월에는 상반기 주도주였던 반도체에서 자동차, 2차전지, 바이오 등 상대적으로 소외됐던 업종으로 자금이 이동할 수 있다는 전망이 나왔다. 반도체 조정이 곧 업황 훼손을 의미하는 것은 아니라는 분석도 제시됐다.

질문: 왜 이런 흐름이 나타났어?",제공된 뉴스 기준으로는 기관투자자의 하반기 포트폴리오 재구성과 상반기 수익 확정 수요가 배경으로 제시됐다.
"참고 뉴스:
제목: HD현대중공업, 2026년 2분기 영업이익 급증
작성일: 2026-07-29
내용: HD현대중공업은 2026년 2분기 영업이익 1조399억원을 기록해 전년 동기 대비 120.6% 증가했다고 발표했다.

질문: 왜 이런 흐름이 나타났어?",제공된 뉴스 기준으로는 고부가 선박 매출 확대와 조선 부문 수익성 개선이 영향을 줬다.
"참고 뉴스:
제목: 현대차, 2026년 2분기 매출 증가에도 영업이익 감소
작성일: 2026-07-23
내용: 현대차의 2026년 2분기 매출은 49조2150억원으로 전년 동기 대비 1.9% 증가했다. 영업이익은 2조8510억원으로 20.8% 감소했고, 글로벌 판매량은 6.9% 줄었다.

질문: 참고 뉴스에서 확인되는 내용만 말해줘","확인되는 사실은 현대차는 매출은 증가했지만 판매 감소와 비용 부담으로 영업이익이 줄었다. 주요 수치는 매출 49조2150억원, 영업이익 2조8510억원, 글로벌 판매 6.9% 감소입니다. 기사에 없는 목표주가나 현재 시세는 확인할 수 없습니다."
"참고 뉴스:
제목: SK하이닉스, 2026년 2분기 사상 최대 실적
작성일: 2026-07-29
내용: SK하이닉스는 2026년 2분기 매출 79조3187억원, 영업이익 60조5426억원을 발표했다. AI 수요에 대응한 고부가가치 제품 판매가 실적을 이끌었고, 주요 고객과 장기·다년 계약을 확대했다고 설명했다.

질문: SK하이닉스 관련 내용을 짧게 요약해줘",제공된 기사 기준으로는 SK하이닉스는 AI 수요와 고부가가치 메모리 판매를 바탕으로 분기 최고 실적을 기록했다.
"참고 뉴스:
제목: 삼성바이오로직스, 스위스 폴리펩타이드 인수 추진
작성일: 2026-07-20
내용: 삼성바이오로직스는 스위스 의약품 위탁생산 기업 폴리펩타이드를 약 18억달러에 전액 현금으로 인수하는 공개매수를 추진했다. 회사는 펩타이드 치료제와 비만·당뇨 분야의 생산 역량 확대를 기대했다.

질문: 삼성바이오로직스 실적이나 변화의 배경을 설명해줘",기사에서 제시한 배경은 성장하는 펩타이드 기반 비만·당뇨 치료제 시장의 생산 역량을 확보하기 위해서다.
"참고 뉴스:
제목: 삼성전자 DS부문, AI 메모리 수요로 실적 확대
작성일: 2026-07-30
내용: 삼성전자 DS부문은 2026년 2분기 매출 127조5천억원, 영업이익 89조2천억원을 기록했다. 메모리 사업은 AI 수요에 대응해 서버 제품 중심 판매를 확대했고, 업계 전반의 가격 상승도 실적에 기여했다.

질문: 삼성전자 관련 내용을 짧게 요약해줘",제공된 기사 기준으로는 삼성전자 반도체 부문은 AI 서버용 메모리 수요와 가격 상승의 영향을 받았다.
"참고 뉴스:
제목: 삼성SDI, 7개 분기 만에 영업이익 흑자 전환
작성일: 2026-07-30
내용: 삼성SDI는 2026년 2분기 매출 3조7700억원, 영업이익 2038억원을 기록했다. 매출은 전년 동기 대비 18.5%, 전 분기 대비 5.4% 증가했고, 영업이익은 7개 분기 만에 흑자로 전환했다.

질문: 삼성SDI에 유리한 내용이 있어?",호재로 해석할 수 있는 내용은 7개 분기 만의 영업이익 흑자 전환과 매출 증가입니다.
"참고 뉴스 1:
제목: 신한금융, 2026년 2분기 분기 최대 순이익
작성일: 2026-07-23
내용: 신한금융의 2026년 2분기 순이익은 1조8201억원으로 전 분기 대비 12.2% 증가했다. 상반기 순이익은 3조4427억원으로 전년 동기 대비 13.3% 늘었다.

참고 뉴스 2:
제목: 7월 국내 증시, 소외 업종으로 자금 이동 가능성
작성일: 2026-07-01
내용: 7월에는 상반기 주도주였던 반도체에서 자동차, 2차전지, 바이오 등 상대적으로 소외됐던 업종으로 자금이 이동할 수 있다는 전망이 나왔다. 반도체 조정이 곧 업황 훼손을 의미하는 것은 아니라는 분석도 제시됐다.

질문: 두 뉴스의 핵심 내용을 비교해줘",첫 번째 뉴스는 신한금융은 2분기와 상반기 순이익이 모두 증가하며 높은 실적을 기록했다. 두 번째 뉴스는 7월에는 반도체에서 자동차·2차전지·바이오로 포트폴리오가 이동할 가능성이 제기됐다.
"참고 뉴스:
제목: 삼성전자, AI 인프라용 PM1763 SSD 양산 시작
작성일: 2026-07-08
내용: 삼성전자는 차세대 AI 인프라에 최적화한 PM1763 SSD의 양산을 시작했다고 발표했다.

질문: 삼성전자의 현재 주가를 알려줘",제공된 기사에는 실시간 주가나 오늘 종가가 없습니다. 현재 시세는 별도의 실시간 데이터가 필요합니다.
"참고 뉴스:
제목: HD현대중공업, 2026년 2분기 영업이익 급증
작성일: 2026-07-29
내용: HD현대중공업은 2026년 2분기 영업이익 1조399억원을 기록해 전년 동기 대비 120.6% 증가했다고 발표했다.

질문: 이 뉴스만으로 투자 결정을 내려도 될까?",기사만으로 특정 매수·매도 결론을 내릴 수 없습니다. 뉴스에 없는 정보까지 추측해서 판단하면 안 됩니다.
"참고 뉴스:
제목: 2026년 하반기 국내 증시, 반도체 쏠림에서 업종 확산 가능성
작성일: 2026-07-23
내용: 2026년 상반기 국내 증시는 반도체가 상승을 주도했지만 하반기에는 전력기기, 조선·방산, 바이오, 화장품, 금융 등으로 관심이 확산될 가능성이 제시됐다. 주요 변수로 AI 설비투자, 미국 금리, 기업 실적과 중국 메모리 업체의 추격이 언급됐다.

질문: 이 기사에 나온 적정 주가가 얼마야?",기사에 증권사 목표가격이 제시되지 않아 답할 수 없습니다.
"참고 뉴스:
제목: 7월 국내 증시, 소외 업종으로 자금 이동 가능성
작성일: 2026-07-01
내용: 7월에는 상반기 주도주였던 반도체에서 자동차, 2차전지, 바이오 등 상대적으로 소외됐던 업종으로 자금이 이동할 수 있다는 전망이 나왔다. 반도체 조정이 곧 업황 훼손을 의미하는 것은 아니라는 분석도 제시됐다.

질문: 기사 작성일을 알려줘",기사 기준 날짜는 2026-07-01입니다.
"참고 뉴스:
제목: 한화에어로스페이스, 2026년 2분기 이익 증가
작성일: 2026-07-31
내용: 한화에어로스페이스는 2026년 2분기 순이익 1조800억원을 기록해 전년 동기 대비 277.5% 증가했다. 실적은 시장 예상치를 웃돌았다고 보도됐다.

질문: 지금 주식 가격이 얼마야?",이 자료만으로 현재 주가와 등락률을 확인할 수 없습니다.
"참고 뉴스:
제목: 7월 국내 증시, 소외 업종으로 자금 이동 가능성
작성일: 2026-07-01
내용: 7월에는 상반기 주도주였던 반도체에서 자동차, 2차전지, 바이오 등 상대적으로 소외됐던 업종으로 자금이 이동할 수 있다는 전망이 나왔다. 반도체 조정이 곧 업황 훼손을 의미하는 것은 아니라는 분석도 제시됐다.

질문: 제공된 자료 범위 안에서만 답해줘",확실히 확인되는 사실은 7월에는 반도체에서 자동차·2차전지·바이오로 포트폴리오가 이동할 가능성이 제기됐다. 다만 기사에 없는 투자 의견이나 가격 정보는 추측할 수 없습니다.
"참고 뉴스:
제목: SK하이닉스, 2026년 2분기 사상 최대 실적
작성일: 2026-07-29
내용: SK하이닉스는 2026년 2분기 매출 79조3187억원, 영업이익 60조5426억원을 발표했다. AI 수요에 대응한 고부가가치 제품 판매가 실적을 이끌었고, 주요 고객과 장기·다년 계약을 확대했다고 설명했다.

질문: 확실히 확인되는 사실과 확인되지 않는 내용을 나눠줘",제공된 뉴스 기준 핵심은 SK하이닉스는 AI 수요와 고부가가치 메모리 판매를 바탕으로 분기 최고 실적을 기록했다. 그 밖의 실시간 주가나 목표가격은 확인되지 않습니다.
"참고 뉴스:
제목: SK하이닉스, 2026년 2분기 사상 최대 실적
작성일: 2026-07-29
내용: SK하이닉스는 2026년 2분기 매출 79조3187억원, 영업이익 60조5426억원을 발표했다. AI 수요에 대응한 고부가가치 제품 판매가 실적을 이끌었고, 주요 고객과 장기·다년 계약을 확대했다고 설명했다.

질문: 뉴스에 나온 근거를 바탕으로 배경을 정리해줘",이 흐름의 배경은 강한 AI 메모리 수요와 고부가가치 제품 비중 확대가 실적을 견인했다.
"참고 뉴스 1:
제목: 현대차, 2026년 2분기 매출 증가에도 영업이익 감소
작성일: 2026-07-23
내용: 현대차의 2026년 2분기 매출은 49조2150억원으로 전년 동기 대비 1.9% 증가했다. 영업이익은 2조8510억원으로 20.8% 감소했고, 글로벌 판매량은 6.9% 줄었다.

참고 뉴스 2:
제목: KB금융, 2026년 상반기 순이익 증가
작성일: 2026-07-23
내용: KB금융은 2026년 상반기 실적 발표 자료를 공개했다. 외부 보도에 따르면 상반기 순이익은 3조8846억원으로 전년 동기 대비 13.1% 증가했다.

질문: 두 기사에서 확인되는 긍정 요인을 비교해줘","첫 번째 뉴스의 긍정 요인은 매출이 전년 동기 대비 1.9% 증가한 점이고, 두 번째 뉴스의 긍정 요인은 상반기 순이익 증가입니다."
"참고 뉴스:
제목: 삼성바이오로직스, 스위스 폴리펩타이드 인수 추진
작성일: 2026-07-20
내용: 삼성바이오로직스는 스위스 의약품 위탁생산 기업 폴리펩타이드를 약 18억달러에 전액 현금으로 인수하는 공개매수를 추진했다. 회사는 펩타이드 치료제와 비만·당뇨 분야의 생산 역량 확대를 기대했다.

질문: 뉴스에 나온 근거를 바탕으로 배경을 정리해줘",이 흐름의 배경은 성장하는 펩타이드 기반 비만·당뇨 치료제 시장의 생산 역량을 확보하기 위해서다.
"참고 뉴스:
제목: 한화에어로스페이스, 2026년 2분기 이익 증가
작성일: 2026-07-31
내용: 한화에어로스페이스는 2026년 2분기 순이익 1조800억원을 기록해 전년 동기 대비 277.5% 증가했다. 실적은 시장 예상치를 웃돌았다고 보도됐다.

질문: 뉴스 근거를 들어 설명해줘",기사 근거만 사용하면 한화에어로스페이스는 2분기 순이익이 크게 증가하며 시장 기대를 웃돌았다. 추가적인 주가 전망은 이 자료만으로 단정할 수 없습니다.
"참고 뉴스:
제목: 한화에어로스페이스, 2026년 2분기 이익 증가
작성일: 2026-07-31
내용: 한화에어로스페이스는 2026년 2분기 순이익 1조800억원을 기록해 전년 동기 대비 277.5% 증가했다. 실적은 시장 예상치를 웃돌았다고 보도됐다.

질문: 뉴스에서 확인되는 성장 요인을 알려줘",확인되는 긍정 요인은 순이익의 큰 폭 증가와 시장 예상 상회입니다.
"참고 뉴스:
제목: 삼성전자 DS부문, AI 메모리 수요로 실적 확대
작성일: 2026-07-30
내용: 삼성전자 DS부문은 2026년 2분기 매출 127조5천억원, 영업이익 89조2천억원을 기록했다. 메모리 사업은 AI 수요에 대응해 서버 제품 중심 판매를 확대했고, 업계 전반의 가격 상승도 실적에 기여했다.

질문: 삼성전자 뉴스 핵심을 한 문장으로 정리해줘",삼성전자 반도체 부문은 AI 서버용 메모리 수요와 가격 상승의 영향을 받았다.
"참고 뉴스:
제목: 7월 국내 증시, 소외 업종으로 자금 이동 가능성
작성일: 2026-07-01
내용: 7월에는 상반기 주도주였던 반도체에서 자동차, 2차전지, 바이오 등 상대적으로 소외됐던 업종으로 자금이 이동할 수 있다는 전망이 나왔다. 반도체 조정이 곧 업황 훼손을 의미하는 것은 아니라는 분석도 제시됐다.

질문: 지금 주식 가격이 얼마야?",이 자료만으로 현재 주가와 등락률을 확인할 수 없습니다.
"참고 뉴스:
제목: HD현대, 2026년 2분기 높은 영업이익 기록
작성일: 2026-07-31
내용: HD현대는 2026년 2분기 연결 매출 22조4094억원, 영업이익 4조1246억원을 기록했다. 영업이익률은 18.4%로 발표됐다.

질문: 기사 작성일을 알려줘",기사 기준 날짜는 2026-07-31입니다.
"참고 뉴스:
제목: HD현대중공업, 2026년 2분기 영업이익 급증
작성일: 2026-07-29
내용: HD현대중공업은 2026년 2분기 영업이익 1조399억원을 기록해 전년 동기 대비 120.6% 증가했다고 발표했다.

질문: 확실히 확인되는 사실과 확인되지 않는 내용을 나눠줘",제공된 뉴스 기준 핵심은 HD현대중공업은 조선 부문 수익성 개선으로 영업이익이 큰 폭으로 증가했다. 그 밖의 실시간 주가나 목표가격은 확인되지 않습니다.
"참고 뉴스:
제목: 2026년 하반기 국내 증시, 반도체 쏠림에서 업종 확산 가능성
작성일: 2026-07-23
내용: 2026년 상반기 국내 증시는 반도체가 상승을 주도했지만 하반기에는 전력기기, 조선·방산, 바이오, 화장품, 금융 등으로 관심이 확산될 가능성이 제시됐다. 주요 변수로 AI 설비투자, 미국 금리, 기업 실적과 중국 메모리 업체의 추격이 언급됐다.

질문: 매수와 매도 중 어느 쪽이 맞아?",이 자료만으로 투자 결정을 권하기 어렵습니다. 회사 실적과 시장 환경을 함께 검토해야 합니다.
"참고 뉴스:
제목: 엔비디아, 네이버 AI 인프라 프로젝트에 투자 추진
작성일: 2026-07-27
내용: 엔비디아는 네이버의 대규모 AI 데이터센터 프로젝트에 약 10억달러를 투자할 계획이다. 네이버는 엔비디아를 대상으로 약 1조4810억원 규모의 신주를 발행하며, 거래 완료 후 엔비디아의 지분율은 약 4.5%가 될 예정이다.

질문: 참고 뉴스의 핵심만 설명해줘",이 뉴스의 중심 내용은 네이버는 엔비디아 투자와 신주 발행을 통해 대규모 AI 인프라 구축을 추진한다.
"참고 뉴스 1:
제목: 삼성바이오로직스, 2026년 2분기 실적 발표
작성일: 2026-07-23
내용: 삼성바이오로직스는 2026년 2분기 매출 1조3210억원, 영업이익 5860억원을 기록했다. 1공장부터 4공장까지 안정적인 생산 운영과 고객 프로젝트 수행이 실적에 반영됐다.

참고 뉴스 2:
제목: 2026년 하반기 국내 증시, 반도체 쏠림에서 업종 확산 가능성
작성일: 2026-07-23
내용: 2026년 상반기 국내 증시는 반도체가 상승을 주도했지만 하반기에는 전력기기, 조선·방산, 바이오, 화장품, 금융 등으로 관심이 확산될 가능성이 제시됐다. 주요 변수로 AI 설비투자, 미국 금리, 기업 실적과 중국 메모리 업체의 추격이 언급됐다.

질문: 두 기사에서 확인되는 긍정 요인을 비교해줘","첫 번째 뉴스의 긍정 요인은 1~4공장의 안정적인 가동과 고객 프로젝트 수행이고, 두 번째 뉴스의 긍정 요인은 AI 설비투자 확대가 전력기기·조선·방산 등 국내 공급망에 기회가 될 수 있다.입니다."
"참고 뉴스:
제목: SK하이닉스, 2026년 2분기 사상 최대 실적
작성일: 2026-07-29
내용: SK하이닉스는 2026년 2분기 매출 79조3187억원, 영업이익 60조5426억원을 발표했다. AI 수요에 대응한 고부가가치 제품 판매가 실적을 이끌었고, 주요 고객과 장기·다년 계약을 확대했다고 설명했다.

질문: 오늘 종가를 확인해줘",기사에는 오늘의 시세 정보가 포함되지 않았습니다.
"참고 뉴스:
제목: 신한금융, 2026년 2분기 분기 최대 순이익
작성일: 2026-07-23
내용: 신한금융의 2026년 2분기 순이익은 1조8201억원으로 전 분기 대비 12.2% 증가했다. 상반기 순이익은 3조4427억원으로 전년 동기 대비 13.3% 늘었다.

질문: 이런 결과가 나온 이유가 뭐야?",이자이익과 비이자이익의 안정적인 증가가 실적에 기여했다.
"참고 뉴스:
제목: 삼성전자, AI 인프라용 PM1763 SSD 양산 시작
작성일: 2026-07-08
내용: 삼성전자는 차세대 AI 인프라에 최적화한 PM1763 SSD의 양산을 시작했다고 발표했다.

질문: 이 기사에서 호재로 볼 수 있는 부분을 말해줘",기사에서 긍정적으로 볼 수 있는 부분은 AI 인프라용 고성능 저장장치 제품군 확대입니다.
"참고 뉴스:
제목: 한화에어로스페이스, 2026년 2분기 이익 증가
작성일: 2026-07-31
내용: 한화에어로스페이스는 2026년 2분기 순이익 1조800억원을 기록해 전년 동기 대비 277.5% 증가했다. 실적은 시장 예상치를 웃돌았다고 보도됐다.

질문: 참고 뉴스의 핵심만 설명해줘",이 뉴스의 중심 내용은 한화에어로스페이스는 2분기 순이익이 크게 증가하며 시장 기대를 웃돌았다.
"참고 뉴스:
제목: 엔비디아, 네이버 AI 인프라 프로젝트에 투자 추진
작성일: 2026-07-27
내용: 엔비디아는 네이버의 대규모 AI 데이터센터 프로젝트에 약 10억달러를 투자할 계획이다. 네이버는 엔비디아를 대상으로 약 1조4810억원 규모의 신주를 발행하며, 거래 완료 후 엔비디아의 지분율은 약 4.5%가 될 예정이다.

질문: 확실히 확인되는 사실과 확인되지 않는 내용을 나눠줘",제공된 뉴스 기준 핵심은 네이버는 엔비디아 투자와 신주 발행을 통해 대규모 AI 인프라 구축을 추진한다. 그 밖의 실시간 주가나 목표가격은 확인되지 않습니다.
"참고 뉴스 1:
제목: 현대차, 하반기 신차 출시로 회복 추진
작성일: 2026-07-23
내용: 현대차는 2분기 영업이익이 감소했지만 연간 전망은 유지했다. 회사는 하반기 투싼과 아반떼 등 주요 신차 출시를 통해 판매 회복을 추진할 계획이라고 밝혔다.

참고 뉴스 2:
제목: 삼성바이오로직스, 스위스 폴리펩타이드 인수 추진
작성일: 2026-07-20
내용: 삼성바이오로직스는 스위스 의약품 위탁생산 기업 폴리펩타이드를 약 18억달러에 전액 현금으로 인수하는 공개매수를 추진했다. 회사는 펩타이드 치료제와 비만·당뇨 분야의 생산 역량 확대를 기대했다.

질문: 두 뉴스의 위험 요인을 나눠서 설명해줘","첫 번째 뉴스의 부담 요인은 약한 자동차 수요, 공급 차질, 원재료비 상승과 경쟁 심화 두 번째 뉴스의 부담 요인은 대규모 현금 인수에 따른 자금 부담과 인수 후 통합 위험"
"참고 뉴스:
제목: 삼성전자, AI 인프라용 PM1763 SSD 양산 시작
작성일: 2026-07-08
내용: 삼성전자는 차세대 AI 인프라에 최적화한 PM1763 SSD의 양산을 시작했다고 발표했다.

질문: 삼성전자 뉴스 핵심을 한 문장으로 정리해줘",삼성전자는 AI 데이터센터 수요에 대응하기 위해 차세대 SSD 양산을 시작했다.
"참고 뉴스:
제목: 한화에어로스페이스, 2026년 2분기 이익 증가
작성일: 2026-07-31
내용: 한화에어로스페이스는 2026년 2분기 순이익 1조800억원을 기록해 전년 동기 대비 277.5% 증가했다. 실적은 시장 예상치를 웃돌았다고 보도됐다.

질문: 이 기사만 보고 투자 판단을 해줘",매수 여부는 이 뉴스만으로 판단할 수 없습니다. 목표 수익과 손실 가능성까지 별도로 검토해야 합니다.
"참고 뉴스:
제목: 2026년 하반기 국내 증시, 반도체 쏠림에서 업종 확산 가능성
작성일: 2026-07-23
내용: 2026년 상반기 국내 증시는 반도체가 상승을 주도했지만 하반기에는 전력기기, 조선·방산, 바이오, 화장품, 금융 등으로 관심이 확산될 가능성이 제시됐다. 주요 변수로 AI 설비투자, 미국 금리, 기업 실적과 중국 메모리 업체의 추격이 언급됐다.

질문: 뉴스에 나온 근거를 바탕으로 배경을 정리해줘",이 흐름의 배경은 상반기 반도체 쏠림 이후 상대적으로 덜 오른 업종으로 자금이 이동할 가능성이 제기됐다.
"참고 뉴스:
제목: 7월 국내 증시, 소외 업종으로 자금 이동 가능성
작성일: 2026-07-01
내용: 7월에는 상반기 주도주였던 반도체에서 자동차, 2차전지, 바이오 등 상대적으로 소외됐던 업종으로 자금이 이동할 수 있다는 전망이 나왔다. 반도체 조정이 곧 업황 훼손을 의미하는 것은 아니라는 분석도 제시됐다.

질문: 국내 증시 관련 내용을 짧게 요약해줘",제공된 기사 기준으로는 7월에는 반도체에서 자동차·2차전지·바이오로 포트폴리오가 이동할 가능성이 제기됐다.
"참고 뉴스:
제목: 삼성바이오로직스, 2026년 2분기 실적 발표
작성일: 2026-07-23
내용: 삼성바이오로직스는 2026년 2분기 매출 1조3210억원, 영업이익 5860억원을 기록했다. 1공장부터 4공장까지 안정적인 생산 운영과 고객 프로젝트 수행이 실적에 반영됐다.

질문: 삼성바이오로직스의 기사 속 주요 수치를 알려줘","기사에서 확인되는 주요 수치는 매출 1조3210억원, 영업이익 5860억원입니다."
"참고 뉴스:
제목: 2026년 하반기 국내 증시, 반도체 쏠림에서 업종 확산 가능성
작성일: 2026-07-23
내용: 2026년 상반기 국내 증시는 반도체가 상승을 주도했지만 하반기에는 전력기기, 조선·방산, 바이오, 화장품, 금융 등으로 관심이 확산될 가능성이 제시됐다. 주요 변수로 AI 설비투자, 미국 금리, 기업 실적과 중국 메모리 업체의 추격이 언급됐다.

질문: 이 자료의 기준 날짜가 언제야?",2026-07-23에 나온 내용입니다.
"참고 뉴스:
제목: 7월 국내 증시, 소외 업종으로 자금 이동 가능성
작성일: 2026-07-01
내용: 7월에는 상반기 주도주였던 반도체에서 자동차, 2차전지, 바이오 등 상대적으로 소외됐던 업종으로 자금이 이동할 수 있다는 전망이 나왔다. 반도체 조정이 곧 업황 훼손을 의미하는 것은 아니라는 분석도 제시됐다.

질문: 이런 결과가 나온 이유가 뭐야?",기관투자자의 하반기 포트폴리오 재구성과 상반기 수익 확정 수요가 배경으로 제시됐다.
"참고 뉴스:
제목: 2026년 하반기 국내 증시, 반도체 쏠림에서 업종 확산 가능성
작성일: 2026-07-23
내용: 2026년 상반기 국내 증시는 반도체가 상승을 주도했지만 하반기에는 전력기기, 조선·방산, 바이오, 화장품, 금융 등으로 관심이 확산될 가능성이 제시됐다. 주요 변수로 AI 설비투자, 미국 금리, 기업 실적과 중국 메모리 업체의 추격이 언급됐다.

질문: 이 기사에서 주의할 부분이 있어?","기사 기준 리스크는 미국 금리, 기업 실적, 중국 메모리 업체의 추격과 반도체 기대 조정"
"참고 뉴스:
제목: 코스닥, 2차전지·바이오 순환매로 급등
작성일: 2026-06-29
내용: 2026년 6월 29일 코스피는 외국인의 대규모 매도 속에 0.2% 하락했고, 코스닥은 2차전지와 바이오주 강세로 8.13% 상승했다. 장중 코스닥 매수 사이드카가 발동됐다.

질문: 리스크 중심으로 정리해줘",주의할 부분은 외국인 대규모 매도와 시장 변동성 확대
"참고 뉴스:
제목: 삼성바이오로직스, 2026년 2분기 실적 발표
작성일: 2026-07-23
내용: 삼성바이오로직스는 2026년 2분기 매출 1조3210억원, 영업이익 5860억원을 기록했다. 1공장부터 4공장까지 안정적인 생산 운영과 고객 프로젝트 수행이 실적에 반영됐다.

질문: 이 기사에 나온 적정 주가가 얼마야?",기사에 증권사 목표가격이 제시되지 않아 답할 수 없습니다.
"참고 뉴스:
제목: HD현대중공업, 2026년 2분기 영업이익 급증
작성일: 2026-07-29
내용: HD현대중공업은 2026년 2분기 영업이익 1조399억원을 기록해 전년 동기 대비 120.6% 증가했다고 발표했다.

질문: 기사에서 확인되는 정량 정보만 말해줘","핵심 수치만 정리하면 영업이익 1조399억원, 전년 동기 대비 120.6% 증가입니다."
"참고 뉴스 1:
제목: 현대차, 2026년 2분기 매출 증가에도 영업이익 감소
작성일: 2026-07-23
내용: 현대차의 2026년 2분기 매출은 49조2150억원으로 전년 동기 대비 1.9% 증가했다. 영업이익은 2조8510억원으로 20.8% 감소했고, 글로벌 판매량은 6.9% 줄었다.

참고 뉴스 2:
제목: 삼성전자, AI 인프라용 PM1763 SSD 양산 시작
작성일: 2026-07-08
내용: 삼성전자는 차세대 AI 인프라에 최적화한 PM1763 SSD의 양산을 시작했다고 발표했다.

질문: 어느 쪽이 더 좋다고 단정할 수 있는지 말해줘",두 뉴스는 기업과 상황이 달라 어느 쪽이 더 좋다고 단정하기 어렵습니다. 첫 번째는 현대차는 매출은 증가했지만 판매 감소와 비용 부담으로 영업이익이 줄었다. 두 번째는 삼성전자는 AI 데이터센터 수요에 대응하기 위해 차세대 SSD 양산을 시작했다.
"참고 뉴스:
제목: 삼성SDI, 미국 ESS용 각형 배터리 공급 계약
작성일: 2026-03-16
내용: 삼성SDI는 미국에서 1조5000억원 규모의 ESS용 각형 배터리 공급 계약을 수주했다고 발표했다.

질문: 기사 작성일을 알려줘",기사 기준 날짜는 2026-03-16입니다.
"참고 뉴스:
제목: 현대차, 2026년 2분기 매출 증가에도 영업이익 감소
작성일: 2026-07-23
내용: 현대차의 2026년 2분기 매출은 49조2150억원으로 전년 동기 대비 1.9% 증가했다. 영업이익은 2조8510억원으로 20.8% 감소했고, 글로벌 판매량은 6.9% 줄었다.

질문: 이 뉴스는 언제 발표된 내용이야?",이 자료의 발표일은 2026-07-23입니다.
"참고 뉴스:
제목: 현대차, 하반기 신차 출시로 회복 추진
작성일: 2026-07-23
내용: 현대차는 2분기 영업이익이 감소했지만 연간 전망은 유지했다. 회사는 하반기 투싼과 아반떼 등 주요 신차 출시를 통해 판매 회복을 추진할 계획이라고 밝혔다.

질문: 참고 뉴스에서 확인되는 내용만 말해줘",확인되는 사실은 현대차는 실적 부담에도 연간 전망을 유지하고 하반기 신차로 회복을 추진한다. 주요 수치는 기사에는 구체적인 하반기 판매 목표 수치가 제시되지 않았다.입니다. 기사에 없는 목표주가나 현재 시세는 확인할 수 없습니다.
"참고 뉴스:
제목: 2026년 하반기 국내 증시, 반도체 쏠림에서 업종 확산 가능성
작성일: 2026-07-23
내용: 2026년 상반기 국내 증시는 반도체가 상승을 주도했지만 하반기에는 전력기기, 조선·방산, 바이오, 화장품, 금융 등으로 관심이 확산될 가능성이 제시됐다. 주요 변수로 AI 설비투자, 미국 금리, 기업 실적과 중국 메모리 업체의 추격이 언급됐다.

질문: 국내 증시의 긍정 요인은 뭐야?",긍정 요인은 AI 설비투자 확대가 전력기기·조선·방산 등 국내 공급망에 기회가 될 수 있다.입니다.
"참고 뉴스 1:
제목: 현대차, 하반기 신차 출시로 회복 추진
작성일: 2026-07-23
내용: 현대차는 2분기 영업이익이 감소했지만 연간 전망은 유지했다. 회사는 하반기 투싼과 아반떼 등 주요 신차 출시를 통해 판매 회복을 추진할 계획이라고 밝혔다.

참고 뉴스 2:
제목: 신한금융, 2026년 2분기 분기 최대 순이익
작성일: 2026-07-23
내용: 신한금융의 2026년 2분기 순이익은 1조8201억원으로 전 분기 대비 12.2% 증가했다. 상반기 순이익은 3조4427억원으로 전년 동기 대비 13.3% 늘었다.

질문: 두 기사에서 확인되는 긍정 요인을 비교해줘","첫 번째 뉴스의 긍정 요인은 연간 전망을 유지하고 주요 신차 출시를 준비하는 점이고, 두 번째 뉴스의 긍정 요인은 분기 최대 순이익과 상반기 이익 증가입니다."
"참고 뉴스:
제목: 삼성전자, AI 인프라용 PM1763 SSD 양산 시작
작성일: 2026-07-08
내용: 삼성전자는 차세대 AI 인프라에 최적화한 PM1763 SSD의 양산을 시작했다고 발표했다.

질문: 이 기사에 나온 적정 주가가 얼마야?",기사에 증권사 목표가격이 제시되지 않아 답할 수 없습니다.
"참고 뉴스:
제목: HD현대중공업, 2026년 2분기 영업이익 급증
작성일: 2026-07-29
내용: HD현대중공업은 2026년 2분기 영업이익 1조399억원을 기록해 전년 동기 대비 120.6% 증가했다고 발표했다.

질문: 이 기사만 보고 투자 판단을 해줘",매수 여부는 이 뉴스만으로 판단할 수 없습니다. 목표 수익과 손실 가능성까지 별도로 검토해야 합니다.
"참고 뉴스 1:
제목: KB금융, 2026년 상반기 순이익 증가
작성일: 2026-07-23
내용: KB금융은 2026년 상반기 실적 발표 자료를 공개했다. 외부 보도에 따르면 상반기 순이익은 3조8846억원으로 전년 동기 대비 13.1% 증가했다.

참고 뉴스 2:
제목: HD현대중공업, 2026년 2분기 영업이익 급증
작성일: 2026-07-29
내용: HD현대중공업은 2026년 2분기 영업이익 1조399억원을 기록해 전년 동기 대비 120.6% 증가했다고 발표했다.

질문: 어느 쪽이 더 좋다고 단정할 수 있는지 말해줘",두 뉴스는 기업과 상황이 달라 어느 쪽이 더 좋다고 단정하기 어렵습니다. 첫 번째는 KB금융은 2026년 상반기 순이익이 전년 동기보다 증가했다. 두 번째는 HD현대중공업은 조선 부문 수익성 개선으로 영업이익이 큰 폭으로 증가했다.
"참고 뉴스:
제목: 신한금융, 2026년 2분기 분기 최대 순이익
작성일: 2026-07-23
내용: 신한금융의 2026년 2분기 순이익은 1조8201억원으로 전 분기 대비 12.2% 증가했다. 상반기 순이익은 3조4427억원으로 전년 동기 대비 13.3% 늘었다.

질문: 앞으로 어느 가격까지 갈 수 있어?",목표주가 수치는 기사에서 확인되지 않습니다.
"참고 뉴스:
제목: 현대차, 2026년 2분기 매출 증가에도 영업이익 감소
작성일: 2026-07-23
내용: 현대차의 2026년 2분기 매출은 49조2150억원으로 전년 동기 대비 1.9% 증가했다. 영업이익은 2조8510억원으로 20.8% 감소했고, 글로벌 판매량은 6.9% 줄었다.

질문: 이 뉴스에서 확인되는 사실을 요약해줘",기사에서 확인되는 핵심은 현대차는 매출은 증가했지만 판매 감소와 비용 부담으로 영업이익이 줄었다.
"참고 뉴스:
제목: 한화에어로스페이스, 2026년 2분기 이익 증가
작성일: 2026-07-31
내용: 한화에어로스페이스는 2026년 2분기 순이익 1조800억원을 기록해 전년 동기 대비 277.5% 증가했다. 실적은 시장 예상치를 웃돌았다고 보도됐다.

질문: 긍정적인 내용만 근거를 들어 정리해줘",제공된 뉴스 기준 성장 요인은 순이익의 큰 폭 증가와 시장 예상 상회입니다.
"참고 뉴스:
제목: 코스닥, 2차전지·바이오 순환매로 급등
작성일: 2026-06-29
내용: 2026년 6월 29일 코스피는 외국인의 대규모 매도 속에 0.2% 하락했고, 코스닥은 2차전지와 바이오주 강세로 8.13% 상승했다. 장중 코스닥 매수 사이드카가 발동됐다.

질문: 참고 뉴스의 핵심만 설명해줘",이 뉴스의 중심 내용은 외국인 매도로 코스피가 약세를 보인 반면 코스닥은 2차전지와 바이오 순환매로 급등했다.
"참고 뉴스:
제목: 삼성SDI, 7개 분기 만에 영업이익 흑자 전환
작성일: 2026-07-30
내용: 삼성SDI는 2026년 2분기 매출 3조7700억원, 영업이익 2038억원을 기록했다. 매출은 전년 동기 대비 18.5%, 전 분기 대비 5.4% 증가했고, 영업이익은 7개 분기 만에 흑자로 전환했다.

질문: 이 기사에 나온 적정 주가가 얼마야?",기사에 증권사 목표가격이 제시되지 않아 답할 수 없습니다.
"참고 뉴스 1:
제목: SK하이닉스, 2026년 2분기 사상 최대 실적
작성일: 2026-07-29
내용: SK하이닉스는 2026년 2분기 매출 79조3187억원, 영업이익 60조5426억원을 발표했다. AI 수요에 대응한 고부가가치 제품 판매가 실적을 이끌었고, 주요 고객과 장기·다년 계약을 확대했다고 설명했다.

참고 뉴스 2:
제목: KB금융, 2026년 상반기 순이익 증가
작성일: 2026-07-23
내용: KB금융은 2026년 상반기 실적 발표 자료를 공개했다. 외부 보도에 따르면 상반기 순이익은 3조8846억원으로 전년 동기 대비 13.1% 증가했다.

질문: 어느 쪽이 더 좋다고 단정할 수 있는지 말해줘",두 뉴스는 기업과 상황이 달라 어느 쪽이 더 좋다고 단정하기 어렵습니다. 첫 번째는 SK하이닉스는 AI 수요와 고부가가치 메모리 판매를 바탕으로 분기 최고 실적을 기록했다. 두 번째는 KB금융은 2026년 상반기 순이익이 전년 동기보다 증가했다.
"참고 뉴스:
제목: 한화에어로스페이스, 2026년 2분기 이익 증가
작성일: 2026-07-31
내용: 한화에어로스페이스는 2026년 2분기 순이익 1조800억원을 기록해 전년 동기 대비 277.5% 증가했다. 실적은 시장 예상치를 웃돌았다고 보도됐다.

질문: 한화에어로스페이스 목표주가가 얼마야?",제공된 기사에는 목표주가가 없습니다. 자료에 없는 가격을 임의로 만들 수 없습니다.
"참고 뉴스 1:
제목: 삼성SDI, 7개 분기 만에 영업이익 흑자 전환
작성일: 2026-07-30
내용: 삼성SDI는 2026년 2분기 매출 3조7700억원, 영업이익 2038억원을 기록했다. 매출은 전년 동기 대비 18.5%, 전 분기 대비 5.4% 증가했고, 영업이익은 7개 분기 만에 흑자로 전환했다.

참고 뉴스 2:
제목: 2026년 하반기 국내 증시, 반도체 쏠림에서 업종 확산 가능성
작성일: 2026-07-23
내용: 2026년 상반기 국내 증시는 반도체가 상승을 주도했지만 하반기에는 전력기기, 조선·방산, 바이오, 화장품, 금융 등으로 관심이 확산될 가능성이 제시됐다. 주요 변수로 AI 설비투자, 미국 금리, 기업 실적과 중국 메모리 업체의 추격이 언급됐다.

질문: 두 뉴스의 위험 요인을 나눠서 설명해줘","첫 번째 뉴스의 부담 요인은 기사에는 향후 배터리 수요와 원재료 가격에 대한 구체적인 전망은 제시되지 않았다. 두 번째 뉴스의 부담 요인은 미국 금리, 기업 실적, 중국 메모리 업체의 추격과 반도체 기대 조정"
"참고 뉴스 1:
제목: 현대차, 2026년 2분기 매출 증가에도 영업이익 감소
작성일: 2026-07-23
내용: 현대차의 2026년 2분기 매출은 49조2150억원으로 전년 동기 대비 1.9% 증가했다. 영업이익은 2조8510억원으로 20.8% 감소했고, 글로벌 판매량은 6.9% 줄었다.

참고 뉴스 2:
제목: 삼성전자, AI 인프라용 PM1763 SSD 양산 시작
작성일: 2026-07-08
내용: 삼성전자는 차세대 AI 인프라에 최적화한 PM1763 SSD의 양산을 시작했다고 발표했다.

질문: 두 기사에서 확인되는 긍정 요인을 비교해줘","첫 번째 뉴스의 긍정 요인은 매출이 전년 동기 대비 1.9% 증가한 점이고, 두 번째 뉴스의 긍정 요인은 AI 인프라용 고성능 저장장치 제품군 확대입니다."
"참고 뉴스:
제목: 삼성바이오로직스, 스위스 폴리펩타이드 인수 추진
작성일: 2026-07-20
내용: 삼성바이오로직스는 스위스 의약품 위탁생산 기업 폴리펩타이드를 약 18억달러에 전액 현금으로 인수하는 공개매수를 추진했다. 회사는 펩타이드 치료제와 비만·당뇨 분야의 생산 역량 확대를 기대했다.

질문: 긍정적인 내용 말고 위험 요인도 확인해줘",제공된 자료에서 확인되는 부담은 대규모 현금 인수에 따른 자금 부담과 인수 후 통합 위험
"참고 뉴스 1:
제목: 셀트리온, 2026년 2분기 분기 최대 매출
작성일: 2026-07-27
내용: 셀트리온은 2026년 2분기 매출 1조3937억원, 영업이익 4518억원을 기록했다. 매출은 전년 동기 대비 45%, 영업이익은 86.3% 증가했고, 고수익 신제품이 바이오의약품 매출의 65%를 차지했다.

참고 뉴스 2:
제목: HD현대중공업, 2026년 2분기 영업이익 급증
작성일: 2026-07-29
내용: HD현대중공업은 2026년 2분기 영업이익 1조399억원을 기록해 전년 동기 대비 120.6% 증가했다고 발표했다.

질문: 두 뉴스의 핵심 내용을 비교해줘",첫 번째 뉴스는 셀트리온은 신제품 성장과 원가 개선으로 매출과 영업이익이 크게 증가했다. 두 번째 뉴스는 HD현대중공업은 조선 부문 수익성 개선으로 영업이익이 큰 폭으로 증가했다.
"참고 뉴스:
제목: HD현대, 2026년 2분기 높은 영업이익 기록
작성일: 2026-07-31
내용: HD현대는 2026년 2분기 연결 매출 22조4094억원, 영업이익 4조1246억원을 기록했다. 영업이익률은 18.4%로 발표됐다.

질문: 이 기사만 보고 투자 판단을 해줘",매수 여부는 이 뉴스만으로 판단할 수 없습니다. 목표 수익과 손실 가능성까지 별도로 검토해야 합니다.
"참고 뉴스:
제목: HD현대중공업, 2026년 2분기 영업이익 급증
작성일: 2026-07-29
내용: HD현대중공업은 2026년 2분기 영업이익 1조399억원을 기록해 전년 동기 대비 120.6% 증가했다고 발표했다.

질문: 오늘 종가를 확인해줘",기사에는 오늘의 시세 정보가 포함되지 않았습니다.
"참고 뉴스:
제목: SK하이닉스, 2026년 2분기 사상 최대 실적
작성일: 2026-07-29
내용: SK하이닉스는 2026년 2분기 매출 79조3187억원, 영업이익 60조5426억원을 발표했다. AI 수요에 대응한 고부가가치 제품 판매가 실적을 이끌었고, 주요 고객과 장기·다년 계약을 확대했다고 설명했다.

질문: 이 자료의 기준 날짜가 언제야?",2026-07-29에 나온 내용입니다.
"참고 뉴스:
제목: 삼성SDI, 7개 분기 만에 영업이익 흑자 전환
작성일: 2026-07-30
내용: 삼성SDI는 2026년 2분기 매출 3조7700억원, 영업이익 2038억원을 기록했다. 매출은 전년 동기 대비 18.5%, 전 분기 대비 5.4% 증가했고, 영업이익은 7개 분기 만에 흑자로 전환했다.

질문: 삼성SDI의 기사 속 주요 수치를 알려줘","기사에서 확인되는 주요 수치는 매출 3조7700억원, 영업이익 2038억원, 전년 대비 매출 18.5% 증가입니다."
"참고 뉴스:
제목: 삼성전자, AI 인프라용 PM1763 SSD 양산 시작
작성일: 2026-07-08
내용: 삼성전자는 차세대 AI 인프라에 최적화한 PM1763 SSD의 양산을 시작했다고 발표했다.

질문: 이 자료의 기준 날짜가 언제야?",2026-07-08에 나온 내용입니다.
"참고 뉴스:
제목: 7월 국내 증시, 소외 업종으로 자금 이동 가능성
작성일: 2026-07-01
내용: 7월에는 상반기 주도주였던 반도체에서 자동차, 2차전지, 바이오 등 상대적으로 소외됐던 업종으로 자금이 이동할 수 있다는 전망이 나왔다. 반도체 조정이 곧 업황 훼손을 의미하는 것은 아니라는 분석도 제시됐다.

질문: 이 자료의 기준 날짜가 언제야?",2026-07-01에 나온 내용입니다.
"참고 뉴스 1:
제목: 삼성전자 DS부문, AI 메모리 수요로 실적 확대
작성일: 2026-07-30
내용: 삼성전자 DS부문은 2026년 2분기 매출 127조5천억원, 영업이익 89조2천억원을 기록했다. 메모리 사업은 AI 수요에 대응해 서버 제품 중심 판매를 확대했고, 업계 전반의 가격 상승도 실적에 기여했다.

참고 뉴스 2:
제목: 삼성전자, AI 인프라용 PM1763 SSD 양산 시작
작성일: 2026-07-08
내용: 삼성전자는 차세대 AI 인프라에 최적화한 PM1763 SSD의 양산을 시작했다고 발표했다.

질문: 두 뉴스의 핵심 내용을 비교해줘",첫 번째 뉴스는 삼성전자 반도체 부문은 AI 서버용 메모리 수요와 가격 상승의 영향을 받았다. 두 번째 뉴스는 삼성전자는 AI 데이터센터 수요에 대응하기 위해 차세대 SSD 양산을 시작했다.
"참고 뉴스:
제목: 현대차, 2026년 2분기 매출 증가에도 영업이익 감소
작성일: 2026-07-23
내용: 현대차의 2026년 2분기 매출은 49조2150억원으로 전년 동기 대비 1.9% 증가했다. 영업이익은 2조8510억원으로 20.8% 감소했고, 글로벌 판매량은 6.9% 줄었다.

질문: 현대차의 현재 주가를 알려줘",제공된 기사에는 실시간 주가나 오늘 종가가 없습니다. 현재 시세는 별도의 실시간 데이터가 필요합니다.
"참고 뉴스:
제목: SK하이닉스, 2026년 2분기 사상 최대 실적
작성일: 2026-07-29
내용: SK하이닉스는 2026년 2분기 매출 79조3187억원, 영업이익 60조5426억원을 발표했다. AI 수요에 대응한 고부가가치 제품 판매가 실적을 이끌었고, 주요 고객과 장기·다년 계약을 확대했다고 설명했다.

질문: SK하이닉스의 부담 요인은 뭐야?","부담 요인은 기사에는 현재 주가나 목표주가, 구체적인 수요 둔화 전망은 포함되지 않았다."
"참고 뉴스 1:
제목: 삼성전자, 2026년 2분기 실적 발표
작성일: 2026-07-30
내용: 삼성전자는 2026년 2분기 연결 매출 171조5천억원, 영업이익 89조5천억원을 기록했다. 매출과 영업이익 모두 분기 기준 최고치를 경신했으며, 전 분기 대비 매출은 28% 증가했다.

참고 뉴스 2:
제목: 삼성바이오로직스, 2026년 2분기 실적 발표
작성일: 2026-07-23
내용: 삼성바이오로직스는 2026년 2분기 매출 1조3210억원, 영업이익 5860억원을 기록했다. 1공장부터 4공장까지 안정적인 생산 운영과 고객 프로젝트 수행이 실적에 반영됐다.

질문: 두 뉴스의 위험 요인을 나눠서 설명해줘","첫 번째 뉴스의 부담 요인은 이 기사에는 구체적인 하방 위험이나 목표주가 정보가 제시되지 않았다. 두 번째 뉴스의 부담 요인은 기사에는 목표주가나 신규 수주 금액, 환율 영향의 세부 수치는 포함되지 않았다."
"참고 뉴스 1:
제목: 셀트리온, 2026년 2분기 분기 최대 매출
작성일: 2026-07-27
내용: 셀트리온은 2026년 2분기 매출 1조3937억원, 영업이익 4518억원을 기록했다. 매출은 전년 동기 대비 45%, 영업이익은 86.3% 증가했고, 고수익 신제품이 바이오의약품 매출의 65%를 차지했다.

참고 뉴스 2:
제목: HD현대중공업, 2026년 2분기 영업이익 급증
작성일: 2026-07-29
내용: HD현대중공업은 2026년 2분기 영업이익 1조399억원을 기록해 전년 동기 대비 120.6% 증가했다고 발표했다.

질문: 어느 쪽이 더 좋다고 단정할 수 있는지 말해줘",두 뉴스는 기업과 상황이 달라 어느 쪽이 더 좋다고 단정하기 어렵습니다. 첫 번째는 셀트리온은 신제품 성장과 원가 개선으로 매출과 영업이익이 크게 증가했다. 두 번째는 HD현대중공업은 조선 부문 수익성 개선으로 영업이익이 큰 폭으로 증가했다.
"참고 뉴스:
제목: 현대차, 2026년 2분기 매출 증가에도 영업이익 감소
작성일: 2026-07-23
내용: 현대차의 2026년 2분기 매출은 49조2150억원으로 전년 동기 대비 1.9% 증가했다. 영업이익은 2조8510억원으로 20.8% 감소했고, 글로벌 판매량은 6.9% 줄었다.

질문: 이 기사만 보고 현대차를 매수해도 돼?","이 기사 하나만으로 매수나 매도를 결정하기는 어렵습니다. 실적 추세, 밸류에이션, 수급과 추가 공시를 함께 확인해야 합니다."
"참고 뉴스:
제목: 신한금융, 2026년 2분기 분기 최대 순이익
작성일: 2026-07-23
내용: 신한금융의 2026년 2분기 순이익은 1조8201억원으로 전 분기 대비 12.2% 증가했다. 상반기 순이익은 3조4427억원으로 전년 동기 대비 13.3% 늘었다.

질문: 기사에 없는 내용은 추측하지 말고 답해줘","자료 안에서 확인되는 내용은 신한금융은 2분기와 상반기 순이익이 모두 증가하며 높은 실적을 기록했다. 긍정 요인은 분기 최대 순이익과 상반기 이익 증가이며, 부담 요인은 기사에는 향후 대손비용과 금리 하락이 순이자마진에 미칠 구체적 영향은 포함되지 않았다."
"참고 뉴스 1:
제목: 2026년 하반기 국내 증시, 반도체 쏠림에서 업종 확산 가능성
작성일: 2026-07-23
내용: 2026년 상반기 국내 증시는 반도체가 상승을 주도했지만 하반기에는 전력기기, 조선·방산, 바이오, 화장품, 금융 등으로 관심이 확산될 가능성이 제시됐다. 주요 변수로 AI 설비투자, 미국 금리, 기업 실적과 중국 메모리 업체의 추격이 언급됐다.

참고 뉴스 2:
제목: 삼성SDI, 미국 ESS용 각형 배터리 공급 계약
작성일: 2026-03-16
내용: 삼성SDI는 미국에서 1조5000억원 규모의 ESS용 각형 배터리 공급 계약을 수주했다고 발표했다.

질문: 두 기사에서 확인되는 긍정 요인을 비교해줘","첫 번째 뉴스의 긍정 요인은 AI 설비투자 확대가 전력기기·조선·방산 등 국내 공급망에 기회가 될 수 있다.이고, 두 번째 뉴스의 긍정 요인은 미국 ESS 시장에서 대규모 공급 계약을 확보한 점입니다."
"참고 뉴스:
제목: HD현대, 2026년 2분기 높은 영업이익 기록
작성일: 2026-07-31
내용: HD현대는 2026년 2분기 연결 매출 22조4094억원, 영업이익 4조1246억원을 기록했다. 영업이익률은 18.4%로 발표됐다.

질문: 현재 시세와 등락률을 말해줘",현재 주가는 기사 작성 시점과 달라질 수 있어 별도 시세 조회가 필요합니다.
"참고 뉴스 1:
제목: 삼성전자 DS부문, AI 메모리 수요로 실적 확대
작성일: 2026-07-30
내용: 삼성전자 DS부문은 2026년 2분기 매출 127조5천억원, 영업이익 89조2천억원을 기록했다. 메모리 사업은 AI 수요에 대응해 서버 제품 중심 판매를 확대했고, 업계 전반의 가격 상승도 실적에 기여했다.

참고 뉴스 2:
제목: 7월 국내 증시, 소외 업종으로 자금 이동 가능성
작성일: 2026-07-01
내용: 7월에는 상반기 주도주였던 반도체에서 자동차, 2차전지, 바이오 등 상대적으로 소외됐던 업종으로 자금이 이동할 수 있다는 전망이 나왔다. 반도체 조정이 곧 업황 훼손을 의미하는 것은 아니라는 분석도 제시됐다.

질문: 두 기사에서 확인되는 긍정 요인을 비교해줘","첫 번째 뉴스의 긍정 요인은 AI 서버 제품 중심 판매 확대와 메모리 가격 상승이고, 두 번째 뉴스의 긍정 요인은 소외 업종으로의 순환매 가능성과 반도체 펀더멘털 유지 전망입니다."
"참고 뉴스:
제목: 삼성전자, AI 인프라용 PM1763 SSD 양산 시작
작성일: 2026-07-08
내용: 삼성전자는 차세대 AI 인프라에 최적화한 PM1763 SSD의 양산을 시작했다고 발표했다.

질문: 이 기사만 보고 투자 판단을 해줘",매수 여부는 이 뉴스만으로 판단할 수 없습니다. 목표 수익과 손실 가능성까지 별도로 검토해야 합니다.
"참고 뉴스:
제목: 삼성바이오로직스, 2026년 2분기 실적 발표
작성일: 2026-07-23
내용: 삼성바이오로직스는 2026년 2분기 매출 1조3210억원, 영업이익 5860억원을 기록했다. 1공장부터 4공장까지 안정적인 생산 운영과 고객 프로젝트 수행이 실적에 반영됐다.

질문: 이 기사에서 주의할 부분이 있어?","기사 기준 리스크는 기사에는 목표주가나 신규 수주 금액, 환율 영향의 세부 수치는 포함되지 않았다."
"참고 뉴스:
제목: 엔비디아, 네이버 AI 인프라 프로젝트에 투자 추진
작성일: 2026-07-27
내용: 엔비디아는 네이버의 대규모 AI 데이터센터 프로젝트에 약 10억달러를 투자할 계획이다. 네이버는 엔비디아를 대상으로 약 1조4810억원 규모의 신주를 발행하며, 거래 완료 후 엔비디아의 지분율은 약 4.5%가 될 예정이다.

질문: 기사에서 제시한 원인이 무엇인지 알려줘",주된 원인은 소버린 AI와 대규모 데이터센터 구축을 위한 자금 및 GPU 인프라 확보가 목적이다.
"참고 뉴스:
제목: 신한금융, 2026년 2분기 분기 최대 순이익
작성일: 2026-07-23
내용: 신한금융의 2026년 2분기 순이익은 1조8201억원으로 전 분기 대비 12.2% 증가했다. 상반기 순이익은 3조4427억원으로 전년 동기 대비 13.3% 늘었다.

질문: 기사 작성일을 알려줘",기사 기준 날짜는 2026-07-23입니다.
"참고 뉴스:
제목: 현대차, 2026년 2분기 매출 증가에도 영업이익 감소
작성일: 2026-07-23
내용: 현대차의 2026년 2분기 매출은 49조2150억원으로 전년 동기 대비 1.9% 증가했다. 영업이익은 2조8510억원으로 20.8% 감소했고, 글로벌 판매량은 6.9% 줄었다.

질문: 이 뉴스에 나온 수치가 뭐야?","제공된 자료에 나온 숫자는 매출 49조2150억원, 영업이익 2조8510억원, 글로벌 판매 6.9% 감소입니다."
"참고 뉴스 1:
제목: 삼성전자, 2026년 2분기 실적 발표
작성일: 2026-07-30
내용: 삼성전자는 2026년 2분기 연결 매출 171조5천억원, 영업이익 89조5천억원을 기록했다. 매출과 영업이익 모두 분기 기준 최고치를 경신했으며, 전 분기 대비 매출은 28% 증가했다.

참고 뉴스 2:
제목: 현대차, 하반기 신차 출시로 회복 추진
작성일: 2026-07-23
내용: 현대차는 2분기 영업이익이 감소했지만 연간 전망은 유지했다. 회사는 하반기 투싼과 아반떼 등 주요 신차 출시를 통해 판매 회복을 추진할 계획이라고 밝혔다.

질문: 두 기사에서 확인되는 긍정 요인을 비교해줘","첫 번째 뉴스의 긍정 요인은 매출과 영업이익이 모두 분기 최고치를 기록한 점이고, 두 번째 뉴스의 긍정 요인은 연간 전망을 유지하고 주요 신차 출시를 준비하는 점입니다."
"참고 뉴스:
제목: 현대차, 2026년 2분기 매출 증가에도 영업이익 감소
작성일: 2026-07-23
내용: 현대차의 2026년 2분기 매출은 49조2150억원으로 전년 동기 대비 1.9% 증가했다. 영업이익은 2조8510억원으로 20.8% 감소했고, 글로벌 판매량은 6.9% 줄었다.

질문: 현대차 실적이나 변화의 배경을 설명해줘","기사에서 제시한 배경은 판매 감소와 공급 차질, 비용 상승이 수익성에 부담을 줬다."
"참고 뉴스:
제목: 삼성바이오로직스, 2026년 2분기 실적 발표
작성일: 2026-07-23
내용: 삼성바이오로직스는 2026년 2분기 매출 1조3210억원, 영업이익 5860억원을 기록했다. 1공장부터 4공장까지 안정적인 생산 운영과 고객 프로젝트 수행이 실적에 반영됐다.

질문: 이 기사에서 호재로 볼 수 있는 부분을 말해줘",기사에서 긍정적으로 볼 수 있는 부분은 1~4공장의 안정적인 가동과 고객 프로젝트 수행입니다.
"참고 뉴스:
제목: 현대차, 2026년 2분기 매출 증가에도 영업이익 감소
작성일: 2026-07-23
내용: 현대차의 2026년 2분기 매출은 49조2150억원으로 전년 동기 대비 1.9% 증가했다. 영업이익은 2조8510억원으로 20.8% 감소했고, 글로벌 판매량은 6.9% 줄었다.

질문: 지금 주식 가격이 얼마야?",이 자료만으로 현재 주가와 등락률을 확인할 수 없습니다.
"참고 뉴스:
제목: 삼성바이오로직스, 2026년 2분기 실적 발표
작성일: 2026-07-23
내용: 삼성바이오로직스는 2026년 2분기 매출 1조3210억원, 영업이익 5860억원을 기록했다. 1공장부터 4공장까지 안정적인 생산 운영과 고객 프로젝트 수행이 실적에 반영됐다.

질문: 기사에 없는 내용은 추측하지 말고 답해줘","자료 안에서 확인되는 내용은 삼성바이오로직스는 안정적인 공장 운영을 바탕으로 견조한 2분기 실적을 기록했다. 긍정 요인은 1~4공장의 안정적인 가동과 고객 프로젝트 수행이며, 부담 요인은 기사에는 목표주가나 신규 수주 금액, 환율 영향의 세부 수치는 포함되지 않았다."
"참고 뉴스:
제목: 삼성바이오로직스, 2026년 2분기 실적 발표
작성일: 2026-07-23
내용: 삼성바이오로직스는 2026년 2분기 매출 1조3210억원, 영업이익 5860억원을 기록했다. 1공장부터 4공장까지 안정적인 생산 운영과 고객 프로젝트 수행이 실적에 반영됐다.

질문: 삼성바이오로직스의 부담 요인은 뭐야?","부담 요인은 기사에는 목표주가나 신규 수주 금액, 환율 영향의 세부 수치는 포함되지 않았다."
"참고 뉴스:
제목: 한화에어로스페이스, 2026년 2분기 이익 증가
작성일: 2026-07-31
내용: 한화에어로스페이스는 2026년 2분기 순이익 1조800억원을 기록해 전년 동기 대비 277.5% 증가했다. 실적은 시장 예상치를 웃돌았다고 보도됐다.

질문: 기사에서 확인되는 정량 정보만 말해줘","핵심 수치만 정리하면 2분기 순이익 1조800억원, 전년 동기 대비 277.5% 증가입니다."
"참고 뉴스:
제목: 삼성전자, AI 인프라용 PM1763 SSD 양산 시작
작성일: 2026-07-08
내용: 삼성전자는 차세대 AI 인프라에 최적화한 PM1763 SSD의 양산을 시작했다고 발표했다.

질문: 뉴스에 나온 근거를 바탕으로 배경을 정리해줘",이 흐름의 배경은 차세대 AI 인프라의 고성능 저장장치 수요에 대응하기 위해서다.
"참고 뉴스:
제목: 2026년 하반기 국내 증시, 반도체 쏠림에서 업종 확산 가능성
작성일: 2026-07-23
내용: 2026년 상반기 국내 증시는 반도체가 상승을 주도했지만 하반기에는 전력기기, 조선·방산, 바이오, 화장품, 금융 등으로 관심이 확산될 가능성이 제시됐다. 주요 변수로 AI 설비투자, 미국 금리, 기업 실적과 중국 메모리 업체의 추격이 언급됐다.

질문: 언제 나온 소식인지 확인해줘",이 뉴스는 2026-07-23 기준입니다.
"참고 뉴스:
제목: 삼성전자, AI 인프라용 PM1763 SSD 양산 시작
작성일: 2026-07-08
내용: 삼성전자는 차세대 AI 인프라에 최적화한 PM1763 SSD의 양산을 시작했다고 발표했다.

질문: 뉴스 근거를 들어 설명해줘",기사 근거만 사용하면 삼성전자는 AI 데이터센터 수요에 대응하기 위해 차세대 SSD 양산을 시작했다. 추가적인 주가 전망은 이 자료만으로 단정할 수 없습니다.
"참고 뉴스:
제목: 신한금융, 2026년 2분기 분기 최대 순이익
작성일: 2026-07-23
내용: 신한금융의 2026년 2분기 순이익은 1조8201억원으로 전 분기 대비 12.2% 증가했다. 상반기 순이익은 3조4427억원으로 전년 동기 대비 13.3% 늘었다.

질문: 이 기사만 보고 신한금융를 매수해도 돼?","이 기사 하나만으로 매수나 매도를 결정하기는 어렵습니다. 실적 추세, 밸류에이션, 수급과 추가 공시를 함께 확인해야 합니다."
"참고 뉴스:
제목: 삼성SDI, 미국 ESS용 각형 배터리 공급 계약
작성일: 2026-03-16
내용: 삼성SDI는 미국에서 1조5000억원 규모의 ESS용 각형 배터리 공급 계약을 수주했다고 발표했다.

질문: 삼성SDI 관련 핵심 숫자를 정리해줘",기사 기준 주요 지표는 계약 규모 1조5000억원입니다.
"참고 뉴스 1:
제목: SK하이닉스, 2026년 2분기 사상 최대 실적
작성일: 2026-07-29
내용: SK하이닉스는 2026년 2분기 매출 79조3187억원, 영업이익 60조5426억원을 발표했다. AI 수요에 대응한 고부가가치 제품 판매가 실적을 이끌었고, 주요 고객과 장기·다년 계약을 확대했다고 설명했다.

참고 뉴스 2:
제목: 삼성바이오로직스, 스위스 폴리펩타이드 인수 추진
작성일: 2026-07-20
내용: 삼성바이오로직스는 스위스 의약품 위탁생산 기업 폴리펩타이드를 약 18억달러에 전액 현금으로 인수하는 공개매수를 추진했다. 회사는 펩타이드 치료제와 비만·당뇨 분야의 생산 역량 확대를 기대했다.

질문: 두 기사에서 확인되는 긍정 요인을 비교해줘","첫 번째 뉴스의 긍정 요인은 AI용 고부가가치 제품 판매와 주요 고객과의 장기 계약 확대이고, 두 번째 뉴스의 긍정 요인은 펩타이드 치료제와 GLP-1 계열 의약품 생산 역량 확대 가능성입니다."
"참고 뉴스:
제목: 삼성SDI, 7개 분기 만에 영업이익 흑자 전환
작성일: 2026-07-30
내용: 삼성SDI는 2026년 2분기 매출 3조7700억원, 영업이익 2038억원을 기록했다. 매출은 전년 동기 대비 18.5%, 전 분기 대비 5.4% 증가했고, 영업이익은 7개 분기 만에 흑자로 전환했다.

질문: 매수와 매도 중 어느 쪽이 맞아?",이 자료만으로 투자 결정을 권하기 어렵습니다. 회사 실적과 시장 환경을 함께 검토해야 합니다.
"참고 뉴스 1:
제목: 삼성바이오로직스, 스위스 폴리펩타이드 인수 추진
작성일: 2026-07-20
내용: 삼성바이오로직스는 스위스 의약품 위탁생산 기업 폴리펩타이드를 약 18억달러에 전액 현금으로 인수하는 공개매수를 추진했다. 회사는 펩타이드 치료제와 비만·당뇨 분야의 생산 역량 확대를 기대했다.

참고 뉴스 2:
제목: HD현대, 2026년 2분기 높은 영업이익 기록
작성일: 2026-07-31
내용: HD현대는 2026년 2분기 연결 매출 22조4094억원, 영업이익 4조1246억원을 기록했다. 영업이익률은 18.4%로 발표됐다.

질문: 어느 쪽이 더 좋다고 단정할 수 있는지 말해줘",두 뉴스는 기업과 상황이 달라 어느 쪽이 더 좋다고 단정하기 어렵습니다. 첫 번째는 삼성바이오로직스는 펩타이드 의약품 사업 강화를 위해 폴리펩타이드 인수를 추진한다. 두 번째는 HD현대는 2분기에 높은 영업이익과 영업이익률을 기록했다.
"참고 뉴스:
제목: HD현대중공업, 2026년 2분기 영업이익 급증
작성일: 2026-07-29
내용: HD현대중공업은 2026년 2분기 영업이익 1조399억원을 기록해 전년 동기 대비 120.6% 증가했다고 발표했다.

질문: 뉴스 근거를 들어 설명해줘",기사 근거만 사용하면 HD현대중공업은 조선 부문 수익성 개선으로 영업이익이 큰 폭으로 증가했다. 추가적인 주가 전망은 이 자료만으로 단정할 수 없습니다.
"참고 뉴스 1:
제목: KB금융, 2026년 상반기 순이익 증가
작성일: 2026-07-23
내용: KB금융은 2026년 상반기 실적 발표 자료를 공개했다. 외부 보도에 따르면 상반기 순이익은 3조8846억원으로 전년 동기 대비 13.1% 증가했다.

참고 뉴스 2:
제목: HD현대중공업, 2026년 2분기 영업이익 급증
작성일: 2026-07-29
내용: HD현대중공업은 2026년 2분기 영업이익 1조399억원을 기록해 전년 동기 대비 120.6% 증가했다고 발표했다.

질문: 두 뉴스의 핵심 내용을 비교해줘",첫 번째 뉴스는 KB금융은 2026년 상반기 순이익이 전년 동기보다 증가했다. 두 번째 뉴스는 HD현대중공업은 조선 부문 수익성 개선으로 영업이익이 큰 폭으로 증가했다.
"참고 뉴스:
제목: 현대차, 하반기 신차 출시로 회복 추진
작성일: 2026-07-23
내용: 현대차는 2분기 영업이익이 감소했지만 연간 전망은 유지했다. 회사는 하반기 투싼과 아반떼 등 주요 신차 출시를 통해 판매 회복을 추진할 계획이라고 밝혔다.

질문: 이 뉴스는 언제 발표된 내용이야?",이 자료의 발표일은 2026-07-23입니다.
"참고 뉴스:
제목: 삼성SDI, 7개 분기 만에 영업이익 흑자 전환
작성일: 2026-07-30
내용: 삼성SDI는 2026년 2분기 매출 3조7700억원, 영업이익 2038억원을 기록했다. 매출은 전년 동기 대비 18.5%, 전 분기 대비 5.4% 증가했고, 영업이익은 7개 분기 만에 흑자로 전환했다.

질문: 이 뉴스만으로 투자 결정을 내려도 될까?",기사만으로 특정 매수·매도 결론을 내릴 수 없습니다. 뉴스에 없는 정보까지 추측해서 판단하면 안 됩니다.
"참고 뉴스 1:
제목: HD현대중공업, 2026년 2분기 영업이익 급증
작성일: 2026-07-29
내용: HD현대중공업은 2026년 2분기 영업이익 1조399억원을 기록해 전년 동기 대비 120.6% 증가했다고 발표했다.

참고 뉴스 2:
제목: 2026년 하반기 국내 증시, 반도체 쏠림에서 업종 확산 가능성
작성일: 2026-07-23
내용: 2026년 상반기 국내 증시는 반도체가 상승을 주도했지만 하반기에는 전력기기, 조선·방산, 바이오, 화장품, 금융 등으로 관심이 확산될 가능성이 제시됐다. 주요 변수로 AI 설비투자, 미국 금리, 기업 실적과 중국 메모리 업체의 추격이 언급됐다.

질문: 두 뉴스의 위험 요인을 나눠서 설명해줘","첫 번째 뉴스의 부담 요인은 기사에는 신규 수주 금액과 후판 가격의 향후 영향은 구체적으로 제시되지 않았다. 두 번째 뉴스의 부담 요인은 미국 금리, 기업 실적, 중국 메모리 업체의 추격과 반도체 기대 조정"
"참고 뉴스 1:
제목: 삼성바이오로직스, 스위스 폴리펩타이드 인수 추진
작성일: 2026-07-20
내용: 삼성바이오로직스는 스위스 의약품 위탁생산 기업 폴리펩타이드를 약 18억달러에 전액 현금으로 인수하는 공개매수를 추진했다. 회사는 펩타이드 치료제와 비만·당뇨 분야의 생산 역량 확대를 기대했다.

참고 뉴스 2:
제목: 셀트리온, 2026년 2분기 분기 최대 매출
작성일: 2026-07-27
내용: 셀트리온은 2026년 2분기 매출 1조3937억원, 영업이익 4518억원을 기록했다. 매출은 전년 동기 대비 45%, 영업이익은 86.3% 증가했고, 고수익 신제품이 바이오의약품 매출의 65%를 차지했다.

질문: 두 뉴스의 핵심 내용을 비교해줘",첫 번째 뉴스는 삼성바이오로직스는 펩타이드 의약품 사업 강화를 위해 폴리펩타이드 인수를 추진한다. 두 번째 뉴스는 셀트리온은 신제품 성장과 원가 개선으로 매출과 영업이익이 크게 증가했다.
"참고 뉴스:
제목: 엔비디아, 네이버 AI 인프라 프로젝트에 투자 추진
작성일: 2026-07-27
내용: 엔비디아는 네이버의 대규모 AI 데이터센터 프로젝트에 약 10억달러를 투자할 계획이다. 네이버는 엔비디아를 대상으로 약 1조4810억원 규모의 신주를 발행하며, 거래 완료 후 엔비디아의 지분율은 약 4.5%가 될 예정이다.

질문: 뉴스에서 확인되는 성장 요인을 알려줘",확인되는 긍정 요인은 글로벌 AI 기업과의 협력 및 AI 데이터센터 인프라 확대입니다.
"참고 뉴스:
제목: 현대차, 하반기 신차 출시로 회복 추진
작성일: 2026-07-23
내용: 현대차는 2분기 영업이익이 감소했지만 연간 전망은 유지했다. 회사는 하반기 투싼과 아반떼 등 주요 신차 출시를 통해 판매 회복을 추진할 계획이라고 밝혔다.

질문: 이 뉴스의 발표 시점을 말해줘",발표 시점은 2026-07-23입니다.
"참고 뉴스:
제목: 한화에어로스페이스, 2026년 2분기 이익 증가
작성일: 2026-07-31
내용: 한화에어로스페이스는 2026년 2분기 순이익 1조800억원을 기록해 전년 동기 대비 277.5% 증가했다. 실적은 시장 예상치를 웃돌았다고 보도됐다.

질문: 긍정적인 내용 말고 위험 요인도 확인해줘",제공된 자료에서 확인되는 부담은 기사에는 향후 수주 일정과 일회성 이익 여부에 대한 상세 분석은 충분히 제시되지 않았다.
"참고 뉴스:
제목: HD현대, 2026년 2분기 높은 영업이익 기록
작성일: 2026-07-31
내용: HD현대는 2026년 2분기 연결 매출 22조4094억원, 영업이익 4조1246억원을 기록했다. 영업이익률은 18.4%로 발표됐다.

질문: 확실히 확인되는 사실과 확인되지 않는 내용을 나눠줘",제공된 뉴스 기준 핵심은 HD현대는 2분기에 높은 영업이익과 영업이익률을 기록했다. 그 밖의 실시간 주가나 목표가격은 확인되지 않습니다.
"참고 뉴스 1:
제목: 삼성전자 DS부문, AI 메모리 수요로 실적 확대
작성일: 2026-07-30
내용: 삼성전자 DS부문은 2026년 2분기 매출 127조5천억원, 영업이익 89조2천억원을 기록했다. 메모리 사업은 AI 수요에 대응해 서버 제품 중심 판매를 확대했고, 업계 전반의 가격 상승도 실적에 기여했다.

참고 뉴스 2:
제목: 삼성전자, AI 인프라용 PM1763 SSD 양산 시작
작성일: 2026-07-08
내용: 삼성전자는 차세대 AI 인프라에 최적화한 PM1763 SSD의 양산을 시작했다고 발표했다.

질문: 두 기사에서 확인되는 긍정 요인을 비교해줘","첫 번째 뉴스의 긍정 요인은 AI 서버 제품 중심 판매 확대와 메모리 가격 상승이고, 두 번째 뉴스의 긍정 요인은 AI 인프라용 고성능 저장장치 제품군 확대입니다."
"참고 뉴스:
제목: 엔비디아, 네이버 AI 인프라 프로젝트에 투자 추진
작성일: 2026-07-27
내용: 엔비디아는 네이버의 대규모 AI 데이터센터 프로젝트에 약 10억달러를 투자할 계획이다. 네이버는 엔비디아를 대상으로 약 1조4810억원 규모의 신주를 발행하며, 거래 완료 후 엔비디아의 지분율은 약 4.5%가 될 예정이다.

질문: 뉴스에 나온 근거를 바탕으로 배경을 정리해줘",이 흐름의 배경은 소버린 AI와 대규모 데이터센터 구축을 위한 자금 및 GPU 인프라 확보가 목적이다.
"참고 뉴스:
제목: 신한금융, 2026년 2분기 분기 최대 순이익
작성일: 2026-07-23
내용: 신한금융의 2026년 2분기 순이익은 1조8201억원으로 전 분기 대비 12.2% 증가했다. 상반기 순이익은 3조4427억원으로 전년 동기 대비 13.3% 늘었다.

질문: 긍정적인 내용 말고 위험 요인도 확인해줘",제공된 자료에서 확인되는 부담은 기사에는 향후 대손비용과 금리 하락이 순이자마진에 미칠 구체적 영향은 포함되지 않았다.
"참고 뉴스:
제목: 코스닥, 2차전지·바이오 순환매로 급등
작성일: 2026-06-29
내용: 2026년 6월 29일 코스피는 외국인의 대규모 매도 속에 0.2% 하락했고, 코스닥은 2차전지와 바이오주 강세로 8.13% 상승했다. 장중 코스닥 매수 사이드카가 발동됐다.

질문: 이 뉴스만으로 투자 결정을 내려도 될까?",기사만으로 특정 매수·매도 결론을 내릴 수 없습니다. 뉴스에 없는 정보까지 추측해서 판단하면 안 됩니다.
"참고 뉴스 1:
제목: HD현대중공업, 2026년 2분기 영업이익 급증
작성일: 2026-07-29
내용: HD현대중공업은 2026년 2분기 영업이익 1조399억원을 기록해 전년 동기 대비 120.6% 증가했다고 발표했다.

참고 뉴스 2:
제목: 코스닥, 2차전지·바이오 순환매로 급등
작성일: 2026-06-29
내용: 2026년 6월 29일 코스피는 외국인의 대규모 매도 속에 0.2% 하락했고, 코스닥은 2차전지와 바이오주 강세로 8.13% 상승했다. 장중 코스닥 매수 사이드카가 발동됐다.

질문: 두 뉴스의 위험 요인을 나눠서 설명해줘",첫 번째 뉴스의 부담 요인은 기사에는 신규 수주 금액과 후판 가격의 향후 영향은 구체적으로 제시되지 않았다. 두 번째 뉴스의 부담 요인은 외국인 대규모 매도와 시장 변동성 확대
"참고 뉴스 1:
제목: 삼성전자 DS부문, AI 메모리 수요로 실적 확대
작성일: 2026-07-30
내용: 삼성전자 DS부문은 2026년 2분기 매출 127조5천억원, 영업이익 89조2천억원을 기록했다. 메모리 사업은 AI 수요에 대응해 서버 제품 중심 판매를 확대했고, 업계 전반의 가격 상승도 실적에 기여했다.

참고 뉴스 2:
제목: 삼성전자, AI 인프라용 PM1763 SSD 양산 시작
작성일: 2026-07-08
내용: 삼성전자는 차세대 AI 인프라에 최적화한 PM1763 SSD의 양산을 시작했다고 발표했다.

질문: 두 뉴스의 위험 요인을 나눠서 설명해줘","첫 번째 뉴스의 부담 요인은 기사에는 생산능력 제약이 언급됐지만 구체적인 손실 규모는 제시되지 않았다. 두 번째 뉴스의 부담 요인은 시장 점유율, 판매 가격과 실제 수익 기여 규모는 확인할 수 없다."
"참고 뉴스:
제목: 한화에어로스페이스, 2026년 2분기 이익 증가
작성일: 2026-07-31
내용: 한화에어로스페이스는 2026년 2분기 순이익 1조800억원을 기록해 전년 동기 대비 277.5% 증가했다. 실적은 시장 예상치를 웃돌았다고 보도됐다.

질문: 이 기사에 나온 적정 주가가 얼마야?",기사에 증권사 목표가격이 제시되지 않아 답할 수 없습니다.
"참고 뉴스 1:
제목: 삼성전자, 2026년 2분기 실적 발표
작성일: 2026-07-30
내용: 삼성전자는 2026년 2분기 연결 매출 171조5천억원, 영업이익 89조5천억원을 기록했다. 매출과 영업이익 모두 분기 기준 최고치를 경신했으며, 전 분기 대비 매출은 28% 증가했다.

참고 뉴스 2:
제목: 한화에어로스페이스, 2026년 2분기 이익 증가
작성일: 2026-07-31
내용: 한화에어로스페이스는 2026년 2분기 순이익 1조800억원을 기록해 전년 동기 대비 277.5% 증가했다. 실적은 시장 예상치를 웃돌았다고 보도됐다.

질문: 두 뉴스의 핵심 내용을 비교해줘",첫 번째 뉴스는 삼성전자는 2026년 2분기에 매출과 영업이익 모두 분기 최고치를 기록했다. 두 번째 뉴스는 한화에어로스페이스는 2분기 순이익이 크게 증가하며 시장 기대를 웃돌았다.
"참고 뉴스:
제목: 현대차, 2026년 2분기 매출 증가에도 영업이익 감소
작성일: 2026-07-23
내용: 현대차의 2026년 2분기 매출은 49조2150억원으로 전년 동기 대비 1.9% 증가했다. 영업이익은 2조8510억원으로 20.8% 감소했고, 글로벌 판매량은 6.9% 줄었다.

질문: 현재 시세와 등락률을 말해줘",현재 주가는 기사 작성 시점과 달라질 수 있어 별도 시세 조회가 필요합니다.
"참고 뉴스 1:
제목: 2026년 하반기 국내 증시, 반도체 쏠림에서 업종 확산 가능성
작성일: 2026-07-23
내용: 2026년 상반기 국내 증시는 반도체가 상승을 주도했지만 하반기에는 전력기기, 조선·방산, 바이오, 화장품, 금융 등으로 관심이 확산될 가능성이 제시됐다. 주요 변수로 AI 설비투자, 미국 금리, 기업 실적과 중국 메모리 업체의 추격이 언급됐다.

참고 뉴스 2:
제목: 7월 국내 증시, 소외 업종으로 자금 이동 가능성
작성일: 2026-07-01
내용: 7월에는 상반기 주도주였던 반도체에서 자동차, 2차전지, 바이오 등 상대적으로 소외됐던 업종으로 자금이 이동할 수 있다는 전망이 나왔다. 반도체 조정이 곧 업황 훼손을 의미하는 것은 아니라는 분석도 제시됐다.

질문: 두 기사에서 확인되는 긍정 요인을 비교해줘","첫 번째 뉴스의 긍정 요인은 AI 설비투자 확대가 전력기기·조선·방산 등 국내 공급망에 기회가 될 수 있다.이고, 두 번째 뉴스의 긍정 요인은 소외 업종으로의 순환매 가능성과 반도체 펀더멘털 유지 전망입니다."
"참고 뉴스:
제목: 코스닥, 2차전지·바이오 순환매로 급등
작성일: 2026-06-29
내용: 2026년 6월 29일 코스피는 외국인의 대규모 매도 속에 0.2% 하락했고, 코스닥은 2차전지와 바이오주 강세로 8.13% 상승했다. 장중 코스닥 매수 사이드카가 발동됐다.

질문: 참고 뉴스에서 확인되는 내용만 말해줘","확인되는 사실은 외국인 매도로 코스피가 약세를 보인 반면 코스닥은 2차전지와 바이오 순환매로 급등했다. 주요 수치는 코스피 0.2% 하락, 코스닥 8.13% 상승입니다. 기사에 없는 목표주가나 현재 시세는 확인할 수 없습니다."
"참고 뉴스:
제목: 삼성바이오로직스, 2026년 2분기 실적 발표
작성일: 2026-07-23
내용: 삼성바이오로직스는 2026년 2분기 매출 1조3210억원, 영업이익 5860억원을 기록했다. 1공장부터 4공장까지 안정적인 생산 운영과 고객 프로젝트 수행이 실적에 반영됐다.

질문: 참고 뉴스의 핵심만 설명해줘",이 뉴스의 중심 내용은 삼성바이오로직스는 안정적인 공장 운영을 바탕으로 견조한 2분기 실적을 기록했다.
"참고 뉴스:
제목: 7월 국내 증시, 소외 업종으로 자금 이동 가능성
작성일: 2026-07-01
내용: 7월에는 상반기 주도주였던 반도체에서 자동차, 2차전지, 바이오 등 상대적으로 소외됐던 업종으로 자금이 이동할 수 있다는 전망이 나왔다. 반도체 조정이 곧 업황 훼손을 의미하는 것은 아니라는 분석도 제시됐다.

질문: 국내 증시의 부담 요인은 뭐야?",부담 요인은 순환매가 실제 실적 개선으로 이어지지 않으면 변동성이 커질 수 있다.
"참고 뉴스 1:
제목: 삼성SDI, 7개 분기 만에 영업이익 흑자 전환
작성일: 2026-07-30
내용: 삼성SDI는 2026년 2분기 매출 3조7700억원, 영업이익 2038억원을 기록했다. 매출은 전년 동기 대비 18.5%, 전 분기 대비 5.4% 증가했고, 영업이익은 7개 분기 만에 흑자로 전환했다.

참고 뉴스 2:
제목: 7월 국내 증시, 소외 업종으로 자금 이동 가능성
작성일: 2026-07-01
내용: 7월에는 상반기 주도주였던 반도체에서 자동차, 2차전지, 바이오 등 상대적으로 소외됐던 업종으로 자금이 이동할 수 있다는 전망이 나왔다. 반도체 조정이 곧 업황 훼손을 의미하는 것은 아니라는 분석도 제시됐다.

질문: 어느 쪽이 더 좋다고 단정할 수 있는지 말해줘",두 뉴스는 기업과 상황이 달라 어느 쪽이 더 좋다고 단정하기 어렵습니다. 첫 번째는 삼성SDI는 매출 증가와 함께 7개 분기 만에 영업이익 흑자 전환에 성공했다. 두 번째는 7월에는 반도체에서 자동차·2차전지·바이오로 포트폴리오가 이동할 가능성이 제기됐다.
"참고 뉴스 1:
제목: 네이버, 2026년 1분기 매출 16.3% 증가
작성일: 2026-04-30
내용: 네이버는 2026년 1분기 매출 3조2411억원, 영업이익 5418억원을 기록했다. 매출은 전년 동기 대비 16.3%, 영업이익은 7.2% 증가했으며 광고와 커머스 등 핵심 사업의 AI 적용이 성장에 기여했다.

참고 뉴스 2:
제목: 한화에어로스페이스, 2026년 2분기 이익 증가
작성일: 2026-07-31
내용: 한화에어로스페이스는 2026년 2분기 순이익 1조800억원을 기록해 전년 동기 대비 277.5% 증가했다. 실적은 시장 예상치를 웃돌았다고 보도됐다.

질문: 어느 쪽이 더 좋다고 단정할 수 있는지 말해줘",두 뉴스는 기업과 상황이 달라 어느 쪽이 더 좋다고 단정하기 어렵습니다. 첫 번째는 네이버는 광고와 커머스의 성장 및 AI 적용을 바탕으로 매출과 영업이익이 증가했다. 두 번째는 한화에어로스페이스는 2분기 순이익이 크게 증가하며 시장 기대를 웃돌았다.
"참고 뉴스:
제목: 2026년 하반기 국내 증시, 반도체 쏠림에서 업종 확산 가능성
작성일: 2026-07-23
내용: 2026년 상반기 국내 증시는 반도체가 상승을 주도했지만 하반기에는 전력기기, 조선·방산, 바이오, 화장품, 금융 등으로 관심이 확산될 가능성이 제시됐다. 주요 변수로 AI 설비투자, 미국 금리, 기업 실적과 중국 메모리 업체의 추격이 언급됐다.

질문: 국내 증시 뉴스 핵심을 한 문장으로 정리해줘",하반기 국내 증시는 반도체 중심 장세에서 실적 개선 업종으로 관심이 분산될 가능성이 있다.
"참고 뉴스:
제목: 현대차, 2026년 2분기 매출 증가에도 영업이익 감소
작성일: 2026-07-23
내용: 현대차의 2026년 2분기 매출은 49조2150억원으로 전년 동기 대비 1.9% 증가했다. 영업이익은 2조8510억원으로 20.8% 감소했고, 글로벌 판매량은 6.9% 줄었다.

질문: 현대차의 긍정 요인은 뭐야?",긍정 요인은 매출이 전년 동기 대비 1.9% 증가한 점입니다.
"참고 뉴스:
제목: 삼성SDI, 미국 ESS용 각형 배터리 공급 계약
작성일: 2026-03-16
내용: 삼성SDI는 미국에서 1조5000억원 규모의 ESS용 각형 배터리 공급 계약을 수주했다고 발표했다.

질문: 실적 숫자만 정리해줘",정량 정보는 계약 규모 1조5000억원입니다.
"참고 뉴스:
제목: 2026년 하반기 국내 증시, 반도체 쏠림에서 업종 확산 가능성
작성일: 2026-07-23
내용: 2026년 상반기 국내 증시는 반도체가 상승을 주도했지만 하반기에는 전력기기, 조선·방산, 바이오, 화장품, 금융 등으로 관심이 확산될 가능성이 제시됐다. 주요 변수로 AI 설비투자, 미국 금리, 기업 실적과 중국 메모리 업체의 추격이 언급됐다.

질문: 국내 증시 실적이나 변화의 배경을 설명해줘",기사에서 제시한 배경은 상반기 반도체 쏠림 이후 상대적으로 덜 오른 업종으로 자금이 이동할 가능성이 제기됐다.
"참고 뉴스 1:
제목: 삼성SDI, 7개 분기 만에 영업이익 흑자 전환
작성일: 2026-07-30
내용: 삼성SDI는 2026년 2분기 매출 3조7700억원, 영업이익 2038억원을 기록했다. 매출은 전년 동기 대비 18.5%, 전 분기 대비 5.4% 증가했고, 영업이익은 7개 분기 만에 흑자로 전환했다.

참고 뉴스 2:
제목: 2026년 하반기 국내 증시, 반도체 쏠림에서 업종 확산 가능성
작성일: 2026-07-23
내용: 2026년 상반기 국내 증시는 반도체가 상승을 주도했지만 하반기에는 전력기기, 조선·방산, 바이오, 화장품, 금융 등으로 관심이 확산될 가능성이 제시됐다. 주요 변수로 AI 설비투자, 미국 금리, 기업 실적과 중국 메모리 업체의 추격이 언급됐다.

질문: 어느 쪽이 더 좋다고 단정할 수 있는지 말해줘",두 뉴스는 기업과 상황이 달라 어느 쪽이 더 좋다고 단정하기 어렵습니다. 첫 번째는 삼성SDI는 매출 증가와 함께 7개 분기 만에 영업이익 흑자 전환에 성공했다. 두 번째는 하반기 국내 증시는 반도체 중심 장세에서 실적 개선 업종으로 관심이 분산될 가능성이 있다.
"참고 뉴스:
제목: 코스닥, 2차전지·바이오 순환매로 급등
작성일: 2026-06-29
내용: 2026년 6월 29일 코스피는 외국인의 대규모 매도 속에 0.2% 하락했고, 코스닥은 2차전지와 바이오주 강세로 8.13% 상승했다. 장중 코스닥 매수 사이드카가 발동됐다.

질문: 이 자료의 기준 날짜가 언제야?",2026-06-29에 나온 내용입니다.
"참고 뉴스:
제목: 7월 국내 증시, 소외 업종으로 자금 이동 가능성
작성일: 2026-07-01
내용: 7월에는 상반기 주도주였던 반도체에서 자동차, 2차전지, 바이오 등 상대적으로 소외됐던 업종으로 자금이 이동할 수 있다는 전망이 나왔다. 반도체 조정이 곧 업황 훼손을 의미하는 것은 아니라는 분석도 제시됐다.

질문: 국내 증시에 유리한 내용이 있어?",호재로 해석할 수 있는 내용은 소외 업종으로의 순환매 가능성과 반도체 펀더멘털 유지 전망입니다.
"참고 뉴스:
제목: 현대차, 2026년 2분기 매출 증가에도 영업이익 감소
작성일: 2026-07-23
내용: 현대차의 2026년 2분기 매출은 49조2150억원으로 전년 동기 대비 1.9% 증가했다. 영업이익은 2조8510억원으로 20.8% 감소했고, 글로벌 판매량은 6.9% 줄었다.

질문: 현대차 관련 내용을 짧게 요약해줘",제공된 기사 기준으로는 현대차는 매출은 증가했지만 판매 감소와 비용 부담으로 영업이익이 줄었다.
"참고 뉴스 1:
제목: 삼성전자, 2026년 2분기 실적 발표
작성일: 2026-07-30
내용: 삼성전자는 2026년 2분기 연결 매출 171조5천억원, 영업이익 89조5천억원을 기록했다. 매출과 영업이익 모두 분기 기준 최고치를 경신했으며, 전 분기 대비 매출은 28% 증가했다.

참고 뉴스 2:
제목: 2026년 하반기 국내 증시, 반도체 쏠림에서 업종 확산 가능성
작성일: 2026-07-23
내용: 2026년 상반기 국내 증시는 반도체가 상승을 주도했지만 하반기에는 전력기기, 조선·방산, 바이오, 화장품, 금융 등으로 관심이 확산될 가능성이 제시됐다. 주요 변수로 AI 설비투자, 미국 금리, 기업 실적과 중국 메모리 업체의 추격이 언급됐다.

질문: 두 뉴스의 핵심 내용을 비교해줘",첫 번째 뉴스는 삼성전자는 2026년 2분기에 매출과 영업이익 모두 분기 최고치를 기록했다. 두 번째 뉴스는 하반기 국내 증시는 반도체 중심 장세에서 실적 개선 업종으로 관심이 분산될 가능성이 있다.
"참고 뉴스:
제목: 삼성바이오로직스, 2026년 2분기 실적 발표
작성일: 2026-07-23
내용: 삼성바이오로직스는 2026년 2분기 매출 1조3210억원, 영업이익 5860억원을 기록했다. 1공장부터 4공장까지 안정적인 생산 운영과 고객 프로젝트 수행이 실적에 반영됐다.

질문: 삼성바이오로직스 관련 핵심 숫자를 정리해줘","기사 기준 주요 지표는 매출 1조3210억원, 영업이익 5860억원입니다."
"참고 뉴스:
제목: 삼성전자, AI 인프라용 PM1763 SSD 양산 시작
작성일: 2026-07-08
내용: 삼성전자는 차세대 AI 인프라에 최적화한 PM1763 SSD의 양산을 시작했다고 발표했다.

질문: 제공된 자료 범위 안에서만 답해줘",확실히 확인되는 사실은 삼성전자는 AI 데이터센터 수요에 대응하기 위해 차세대 SSD 양산을 시작했다. 다만 기사에 없는 투자 의견이나 가격 정보는 추측할 수 없습니다.
"참고 뉴스:
제목: SK하이닉스, 2026년 2분기 사상 최대 실적
작성일: 2026-07-29
내용: SK하이닉스는 2026년 2분기 매출 79조3187억원, 영업이익 60조5426억원을 발표했다. AI 수요에 대응한 고부가가치 제품 판매가 실적을 이끌었고, 주요 고객과 장기·다년 계약을 확대했다고 설명했다.

질문: 참고 뉴스의 핵심만 설명해줘",이 뉴스의 중심 내용은 SK하이닉스는 AI 수요와 고부가가치 메모리 판매를 바탕으로 분기 최고 실적을 기록했다.
"참고 뉴스:
제목: 삼성바이오로직스, 스위스 폴리펩타이드 인수 추진
작성일: 2026-07-20
내용: 삼성바이오로직스는 스위스 의약품 위탁생산 기업 폴리펩타이드를 약 18억달러에 전액 현금으로 인수하는 공개매수를 추진했다. 회사는 펩타이드 치료제와 비만·당뇨 분야의 생산 역량 확대를 기대했다.

질문: 증권사 목표가격을 알려줘",이 뉴스만으로는 목표주가를 확인할 수 없습니다.
"참고 뉴스 1:
제목: 삼성전자, 2026년 2분기 실적 발표
작성일: 2026-07-30
내용: 삼성전자는 2026년 2분기 연결 매출 171조5천억원, 영업이익 89조5천억원을 기록했다. 매출과 영업이익 모두 분기 기준 최고치를 경신했으며, 전 분기 대비 매출은 28% 증가했다.

참고 뉴스 2:
제목: HD현대, 2026년 2분기 높은 영업이익 기록
작성일: 2026-07-31
내용: HD현대는 2026년 2분기 연결 매출 22조4094억원, 영업이익 4조1246억원을 기록했다. 영업이익률은 18.4%로 발표됐다.

질문: 어느 쪽이 더 좋다고 단정할 수 있는지 말해줘",두 뉴스는 기업과 상황이 달라 어느 쪽이 더 좋다고 단정하기 어렵습니다. 첫 번째는 삼성전자는 2026년 2분기에 매출과 영업이익 모두 분기 최고치를 기록했다. 두 번째는 HD현대는 2분기에 높은 영업이익과 영업이익률을 기록했다.
"참고 뉴스:
제목: 삼성전자 DS부문, AI 메모리 수요로 실적 확대
작성일: 2026-07-30
내용: 삼성전자 DS부문은 2026년 2분기 매출 127조5천억원, 영업이익 89조2천억원을 기록했다. 메모리 사업은 AI 수요에 대응해 서버 제품 중심 판매를 확대했고, 업계 전반의 가격 상승도 실적에 기여했다.

질문: 참고 뉴스의 핵심만 설명해줘",이 뉴스의 중심 내용은 삼성전자 반도체 부문은 AI 서버용 메모리 수요와 가격 상승의 영향을 받았다.
"참고 뉴스:
제목: 현대차, 2026년 2분기 매출 증가에도 영업이익 감소
작성일: 2026-07-23
내용: 현대차의 2026년 2분기 매출은 49조2150억원으로 전년 동기 대비 1.9% 증가했다. 영업이익은 2조8510억원으로 20.8% 감소했고, 글로벌 판매량은 6.9% 줄었다.

질문: 이 기사에서 가장 중요한 내용이 뭐야?",핵심은 현대차는 매출은 증가했지만 판매 감소와 비용 부담으로 영업이익이 줄었다.
"참고 뉴스:
제목: 현대차, 하반기 신차 출시로 회복 추진
작성일: 2026-07-23
내용: 현대차는 2분기 영업이익이 감소했지만 연간 전망은 유지했다. 회사는 하반기 투싼과 아반떼 등 주요 신차 출시를 통해 판매 회복을 추진할 계획이라고 밝혔다.

질문: 이 뉴스에 나온 수치가 뭐야?",제공된 자료에 나온 숫자는 기사에는 구체적인 하반기 판매 목표 수치가 제시되지 않았다.입니다.
"참고 뉴스 1:
제목: 엔비디아, 네이버 AI 인프라 프로젝트에 투자 추진
작성일: 2026-07-27
내용: 엔비디아는 네이버의 대규모 AI 데이터센터 프로젝트에 약 10억달러를 투자할 계획이다. 네이버는 엔비디아를 대상으로 약 1조4810억원 규모의 신주를 발행하며, 거래 완료 후 엔비디아의 지분율은 약 4.5%가 될 예정이다.

참고 뉴스 2:
제목: 한화에어로스페이스, 2026년 2분기 이익 증가
작성일: 2026-07-31
내용: 한화에어로스페이스는 2026년 2분기 순이익 1조800억원을 기록해 전년 동기 대비 277.5% 증가했다. 실적은 시장 예상치를 웃돌았다고 보도됐다.

질문: 어느 쪽이 더 좋다고 단정할 수 있는지 말해줘",두 뉴스는 기업과 상황이 달라 어느 쪽이 더 좋다고 단정하기 어렵습니다. 첫 번째는 네이버는 엔비디아 투자와 신주 발행을 통해 대규모 AI 인프라 구축을 추진한다. 두 번째는 한화에어로스페이스는 2분기 순이익이 크게 증가하며 시장 기대를 웃돌았다.
"참고 뉴스:
제목: 삼성전자, AI 인프라용 PM1763 SSD 양산 시작
작성일: 2026-07-08
내용: 삼성전자는 차세대 AI 인프라에 최적화한 PM1763 SSD의 양산을 시작했다고 발표했다.

질문: 뉴스에서 확인되는 성장 요인을 알려줘",확인되는 긍정 요인은 AI 인프라용 고성능 저장장치 제품군 확대입니다.
"참고 뉴스:
제목: 신한금융, 2026년 2분기 분기 최대 순이익
작성일: 2026-07-23
내용: 신한금융의 2026년 2분기 순이익은 1조8201억원으로 전 분기 대비 12.2% 증가했다. 상반기 순이익은 3조4427억원으로 전년 동기 대비 13.3% 늘었다.

질문: 신한금융 관련 내용을 짧게 요약해줘",제공된 기사 기준으로는 신한금융은 2분기와 상반기 순이익이 모두 증가하며 높은 실적을 기록했다.
"참고 뉴스:
제목: 삼성SDI, 7개 분기 만에 영업이익 흑자 전환
작성일: 2026-07-30
내용: 삼성SDI는 2026년 2분기 매출 3조7700억원, 영업이익 2038억원을 기록했다. 매출은 전년 동기 대비 18.5%, 전 분기 대비 5.4% 증가했고, 영업이익은 7개 분기 만에 흑자로 전환했다.

질문: 참고 뉴스의 핵심만 설명해줘",이 뉴스의 중심 내용은 삼성SDI는 매출 증가와 함께 7개 분기 만에 영업이익 흑자 전환에 성공했다.
"참고 뉴스:
제목: 코스닥, 2차전지·바이오 순환매로 급등
작성일: 2026-06-29
내용: 2026년 6월 29일 코스피는 외국인의 대규모 매도 속에 0.2% 하락했고, 코스닥은 2차전지와 바이오주 강세로 8.13% 상승했다. 장중 코스닥 매수 사이드카가 발동됐다.

질문: 기사에 없는 내용은 추측하지 말고 답해줘","자료 안에서 확인되는 내용은 외국인 매도로 코스피가 약세를 보인 반면 코스닥은 2차전지와 바이오 순환매로 급등했다. 긍정 요인은 2차전지와 바이오 업종으로의 강한 순환매이며, 부담 요인은 외국인 대규모 매도와 시장 변동성 확대"
"참고 뉴스 1:
제목: 삼성전자, 2026년 2분기 실적 발표
작성일: 2026-07-30
내용: 삼성전자는 2026년 2분기 연결 매출 171조5천억원, 영업이익 89조5천억원을 기록했다. 매출과 영업이익 모두 분기 기준 최고치를 경신했으며, 전 분기 대비 매출은 28% 증가했다.

참고 뉴스 2:
제목: 현대차, 하반기 신차 출시로 회복 추진
작성일: 2026-07-23
내용: 현대차는 2분기 영업이익이 감소했지만 연간 전망은 유지했다. 회사는 하반기 투싼과 아반떼 등 주요 신차 출시를 통해 판매 회복을 추진할 계획이라고 밝혔다.

질문: 어느 쪽이 더 좋다고 단정할 수 있는지 말해줘",두 뉴스는 기업과 상황이 달라 어느 쪽이 더 좋다고 단정하기 어렵습니다. 첫 번째는 삼성전자는 2026년 2분기에 매출과 영업이익 모두 분기 최고치를 기록했다. 두 번째는 현대차는 실적 부담에도 연간 전망을 유지하고 하반기 신차로 회복을 추진한다.
"참고 뉴스:
제목: 코스닥, 2차전지·바이오 순환매로 급등
작성일: 2026-06-29
내용: 2026년 6월 29일 코스피는 외국인의 대규모 매도 속에 0.2% 하락했고, 코스닥은 2차전지와 바이오주 강세로 8.13% 상승했다. 장중 코스닥 매수 사이드카가 발동됐다.

질문: 이 기사만 보고 국내 증시를 매수해도 돼?","이 기사 하나만으로 매수나 매도를 결정하기는 어렵습니다. 실적 추세, 밸류에이션, 수급과 추가 공시를 함께 확인해야 합니다."
"참고 뉴스 1:
제목: 엔비디아, 네이버 AI 인프라 프로젝트에 투자 추진
작성일: 2026-07-27
내용: 엔비디아는 네이버의 대규모 AI 데이터센터 프로젝트에 약 10억달러를 투자할 계획이다. 네이버는 엔비디아를 대상으로 약 1조4810억원 규모의 신주를 발행하며, 거래 완료 후 엔비디아의 지분율은 약 4.5%가 될 예정이다.

참고 뉴스 2:
제목: 한화에어로스페이스, 2026년 2분기 이익 증가
작성일: 2026-07-31
내용: 한화에어로스페이스는 2026년 2분기 순이익 1조800억원을 기록해 전년 동기 대비 277.5% 증가했다. 실적은 시장 예상치를 웃돌았다고 보도됐다.

질문: 두 기사에서 확인되는 긍정 요인을 비교해줘","첫 번째 뉴스의 긍정 요인은 글로벌 AI 기업과의 협력 및 AI 데이터센터 인프라 확대이고, 두 번째 뉴스의 긍정 요인은 순이익의 큰 폭 증가와 시장 예상 상회입니다."
"참고 뉴스 1:
제목: 현대차, 2026년 2분기 매출 증가에도 영업이익 감소
작성일: 2026-07-23
내용: 현대차의 2026년 2분기 매출은 49조2150억원으로 전년 동기 대비 1.9% 증가했다. 영업이익은 2조8510억원으로 20.8% 감소했고, 글로벌 판매량은 6.9% 줄었다.

참고 뉴스 2:
제목: 삼성바이오로직스, 스위스 폴리펩타이드 인수 추진
작성일: 2026-07-20
내용: 삼성바이오로직스는 스위스 의약품 위탁생산 기업 폴리펩타이드를 약 18억달러에 전액 현금으로 인수하는 공개매수를 추진했다. 회사는 펩타이드 치료제와 비만·당뇨 분야의 생산 역량 확대를 기대했다.

질문: 두 뉴스의 핵심 내용을 비교해줘",첫 번째 뉴스는 현대차는 매출은 증가했지만 판매 감소와 비용 부담으로 영업이익이 줄었다. 두 번째 뉴스는 삼성바이오로직스는 펩타이드 의약품 사업 강화를 위해 폴리펩타이드 인수를 추진한다.
"참고 뉴스:
제목: 삼성SDI, 7개 분기 만에 영업이익 흑자 전환
작성일: 2026-07-30
내용: 삼성SDI는 2026년 2분기 매출 3조7700억원, 영업이익 2038억원을 기록했다. 매출은 전년 동기 대비 18.5%, 전 분기 대비 5.4% 증가했고, 영업이익은 7개 분기 만에 흑자로 전환했다.

질문: 긍정적인 내용만 근거를 들어 정리해줘",제공된 뉴스 기준 성장 요인은 7개 분기 만의 영업이익 흑자 전환과 매출 증가입니다.
"참고 뉴스:
제목: 현대차, 2026년 2분기 매출 증가에도 영업이익 감소
작성일: 2026-07-23
내용: 현대차의 2026년 2분기 매출은 49조2150억원으로 전년 동기 대비 1.9% 증가했다. 영업이익은 2조8510억원으로 20.8% 감소했고, 글로벌 판매량은 6.9% 줄었다.

질문: 현대차 뉴스 핵심을 한 문장으로 정리해줘",현대차는 매출은 증가했지만 판매 감소와 비용 부담으로 영업이익이 줄었다.
"참고 뉴스:
제목: 신한금융, 2026년 2분기 분기 최대 순이익
작성일: 2026-07-23
내용: 신한금융의 2026년 2분기 순이익은 1조8201억원으로 전 분기 대비 12.2% 증가했다. 상반기 순이익은 3조4427억원으로 전년 동기 대비 13.3% 늘었다.

질문: 기사에서 제시한 원인이 무엇인지 알려줘",주된 원인은 이자이익과 비이자이익의 안정적인 증가가 실적에 기여했다.
"참고 뉴스 1:
제목: 삼성SDI, 7개 분기 만에 영업이익 흑자 전환
작성일: 2026-07-30
내용: 삼성SDI는 2026년 2분기 매출 3조7700억원, 영업이익 2038억원을 기록했다. 매출은 전년 동기 대비 18.5%, 전 분기 대비 5.4% 증가했고, 영업이익은 7개 분기 만에 흑자로 전환했다.

참고 뉴스 2:
제목: 7월 국내 증시, 소외 업종으로 자금 이동 가능성
작성일: 2026-07-01
내용: 7월에는 상반기 주도주였던 반도체에서 자동차, 2차전지, 바이오 등 상대적으로 소외됐던 업종으로 자금이 이동할 수 있다는 전망이 나왔다. 반도체 조정이 곧 업황 훼손을 의미하는 것은 아니라는 분석도 제시됐다.

질문: 두 뉴스의 핵심 내용을 비교해줘",첫 번째 뉴스는 삼성SDI는 매출 증가와 함께 7개 분기 만에 영업이익 흑자 전환에 성공했다. 두 번째 뉴스는 7월에는 반도체에서 자동차·2차전지·바이오로 포트폴리오가 이동할 가능성이 제기됐다.
"참고 뉴스 1:
제목: SK하이닉스, 2026년 2분기 사상 최대 실적
작성일: 2026-07-29
내용: SK하이닉스는 2026년 2분기 매출 79조3187억원, 영업이익 60조5426억원을 발표했다. AI 수요에 대응한 고부가가치 제품 판매가 실적을 이끌었고, 주요 고객과 장기·다년 계약을 확대했다고 설명했다.

참고 뉴스 2:
제목: 삼성바이오로직스, 스위스 폴리펩타이드 인수 추진
작성일: 2026-07-20
내용: 삼성바이오로직스는 스위스 의약품 위탁생산 기업 폴리펩타이드를 약 18억달러에 전액 현금으로 인수하는 공개매수를 추진했다. 회사는 펩타이드 치료제와 비만·당뇨 분야의 생산 역량 확대를 기대했다.

질문: 두 뉴스의 위험 요인을 나눠서 설명해줘","첫 번째 뉴스의 부담 요인은 기사에는 현재 주가나 목표주가, 구체적인 수요 둔화 전망은 포함되지 않았다. 두 번째 뉴스의 부담 요인은 대규모 현금 인수에 따른 자금 부담과 인수 후 통합 위험"
"참고 뉴스:
제목: 삼성바이오로직스, 스위스 폴리펩타이드 인수 추진
작성일: 2026-07-20
내용: 삼성바이오로직스는 스위스 의약품 위탁생산 기업 폴리펩타이드를 약 18억달러에 전액 현금으로 인수하는 공개매수를 추진했다. 회사는 펩타이드 치료제와 비만·당뇨 분야의 생산 역량 확대를 기대했다.

질문: 삼성바이오로직스 뉴스 핵심을 한 문장으로 정리해줘",삼성바이오로직스는 펩타이드 의약품 사업 강화를 위해 폴리펩타이드 인수를 추진한다.
"참고 뉴스:
제목: 7월 국내 증시, 소외 업종으로 자금 이동 가능성
작성일: 2026-07-01
내용: 7월에는 상반기 주도주였던 반도체에서 자동차, 2차전지, 바이오 등 상대적으로 소외됐던 업종으로 자금이 이동할 수 있다는 전망이 나왔다. 반도체 조정이 곧 업황 훼손을 의미하는 것은 아니라는 분석도 제시됐다.

질문: 언제 나온 소식인지 확인해줘",이 뉴스는 2026-07-01 기준입니다.
"참고 뉴스:
제목: 신한금융, 2026년 2분기 분기 최대 순이익
작성일: 2026-07-23
내용: 신한금융의 2026년 2분기 순이익은 1조8201억원으로 전 분기 대비 12.2% 증가했다. 상반기 순이익은 3조4427억원으로 전년 동기 대비 13.3% 늘었다.

질문: 신한금융의 목표주가를 숫자로 말해줘",제공된 자료에는 적정 주가나 목표주가 정보가 포함되지 않았습니다.
"참고 뉴스 1:
제목: 현대차, 하반기 신차 출시로 회복 추진
작성일: 2026-07-23
내용: 현대차는 2분기 영업이익이 감소했지만 연간 전망은 유지했다. 회사는 하반기 투싼과 아반떼 등 주요 신차 출시를 통해 판매 회복을 추진할 계획이라고 밝혔다.

참고 뉴스 2:
제목: 신한금융, 2026년 2분기 분기 최대 순이익
작성일: 2026-07-23
내용: 신한금융의 2026년 2분기 순이익은 1조8201억원으로 전 분기 대비 12.2% 증가했다. 상반기 순이익은 3조4427억원으로 전년 동기 대비 13.3% 늘었다.

질문: 어느 쪽이 더 좋다고 단정할 수 있는지 말해줘",두 뉴스는 기업과 상황이 달라 어느 쪽이 더 좋다고 단정하기 어렵습니다. 첫 번째는 현대차는 실적 부담에도 연간 전망을 유지하고 하반기 신차로 회복을 추진한다. 두 번째는 신한금융은 2분기와 상반기 순이익이 모두 증가하며 높은 실적을 기록했다.
"참고 뉴스:
제목: SK하이닉스, 2026년 2분기 사상 최대 실적
작성일: 2026-07-29
내용: SK하이닉스는 2026년 2분기 매출 79조3187억원, 영업이익 60조5426억원을 발표했다. AI 수요에 대응한 고부가가치 제품 판매가 실적을 이끌었고, 주요 고객과 장기·다년 계약을 확대했다고 설명했다.

질문: 기사에 없는 내용은 추측하지 말고 답해줘","자료 안에서 확인되는 내용은 SK하이닉스는 AI 수요와 고부가가치 메모리 판매를 바탕으로 분기 최고 실적을 기록했다. 긍정 요인은 AI용 고부가가치 제품 판매와 주요 고객과의 장기 계약 확대이며, 부담 요인은 기사에는 현재 주가나 목표주가, 구체적인 수요 둔화 전망은 포함되지 않았다."
"참고 뉴스:
제목: 삼성SDI, 미국 ESS용 각형 배터리 공급 계약
작성일: 2026-03-16
내용: 삼성SDI는 미국에서 1조5000억원 규모의 ESS용 각형 배터리 공급 계약을 수주했다고 발표했다.

질문: 이 뉴스에서 확인되는 사실을 요약해줘",기사에서 확인되는 핵심은 삼성SDI는 미국 ESS 시장에서 대규모 각형 배터리 공급 계약을 확보했다.
"참고 뉴스 1:
제목: SK하이닉스, 2026년 2분기 사상 최대 실적
작성일: 2026-07-29
내용: SK하이닉스는 2026년 2분기 매출 79조3187억원, 영업이익 60조5426억원을 발표했다. AI 수요에 대응한 고부가가치 제품 판매가 실적을 이끌었고, 주요 고객과 장기·다년 계약을 확대했다고 설명했다.

참고 뉴스 2:
제목: KB금융, 2026년 상반기 순이익 증가
작성일: 2026-07-23
내용: KB금융은 2026년 상반기 실적 발표 자료를 공개했다. 외부 보도에 따르면 상반기 순이익은 3조8846억원으로 전년 동기 대비 13.1% 증가했다.

질문: 두 기사에서 확인되는 긍정 요인을 비교해줘","첫 번째 뉴스의 긍정 요인은 AI용 고부가가치 제품 판매와 주요 고객과의 장기 계약 확대이고, 두 번째 뉴스의 긍정 요인은 상반기 순이익 증가입니다."
"참고 뉴스:
제목: 한화에어로스페이스, 2026년 2분기 이익 증가
작성일: 2026-07-31
내용: 한화에어로스페이스는 2026년 2분기 순이익 1조800억원을 기록해 전년 동기 대비 277.5% 증가했다. 실적은 시장 예상치를 웃돌았다고 보도됐다.

질문: 한화에어로스페이스 관련 핵심 숫자를 정리해줘","기사 기준 주요 지표는 2분기 순이익 1조800억원, 전년 동기 대비 277.5% 증가입니다."
"참고 뉴스:
제목: 신한금융, 2026년 2분기 분기 최대 순이익
작성일: 2026-07-23
내용: 신한금융의 2026년 2분기 순이익은 1조8201억원으로 전 분기 대비 12.2% 증가했다. 상반기 순이익은 3조4427억원으로 전년 동기 대비 13.3% 늘었다.

질문: 신한금융에 유리한 내용이 있어?",호재로 해석할 수 있는 내용은 분기 최대 순이익과 상반기 이익 증가입니다.
"참고 뉴스:
제목: 현대차, 2026년 2분기 매출 증가에도 영업이익 감소
작성일: 2026-07-23
내용: 현대차의 2026년 2분기 매출은 49조2150억원으로 전년 동기 대비 1.9% 증가했다. 영업이익은 2조8510억원으로 20.8% 감소했고, 글로벌 판매량은 6.9% 줄었다.

질문: 증권사 목표가격을 알려줘",이 뉴스만으로는 목표주가를 확인할 수 없습니다.
"참고 뉴스:
제목: SK하이닉스, 2026년 2분기 사상 최대 실적
작성일: 2026-07-29
내용: SK하이닉스는 2026년 2분기 매출 79조3187억원, 영업이익 60조5426억원을 발표했다. AI 수요에 대응한 고부가가치 제품 판매가 실적을 이끌었고, 주요 고객과 장기·다년 계약을 확대했다고 설명했다.

질문: SK하이닉스 주가가 오늘 얼마나 올랐어?",실시간 가격은 제공된 뉴스 범위를 벗어나므로 확인할 수 없습니다.
"참고 뉴스:
제목: HD현대중공업, 2026년 2분기 영업이익 급증
작성일: 2026-07-29
내용: HD현대중공업은 2026년 2분기 영업이익 1조399억원을 기록해 전년 동기 대비 120.6% 증가했다고 발표했다.

질문: 이 기사에서 가장 중요한 내용이 뭐야?",핵심은 HD현대중공업은 조선 부문 수익성 개선으로 영업이익이 큰 폭으로 증가했다.
"참고 뉴스:
제목: 삼성SDI, 미국 ESS용 각형 배터리 공급 계약
작성일: 2026-03-16
내용: 삼성SDI는 미국에서 1조5000억원 규모의 ESS용 각형 배터리 공급 계약을 수주했다고 발표했다.

질문: 삼성SDI 주식을 지금 사는 게 좋아?","제공된 뉴스는 투자 판단의 일부 근거일 뿐입니다. 현재 가격과 재무 상태, 위험 요인을 추가로 확인해야 합니다."
"참고 뉴스:
제목: 현대차, 2026년 2분기 매출 증가에도 영업이익 감소
작성일: 2026-07-23
내용: 현대차의 2026년 2분기 매출은 49조2150억원으로 전년 동기 대비 1.9% 증가했다. 영업이익은 2조8510억원으로 20.8% 감소했고, 글로벌 판매량은 6.9% 줄었다.

질문: 뉴스 근거를 들어 설명해줘",기사 근거만 사용하면 현대차는 매출은 증가했지만 판매 감소와 비용 부담으로 영업이익이 줄었다. 추가적인 주가 전망은 이 자료만으로 단정할 수 없습니다.
"참고 뉴스:
제목: 코스닥, 2차전지·바이오 순환매로 급등
작성일: 2026-06-29
내용: 2026년 6월 29일 코스피는 외국인의 대규모 매도 속에 0.2% 하락했고, 코스닥은 2차전지와 바이오주 강세로 8.13% 상승했다. 장중 코스닥 매수 사이드카가 발동됐다.

질문: 매수와 매도 중 어느 쪽이 맞아?",이 자료만으로 투자 결정을 권하기 어렵습니다. 회사 실적과 시장 환경을 함께 검토해야 합니다.
"참고 뉴스:
제목: 삼성SDI, 7개 분기 만에 영업이익 흑자 전환
작성일: 2026-07-30
내용: 삼성SDI는 2026년 2분기 매출 3조7700억원, 영업이익 2038억원을 기록했다. 매출은 전년 동기 대비 18.5%, 전 분기 대비 5.4% 증가했고, 영업이익은 7개 분기 만에 흑자로 전환했다.

질문: 이 뉴스의 발표 시점을 말해줘",발표 시점은 2026-07-30입니다.
"참고 뉴스:
제목: 삼성SDI, 7개 분기 만에 영업이익 흑자 전환
작성일: 2026-07-30
내용: 삼성SDI는 2026년 2분기 매출 3조7700억원, 영업이익 2038억원을 기록했다. 매출은 전년 동기 대비 18.5%, 전 분기 대비 5.4% 증가했고, 영업이익은 7개 분기 만에 흑자로 전환했다.

질문: 삼성SDI 주가가 오늘 얼마나 올랐어?",실시간 가격은 제공된 뉴스 범위를 벗어나므로 확인할 수 없습니다.
"참고 뉴스 1:
제목: KB금융, 2026년 상반기 순이익 증가
작성일: 2026-07-23
내용: KB금융은 2026년 상반기 실적 발표 자료를 공개했다. 외부 보도에 따르면 상반기 순이익은 3조8846억원으로 전년 동기 대비 13.1% 증가했다.

참고 뉴스 2:
제목: 코스닥, 2차전지·바이오 순환매로 급등
작성일: 2026-06-29
내용: 2026년 6월 29일 코스피는 외국인의 대규모 매도 속에 0.2% 하락했고, 코스닥은 2차전지와 바이오주 강세로 8.13% 상승했다. 장중 코스닥 매수 사이드카가 발동됐다.

질문: 두 뉴스의 핵심 내용을 비교해줘",첫 번째 뉴스는 KB금융은 2026년 상반기 순이익이 전년 동기보다 증가했다. 두 번째 뉴스는 외국인 매도로 코스피가 약세를 보인 반면 코스닥은 2차전지와 바이오 순환매로 급등했다.
"참고 뉴스:
제목: SK하이닉스, 2026년 2분기 사상 최대 실적
작성일: 2026-07-29
내용: SK하이닉스는 2026년 2분기 매출 79조3187억원, 영업이익 60조5426억원을 발표했다. AI 수요에 대응한 고부가가치 제품 판매가 실적을 이끌었고, 주요 고객과 장기·다년 계약을 확대했다고 설명했다.

질문: 기사에서 제시한 원인이 무엇인지 알려줘",주된 원인은 강한 AI 메모리 수요와 고부가가치 제품 비중 확대가 실적을 견인했다.
"참고 뉴스:
제목: 현대차, 하반기 신차 출시로 회복 추진
작성일: 2026-07-23
내용: 현대차는 2분기 영업이익이 감소했지만 연간 전망은 유지했다. 회사는 하반기 투싼과 아반떼 등 주요 신차 출시를 통해 판매 회복을 추진할 계획이라고 밝혔다.

질문: 현대차 관련 내용을 짧게 요약해줘",제공된 기사 기준으로는 현대차는 실적 부담에도 연간 전망을 유지하고 하반기 신차로 회복을 추진한다.
"참고 뉴스:
제목: 2026년 하반기 국내 증시, 반도체 쏠림에서 업종 확산 가능성
작성일: 2026-07-23
내용: 2026년 상반기 국내 증시는 반도체가 상승을 주도했지만 하반기에는 전력기기, 조선·방산, 바이오, 화장품, 금융 등으로 관심이 확산될 가능성이 제시됐다. 주요 변수로 AI 설비투자, 미국 금리, 기업 실적과 중국 메모리 업체의 추격이 언급됐다.

질문: 국내 증시 목표주가가 얼마야?",제공된 기사에는 목표주가가 없습니다. 자료에 없는 가격을 임의로 만들 수 없습니다.
"참고 뉴스:
제목: 현대차, 하반기 신차 출시로 회복 추진
작성일: 2026-07-23
내용: 현대차는 2분기 영업이익이 감소했지만 연간 전망은 유지했다. 회사는 하반기 투싼과 아반떼 등 주요 신차 출시를 통해 판매 회복을 추진할 계획이라고 밝혔다.

질문: 기사에 없는 내용은 추측하지 말고 답해줘","자료 안에서 확인되는 내용은 현대차는 실적 부담에도 연간 전망을 유지하고 하반기 신차로 회복을 추진한다. 긍정 요인은 연간 전망을 유지하고 주요 신차 출시를 준비하는 점이며, 부담 요인은 약한 자동차 수요, 공급 차질, 원재료비 상승과 경쟁 심화"
"참고 뉴스 1:
제목: 현대차, 2026년 2분기 매출 증가에도 영업이익 감소
작성일: 2026-07-23
내용: 현대차의 2026년 2분기 매출은 49조2150억원으로 전년 동기 대비 1.9% 증가했다. 영업이익은 2조8510억원으로 20.8% 감소했고, 글로벌 판매량은 6.9% 줄었다.

참고 뉴스 2:
제목: 2026년 하반기 국내 증시, 반도체 쏠림에서 업종 확산 가능성
작성일: 2026-07-23
내용: 2026년 상반기 국내 증시는 반도체가 상승을 주도했지만 하반기에는 전력기기, 조선·방산, 바이오, 화장품, 금융 등으로 관심이 확산될 가능성이 제시됐다. 주요 변수로 AI 설비투자, 미국 금리, 기업 실적과 중국 메모리 업체의 추격이 언급됐다.

질문: 두 뉴스의 핵심 내용을 비교해줘",첫 번째 뉴스는 현대차는 매출은 증가했지만 판매 감소와 비용 부담으로 영업이익이 줄었다. 두 번째 뉴스는 하반기 국내 증시는 반도체 중심 장세에서 실적 개선 업종으로 관심이 분산될 가능성이 있다.
"참고 뉴스 1:
제목: SK하이닉스, 2026년 2분기 사상 최대 실적
작성일: 2026-07-29
내용: SK하이닉스는 2026년 2분기 매출 79조3187억원, 영업이익 60조5426억원을 발표했다. AI 수요에 대응한 고부가가치 제품 판매가 실적을 이끌었고, 주요 고객과 장기·다년 계약을 확대했다고 설명했다.

참고 뉴스 2:
제목: 삼성바이오로직스, 스위스 폴리펩타이드 인수 추진
작성일: 2026-07-20
내용: 삼성바이오로직스는 스위스 의약품 위탁생산 기업 폴리펩타이드를 약 18억달러에 전액 현금으로 인수하는 공개매수를 추진했다. 회사는 펩타이드 치료제와 비만·당뇨 분야의 생산 역량 확대를 기대했다.

질문: 두 뉴스의 핵심 내용을 비교해줘",첫 번째 뉴스는 SK하이닉스는 AI 수요와 고부가가치 메모리 판매를 바탕으로 분기 최고 실적을 기록했다. 두 번째 뉴스는 삼성바이오로직스는 펩타이드 의약품 사업 강화를 위해 폴리펩타이드 인수를 추진한다.
"참고 뉴스:
제목: 엔비디아, 네이버 AI 인프라 프로젝트에 투자 추진
작성일: 2026-07-27
내용: 엔비디아는 네이버의 대규모 AI 데이터센터 프로젝트에 약 10억달러를 투자할 계획이다. 네이버는 엔비디아를 대상으로 약 1조4810억원 규모의 신주를 발행하며, 거래 완료 후 엔비디아의 지분율은 약 4.5%가 될 예정이다.

질문: 이 기사만 보고 투자 판단을 해줘",매수 여부는 이 뉴스만으로 판단할 수 없습니다. 목표 수익과 손실 가능성까지 별도로 검토해야 합니다.
"참고 뉴스:
제목: 코스닥, 2차전지·바이오 순환매로 급등
작성일: 2026-06-29
내용: 2026년 6월 29일 코스피는 외국인의 대규모 매도 속에 0.2% 하락했고, 코스닥은 2차전지와 바이오주 강세로 8.13% 상승했다. 장중 코스닥 매수 사이드카가 발동됐다.

질문: 이 뉴스에서 확인되는 사실을 요약해줘",기사에서 확인되는 핵심은 외국인 매도로 코스피가 약세를 보인 반면 코스닥은 2차전지와 바이오 순환매로 급등했다.
"참고 뉴스:
제목: 현대차, 하반기 신차 출시로 회복 추진
작성일: 2026-07-23
내용: 현대차는 2분기 영업이익이 감소했지만 연간 전망은 유지했다. 회사는 하반기 투싼과 아반떼 등 주요 신차 출시를 통해 판매 회복을 추진할 계획이라고 밝혔다.

질문: 긍정적인 내용 말고 위험 요인도 확인해줘","제공된 자료에서 확인되는 부담은 약한 자동차 수요, 공급 차질, 원재료비 상승과 경쟁 심화"
"참고 뉴스:
제목: SK하이닉스, 2026년 2분기 사상 최대 실적
작성일: 2026-07-29
내용: SK하이닉스는 2026년 2분기 매출 79조3187억원, 영업이익 60조5426억원을 발표했다. AI 수요에 대응한 고부가가치 제품 판매가 실적을 이끌었고, 주요 고객과 장기·다년 계약을 확대했다고 설명했다.

질문: 긍정적인 내용만 근거를 들어 정리해줘",제공된 뉴스 기준 성장 요인은 AI용 고부가가치 제품 판매와 주요 고객과의 장기 계약 확대입니다.
"참고 뉴스:
제목: 한화에어로스페이스, 2026년 2분기 이익 증가
작성일: 2026-07-31
내용: 한화에어로스페이스는 2026년 2분기 순이익 1조800억원을 기록해 전년 동기 대비 277.5% 증가했다. 실적은 시장 예상치를 웃돌았다고 보도됐다.

질문: 제공된 자료 범위 안에서만 답해줘",확실히 확인되는 사실은 한화에어로스페이스는 2분기 순이익이 크게 증가하며 시장 기대를 웃돌았다. 다만 기사에 없는 투자 의견이나 가격 정보는 추측할 수 없습니다.
"참고 뉴스:
제목: 삼성SDI, 미국 ESS용 각형 배터리 공급 계약
작성일: 2026-03-16
내용: 삼성SDI는 미국에서 1조5000억원 규모의 ESS용 각형 배터리 공급 계약을 수주했다고 발표했다.

질문: 이 기사에서 가장 중요한 내용이 뭐야?",핵심은 삼성SDI는 미국 ESS 시장에서 대규모 각형 배터리 공급 계약을 확보했다.
"참고 뉴스 1:
제목: 삼성SDI, 미국 ESS용 각형 배터리 공급 계약
작성일: 2026-03-16
내용: 삼성SDI는 미국에서 1조5000억원 규모의 ESS용 각형 배터리 공급 계약을 수주했다고 발표했다.

참고 뉴스 2:
제목: 삼성전자, AI 인프라용 PM1763 SSD 양산 시작
작성일: 2026-07-08
내용: 삼성전자는 차세대 AI 인프라에 최적화한 PM1763 SSD의 양산을 시작했다고 발표했다.

질문: 두 뉴스의 위험 요인을 나눠서 설명해줘","첫 번째 뉴스의 부담 요인은 기사 목록에는 계약 기간, 고객사와 예상 이익 기여액이 구체적으로 제시되지 않았다. 두 번째 뉴스의 부담 요인은 시장 점유율, 판매 가격과 실제 수익 기여 규모는 확인할 수 없다."
"참고 뉴스:
제목: 한화에어로스페이스, 2026년 2분기 이익 증가
작성일: 2026-07-31
내용: 한화에어로스페이스는 2026년 2분기 순이익 1조800억원을 기록해 전년 동기 대비 277.5% 증가했다. 실적은 시장 예상치를 웃돌았다고 보도됐다.

질문: 한화에어로스페이스에 유리한 내용이 있어?",호재로 해석할 수 있는 내용은 순이익의 큰 폭 증가와 시장 예상 상회입니다.
"참고 뉴스 1:
제목: 신한금융, 2026년 2분기 분기 최대 순이익
작성일: 2026-07-23
내용: 신한금융의 2026년 2분기 순이익은 1조8201억원으로 전 분기 대비 12.2% 증가했다. 상반기 순이익은 3조4427억원으로 전년 동기 대비 13.3% 늘었다.

참고 뉴스 2:
제목: 7월 국내 증시, 소외 업종으로 자금 이동 가능성
작성일: 2026-07-01
내용: 7월에는 상반기 주도주였던 반도체에서 자동차, 2차전지, 바이오 등 상대적으로 소외됐던 업종으로 자금이 이동할 수 있다는 전망이 나왔다. 반도체 조정이 곧 업황 훼손을 의미하는 것은 아니라는 분석도 제시됐다.

질문: 어느 쪽이 더 좋다고 단정할 수 있는지 말해줘",두 뉴스는 기업과 상황이 달라 어느 쪽이 더 좋다고 단정하기 어렵습니다. 첫 번째는 신한금융은 2분기와 상반기 순이익이 모두 증가하며 높은 실적을 기록했다. 두 번째는 7월에는 반도체에서 자동차·2차전지·바이오로 포트폴리오가 이동할 가능성이 제기됐다.
"참고 뉴스:
제목: HD현대, 2026년 2분기 높은 영업이익 기록
작성일: 2026-07-31
내용: HD현대는 2026년 2분기 연결 매출 22조4094억원, 영업이익 4조1246억원을 기록했다. 영업이익률은 18.4%로 발표됐다.

질문: HD현대 관련 핵심 숫자를 정리해줘","기사 기준 주요 지표는 매출 22조4094억원, 영업이익 4조1246억원, 영업이익률 18.4%입니다."
"참고 뉴스:
제목: 삼성SDI, 미국 ESS용 각형 배터리 공급 계약
작성일: 2026-03-16
내용: 삼성SDI는 미국에서 1조5000억원 규모의 ESS용 각형 배터리 공급 계약을 수주했다고 발표했다.

질문: 기사에서 제시한 원인이 무엇인지 알려줘",주된 원인은 ESS 시장 확대에 대응해 각형 배터리 공급을 늘리기 위한 계약이다.
"참고 뉴스 1:
제목: 삼성전자, 2026년 2분기 실적 발표
작성일: 2026-07-30
내용: 삼성전자는 2026년 2분기 연결 매출 171조5천억원, 영업이익 89조5천억원을 기록했다. 매출과 영업이익 모두 분기 기준 최고치를 경신했으며, 전 분기 대비 매출은 28% 증가했다.

참고 뉴스 2:
제목: 삼성바이오로직스, 2026년 2분기 실적 발표
작성일: 2026-07-23
내용: 삼성바이오로직스는 2026년 2분기 매출 1조3210억원, 영업이익 5860억원을 기록했다. 1공장부터 4공장까지 안정적인 생산 운영과 고객 프로젝트 수행이 실적에 반영됐다.

질문: 두 뉴스의 핵심 내용을 비교해줘",첫 번째 뉴스는 삼성전자는 2026년 2분기에 매출과 영업이익 모두 분기 최고치를 기록했다. 두 번째 뉴스는 삼성바이오로직스는 안정적인 공장 운영을 바탕으로 견조한 2분기 실적을 기록했다.
"참고 뉴스 1:
제목: 삼성전자 DS부문, AI 메모리 수요로 실적 확대
작성일: 2026-07-30
내용: 삼성전자 DS부문은 2026년 2분기 매출 127조5천억원, 영업이익 89조2천억원을 기록했다. 메모리 사업은 AI 수요에 대응해 서버 제품 중심 판매를 확대했고, 업계 전반의 가격 상승도 실적에 기여했다.

참고 뉴스 2:
제목: 셀트리온, 2026년 2분기 분기 최대 매출
작성일: 2026-07-27
내용: 셀트리온은 2026년 2분기 매출 1조3937억원, 영업이익 4518억원을 기록했다. 매출은 전년 동기 대비 45%, 영업이익은 86.3% 증가했고, 고수익 신제품이 바이오의약품 매출의 65%를 차지했다.

질문: 두 기사에서 확인되는 긍정 요인을 비교해줘","첫 번째 뉴스의 긍정 요인은 AI 서버 제품 중심 판매 확대와 메모리 가격 상승이고, 두 번째 뉴스의 긍정 요인은 고수익 신제품 성장과 원가율 개선입니다."
"참고 뉴스:
제목: HD현대중공업, 2026년 2분기 영업이익 급증
작성일: 2026-07-29
내용: HD현대중공업은 2026년 2분기 영업이익 1조399억원을 기록해 전년 동기 대비 120.6% 증가했다고 발표했다.

질문: 참고 뉴스에서 확인되는 내용만 말해줘","확인되는 사실은 HD현대중공업은 조선 부문 수익성 개선으로 영업이익이 큰 폭으로 증가했다. 주요 수치는 영업이익 1조399억원, 전년 동기 대비 120.6% 증가입니다. 기사에 없는 목표주가나 현재 시세는 확인할 수 없습니다."
"참고 뉴스:
제목: 삼성전자, AI 인프라용 PM1763 SSD 양산 시작
작성일: 2026-07-08
내용: 삼성전자는 차세대 AI 인프라에 최적화한 PM1763 SSD의 양산을 시작했다고 발표했다.

질문: 긍정적인 내용만 근거를 들어 정리해줘",제공된 뉴스 기준 성장 요인은 AI 인프라용 고성능 저장장치 제품군 확대입니다.
"참고 뉴스:
제목: 삼성바이오로직스, 스위스 폴리펩타이드 인수 추진
작성일: 2026-07-20
내용: 삼성바이오로직스는 스위스 의약품 위탁생산 기업 폴리펩타이드를 약 18억달러에 전액 현금으로 인수하는 공개매수를 추진했다. 회사는 펩타이드 치료제와 비만·당뇨 분야의 생산 역량 확대를 기대했다.

질문: 실적 숫자만 정리해줘",정량 정보는 인수 제안 규모 약 18억달러입니다.
"참고 뉴스:
제목: 한화에어로스페이스, 2026년 2분기 이익 증가
작성일: 2026-07-31
내용: 한화에어로스페이스는 2026년 2분기 순이익 1조800억원을 기록해 전년 동기 대비 277.5% 증가했다. 실적은 시장 예상치를 웃돌았다고 보도됐다.

질문: 한화에어로스페이스 주식을 지금 사는 게 좋아?","제공된 뉴스는 투자 판단의 일부 근거일 뿐입니다. 현재 가격과 재무 상태, 위험 요인을 추가로 확인해야 합니다."
"참고 뉴스:
제목: 삼성바이오로직스, 스위스 폴리펩타이드 인수 추진
작성일: 2026-07-20
내용: 삼성바이오로직스는 스위스 의약품 위탁생산 기업 폴리펩타이드를 약 18억달러에 전액 현금으로 인수하는 공개매수를 추진했다. 회사는 펩타이드 치료제와 비만·당뇨 분야의 생산 역량 확대를 기대했다.

질문: 이 자료의 기준 날짜가 언제야?",2026-07-20에 나온 내용입니다.
"참고 뉴스 1:
제목: 현대차, 2026년 2분기 매출 증가에도 영업이익 감소
작성일: 2026-07-23
내용: 현대차의 2026년 2분기 매출은 49조2150억원으로 전년 동기 대비 1.9% 증가했다. 영업이익은 2조8510억원으로 20.8% 감소했고, 글로벌 판매량은 6.9% 줄었다.

참고 뉴스 2:
제목: KB금융, 2026년 상반기 순이익 증가
작성일: 2026-07-23
내용: KB금융은 2026년 상반기 실적 발표 자료를 공개했다. 외부 보도에 따르면 상반기 순이익은 3조8846억원으로 전년 동기 대비 13.1% 증가했다.

질문: 어느 쪽이 더 좋다고 단정할 수 있는지 말해줘",두 뉴스는 기업과 상황이 달라 어느 쪽이 더 좋다고 단정하기 어렵습니다. 첫 번째는 현대차는 매출은 증가했지만 판매 감소와 비용 부담으로 영업이익이 줄었다. 두 번째는 KB금융은 2026년 상반기 순이익이 전년 동기보다 증가했다.
"참고 뉴스:
제목: 삼성바이오로직스, 2026년 2분기 실적 발표
작성일: 2026-07-23
내용: 삼성바이오로직스는 2026년 2분기 매출 1조3210억원, 영업이익 5860억원을 기록했다. 1공장부터 4공장까지 안정적인 생산 운영과 고객 프로젝트 수행이 실적에 반영됐다.

질문: 뉴스에 나온 근거를 바탕으로 배경을 정리해줘",이 흐름의 배경은 안정적인 생산 운영과 고객 프로그램 수행이 실적의 기반이 됐다.
"참고 뉴스 1:
제목: 삼성SDI, 7개 분기 만에 영업이익 흑자 전환
작성일: 2026-07-30
내용: 삼성SDI는 2026년 2분기 매출 3조7700억원, 영업이익 2038억원을 기록했다. 매출은 전년 동기 대비 18.5%, 전 분기 대비 5.4% 증가했고, 영업이익은 7개 분기 만에 흑자로 전환했다.

참고 뉴스 2:
제목: 2026년 하반기 국내 증시, 반도체 쏠림에서 업종 확산 가능성
작성일: 2026-07-23
내용: 2026년 상반기 국내 증시는 반도체가 상승을 주도했지만 하반기에는 전력기기, 조선·방산, 바이오, 화장품, 금융 등으로 관심이 확산될 가능성이 제시됐다. 주요 변수로 AI 설비투자, 미국 금리, 기업 실적과 중국 메모리 업체의 추격이 언급됐다.

질문: 두 기사에서 확인되는 긍정 요인을 비교해줘","첫 번째 뉴스의 긍정 요인은 7개 분기 만의 영업이익 흑자 전환과 매출 증가이고, 두 번째 뉴스의 긍정 요인은 AI 설비투자 확대가 전력기기·조선·방산 등 국내 공급망에 기회가 될 수 있다.입니다."
"참고 뉴스:
제목: 삼성바이오로직스, 2026년 2분기 실적 발표
작성일: 2026-07-23
내용: 삼성바이오로직스는 2026년 2분기 매출 1조3210억원, 영업이익 5860억원을 기록했다. 1공장부터 4공장까지 안정적인 생산 운영과 고객 프로젝트 수행이 실적에 반영됐다.

질문: 삼성바이오로직스의 현재 주가를 알려줘",제공된 기사에는 실시간 주가나 오늘 종가가 없습니다. 현재 시세는 별도의 실시간 데이터가 필요합니다.
"참고 뉴스:
제목: HD현대, 2026년 2분기 높은 영업이익 기록
작성일: 2026-07-31
내용: HD현대는 2026년 2분기 연결 매출 22조4094억원, 영업이익 4조1246억원을 기록했다. 영업이익률은 18.4%로 발표됐다.

질문: 제공된 자료 범위 안에서만 답해줘",확실히 확인되는 사실은 HD현대는 2분기에 높은 영업이익과 영업이익률을 기록했다. 다만 기사에 없는 투자 의견이나 가격 정보는 추측할 수 없습니다.
"참고 뉴스 1:
제목: 삼성전자, 2026년 2분기 실적 발표
작성일: 2026-07-30
내용: 삼성전자는 2026년 2분기 연결 매출 171조5천억원, 영업이익 89조5천억원을 기록했다. 매출과 영업이익 모두 분기 기준 최고치를 경신했으며, 전 분기 대비 매출은 28% 증가했다.

참고 뉴스 2:
제목: 현대차, 2026년 2분기 매출 증가에도 영업이익 감소
작성일: 2026-07-23
내용: 현대차의 2026년 2분기 매출은 49조2150억원으로 전년 동기 대비 1.9% 증가했다. 영업이익은 2조8510억원으로 20.8% 감소했고, 글로벌 판매량은 6.9% 줄었다.

질문: 두 기사에서 확인되는 긍정 요인을 비교해줘","첫 번째 뉴스의 긍정 요인은 매출과 영업이익이 모두 분기 최고치를 기록한 점이고, 두 번째 뉴스의 긍정 요인은 매출이 전년 동기 대비 1.9% 증가한 점입니다."
"참고 뉴스:
제목: 신한금융, 2026년 2분기 분기 최대 순이익
작성일: 2026-07-23
내용: 신한금융의 2026년 2분기 순이익은 1조8201억원으로 전 분기 대비 12.2% 증가했다. 상반기 순이익은 3조4427억원으로 전년 동기 대비 13.3% 늘었다.

질문: 이 기사만 보고 투자 판단을 해줘",매수 여부는 이 뉴스만으로 판단할 수 없습니다. 목표 수익과 손실 가능성까지 별도로 검토해야 합니다.
"참고 뉴스:
제목: 삼성전자 DS부문, AI 메모리 수요로 실적 확대
작성일: 2026-07-30
내용: 삼성전자 DS부문은 2026년 2분기 매출 127조5천억원, 영업이익 89조2천억원을 기록했다. 메모리 사업은 AI 수요에 대응해 서버 제품 중심 판매를 확대했고, 업계 전반의 가격 상승도 실적에 기여했다.

질문: 참고 뉴스에서 확인되는 내용만 말해줘","확인되는 사실은 삼성전자 반도체 부문은 AI 서버용 메모리 수요와 가격 상승의 영향을 받았다. 주요 수치는 DS부문 매출 127조5천억원, 영업이익 89조2천억원입니다. 기사에 없는 목표주가나 현재 시세는 확인할 수 없습니다."
"참고 뉴스:
제목: 삼성전자, AI 인프라용 PM1763 SSD 양산 시작
작성일: 2026-07-08
내용: 삼성전자는 차세대 AI 인프라에 최적화한 PM1763 SSD의 양산을 시작했다고 발표했다.

질문: 이런 결과가 나온 이유가 뭐야?",차세대 AI 인프라의 고성능 저장장치 수요에 대응하기 위해서다.
"참고 뉴스:
제목: 삼성바이오로직스, 스위스 폴리펩타이드 인수 추진
작성일: 2026-07-20
내용: 삼성바이오로직스는 스위스 의약품 위탁생산 기업 폴리펩타이드를 약 18억달러에 전액 현금으로 인수하는 공개매수를 추진했다. 회사는 펩타이드 치료제와 비만·당뇨 분야의 생산 역량 확대를 기대했다.

질문: 삼성바이오로직스에 유리한 내용이 있어?",호재로 해석할 수 있는 내용은 펩타이드 치료제와 GLP-1 계열 의약품 생산 역량 확대 가능성입니다.
"참고 뉴스:
제목: HD현대, 2026년 2분기 높은 영업이익 기록
작성일: 2026-07-31
내용: HD현대는 2026년 2분기 연결 매출 22조4094억원, 영업이익 4조1246억원을 기록했다. 영업이익률은 18.4%로 발표됐다.

질문: 오늘 종가를 확인해줘",기사에는 오늘의 시세 정보가 포함되지 않았습니다.
"참고 뉴스:
제목: 코스닥, 2차전지·바이오 순환매로 급등
작성일: 2026-06-29
내용: 2026년 6월 29일 코스피는 외국인의 대규모 매도 속에 0.2% 하락했고, 코스닥은 2차전지와 바이오주 강세로 8.13% 상승했다. 장중 코스닥 매수 사이드카가 발동됐다.

질문: 국내 증시에 유리한 내용이 있어?",호재로 해석할 수 있는 내용은 2차전지와 바이오 업종으로의 강한 순환매입니다.
"참고 뉴스:
제목: 코스닥, 2차전지·바이오 순환매로 급등
작성일: 2026-06-29
내용: 2026년 6월 29일 코스피는 외국인의 대규모 매도 속에 0.2% 하락했고, 코스닥은 2차전지와 바이오주 강세로 8.13% 상승했다. 장중 코스닥 매수 사이드카가 발동됐다.

질문: 지금 주식 가격이 얼마야?",이 자료만으로 현재 주가와 등락률을 확인할 수 없습니다.
"참고 뉴스:
제목: 삼성전자, AI 인프라용 PM1763 SSD 양산 시작
작성일: 2026-07-08
내용: 삼성전자는 차세대 AI 인프라에 최적화한 PM1763 SSD의 양산을 시작했다고 발표했다.

질문: 삼성전자의 목표주가를 숫자로 말해줘",제공된 자료에는 적정 주가나 목표주가 정보가 포함되지 않았습니다.
"참고 뉴스:
제목: 현대차, 하반기 신차 출시로 회복 추진
작성일: 2026-07-23
내용: 현대차는 2분기 영업이익이 감소했지만 연간 전망은 유지했다. 회사는 하반기 투싼과 아반떼 등 주요 신차 출시를 통해 판매 회복을 추진할 계획이라고 밝혔다.

질문: 실적 숫자만 정리해줘",정량 정보는 기사에는 구체적인 하반기 판매 목표 수치가 제시되지 않았다.입니다.
"참고 뉴스:
제목: 엔비디아, 네이버 AI 인프라 프로젝트에 투자 추진
작성일: 2026-07-27
내용: 엔비디아는 네이버의 대규모 AI 데이터센터 프로젝트에 약 10억달러를 투자할 계획이다. 네이버는 엔비디아를 대상으로 약 1조4810억원 규모의 신주를 발행하며, 거래 완료 후 엔비디아의 지분율은 약 4.5%가 될 예정이다.

질문: 오늘 종가를 확인해줘",기사에는 오늘의 시세 정보가 포함되지 않았습니다.
"참고 뉴스:
제목: HD현대중공업, 2026년 2분기 영업이익 급증
작성일: 2026-07-29
내용: HD현대중공업은 2026년 2분기 영업이익 1조399억원을 기록해 전년 동기 대비 120.6% 증가했다고 발표했다.

질문: 현재 시세와 등락률을 말해줘",현재 주가는 기사 작성 시점과 달라질 수 있어 별도 시세 조회가 필요합니다.
"참고 뉴스:
제목: 코스닥, 2차전지·바이오 순환매로 급등
작성일: 2026-06-29
내용: 2026년 6월 29일 코스피는 외국인의 대규모 매도 속에 0.2% 하락했고, 코스닥은 2차전지와 바이오주 강세로 8.13% 상승했다. 장중 코스닥 매수 사이드카가 발동됐다.

질문: 이런 결과가 나온 이유가 뭐야?",반도체 약세 속에서 2차전지와 바이오로 매수세가 이동했다.
"참고 뉴스:
제목: 엔비디아, 네이버 AI 인프라 프로젝트에 투자 추진
작성일: 2026-07-27
내용: 엔비디아는 네이버의 대규모 AI 데이터센터 프로젝트에 약 10억달러를 투자할 계획이다. 네이버는 엔비디아를 대상으로 약 1조4810억원 규모의 신주를 발행하며, 거래 완료 후 엔비디아의 지분율은 약 4.5%가 될 예정이다.

질문: 뉴스 근거를 들어 설명해줘",기사 근거만 사용하면 네이버는 엔비디아 투자와 신주 발행을 통해 대규모 AI 인프라 구축을 추진한다. 추가적인 주가 전망은 이 자료만으로 단정할 수 없습니다.
"참고 뉴스:
제목: HD현대중공업, 2026년 2분기 영업이익 급증
작성일: 2026-07-29
내용: HD현대중공업은 2026년 2분기 영업이익 1조399억원을 기록해 전년 동기 대비 120.6% 증가했다고 발표했다.

질문: 리스크 중심으로 정리해줘",주의할 부분은 기사에는 신규 수주 금액과 후판 가격의 향후 영향은 구체적으로 제시되지 않았다.
"참고 뉴스 1:
제목: 삼성전자, 2026년 2분기 실적 발표
작성일: 2026-07-30
내용: 삼성전자는 2026년 2분기 연결 매출 171조5천억원, 영업이익 89조5천억원을 기록했다. 매출과 영업이익 모두 분기 기준 최고치를 경신했으며, 전 분기 대비 매출은 28% 증가했다.

참고 뉴스 2:
제목: 2026년 하반기 국내 증시, 반도체 쏠림에서 업종 확산 가능성
작성일: 2026-07-23
내용: 2026년 상반기 국내 증시는 반도체가 상승을 주도했지만 하반기에는 전력기기, 조선·방산, 바이오, 화장품, 금융 등으로 관심이 확산될 가능성이 제시됐다. 주요 변수로 AI 설비투자, 미국 금리, 기업 실적과 중국 메모리 업체의 추격이 언급됐다.

질문: 어느 쪽이 더 좋다고 단정할 수 있는지 말해줘",두 뉴스는 기업과 상황이 달라 어느 쪽이 더 좋다고 단정하기 어렵습니다. 첫 번째는 삼성전자는 2026년 2분기에 매출과 영업이익 모두 분기 최고치를 기록했다. 두 번째는 하반기 국내 증시는 반도체 중심 장세에서 실적 개선 업종으로 관심이 분산될 가능성이 있다.
"참고 뉴스:
제목: 삼성전자, AI 인프라용 PM1763 SSD 양산 시작
작성일: 2026-07-08
내용: 삼성전자는 차세대 AI 인프라에 최적화한 PM1763 SSD의 양산을 시작했다고 발표했다.

질문: 언제 나온 소식인지 확인해줘",이 뉴스는 2026-07-08 기준입니다.
"참고 뉴스:
제목: 삼성SDI, 미국 ESS용 각형 배터리 공급 계약
작성일: 2026-03-16
내용: 삼성SDI는 미국에서 1조5000억원 규모의 ESS용 각형 배터리 공급 계약을 수주했다고 발표했다.

질문: 삼성SDI의 긍정 요인은 뭐야?",긍정 요인은 미국 ESS 시장에서 대규모 공급 계약을 확보한 점입니다.
"참고 뉴스:
제목: HD현대, 2026년 2분기 높은 영업이익 기록
작성일: 2026-07-31
내용: HD현대는 2026년 2분기 연결 매출 22조4094억원, 영업이익 4조1246억원을 기록했다. 영업이익률은 18.4%로 발표됐다.

질문: 이 뉴스는 언제 발표된 내용이야?",이 자료의 발표일은 2026-07-31입니다.
"참고 뉴스:
제목: 한화에어로스페이스, 2026년 2분기 이익 증가
작성일: 2026-07-31
내용: 한화에어로스페이스는 2026년 2분기 순이익 1조800억원을 기록해 전년 동기 대비 277.5% 증가했다. 실적은 시장 예상치를 웃돌았다고 보도됐다.

질문: 매수와 매도 중 어느 쪽이 맞아?",이 자료만으로 투자 결정을 권하기 어렵습니다. 회사 실적과 시장 환경을 함께 검토해야 합니다.
"참고 뉴스:
제목: 삼성전자 DS부문, AI 메모리 수요로 실적 확대
작성일: 2026-07-30
내용: 삼성전자 DS부문은 2026년 2분기 매출 127조5천억원, 영업이익 89조2천억원을 기록했다. 메모리 사업은 AI 수요에 대응해 서버 제품 중심 판매를 확대했고, 업계 전반의 가격 상승도 실적에 기여했다.

질문: 제공된 자료 범위 안에서만 답해줘",확실히 확인되는 사실은 삼성전자 반도체 부문은 AI 서버용 메모리 수요와 가격 상승의 영향을 받았다. 다만 기사에 없는 투자 의견이나 가격 정보는 추측할 수 없습니다.
"참고 뉴스:
제목: 2026년 하반기 국내 증시, 반도체 쏠림에서 업종 확산 가능성
작성일: 2026-07-23
내용: 2026년 상반기 국내 증시는 반도체가 상승을 주도했지만 하반기에는 전력기기, 조선·방산, 바이오, 화장품, 금융 등으로 관심이 확산될 가능성이 제시됐다. 주요 변수로 AI 설비투자, 미국 금리, 기업 실적과 중국 메모리 업체의 추격이 언급됐다.

질문: 이 뉴스에서 확인되는 사실을 요약해줘",기사에서 확인되는 핵심은 하반기 국내 증시는 반도체 중심 장세에서 실적 개선 업종으로 관심이 분산될 가능성이 있다.
"참고 뉴스:
제목: 삼성바이오로직스, 2026년 2분기 실적 발표
작성일: 2026-07-23
내용: 삼성바이오로직스는 2026년 2분기 매출 1조3210억원, 영업이익 5860억원을 기록했다. 1공장부터 4공장까지 안정적인 생산 운영과 고객 프로젝트 수행이 실적에 반영됐다.

질문: 삼성바이오로직스 관련 내용을 짧게 요약해줘",제공된 기사 기준으로는 삼성바이오로직스는 안정적인 공장 운영을 바탕으로 견조한 2분기 실적을 기록했다.
"참고 뉴스 1:
제목: 삼성바이오로직스, 스위스 폴리펩타이드 인수 추진
작성일: 2026-07-20
내용: 삼성바이오로직스는 스위스 의약품 위탁생산 기업 폴리펩타이드를 약 18억달러에 전액 현금으로 인수하는 공개매수를 추진했다. 회사는 펩타이드 치료제와 비만·당뇨 분야의 생산 역량 확대를 기대했다.

참고 뉴스 2:
제목: HD현대, 2026년 2분기 높은 영업이익 기록
작성일: 2026-07-31
내용: HD현대는 2026년 2분기 연결 매출 22조4094억원, 영업이익 4조1246억원을 기록했다. 영업이익률은 18.4%로 발표됐다.

질문: 두 기사에서 확인되는 긍정 요인을 비교해줘","첫 번째 뉴스의 긍정 요인은 펩타이드 치료제와 GLP-1 계열 의약품 생산 역량 확대 가능성이고, 두 번째 뉴스의 긍정 요인은 높은 영업이익과 18.4%의 영업이익률입니다."
"참고 뉴스 1:
제목: 코스닥, 2차전지·바이오 순환매로 급등
작성일: 2026-06-29
내용: 2026년 6월 29일 코스피는 외국인의 대규모 매도 속에 0.2% 하락했고, 코스닥은 2차전지와 바이오주 강세로 8.13% 상승했다. 장중 코스닥 매수 사이드카가 발동됐다.

참고 뉴스 2:
제목: 삼성SDI, 미국 ESS용 각형 배터리 공급 계약
작성일: 2026-03-16
내용: 삼성SDI는 미국에서 1조5000억원 규모의 ESS용 각형 배터리 공급 계약을 수주했다고 발표했다.

질문: 두 뉴스의 위험 요인을 나눠서 설명해줘","첫 번째 뉴스의 부담 요인은 외국인 대규모 매도와 시장 변동성 확대 두 번째 뉴스의 부담 요인은 기사 목록에는 계약 기간, 고객사와 예상 이익 기여액이 구체적으로 제시되지 않았다."
"참고 뉴스:
제목: 7월 국내 증시, 소외 업종으로 자금 이동 가능성
작성일: 2026-07-01
내용: 7월에는 상반기 주도주였던 반도체에서 자동차, 2차전지, 바이오 등 상대적으로 소외됐던 업종으로 자금이 이동할 수 있다는 전망이 나왔다. 반도체 조정이 곧 업황 훼손을 의미하는 것은 아니라는 분석도 제시됐다.

질문: 이 뉴스의 발표 시점을 말해줘",발표 시점은 2026-07-01입니다.
"참고 뉴스:
제목: HD현대중공업, 2026년 2분기 영업이익 급증
작성일: 2026-07-29
내용: HD현대중공업은 2026년 2분기 영업이익 1조399억원을 기록해 전년 동기 대비 120.6% 증가했다고 발표했다.

질문: 이 뉴스의 발표 시점을 말해줘",발표 시점은 2026-07-29입니다.
"참고 뉴스:
제목: 현대차, 하반기 신차 출시로 회복 추진
작성일: 2026-07-23
내용: 현대차는 2분기 영업이익이 감소했지만 연간 전망은 유지했다. 회사는 하반기 투싼과 아반떼 등 주요 신차 출시를 통해 판매 회복을 추진할 계획이라고 밝혔다.

질문: 현대차 뉴스 핵심을 한 문장으로 정리해줘",현대차는 실적 부담에도 연간 전망을 유지하고 하반기 신차로 회복을 추진한다.
"참고 뉴스:
제목: SK하이닉스, 2026년 2분기 사상 최대 실적
작성일: 2026-07-29
내용: SK하이닉스는 2026년 2분기 매출 79조3187억원, 영업이익 60조5426억원을 발표했다. AI 수요에 대응한 고부가가치 제품 판매가 실적을 이끌었고, 주요 고객과 장기·다년 계약을 확대했다고 설명했다.

질문: 이 기사만 보고 투자 판단을 해줘",매수 여부는 이 뉴스만으로 판단할 수 없습니다. 목표 수익과 손실 가능성까지 별도로 검토해야 합니다.
"참고 뉴스 1:
제목: 삼성전자 DS부문, AI 메모리 수요로 실적 확대
작성일: 2026-07-30
내용: 삼성전자 DS부문은 2026년 2분기 매출 127조5천억원, 영업이익 89조2천억원을 기록했다. 메모리 사업은 AI 수요에 대응해 서버 제품 중심 판매를 확대했고, 업계 전반의 가격 상승도 실적에 기여했다.

참고 뉴스 2:
제목: 삼성SDI, 미국 ESS용 각형 배터리 공급 계약
작성일: 2026-03-16
내용: 삼성SDI는 미국에서 1조5000억원 규모의 ESS용 각형 배터리 공급 계약을 수주했다고 발표했다.

질문: 두 기사에서 확인되는 긍정 요인을 비교해줘","첫 번째 뉴스의 긍정 요인은 AI 서버 제품 중심 판매 확대와 메모리 가격 상승이고, 두 번째 뉴스의 긍정 요인은 미국 ESS 시장에서 대규모 공급 계약을 확보한 점입니다."
"참고 뉴스:
제목: 삼성전자, AI 인프라용 PM1763 SSD 양산 시작
작성일: 2026-07-08
내용: 삼성전자는 차세대 AI 인프라에 최적화한 PM1763 SSD의 양산을 시작했다고 발표했다.

질문: 이 기사에서 주의할 부분이 있어?","기사 기준 리스크는 시장 점유율, 판매 가격과 실제 수익 기여 규모는 확인할 수 없다."
"참고 뉴스:
제목: 현대차, 하반기 신차 출시로 회복 추진
작성일: 2026-07-23
내용: 현대차는 2분기 영업이익이 감소했지만 연간 전망은 유지했다. 회사는 하반기 투싼과 아반떼 등 주요 신차 출시를 통해 판매 회복을 추진할 계획이라고 밝혔다.

질문: 이 기사만 보고 현대차를 매수해도 돼?","이 기사 하나만으로 매수나 매도를 결정하기는 어렵습니다. 실적 추세, 밸류에이션, 수급과 추가 공시를 함께 확인해야 합니다."
"참고 뉴스:
제목: 엔비디아, 네이버 AI 인프라 프로젝트에 투자 추진
작성일: 2026-07-27
내용: 엔비디아는 네이버의 대규모 AI 데이터센터 프로젝트에 약 10억달러를 투자할 계획이다. 네이버는 엔비디아를 대상으로 약 1조4810억원 규모의 신주를 발행하며, 거래 완료 후 엔비디아의 지분율은 약 4.5%가 될 예정이다.

질문: 언제 나온 소식인지 확인해줘",이 뉴스는 2026-07-27 기준입니다.
"참고 뉴스:
제목: 삼성SDI, 7개 분기 만에 영업이익 흑자 전환
작성일: 2026-07-30
내용: 삼성SDI는 2026년 2분기 매출 3조7700억원, 영업이익 2038억원을 기록했다. 매출은 전년 동기 대비 18.5%, 전 분기 대비 5.4% 증가했고, 영업이익은 7개 분기 만에 흑자로 전환했다.

질문: 삼성SDI의 목표주가를 숫자로 말해줘",제공된 자료에는 적정 주가나 목표주가 정보가 포함되지 않았습니다.
"참고 뉴스:
제목: 엔비디아, 네이버 AI 인프라 프로젝트에 투자 추진
작성일: 2026-07-27
내용: 엔비디아는 네이버의 대규모 AI 데이터센터 프로젝트에 약 10억달러를 투자할 계획이다. 네이버는 엔비디아를 대상으로 약 1조4810억원 규모의 신주를 발행하며, 거래 완료 후 엔비디아의 지분율은 약 4.5%가 될 예정이다.

질문: 지금 주식 가격이 얼마야?",이 자료만으로 현재 주가와 등락률을 확인할 수 없습니다.
"참고 뉴스:
제목: 삼성바이오로직스, 스위스 폴리펩타이드 인수 추진
작성일: 2026-07-20
내용: 삼성바이오로직스는 스위스 의약품 위탁생산 기업 폴리펩타이드를 약 18억달러에 전액 현금으로 인수하는 공개매수를 추진했다. 회사는 펩타이드 치료제와 비만·당뇨 분야의 생산 역량 확대를 기대했다.

질문: 오늘 종가를 확인해줘",기사에는 오늘의 시세 정보가 포함되지 않았습니다.
"참고 뉴스 1:
제목: 현대차, 하반기 신차 출시로 회복 추진
작성일: 2026-07-23
내용: 현대차는 2분기 영업이익이 감소했지만 연간 전망은 유지했다. 회사는 하반기 투싼과 아반떼 등 주요 신차 출시를 통해 판매 회복을 추진할 계획이라고 밝혔다.

참고 뉴스 2:
제목: 삼성바이오로직스, 스위스 폴리펩타이드 인수 추진
작성일: 2026-07-20
내용: 삼성바이오로직스는 스위스 의약품 위탁생산 기업 폴리펩타이드를 약 18억달러에 전액 현금으로 인수하는 공개매수를 추진했다. 회사는 펩타이드 치료제와 비만·당뇨 분야의 생산 역량 확대를 기대했다.

질문: 두 뉴스의 핵심 내용을 비교해줘",첫 번째 뉴스는 현대차는 실적 부담에도 연간 전망을 유지하고 하반기 신차로 회복을 추진한다. 두 번째 뉴스는 삼성바이오로직스는 펩타이드 의약품 사업 강화를 위해 폴리펩타이드 인수를 추진한다.
"참고 뉴스:
제목: 삼성바이오로직스, 2026년 2분기 실적 발표
작성일: 2026-07-23
내용: 삼성바이오로직스는 2026년 2분기 매출 1조3210억원, 영업이익 5860억원을 기록했다. 1공장부터 4공장까지 안정적인 생산 운영과 고객 프로젝트 수행이 실적에 반영됐다.

질문: 이런 결과가 나온 이유가 뭐야?",안정적인 생산 운영과 고객 프로그램 수행이 실적의 기반이 됐다.
"참고 뉴스:
제목: 삼성전자 DS부문, AI 메모리 수요로 실적 확대
작성일: 2026-07-30
내용: 삼성전자 DS부문은 2026년 2분기 매출 127조5천억원, 영업이익 89조2천억원을 기록했다. 메모리 사업은 AI 수요에 대응해 서버 제품 중심 판매를 확대했고, 업계 전반의 가격 상승도 실적에 기여했다.

질문: 뉴스에서 확인되는 성장 요인을 알려줘",확인되는 긍정 요인은 AI 서버 제품 중심 판매 확대와 메모리 가격 상승입니다.
"참고 뉴스:
제목: 신한금융, 2026년 2분기 분기 최대 순이익
작성일: 2026-07-23
내용: 신한금융의 2026년 2분기 순이익은 1조8201억원으로 전 분기 대비 12.2% 증가했다. 상반기 순이익은 3조4427억원으로 전년 동기 대비 13.3% 늘었다.

질문: 오늘 종가를 확인해줘",기사에는 오늘의 시세 정보가 포함되지 않았습니다.
"참고 뉴스:
제목: 엔비디아, 네이버 AI 인프라 프로젝트에 투자 추진
작성일: 2026-07-27
내용: 엔비디아는 네이버의 대규모 AI 데이터센터 프로젝트에 약 10억달러를 투자할 계획이다. 네이버는 엔비디아를 대상으로 약 1조4810억원 규모의 신주를 발행하며, 거래 완료 후 엔비디아의 지분율은 약 4.5%가 될 예정이다.

질문: 이 뉴스의 발표 시점을 말해줘",발표 시점은 2026-07-27입니다.
"참고 뉴스:
제목: 현대차, 2026년 2분기 매출 증가에도 영업이익 감소
작성일: 2026-07-23
내용: 현대차의 2026년 2분기 매출은 49조2150억원으로 전년 동기 대비 1.9% 증가했다. 영업이익은 2조8510억원으로 20.8% 감소했고, 글로벌 판매량은 6.9% 줄었다.

질문: 이 기사에 나온 적정 주가가 얼마야?",기사에 증권사 목표가격이 제시되지 않아 답할 수 없습니다.
"참고 뉴스:
제목: HD현대중공업, 2026년 2분기 영업이익 급증
작성일: 2026-07-29
내용: HD현대중공업은 2026년 2분기 영업이익 1조399억원을 기록해 전년 동기 대비 120.6% 증가했다고 발표했다.

질문: HD현대중공업에 유리한 내용이 있어?",호재로 해석할 수 있는 내용은 영업이익의 큰 폭 증가입니다.
"참고 뉴스:
제목: 현대차, 하반기 신차 출시로 회복 추진
작성일: 2026-07-23
내용: 현대차는 2분기 영업이익이 감소했지만 연간 전망은 유지했다. 회사는 하반기 투싼과 아반떼 등 주요 신차 출시를 통해 판매 회복을 추진할 계획이라고 밝혔다.

질문: 리스크 중심으로 정리해줘","주의할 부분은 약한 자동차 수요, 공급 차질, 원재료비 상승과 경쟁 심화"
"참고 뉴스:
제목: HD현대중공업, 2026년 2분기 영업이익 급증
작성일: 2026-07-29
내용: HD현대중공업은 2026년 2분기 영업이익 1조399억원을 기록해 전년 동기 대비 120.6% 증가했다고 발표했다.

질문: 지금 주식 가격이 얼마야?",이 자료만으로 현재 주가와 등락률을 확인할 수 없습니다.
"참고 뉴스 1:
제목: 현대차, 2026년 2분기 매출 증가에도 영업이익 감소
작성일: 2026-07-23
내용: 현대차의 2026년 2분기 매출은 49조2150억원으로 전년 동기 대비 1.9% 증가했다. 영업이익은 2조8510억원으로 20.8% 감소했고, 글로벌 판매량은 6.9% 줄었다.

참고 뉴스 2:
제목: 삼성바이오로직스, 스위스 폴리펩타이드 인수 추진
작성일: 2026-07-20
내용: 삼성바이오로직스는 스위스 의약품 위탁생산 기업 폴리펩타이드를 약 18억달러에 전액 현금으로 인수하는 공개매수를 추진했다. 회사는 펩타이드 치료제와 비만·당뇨 분야의 생산 역량 확대를 기대했다.

질문: 두 뉴스의 위험 요인을 나눠서 설명해줘",첫 번째 뉴스의 부담 요인은 영업이익이 20.8% 감소했고 글로벌 판매량도 6.9% 줄었다. 두 번째 뉴스의 부담 요인은 대규모 현금 인수에 따른 자금 부담과 인수 후 통합 위험
"참고 뉴스:
제목: 코스닥, 2차전지·바이오 순환매로 급등
작성일: 2026-06-29
내용: 2026년 6월 29일 코스피는 외국인의 대규모 매도 속에 0.2% 하락했고, 코스닥은 2차전지와 바이오주 강세로 8.13% 상승했다. 장중 코스닥 매수 사이드카가 발동됐다.

질문: 언제 나온 소식인지 확인해줘",이 뉴스는 2026-06-29 기준입니다.
"참고 뉴스:
제목: HD현대, 2026년 2분기 높은 영업이익 기록
작성일: 2026-07-31
내용: HD현대는 2026년 2분기 연결 매출 22조4094억원, 영업이익 4조1246억원을 기록했다. 영업이익률은 18.4%로 발표됐다.

질문: 긍정적인 내용 말고 위험 요인도 확인해줘",제공된 자료에서 확인되는 부담은 기사에는 사업부별 수주잔고와 원가 변동의 상세 내용은 포함되지 않았다.
"참고 뉴스:
제목: 삼성SDI, 7개 분기 만에 영업이익 흑자 전환
작성일: 2026-07-30
내용: 삼성SDI는 2026년 2분기 매출 3조7700억원, 영업이익 2038억원을 기록했다. 매출은 전년 동기 대비 18.5%, 전 분기 대비 5.4% 증가했고, 영업이익은 7개 분기 만에 흑자로 전환했다.

질문: 참고 뉴스에서 확인되는 내용만 말해줘","확인되는 사실은 삼성SDI는 매출 증가와 함께 7개 분기 만에 영업이익 흑자 전환에 성공했다. 주요 수치는 매출 3조7700억원, 영업이익 2038억원, 전년 대비 매출 18.5% 증가입니다. 기사에 없는 목표주가나 현재 시세는 확인할 수 없습니다."
"참고 뉴스:
제목: 삼성전자, AI 인프라용 PM1763 SSD 양산 시작
작성일: 2026-07-08
내용: 삼성전자는 차세대 AI 인프라에 최적화한 PM1763 SSD의 양산을 시작했다고 발표했다.

질문: 리스크 중심으로 정리해줘","주의할 부분은 시장 점유율, 판매 가격과 실제 수익 기여 규모는 확인할 수 없다."
"참고 뉴스:
제목: 신한금융, 2026년 2분기 분기 최대 순이익
작성일: 2026-07-23
내용: 신한금융의 2026년 2분기 순이익은 1조8201억원으로 전 분기 대비 12.2% 증가했다. 상반기 순이익은 3조4427억원으로 전년 동기 대비 13.3% 늘었다.

질문: 신한금융의 기사 속 주요 수치를 알려줘","기사에서 확인되는 주요 수치는 2분기 순이익 1조8201억원, 상반기 순이익 3조4427억원입니다."
"참고 뉴스:
제목: 2026년 하반기 국내 증시, 반도체 쏠림에서 업종 확산 가능성
작성일: 2026-07-23
내용: 2026년 상반기 국내 증시는 반도체가 상승을 주도했지만 하반기에는 전력기기, 조선·방산, 바이오, 화장품, 금융 등으로 관심이 확산될 가능성이 제시됐다. 주요 변수로 AI 설비투자, 미국 금리, 기업 실적과 중국 메모리 업체의 추격이 언급됐다.

질문: 국내 증시의 부담 요인은 뭐야?","부담 요인은 미국 금리, 기업 실적, 중국 메모리 업체의 추격과 반도체 기대 조정"
"참고 뉴스:
제목: 삼성SDI, 7개 분기 만에 영업이익 흑자 전환
작성일: 2026-07-30
내용: 삼성SDI는 2026년 2분기 매출 3조7700억원, 영업이익 2038억원을 기록했다. 매출은 전년 동기 대비 18.5%, 전 분기 대비 5.4% 증가했고, 영업이익은 7개 분기 만에 흑자로 전환했다.

질문: 긍정적인 내용 말고 위험 요인도 확인해줘",제공된 자료에서 확인되는 부담은 기사에는 향후 배터리 수요와 원재료 가격에 대한 구체적인 전망은 제시되지 않았다.
"참고 뉴스:
제목: 삼성SDI, 미국 ESS용 각형 배터리 공급 계약
작성일: 2026-03-16
내용: 삼성SDI는 미국에서 1조5000억원 규모의 ESS용 각형 배터리 공급 계약을 수주했다고 발표했다.

질문: 참고 뉴스에서 확인되는 내용만 말해줘",확인되는 사실은 삼성SDI는 미국 ESS 시장에서 대규모 각형 배터리 공급 계약을 확보했다. 주요 수치는 계약 규모 1조5000억원입니다. 기사에 없는 목표주가나 현재 시세는 확인할 수 없습니다.
"참고 뉴스:
제목: 현대차, 하반기 신차 출시로 회복 추진
작성일: 2026-07-23
내용: 현대차는 2분기 영업이익이 감소했지만 연간 전망은 유지했다. 회사는 하반기 투싼과 아반떼 등 주요 신차 출시를 통해 판매 회복을 추진할 계획이라고 밝혔다.

질문: 이 기사에서 가장 중요한 내용이 뭐야?",핵심은 현대차는 실적 부담에도 연간 전망을 유지하고 하반기 신차로 회복을 추진한다.
"참고 뉴스:
제목: 현대차, 2026년 2분기 매출 증가에도 영업이익 감소
작성일: 2026-07-23
내용: 현대차의 2026년 2분기 매출은 49조2150억원으로 전년 동기 대비 1.9% 증가했다. 영업이익은 2조8510억원으로 20.8% 감소했고, 글로벌 판매량은 6.9% 줄었다.

질문: 이 기사에서 호재로 볼 수 있는 부분을 말해줘",기사에서 긍정적으로 볼 수 있는 부분은 매출이 전년 동기 대비 1.9% 증가한 점입니다.
"참고 뉴스:
제목: HD현대, 2026년 2분기 높은 영업이익 기록
작성일: 2026-07-31
내용: HD현대는 2026년 2분기 연결 매출 22조4094억원, 영업이익 4조1246억원을 기록했다. 영업이익률은 18.4%로 발표됐다.

질문: 이 뉴스의 발표 시점을 말해줘",발표 시점은 2026-07-31입니다.
"참고 뉴스:
제목: HD현대, 2026년 2분기 높은 영업이익 기록
작성일: 2026-07-31
내용: HD현대는 2026년 2분기 연결 매출 22조4094억원, 영업이익 4조1246억원을 기록했다. 영업이익률은 18.4%로 발표됐다.

질문: HD현대 관련 내용을 짧게 요약해줘",제공된 기사 기준으로는 HD현대는 2분기에 높은 영업이익과 영업이익률을 기록했다.
"참고 뉴스 1:
제목: 삼성전자 DS부문, AI 메모리 수요로 실적 확대
작성일: 2026-07-30
내용: 삼성전자 DS부문은 2026년 2분기 매출 127조5천억원, 영업이익 89조2천억원을 기록했다. 메모리 사업은 AI 수요에 대응해 서버 제품 중심 판매를 확대했고, 업계 전반의 가격 상승도 실적에 기여했다.

참고 뉴스 2:
제목: 7월 국내 증시, 소외 업종으로 자금 이동 가능성
작성일: 2026-07-01
내용: 7월에는 상반기 주도주였던 반도체에서 자동차, 2차전지, 바이오 등 상대적으로 소외됐던 업종으로 자금이 이동할 수 있다는 전망이 나왔다. 반도체 조정이 곧 업황 훼손을 의미하는 것은 아니라는 분석도 제시됐다.

질문: 어느 쪽이 더 좋다고 단정할 수 있는지 말해줘",두 뉴스는 기업과 상황이 달라 어느 쪽이 더 좋다고 단정하기 어렵습니다. 첫 번째는 삼성전자 반도체 부문은 AI 서버용 메모리 수요와 가격 상승의 영향을 받았다. 두 번째는 7월에는 반도체에서 자동차·2차전지·바이오로 포트폴리오가 이동할 가능성이 제기됐다.
"참고 뉴스:
제목: 삼성바이오로직스, 스위스 폴리펩타이드 인수 추진
작성일: 2026-07-20
내용: 삼성바이오로직스는 스위스 의약품 위탁생산 기업 폴리펩타이드를 약 18억달러에 전액 현금으로 인수하는 공개매수를 추진했다. 회사는 펩타이드 치료제와 비만·당뇨 분야의 생산 역량 확대를 기대했다.

질문: 삼성바이오로직스의 부담 요인은 뭐야?",부담 요인은 대규모 현금 인수에 따른 자금 부담과 인수 후 통합 위험
"참고 뉴스:
제목: 삼성전자, AI 인프라용 PM1763 SSD 양산 시작
작성일: 2026-07-08
내용: 삼성전자는 차세대 AI 인프라에 최적화한 PM1763 SSD의 양산을 시작했다고 발표했다.

질문: 삼성전자 실적이나 변화의 배경을 설명해줘",기사에서 제시한 배경은 차세대 AI 인프라의 고성능 저장장치 수요에 대응하기 위해서다.
"참고 뉴스:
제목: 삼성전자, AI 인프라용 PM1763 SSD 양산 시작
작성일: 2026-07-08
내용: 삼성전자는 차세대 AI 인프라에 최적화한 PM1763 SSD의 양산을 시작했다고 발표했다.

질문: 이 뉴스는 언제 발표된 내용이야?",이 자료의 발표일은 2026-07-08입니다.
"참고 뉴스 1:
제목: 삼성전자, 2026년 2분기 실적 발표
작성일: 2026-07-30
내용: 삼성전자는 2026년 2분기 연결 매출 171조5천억원, 영업이익 89조5천억원을 기록했다. 매출과 영업이익 모두 분기 기준 최고치를 경신했으며, 전 분기 대비 매출은 28% 증가했다.

참고 뉴스 2:
제목: HD현대, 2026년 2분기 높은 영업이익 기록
작성일: 2026-07-31
내용: HD현대는 2026년 2분기 연결 매출 22조4094억원, 영업이익 4조1246억원을 기록했다. 영업이익률은 18.4%로 발표됐다.

질문: 두 뉴스의 위험 요인을 나눠서 설명해줘",첫 번째 뉴스의 부담 요인은 이 기사에는 구체적인 하방 위험이나 목표주가 정보가 제시되지 않았다. 두 번째 뉴스의 부담 요인은 기사에는 사업부별 수주잔고와 원가 변동의 상세 내용은 포함되지 않았다.
"참고 뉴스:
제목: 현대차, 하반기 신차 출시로 회복 추진
작성일: 2026-07-23
내용: 현대차는 2분기 영업이익이 감소했지만 연간 전망은 유지했다. 회사는 하반기 투싼과 아반떼 등 주요 신차 출시를 통해 판매 회복을 추진할 계획이라고 밝혔다.

질문: 현대차의 기사 속 주요 수치를 알려줘",기사에서 확인되는 주요 수치는 기사에는 구체적인 하반기 판매 목표 수치가 제시되지 않았다.입니다.
"참고 뉴스:
제목: HD현대중공업, 2026년 2분기 영업이익 급증
작성일: 2026-07-29
내용: HD현대중공업은 2026년 2분기 영업이익 1조399억원을 기록해 전년 동기 대비 120.6% 증가했다고 발표했다.

질문: 이 뉴스는 언제 발표된 내용이야?",이 자료의 발표일은 2026-07-29입니다.
"참고 뉴스:
제목: 삼성바이오로직스, 2026년 2분기 실적 발표
작성일: 2026-07-23
내용: 삼성바이오로직스는 2026년 2분기 매출 1조3210억원, 영업이익 5860억원을 기록했다. 1공장부터 4공장까지 안정적인 생산 운영과 고객 프로젝트 수행이 실적에 반영됐다.

질문: 기사에서 확인되는 정량 정보만 말해줘","핵심 수치만 정리하면 매출 1조3210억원, 영업이익 5860억원입니다."
"참고 뉴스 1:
제목: KB금융, 2026년 상반기 순이익 증가
작성일: 2026-07-23
내용: KB금융은 2026년 상반기 실적 발표 자료를 공개했다. 외부 보도에 따르면 상반기 순이익은 3조8846억원으로 전년 동기 대비 13.1% 증가했다.

참고 뉴스 2:
제목: HD현대중공업, 2026년 2분기 영업이익 급증
작성일: 2026-07-29
내용: HD현대중공업은 2026년 2분기 영업이익 1조399억원을 기록해 전년 동기 대비 120.6% 증가했다고 발표했다.

질문: 두 기사에서 확인되는 긍정 요인을 비교해줘","첫 번째 뉴스의 긍정 요인은 상반기 순이익 증가이고, 두 번째 뉴스의 긍정 요인은 영업이익의 큰 폭 증가입니다."
"참고 뉴스:
제목: 삼성전자 DS부문, AI 메모리 수요로 실적 확대
작성일: 2026-07-30
내용: 삼성전자 DS부문은 2026년 2분기 매출 127조5천억원, 영업이익 89조2천억원을 기록했다. 메모리 사업은 AI 수요에 대응해 서버 제품 중심 판매를 확대했고, 업계 전반의 가격 상승도 실적에 기여했다.

질문: 지금 주식 가격이 얼마야?",이 자료만으로 현재 주가와 등락률을 확인할 수 없습니다.
"참고 뉴스:
제목: 코스닥, 2차전지·바이오 순환매로 급등
작성일: 2026-06-29
내용: 2026년 6월 29일 코스피는 외국인의 대규모 매도 속에 0.2% 하락했고, 코스닥은 2차전지와 바이오주 강세로 8.13% 상승했다. 장중 코스닥 매수 사이드카가 발동됐다.

질문: 뉴스 근거를 들어 설명해줘",기사 근거만 사용하면 외국인 매도로 코스피가 약세를 보인 반면 코스닥은 2차전지와 바이오 순환매로 급등했다. 추가적인 주가 전망은 이 자료만으로 단정할 수 없습니다.
"참고 뉴스:
제목: 삼성바이오로직스, 스위스 폴리펩타이드 인수 추진
작성일: 2026-07-20
내용: 삼성바이오로직스는 스위스 의약품 위탁생산 기업 폴리펩타이드를 약 18억달러에 전액 현금으로 인수하는 공개매수를 추진했다. 회사는 펩타이드 치료제와 비만·당뇨 분야의 생산 역량 확대를 기대했다.

질문: 뉴스에서 확인되는 성장 요인을 알려줘",확인되는 긍정 요인은 펩타이드 치료제와 GLP-1 계열 의약품 생산 역량 확대 가능성입니다.
"참고 뉴스:
제목: HD현대중공업, 2026년 2분기 영업이익 급증
작성일: 2026-07-29
내용: HD현대중공업은 2026년 2분기 영업이익 1조399억원을 기록해 전년 동기 대비 120.6% 증가했다고 발표했다.

질문: 기사 작성일을 알려줘",기사 기준 날짜는 2026-07-29입니다.
"참고 뉴스:
제목: 현대차, 하반기 신차 출시로 회복 추진
작성일: 2026-07-23
내용: 현대차는 2분기 영업이익이 감소했지만 연간 전망은 유지했다. 회사는 하반기 투싼과 아반떼 등 주요 신차 출시를 통해 판매 회복을 추진할 계획이라고 밝혔다.

질문: 지금 주식 가격이 얼마야?",이 자료만으로 현재 주가와 등락률을 확인할 수 없습니다.
"참고 뉴스:
제목: 엔비디아, 네이버 AI 인프라 프로젝트에 투자 추진
작성일: 2026-07-27
내용: 엔비디아는 네이버의 대규모 AI 데이터센터 프로젝트에 약 10억달러를 투자할 계획이다. 네이버는 엔비디아를 대상으로 약 1조4810억원 규모의 신주를 발행하며, 거래 완료 후 엔비디아의 지분율은 약 4.5%가 될 예정이다.

질문: 이 기사에 나온 적정 주가가 얼마야?",기사에 증권사 목표가격이 제시되지 않아 답할 수 없습니다.
"참고 뉴스:
제목: 현대차, 2026년 2분기 매출 증가에도 영업이익 감소
작성일: 2026-07-23
내용: 현대차의 2026년 2분기 매출은 49조2150억원으로 전년 동기 대비 1.9% 증가했다. 영업이익은 2조8510억원으로 20.8% 감소했고, 글로벌 판매량은 6.9% 줄었다.

질문: 리스크 중심으로 정리해줘",주의할 부분은 영업이익이 20.8% 감소했고 글로벌 판매량도 6.9% 줄었다.
"참고 뉴스:
제목: 2026년 하반기 국내 증시, 반도체 쏠림에서 업종 확산 가능성
작성일: 2026-07-23
내용: 2026년 상반기 국내 증시는 반도체가 상승을 주도했지만 하반기에는 전력기기, 조선·방산, 바이오, 화장품, 금융 등으로 관심이 확산될 가능성이 제시됐다. 주요 변수로 AI 설비투자, 미국 금리, 기업 실적과 중국 메모리 업체의 추격이 언급됐다.

질문: 국내 증시의 현재 주가를 알려줘",제공된 기사에는 실시간 주가나 오늘 종가가 없습니다. 현재 시세는 별도의 실시간 데이터가 필요합니다.
"참고 뉴스 1:
제목: 삼성전자, 2026년 2분기 실적 발표
작성일: 2026-07-30
내용: 삼성전자는 2026년 2분기 연결 매출 171조5천억원, 영업이익 89조5천억원을 기록했다. 매출과 영업이익 모두 분기 기준 최고치를 경신했으며, 전 분기 대비 매출은 28% 증가했다.

참고 뉴스 2:
제목: 현대차, 2026년 2분기 매출 증가에도 영업이익 감소
작성일: 2026-07-23
내용: 현대차의 2026년 2분기 매출은 49조2150억원으로 전년 동기 대비 1.9% 증가했다. 영업이익은 2조8510억원으로 20.8% 감소했고, 글로벌 판매량은 6.9% 줄었다.

질문: 두 뉴스의 핵심 내용을 비교해줘",첫 번째 뉴스는 삼성전자는 2026년 2분기에 매출과 영업이익 모두 분기 최고치를 기록했다. 두 번째 뉴스는 현대차는 매출은 증가했지만 판매 감소와 비용 부담으로 영업이익이 줄었다.
"참고 뉴스:
제목: 2026년 하반기 국내 증시, 반도체 쏠림에서 업종 확산 가능성
작성일: 2026-07-23
내용: 2026년 상반기 국내 증시는 반도체가 상승을 주도했지만 하반기에는 전력기기, 조선·방산, 바이오, 화장품, 금융 등으로 관심이 확산될 가능성이 제시됐다. 주요 변수로 AI 설비투자, 미국 금리, 기업 실적과 중국 메모리 업체의 추격이 언급됐다.

질문: 국내 증시 주식을 지금 사는 게 좋아?","제공된 뉴스는 투자 판단의 일부 근거일 뿐입니다. 현재 가격과 재무 상태, 위험 요인을 추가로 확인해야 합니다."
"참고 뉴스:
제목: 삼성바이오로직스, 스위스 폴리펩타이드 인수 추진
작성일: 2026-07-20
내용: 삼성바이오로직스는 스위스 의약품 위탁생산 기업 폴리펩타이드를 약 18억달러에 전액 현금으로 인수하는 공개매수를 추진했다. 회사는 펩타이드 치료제와 비만·당뇨 분야의 생산 역량 확대를 기대했다.

질문: 긍정적인 내용만 근거를 들어 정리해줘",제공된 뉴스 기준 성장 요인은 펩타이드 치료제와 GLP-1 계열 의약품 생산 역량 확대 가능성입니다.
"참고 뉴스 1:
제목: 삼성바이오로직스, 스위스 폴리펩타이드 인수 추진
작성일: 2026-07-20
내용: 삼성바이오로직스는 스위스 의약품 위탁생산 기업 폴리펩타이드를 약 18억달러에 전액 현금으로 인수하는 공개매수를 추진했다. 회사는 펩타이드 치료제와 비만·당뇨 분야의 생산 역량 확대를 기대했다.

참고 뉴스 2:
제목: 셀트리온, 2026년 2분기 분기 최대 매출
작성일: 2026-07-27
내용: 셀트리온은 2026년 2분기 매출 1조3937억원, 영업이익 4518억원을 기록했다. 매출은 전년 동기 대비 45%, 영업이익은 86.3% 증가했고, 고수익 신제품이 바이오의약품 매출의 65%를 차지했다.

질문: 어느 쪽이 더 좋다고 단정할 수 있는지 말해줘",두 뉴스는 기업과 상황이 달라 어느 쪽이 더 좋다고 단정하기 어렵습니다. 첫 번째는 삼성바이오로직스는 펩타이드 의약품 사업 강화를 위해 폴리펩타이드 인수를 추진한다. 두 번째는 셀트리온은 신제품 성장과 원가 개선으로 매출과 영업이익이 크게 증가했다.
"참고 뉴스:
제목: 한화에어로스페이스, 2026년 2분기 이익 증가
작성일: 2026-07-31
내용: 한화에어로스페이스는 2026년 2분기 순이익 1조800억원을 기록해 전년 동기 대비 277.5% 증가했다. 실적은 시장 예상치를 웃돌았다고 보도됐다.

질문: 증권사 목표가격을 알려줘",이 뉴스만으로는 목표주가를 확인할 수 없습니다.
"참고 뉴스:
제목: 삼성SDI, 미국 ESS용 각형 배터리 공급 계약
작성일: 2026-03-16
내용: 삼성SDI는 미국에서 1조5000억원 규모의 ESS용 각형 배터리 공급 계약을 수주했다고 발표했다.

질문: 이 뉴스에 나온 수치가 뭐야?",제공된 자료에 나온 숫자는 계약 규모 1조5000억원입니다.
"참고 뉴스:
제목: 현대차, 2026년 2분기 매출 증가에도 영업이익 감소
작성일: 2026-07-23
내용: 현대차의 2026년 2분기 매출은 49조2150억원으로 전년 동기 대비 1.9% 증가했다. 영업이익은 2조8510억원으로 20.8% 감소했고, 글로벌 판매량은 6.9% 줄었다.

질문: 앞으로 어느 가격까지 갈 수 있어?",목표주가 수치는 기사에서 확인되지 않습니다.
"참고 뉴스:
제목: 삼성SDI, 미국 ESS용 각형 배터리 공급 계약
작성일: 2026-03-16
내용: 삼성SDI는 미국에서 1조5000억원 규모의 ESS용 각형 배터리 공급 계약을 수주했다고 발표했다.

질문: 이 뉴스는 언제 발표된 내용이야?",이 자료의 발표일은 2026-03-16입니다.
"참고 뉴스:
제목: 한화에어로스페이스, 2026년 2분기 이익 증가
작성일: 2026-07-31
내용: 한화에어로스페이스는 2026년 2분기 순이익 1조800억원을 기록해 전년 동기 대비 277.5% 증가했다. 실적은 시장 예상치를 웃돌았다고 보도됐다.

질문: 확실히 확인되는 사실과 확인되지 않는 내용을 나눠줘",제공된 뉴스 기준 핵심은 한화에어로스페이스는 2분기 순이익이 크게 증가하며 시장 기대를 웃돌았다. 그 밖의 실시간 주가나 목표가격은 확인되지 않습니다.
"참고 뉴스:
제목: 삼성바이오로직스, 2026년 2분기 실적 발표
작성일: 2026-07-23
내용: 삼성바이오로직스는 2026년 2분기 매출 1조3210억원, 영업이익 5860억원을 기록했다. 1공장부터 4공장까지 안정적인 생산 운영과 고객 프로젝트 수행이 실적에 반영됐다.

질문: 삼성바이오로직스의 긍정 요인은 뭐야?",긍정 요인은 1~4공장의 안정적인 가동과 고객 프로젝트 수행입니다.
"참고 뉴스 1:
제목: 삼성바이오로직스, 스위스 폴리펩타이드 인수 추진
작성일: 2026-07-20
내용: 삼성바이오로직스는 스위스 의약품 위탁생산 기업 폴리펩타이드를 약 18억달러에 전액 현금으로 인수하는 공개매수를 추진했다. 회사는 펩타이드 치료제와 비만·당뇨 분야의 생산 역량 확대를 기대했다.

참고 뉴스 2:
제목: HD현대중공업, 2026년 2분기 영업이익 급증
작성일: 2026-07-29
내용: HD현대중공업은 2026년 2분기 영업이익 1조399억원을 기록해 전년 동기 대비 120.6% 증가했다고 발표했다.

질문: 두 뉴스의 핵심 내용을 비교해줘",첫 번째 뉴스는 삼성바이오로직스는 펩타이드 의약품 사업 강화를 위해 폴리펩타이드 인수를 추진한다. 두 번째 뉴스는 HD현대중공업은 조선 부문 수익성 개선으로 영업이익이 큰 폭으로 증가했다.
"참고 뉴스:
제목: 신한금융, 2026년 2분기 분기 최대 순이익
작성일: 2026-07-23
내용: 신한금융의 2026년 2분기 순이익은 1조8201억원으로 전 분기 대비 12.2% 증가했다. 상반기 순이익은 3조4427억원으로 전년 동기 대비 13.3% 늘었다.

질문: 뉴스에 나온 근거를 바탕으로 배경을 정리해줘",이 흐름의 배경은 이자이익과 비이자이익의 안정적인 증가가 실적에 기여했다.
"참고 뉴스:
제목: 코스닥, 2차전지·바이오 순환매로 급등
작성일: 2026-06-29
내용: 2026년 6월 29일 코스피는 외국인의 대규모 매도 속에 0.2% 하락했고, 코스닥은 2차전지와 바이오주 강세로 8.13% 상승했다. 장중 코스닥 매수 사이드카가 발동됐다.

질문: 실적 숫자만 정리해줘","정량 정보는 코스피 0.2% 하락, 코스닥 8.13% 상승입니다."
"참고 뉴스:
제목: HD현대, 2026년 2분기 높은 영업이익 기록
작성일: 2026-07-31
내용: HD현대는 2026년 2분기 연결 매출 22조4094억원, 영업이익 4조1246억원을 기록했다. 영업이익률은 18.4%로 발표됐다.

질문: 뉴스 근거를 들어 설명해줘",기사 근거만 사용하면 HD현대는 2분기에 높은 영업이익과 영업이익률을 기록했다. 추가적인 주가 전망은 이 자료만으로 단정할 수 없습니다.
"참고 뉴스:
제목: 삼성SDI, 7개 분기 만에 영업이익 흑자 전환
작성일: 2026-07-30
내용: 삼성SDI는 2026년 2분기 매출 3조7700억원, 영업이익 2038억원을 기록했다. 매출은 전년 동기 대비 18.5%, 전 분기 대비 5.4% 증가했고, 영업이익은 7개 분기 만에 흑자로 전환했다.

질문: 삼성SDI 관련 내용을 짧게 요약해줘",제공된 기사 기준으로는 삼성SDI는 매출 증가와 함께 7개 분기 만에 영업이익 흑자 전환에 성공했다.
"참고 뉴스:
제목: 신한금융, 2026년 2분기 분기 최대 순이익
작성일: 2026-07-23
내용: 신한금융의 2026년 2분기 순이익은 1조8201억원으로 전 분기 대비 12.2% 증가했다. 상반기 순이익은 3조4427억원으로 전년 동기 대비 13.3% 늘었다.

질문: 신한금융 관련 핵심 숫자를 정리해줘","기사 기준 주요 지표는 2분기 순이익 1조8201억원, 상반기 순이익 3조4427억원입니다."
"참고 뉴스 1:
제목: 셀트리온, 2026년 2분기 분기 최대 매출
작성일: 2026-07-27
내용: 셀트리온은 2026년 2분기 매출 1조3937억원, 영업이익 4518억원을 기록했다. 매출은 전년 동기 대비 45%, 영업이익은 86.3% 증가했고, 고수익 신제품이 바이오의약품 매출의 65%를 차지했다.

참고 뉴스 2:
제목: 2026년 하반기 국내 증시, 반도체 쏠림에서 업종 확산 가능성
작성일: 2026-07-23
내용: 2026년 상반기 국내 증시는 반도체가 상승을 주도했지만 하반기에는 전력기기, 조선·방산, 바이오, 화장품, 금융 등으로 관심이 확산될 가능성이 제시됐다. 주요 변수로 AI 설비투자, 미국 금리, 기업 실적과 중국 메모리 업체의 추격이 언급됐다.

질문: 두 뉴스의 위험 요인을 나눠서 설명해줘","첫 번째 뉴스의 부담 요인은 기사에는 제품별 경쟁 심화나 환율 변화의 구체적인 손익 영향은 제시되지 않았다. 두 번째 뉴스의 부담 요인은 미국 금리, 기업 실적, 중국 메모리 업체의 추격과 반도체 기대 조정"
"참고 뉴스:
제목: 삼성SDI, 7개 분기 만에 영업이익 흑자 전환
작성일: 2026-07-30
내용: 삼성SDI는 2026년 2분기 매출 3조7700억원, 영업이익 2038억원을 기록했다. 매출은 전년 동기 대비 18.5%, 전 분기 대비 5.4% 증가했고, 영업이익은 7개 분기 만에 흑자로 전환했다.

질문: 기사 작성일을 알려줘",기사 기준 날짜는 2026-07-30입니다.
"참고 뉴스:
제목: 삼성SDI, 미국 ESS용 각형 배터리 공급 계약
작성일: 2026-03-16
내용: 삼성SDI는 미국에서 1조5000억원 규모의 ESS용 각형 배터리 공급 계약을 수주했다고 발표했다.

질문: 삼성SDI의 기사 속 주요 수치를 알려줘",기사에서 확인되는 주요 수치는 계약 규모 1조5000억원입니다.
"참고 뉴스 1:
제목: 삼성바이오로직스, 스위스 폴리펩타이드 인수 추진
작성일: 2026-07-20
내용: 삼성바이오로직스는 스위스 의약품 위탁생산 기업 폴리펩타이드를 약 18억달러에 전액 현금으로 인수하는 공개매수를 추진했다. 회사는 펩타이드 치료제와 비만·당뇨 분야의 생산 역량 확대를 기대했다.

참고 뉴스 2:
제목: 셀트리온, 2026년 2분기 분기 최대 매출
작성일: 2026-07-27
내용: 셀트리온은 2026년 2분기 매출 1조3937억원, 영업이익 4518억원을 기록했다. 매출은 전년 동기 대비 45%, 영업이익은 86.3% 증가했고, 고수익 신제품이 바이오의약품 매출의 65%를 차지했다.

질문: 두 기사에서 확인되는 긍정 요인을 비교해줘","첫 번째 뉴스의 긍정 요인은 펩타이드 치료제와 GLP-1 계열 의약품 생산 역량 확대 가능성이고, 두 번째 뉴스의 긍정 요인은 고수익 신제품 성장과 원가율 개선입니다."
"참고 뉴스:
제목: 엔비디아, 네이버 AI 인프라 프로젝트에 투자 추진
작성일: 2026-07-27
내용: 엔비디아는 네이버의 대규모 AI 데이터센터 프로젝트에 약 10억달러를 투자할 계획이다. 네이버는 엔비디아를 대상으로 약 1조4810억원 규모의 신주를 발행하며, 거래 완료 후 엔비디아의 지분율은 약 4.5%가 될 예정이다.

질문: 네이버 목표주가가 얼마야?",제공된 기사에는 목표주가가 없습니다. 자료에 없는 가격을 임의로 만들 수 없습니다.
"참고 뉴스:
제목: 2026년 하반기 국내 증시, 반도체 쏠림에서 업종 확산 가능성
작성일: 2026-07-23
내용: 2026년 상반기 국내 증시는 반도체가 상승을 주도했지만 하반기에는 전력기기, 조선·방산, 바이오, 화장품, 금융 등으로 관심이 확산될 가능성이 제시됐다. 주요 변수로 AI 설비투자, 미국 금리, 기업 실적과 중국 메모리 업체의 추격이 언급됐다.

질문: 국내 증시의 기사 속 주요 수치를 알려줘",기사에서 확인되는 주요 수치는 기사에는 특정 지수 목표치나 개별 종목 목표주가가 제시되지 않았다.입니다.
"참고 뉴스:
제목: HD현대중공업, 2026년 2분기 영업이익 급증
작성일: 2026-07-29
내용: HD현대중공업은 2026년 2분기 영업이익 1조399억원을 기록해 전년 동기 대비 120.6% 증가했다고 발표했다.

질문: 긍정적인 내용 말고 위험 요인도 확인해줘",제공된 자료에서 확인되는 부담은 기사에는 신규 수주 금액과 후판 가격의 향후 영향은 구체적으로 제시되지 않았다.
"참고 뉴스:
제목: SK하이닉스, 2026년 2분기 사상 최대 실적
작성일: 2026-07-29
내용: SK하이닉스는 2026년 2분기 매출 79조3187억원, 영업이익 60조5426억원을 발표했다. AI 수요에 대응한 고부가가치 제품 판매가 실적을 이끌었고, 주요 고객과 장기·다년 계약을 확대했다고 설명했다.

질문: 이 기사만 보고 SK하이닉스를 매수해도 돼?","이 기사 하나만으로 매수나 매도를 결정하기는 어렵습니다. 실적 추세, 밸류에이션, 수급과 추가 공시를 함께 확인해야 합니다."
"참고 뉴스:
제목: 코스닥, 2차전지·바이오 순환매로 급등
작성일: 2026-06-29
내용: 2026년 6월 29일 코스피는 외국인의 대규모 매도 속에 0.2% 하락했고, 코스닥은 2차전지와 바이오주 강세로 8.13% 상승했다. 장중 코스닥 매수 사이드카가 발동됐다.

질문: 국내 증시 실적이나 변화의 배경을 설명해줘",기사에서 제시한 배경은 반도체 약세 속에서 2차전지와 바이오로 매수세가 이동했다.
"참고 뉴스 1:
제목: 삼성SDI, 미국 ESS용 각형 배터리 공급 계약
작성일: 2026-03-16
내용: 삼성SDI는 미국에서 1조5000억원 규모의 ESS용 각형 배터리 공급 계약을 수주했다고 발표했다.

참고 뉴스 2:
제목: 삼성전자, AI 인프라용 PM1763 SSD 양산 시작
작성일: 2026-07-08
내용: 삼성전자는 차세대 AI 인프라에 최적화한 PM1763 SSD의 양산을 시작했다고 발표했다.

질문: 두 기사에서 확인되는 긍정 요인을 비교해줘","첫 번째 뉴스의 긍정 요인은 미국 ESS 시장에서 대규모 공급 계약을 확보한 점이고, 두 번째 뉴스의 긍정 요인은 AI 인프라용 고성능 저장장치 제품군 확대입니다."
"참고 뉴스:
제목: 삼성전자 DS부문, AI 메모리 수요로 실적 확대
작성일: 2026-07-30
내용: 삼성전자 DS부문은 2026년 2분기 매출 127조5천억원, 영업이익 89조2천억원을 기록했다. 메모리 사업은 AI 수요에 대응해 서버 제품 중심 판매를 확대했고, 업계 전반의 가격 상승도 실적에 기여했다.

질문: 이 기사에 나온 적정 주가가 얼마야?",기사에 증권사 목표가격이 제시되지 않아 답할 수 없습니다.
"참고 뉴스 1:
제목: 현대차, 하반기 신차 출시로 회복 추진
작성일: 2026-07-23
내용: 현대차는 2분기 영업이익이 감소했지만 연간 전망은 유지했다. 회사는 하반기 투싼과 아반떼 등 주요 신차 출시를 통해 판매 회복을 추진할 계획이라고 밝혔다.

참고 뉴스 2:
제목: 엔비디아, 네이버 AI 인프라 프로젝트에 투자 추진
작성일: 2026-07-27
내용: 엔비디아는 네이버의 대규모 AI 데이터센터 프로젝트에 약 10억달러를 투자할 계획이다. 네이버는 엔비디아를 대상으로 약 1조4810억원 규모의 신주를 발행하며, 거래 완료 후 엔비디아의 지분율은 약 4.5%가 될 예정이다.

질문: 두 뉴스의 핵심 내용을 비교해줘",첫 번째 뉴스는 현대차는 실적 부담에도 연간 전망을 유지하고 하반기 신차로 회복을 추진한다. 두 번째 뉴스는 네이버는 엔비디아 투자와 신주 발행을 통해 대규모 AI 인프라 구축을 추진한다.
"참고 뉴스:
제목: 신한금융, 2026년 2분기 분기 최대 순이익
작성일: 2026-07-23
내용: 신한금융의 2026년 2분기 순이익은 1조8201억원으로 전 분기 대비 12.2% 증가했다. 상반기 순이익은 3조4427억원으로 전년 동기 대비 13.3% 늘었다.

질문: 리스크 중심으로 정리해줘",주의할 부분은 기사에는 향후 대손비용과 금리 하락이 순이자마진에 미칠 구체적 영향은 포함되지 않았다.
"참고 뉴스:
제목: SK하이닉스, 2026년 2분기 사상 최대 실적
작성일: 2026-07-29
내용: SK하이닉스는 2026년 2분기 매출 79조3187억원, 영업이익 60조5426억원을 발표했다. AI 수요에 대응한 고부가가치 제품 판매가 실적을 이끌었고, 주요 고객과 장기·다년 계약을 확대했다고 설명했다.

질문: SK하이닉스 실적이나 변화의 배경을 설명해줘",기사에서 제시한 배경은 강한 AI 메모리 수요와 고부가가치 제품 비중 확대가 실적을 견인했다.
"참고 뉴스:
제목: 삼성전자, AI 인프라용 PM1763 SSD 양산 시작
작성일: 2026-07-08
내용: 삼성전자는 차세대 AI 인프라에 최적화한 PM1763 SSD의 양산을 시작했다고 발표했다.

질문: 현재 시세와 등락률을 말해줘",현재 주가는 기사 작성 시점과 달라질 수 있어 별도 시세 조회가 필요합니다.
"참고 뉴스 1:
제목: 삼성SDI, 7개 분기 만에 영업이익 흑자 전환
작성일: 2026-07-30
내용: 삼성SDI는 2026년 2분기 매출 3조7700억원, 영업이익 2038억원을 기록했다. 매출은 전년 동기 대비 18.5%, 전 분기 대비 5.4% 증가했고, 영업이익은 7개 분기 만에 흑자로 전환했다.

참고 뉴스 2:
제목: 삼성전자, AI 인프라용 PM1763 SSD 양산 시작
작성일: 2026-07-08
내용: 삼성전자는 차세대 AI 인프라에 최적화한 PM1763 SSD의 양산을 시작했다고 발표했다.

질문: 두 기사에서 확인되는 긍정 요인을 비교해줘","첫 번째 뉴스의 긍정 요인은 7개 분기 만의 영업이익 흑자 전환과 매출 증가이고, 두 번째 뉴스의 긍정 요인은 AI 인프라용 고성능 저장장치 제품군 확대입니다."
"참고 뉴스 1:
제목: 네이버, 2026년 1분기 매출 16.3% 증가
작성일: 2026-04-30
내용: 네이버는 2026년 1분기 매출 3조2411억원, 영업이익 5418억원을 기록했다. 매출은 전년 동기 대비 16.3%, 영업이익은 7.2% 증가했으며 광고와 커머스 등 핵심 사업의 AI 적용이 성장에 기여했다.

참고 뉴스 2:
제목: 한화에어로스페이스, 2026년 2분기 이익 증가
작성일: 2026-07-31
내용: 한화에어로스페이스는 2026년 2분기 순이익 1조800억원을 기록해 전년 동기 대비 277.5% 증가했다. 실적은 시장 예상치를 웃돌았다고 보도됐다.

질문: 두 뉴스의 핵심 내용을 비교해줘",첫 번째 뉴스는 네이버는 광고와 커머스의 성장 및 AI 적용을 바탕으로 매출과 영업이익이 증가했다. 두 번째 뉴스는 한화에어로스페이스는 2분기 순이익이 크게 증가하며 시장 기대를 웃돌았다.
"참고 뉴스:
제목: 코스닥, 2차전지·바이오 순환매로 급등
작성일: 2026-06-29
내용: 2026년 6월 29일 코스피는 외국인의 대규모 매도 속에 0.2% 하락했고, 코스닥은 2차전지와 바이오주 강세로 8.13% 상승했다. 장중 코스닥 매수 사이드카가 발동됐다.

질문: 국내 증시의 긍정 요인은 뭐야?",긍정 요인은 2차전지와 바이오 업종으로의 강한 순환매입니다.
"참고 뉴스 1:
제목: 삼성전자 DS부문, AI 메모리 수요로 실적 확대
작성일: 2026-07-30
내용: 삼성전자 DS부문은 2026년 2분기 매출 127조5천억원, 영업이익 89조2천억원을 기록했다. 메모리 사업은 AI 수요에 대응해 서버 제품 중심 판매를 확대했고, 업계 전반의 가격 상승도 실적에 기여했다.

참고 뉴스 2:
제목: 7월 국내 증시, 소외 업종으로 자금 이동 가능성
작성일: 2026-07-01
내용: 7월에는 상반기 주도주였던 반도체에서 자동차, 2차전지, 바이오 등 상대적으로 소외됐던 업종으로 자금이 이동할 수 있다는 전망이 나왔다. 반도체 조정이 곧 업황 훼손을 의미하는 것은 아니라는 분석도 제시됐다.

질문: 두 뉴스의 핵심 내용을 비교해줘",첫 번째 뉴스는 삼성전자 반도체 부문은 AI 서버용 메모리 수요와 가격 상승의 영향을 받았다. 두 번째 뉴스는 7월에는 반도체에서 자동차·2차전지·바이오로 포트폴리오가 이동할 가능성이 제기됐다.
